id,uuid,observed_on_string,observed_on,time_observed_at,time_zone,user_id,user_login,user_name,created_at,updated_at,quality_grade,license,url,image_url,sound_url,tag_list,description,num_identification_agreements,num_identification_disagreements,captive_cultivated,oauth_application_id,place_guess,latitude,longitude,positional_accuracy,private_place_guess,private_latitude,private_longitude,public_positional_accuracy,geoprivacy,taxon_geoprivacy,coordinates_obscured,positioning_method,positioning_device,species_guess,scientific_name,common_name,iconic_taxon_name,taxon_id,field:quantity,field:quantity observed
840615,99511c0c-e65e-47f1-81e1-dee830155f0e,Wed Aug 20 2014 13:04:41 GMT-0700 (PDT),2014-08-20,2014-08-20 20:04:41 UTC,Pacific Time (US & Canada),13979,robberfly,Liam O'Brien,2014-08-21 00:01:12 UTC,2018-10-03 00:45:37 UTC,research,CC-BY-NC,http://www.inaturalist.org/observations/840615,https://inaturalist-open-data.s3.amazonaws.com/photos/1064152/medium.jpg,,"","This leviathan must have been two ft. long. Must be eradicated for restoration of ML.
Worth good money on ornamental fish market no doubt...",2,0,false,3,"Mountain Lake Park, San Francisco, CA, US",37.7874333333,-122.4712133333,,,,,,,,false,,,Amur Carp,Cyprinus rubrofuscus,Amur Carp,Actinopterygii,187316,,
1066154,f8b61d7e-19b9-4b69-8af0-d2f91cb7b94d,2014-11-09 09:56:18,2014-11-09,2014-11-09 17:56:18 UTC,Pacific Time (US & Canada),53702,lonnyholmes,"",2014-11-10 03:13:55 UTC,2021-02-22 19:51:00 UTC,research,CC-BY-NC,http://www.inaturalist.org/observations/1066154,https://inaturalist-open-data.s3.amazonaws.com/photos/1336369/medium.JPG,,"","Large fish in fresh water, about 24 inches long.  Several observed aug 28 inches long.",4,2,false,,"Clark county Wetlands Park, Las Vegas, NV",36.102944,-115.025565,,,,,,,open,false,,,Amur Carp,Cyprinus rubrofuscus,Amur Carp,Actinopterygii,187316,,
1211215,9ef76446-3576-42fa-8321-f285497122f5,2015-02-03 09:10:28,2015-02-03,2015-02-03 17:10:28 UTC,Pacific Time (US & Canada),53702,lonnyholmes,"",2015-02-04 02:18:09 UTC,2021-02-02 15:33:42 UTC,research,CC-BY-NC,http://www.inaturalist.org/observations/1211215,https://inaturalist-open-data.s3.amazonaws.com/photos/1529329/medium.JPG,,"",Lots of fish seen in pond since the water is very clear  today.,2,0,false,,"Clark County Wetlands Park, NV",36.102944,-115.025611,,,,,,,open,false,,,Amur Carp,Cyprinus rubrofuscus,Amur Carp,Actinopterygii,187316,,
1392263,06dc2506-3c3b-41c3-98a1-17ea8a6091a1,2015-03-28,2015-03-28,,Central Time (US & Canada),87368,brettd,,2015-04-14 01:01:35 UTC,2024-05-09 21:16:50 UTC,research,,http://www.inaturalist.org/observations/1392263,https://static.inaturalist.org/photos/1721266/medium.JPG,,"","",7,2,false,,white rock lake tx,32.843824,-96.729651,,,,,,,open,false,,,Amur Carp,Cyprinus rubrofuscus,Amur Carp,Actinopterygii,187316,,
1627879,3e92f10d-f0ba-432d-8e0e-0cc568ebc776,Wed Jun 10 2015 13:30:21 GMT-0700 (PDT),2015-06-10,2015-06-10 20:30:21 UTC,Pacific Time (US & Canada),108976,bsarwanoke,,2015-06-13 20:54:34 UTC,2025-01-21 05:51:11 UTC,research,CC-BY-NC,http://www.inaturalist.org/observations/1627879,https://inaturalist-open-data.s3.amazonaws.com/photos/1997412/medium.jpg,,"",,1,0,false,3,"California State University, Stanislaus, Turlock, CA, US",37.5235166667,-120.8544216667,,,,,,,open,false,,,Amur Carp,Cyprinus rubrofuscus,Amur Carp,Actinopterygii,187316,,
1735416,7866f389-7dea-414e-8b3e-93a3dc4b4704,Wed Jun 10 2015 13:38:21 GMT-0700 (PDT),2015-06-10,2015-06-10 20:38:21 UTC,Pacific Time (US & Canada),108964,drambo,,2015-07-08 15:56:44 UTC,2025-01-21 05:47:57 UTC,research,CC-BY-NC,http://www.inaturalist.org/observations/1735416,https://inaturalist-open-data.s3.amazonaws.com/photos/2103450/medium.jpg,,"",,1,0,false,3,"California State University, Stanislaus, Turlock, CA, US",37.5238,-120.854934,158,,,,158,,open,false,,,Amur Carp,Cyprinus rubrofuscus,Amur Carp,Actinopterygii,187316,,
1875191,77f63d2a-b5d0-4694-b6e0-da1f08bb3f2e,2015-08-19 07:25:24,2015-08-19,2015-08-19 14:25:24 UTC,Pacific Time (US & Canada),53702,lonnyholmes,"",2015-08-19 23:31:15 UTC,2021-02-02 15:33:22 UTC,research,CC-BY-NC,http://www.inaturalist.org/observations/1875191,https://inaturalist-open-data.s3.amazonaws.com/photos/2284070/medium.JPG,,"","",3,1,false,,"Clark County Wetlands, NV",36.103053,-115.025557,,,,,,,open,false,,,Amur Carp,Cyprinus rubrofuscus,Amur Carp,Actinopterygii,187316,,
2853002,b8175849-18df-48d3-b1c6-f486e7b69753,Wed Mar 30 2016 15:49:59 GMT-0400 (EDT),2016-03-30,2016-03-30 19:49:59 UTC,Eastern Time (US & Canada),187219,naturalist788,"",2016-03-30 19:59:02 UTC,2020-12-22 14:38:39 UTC,research,,http://www.inaturalist.org/observations/2853002,https://static.inaturalist.org/photos/3254621/medium.jpg,,"",,3,0,false,3,"362–456 NW 1st Ave, Williston, FL, US",29.3879163939,-82.4522274293,738,,,,738,,open,false,,,Amur Carp,Cyprinus rubrofuscus,Amur Carp,Actinopterygii,187316,,
2958480,7995826e-db9e-487f-a147-e6d522bde852,Sun Apr 17 2016 14:55:37 GMT-0400 (EDT),2016-04-17,2016-04-17 18:55:37 UTC,Eastern Time (US & Canada),204835,mk30,"",2016-04-17 18:56:22 UTC,2023-04-05 20:33:50 UTC,research,CC-BY-NC,http://www.inaturalist.org/observations/2958480,https://inaturalist-open-data.s3.amazonaws.com/photos/3395035/medium.jpg,,"",,2,0,false,3,"Rutgers University Cook-Douglass Campus, New Brunswick, NJ, US",40.4829874356,-74.4367983565,5,,,,5,,open,false,,,Amur Carp,Cyprinus rubrofuscus,Amur Carp,Actinopterygii,187316,,
2973306,e2130a2b-a1fb-4d50-9474-5b5418a40f83,Mon Apr 18 2016 19:37:33 GMT-0500 (CDT),2016-04-18,2016-04-19 00:37:33 UTC,Central Time (US & Canada),22312,beschwar,Benjamin Schwartz,2016-04-19 13:02:19 UTC,2018-05-31 06:22:14 UTC,research,CC-BY-NC,http://www.inaturalist.org/observations/2973306,https://inaturalist-open-data.s3.amazonaws.com/photos/3416289/medium.jpg,,"",,1,0,false,3,"Texas State University - San Marcos, San Marcos, TX, US",29.8882116667,-97.936225,,,,,,,,false,,,Amur Carp,Cyprinus rubrofuscus,Amur Carp,Actinopterygii,187316,,
2975253,e34dd46e-7eb8-4adb-8642-15cc3dcc8a45,2016-04-15 15:02:24,2016-04-15,2016-04-15 19:02:24 UTC,Eastern Time (US & Canada),207250,rham,,2016-04-19 19:01:13 UTC,2025-04-04 18:37:13 UTC,research,CC-BY-NC,http://www.inaturalist.org/observations/2975253,https://inaturalist-open-data.s3.amazonaws.com/photos/3419095/medium.jpeg,,"","",4,1,false,,"Warren County, US-OH, US",39.5691187074,-84.2317526205,65,,,,65,,open,false,,,Amur Carp,Cyprinus rubrofuscus,Amur Carp,Actinopterygii,187316,,
3024158,1a7f646f-de83-434d-8882-adfa2e008345,Sun Apr 24 2016 15:26:59 GMT-0500 (CDT),2016-04-24,2016-04-24 20:26:59 UTC,Central Time (US & Canada),90526,nanofishology,Kai Joaquin,2016-04-24 22:20:27 UTC,2018-05-31 06:22:18 UTC,research,CC-BY-NC,http://www.inaturalist.org/observations/3024158,https://inaturalist-open-data.s3.amazonaws.com/photos/3480625/medium.jpg,,"",,1,0,false,3,"Northwest District Park, Austin, TX, US",30.3488633333,-97.7427833333,,,,,,,,false,,,Amur Carp,Cyprinus rubrofuscus,Amur Carp,Actinopterygii,187316,,
3059531,703eb5c1-e228-40a1-924f-a8167c497b54,2016-04-29 7:08:25 PM PDT,2016-04-29,2016-04-30 02:08:25 UTC,Pacific Time (US & Canada),226631,reavereleet,ReaveR Eleet,2016-04-30 02:09:56 UTC,2021-02-02 15:32:40 UTC,research,,http://www.inaturalist.org/observations/3059531,https://static.inaturalist.org/photos/3524392/medium.jpeg,,"",,3,0,false,2,"Whitney, NV",36.10306358,-115.02543536,8,,,,8,,open,false,,,Amur Carp,Cyprinus rubrofuscus,Amur Carp,Actinopterygii,187316,,
3633995,5adc1809-b0b3-44f5-bb34-ba0d7e06ff9b,2016-07-05,2016-07-05,,Central Time (US & Canada),261991,rangertreaty50,Brady Schwab,2016-07-06 20:49:59 UTC,2018-05-31 06:22:43 UTC,research,CC-BY-NC,http://www.inaturalist.org/observations/3633995,https://inaturalist-open-data.s3.amazonaws.com/photos/4199896/medium.JPG,,"","",2,0,false,,"Falcon Creek Park, Mckinney, TX, US",33.200498,-96.729057,3,,,,3,,,false,,,Amur Carp,Cyprinus rubrofuscus,Amur Carp,Actinopterygii,187316,,
3846967,565e9408-a5b9-47ee-9e4b-5bc37448a052,2016-08-09,2016-08-09,,Central Time (US & Canada),261991,rangertreaty50,Brady Schwab,2016-08-09 22:56:31 UTC,2018-05-31 06:22:46 UTC,research,CC-BY-NC,http://www.inaturalist.org/observations/3846967,https://inaturalist-open-data.s3.amazonaws.com/photos/4504663/medium.jpeg,,"","",3,0,false,,"Falcon Creek Park, Mckinney, TX, US",33.200475,-96.729048,3,,,,3,,,false,,,Amur Carp,Cyprinus rubrofuscus,Amur Carp,Actinopterygii,187316,,
4047960,d04c1f59-4404-4695-b93a-c6f1270a91f6,2016/03/25 1:57 PM EDT,2016-03-25,2016-03-25 17:57:00 UTC,Eastern Time (US & Canada),73668,yaoshawn,"",2016-09-06 13:55:33 UTC,2023-04-05 20:33:42 UTC,research,CC-BY-NC,http://www.inaturalist.org/observations/4047960,https://inaturalist-open-data.s3.amazonaws.com/photos/4792885/medium.jpeg,,"",Fish in the Passion Puddle,3,0,false,,"New Brunswick, NJ, USA",40.4828555556,-74.4366388889,,,,,,,open,false,,,Amur Carp,Cyprinus rubrofuscus,Amur Carp,Actinopterygii,187316,,
4216744,93d74e76-dddf-46a4-b614-ab48f69bc63b,2016/09/27 8:26 AM EDT,2016-09-27,2016-09-27 12:26:00 UTC,Eastern Time (US & Canada),169089,martycalabrese,Martin J. Calabrese,2016-09-27 19:59:46 UTC,2023-06-28 16:09:03 UTC,research,CC-BY-NC,http://www.inaturalist.org/observations/4216744,https://static.inaturalist.org/photos/5031625/medium.jpeg,,"","",7,2,false,,"Shaker Heights, OH, USA",41.4886811688,-81.5812110892,89,,,,89,,open,false,,,Amur Carp,Cyprinus rubrofuscus,Amur Carp,Actinopterygii,187316,,
4462632,ee672c2b-7464-41c3-9fc1-c809414a0299,Sun Oct 30 2016 12:48:10 GMT-0400 (EDT),2016-10-30,2016-10-30 16:48:10 UTC,Eastern Time (US & Canada),340648,ae11791,,2016-10-30 18:03:36 UTC,2018-05-31 06:23:00 UTC,research,CC-BY-NC,http://www.inaturalist.org/observations/4462632,https://inaturalist-open-data.s3.amazonaws.com/photos/5381659/medium.jpg,,"",Large orange fish with black specks on its back. ,1,0,false,3,"Ben Brenman Park, Alexandria, VA, US",38.8084533333,-77.1155555,,,,,,,,false,,,Amur Carp,Cyprinus rubrofuscus,Amur Carp,Actinopterygii,187316,,
4589557,74ea9582-6492-4d78-8a8d-1b126daccc39,2014/09/30 11:05 AM CDT,2014-09-30,2014-09-30 16:05:00 UTC,Central Time (US & Canada),350225,kalamurphyking,Kala Murphy King,2016-11-17 20:46:25 UTC,2018-05-31 06:23:03 UTC,research,CC-BY-NC-ND,http://www.inaturalist.org/observations/4589557,https://inaturalist-open-data.s3.amazonaws.com/photos/5545563/medium.jpg,,"Cyprinus carpio haematopterus, Koi, white rock lake, dallas texas, walking path, spillway, fish, ornamental fish, ornamental carp",I was on the walking path between the lower steps and the spillway at White Rock Lake when I looked down below in the creek and spotted this Koi .  It was very large.  Probably someone decided their fish had grown too big for their koi pond and dumped it in the lake.  Where it now seems to do very well in the wild.  ,3,0,false,,"White Rock Lake, Dallas, TX, USA",32.828066,-96.7253164,3070,,,,3070,,,false,,,Amur Carp,Cyprinus rubrofuscus,Amur Carp,Actinopterygii,187316,,
5104195,1ee65cab-10f2-47c1-a6fc-135a3bb93856,Mon Feb 13 2017 17:17:59 GMT-0500 (EST),2017-02-13,2017-02-13 22:17:59 UTC,Eastern Time (US & Canada),296235,bradleybugman,Bradley Smith,2017-02-13 22:49:49 UTC,2020-12-22 14:38:34 UTC,research,,https://www.inaturalist.org/observations/5104195,https://static.inaturalist.org/photos/6275065/medium.jpg,,"",Seen near canoe landing at Blue Springs SP. ,2,0,false,3,"2100 W French Ave, Orange City, FL, US",28.9426,-81.3421083333,,,,,,,open,false,,,Amur Carp,Cyprinus rubrofuscus,Amur Carp,Actinopterygii,187316,,
5215655,9219674d-9f94-4c5a-88fd-1dd2522df8d0,2015/07/10 12:47 PM EDT,2015-07-10,2015-07-10 16:47:00 UTC,Eastern Time (US & Canada),376435,csmitelli,"",2017-03-03 07:36:05 UTC,2020-02-16 16:16:11 UTC,research,CC-BY-NC,https://www.inaturalist.org/observations/5215655,https://inaturalist-open-data.s3.amazonaws.com/photos/6442143/medium.jpeg,,"",,1,0,false,,"Montgomery County, PA, USA",40.1008874294,-75.4458618164,1953,,,,1953,,open,false,,,Amur Carp,Cyprinus rubrofuscus,Amur Carp,Actinopterygii,187316,,
5447910,8be138fc-bc64-483c-ad3f-4d75584ce304,2017-03-24,2017-03-24,,Central Time (US & Canada),51906,suz,Suzette Rogers,2017-03-25 01:42:23 UTC,2018-05-31 06:23:33 UTC,research,CC-BY-NC,https://www.inaturalist.org/observations/5447910,https://static.inaturalist.org/photos/6705259/medium.jpg,,"","As I approached the pond, I could see 2 fish in the pond.  Each was about 1 foot long, gold color with a red strip on top.  They swam under the algae and remained there.  I dropped a stick in the water in an effort to get them to move so I could get a better photo.  They went deeper in the water.  ",1,0,false,,Elmer W. Oliver Nature Park,32.587888,-97.099509,27,,,,27,,,false,,,Amur Carp,Cyprinus rubrofuscus,Amur Carp,Actinopterygii,187316,,
5574837,096de749-5acd-4a9b-b250-4fd3fa363fbd,2017-03-22,2017-03-22,,Central Time (US & Canada),441653,rmfoltz,,2017-04-05 02:26:47 UTC,2018-10-18 00:26:42 UTC,research,CC-BY-NC,https://www.inaturalist.org/observations/5574837,https://inaturalist-open-data.s3.amazonaws.com/photos/6884298/medium.jpeg,,"Koi fish, Pond in Oliver",My daughters and I were walking on a nature hunt and a bright orange color in the pond caught her eye.  We got closer and this was the best picture I could take. It looked like an orange and white koi fish about 15 inches long.,2,0,false,,Oliver Park Pond close to windmill,32.587731,-97.09992,13,,,,13,,,false,,,Amur Carp,Cyprinus rubrofuscus,Amur Carp,Actinopterygii,187316,,
5661499,97df628c-96fe-4040-8823-3c23315d3887,8/23/2015 0:00,2015-08-23,2015-08-22 12:00:00 UTC,Wellington,341036,bekscott,,2017-04-12 16:46:58 UTC,2021-10-05 03:00:35 UTC,research,,https://www.inaturalist.org/observations/5661499,https://static.inaturalist.org/photos/9825247/medium.jpg,,class-bulkobservationfile-user_id-341036-filename-import-to-inat-4-5_georgiasouthernbiologicalsurvey-csv-project_id-11164-2017-04-12 09:42:51 -0700.csv,"",3,1,false,,Lake Ruby,32.4239,-81.7832,,,,,,,open,false,,,Amur Carp,Cyprinus rubrofuscus,Amur Carp,Actinopterygii,187316,,
5898352,faf2c750-f349-4875-82b6-fefd1d6a4db6,2017/04/14 12:32 PM EDT,2017-04-14,2017-04-14 16:32:00 UTC,Eastern Time (US & Canada),43084,jwm57,Jay McGowan,2017-04-22 01:00:20 UTC,2022-03-22 15:43:09 UTC,research,,https://www.inaturalist.org/observations/5898352,https://static.inaturalist.org/photos/7353441/medium.jpeg,,"",,3,1,false,,"Sapsucker Woods Rd, Ithaca, NY 14850, USA",42.4799410814,-76.4517177998,186,,,,186,,open,false,,,Amur Carp,Cyprinus rubrofuscus,Amur Carp,Actinopterygii,187316,,
5905098,43a26008-7fce-4aea-b4e6-26340c1a6e44,Tue Apr 18 2017 11:26:02 GMT-0400 (EDT),2017-04-18,2017-04-18 15:26:02 UTC,Eastern Time (US & Canada),408635,circuscyaneus,"",2017-04-22 14:07:00 UTC,2020-12-14 22:19:14 UTC,research,CC-BY-NC,https://www.inaturalist.org/observations/5905098,https://inaturalist-open-data.s3.amazonaws.com/photos/7364268/medium.jpg,,"",,2,0,false,3,"Shipetaukin Creek, Lawrence, NJ, US",40.292275,-74.72702,,,,,,,open,false,,,Amur Carp,Cyprinus rubrofuscus,Amur Carp,Actinopterygii,187316,,
5995242,86810e73-7be2-437a-833b-05bfa2e03002,Fri Apr 28 2017 11:02:35 GMT-0400 (EDT),2017-04-28,2017-04-28 15:02:35 UTC,Eastern Time (US & Canada),407832,zander7,,2017-04-28 15:12:43 UTC,2020-12-14 22:19:04 UTC,research,,https://www.inaturalist.org/observations/5995242,https://static.inaturalist.org/photos/7497507/medium.jpg,,"",,3,0,false,3,"The Lawrenceville School, Lawrence, NJ, US",40.2923783333,-74.7270666667,,,,,,,open,false,,,Amur Carp,Cyprinus rubrofuscus,Amur Carp,Actinopterygii,187316,,
6026290,0b112b11-2647-4222-9d18-7d3bc70bdef1,Sun Apr 30 2017 14:34:40 GMT-0400 (EDT),2017-04-30,2017-04-30 18:34:40 UTC,Eastern Time (US & Canada),315502,ruggedbynature,"",2017-04-30 20:11:53 UTC,2020-06-14 15:09:01 UTC,research,CC0,https://www.inaturalist.org/observations/6026290,https://static.inaturalist.org/photos/7543095/medium.jpg,,"",,2,0,false,3,"Henrico County, US-VA, US",37.6705694525,-77.4620757346,5,,,,5,,open,false,,,Amur Carp,Cyprinus rubrofuscus,Amur Carp,Actinopterygii,187316,,
6036205,d031982f-38c6-4a33-bbea-9a42296cafd9,Tue Apr 18 2017 11:28:39 GMT-0400 (EDT),2017-04-18,2017-04-18 15:28:39 UTC,Eastern Time (US & Canada),408632,alicekg,,2017-05-01 13:19:50 UTC,2020-12-14 22:19:01 UTC,research,,https://www.inaturalist.org/observations/6036205,https://static.inaturalist.org/photos/7559945/medium.jpg,,"",,3,0,false,3,"Shipetaukin Creek, Lawrence, NJ, US",40.2921216667,-74.7269133333,,,,,,,open,false,,,Amur Carp,Cyprinus rubrofuscus,Amur Carp,Actinopterygii,187316,,
6139585,aaf51bfd-ebe8-4ede-9b41-9df2de6f069f,2017/04/28 1:20 PM HST,2017-04-28,2017-04-28 23:20:00 UTC,Hawaii,408629,peteypetey,"",2017-05-08 14:57:28 UTC,2020-12-14 22:18:56 UTC,research,,https://www.inaturalist.org/observations/6139585,https://static.inaturalist.org/photos/7692545/medium.jpeg,,"",,3,0,false,,"Lawrence Township, NJ, USA",40.2927364695,-74.7256427394,16,,,,16,,open,false,,,Amur Carp,Cyprinus rubrofuscus,Amur Carp,Actinopterygii,187316,,
6208621,b9656a1c-9542-4147-ad7c-7dccfc2b92c4,2017-05-14 2:29:13 PM EDT,2017-05-14,2017-05-14 18:29:13 UTC,Eastern Time (US & Canada),417484,jskirk,"",2017-05-14 18:29:48 UTC,2018-05-31 06:24:02 UTC,research,,https://www.inaturalist.org/observations/6208621,https://static.inaturalist.org/photos/7797133/medium.jpeg,,"",,1,0,false,2,"780 University Boulevard Harrisonburg, VA 22801",38.42888593,-78.86170476,23,,,,23,,,false,,,Amur Carp,Cyprinus rubrofuscus,Amur Carp,Actinopterygii,187316,,
6220847,091046af-44db-4e05-b8db-02082fae23fa,Fri Apr 28 2017 13:21:07 GMT-0400 (EDT),2017-04-28,2017-04-28 17:21:07 UTC,Eastern Time (US & Canada),408625,cfernandez17,,2017-05-15 15:14:53 UTC,2020-12-14 22:18:48 UTC,research,,https://www.inaturalist.org/observations/6220847,https://static.inaturalist.org/photos/7815737/medium.jpg,,"",,3,0,false,3,"The Lawrenceville School, Lawrence, NJ, US",40.292375,-74.727105,,,,,,,open,false,,,Amur Carp,Cyprinus rubrofuscus,Amur Carp,Actinopterygii,187316,,
6255064,22707d41-d6eb-4f41-a310-33426d7c420f,2017/05/17 10:21 AM PDT,2017-05-17,2017-05-17 17:21:00 UTC,Pacific Time (US & Canada),179103,catchang,Cat Chang,2017-05-18 02:45:37 UTC,2018-05-31 06:24:03 UTC,research,CC-BY-NC,https://www.inaturalist.org/observations/6255064,https://inaturalist-open-data.s3.amazonaws.com/photos/7865155/medium.jpeg,,"",This guy was HUGE. ,2,0,false,,"Upper Rockridge, Oakland, CA, USA",37.8480027778,-122.2308555556,,,,,,,,false,,,Amur Carp,Cyprinus rubrofuscus,Amur Carp,Actinopterygii,187316,,
6301720,e00eaf6f-f9b1-4f2b-9838-dff96b76d3d2,Sun May 21 2017 09:34:56 GMT-0400 (EDT),2017-05-21,2017-05-21 13:34:56 UTC,Eastern Time (US & Canada),215573,elisabethcarrozzawilkins,Elisabeth Carrozza Wilkins,2017-05-21 14:02:49 UTC,2020-06-14 15:08:47 UTC,research,,https://www.inaturalist.org/observations/6301720,https://static.inaturalist.org/photos/7933353/medium.jpg,,"",,2,0,false,3,"Newport News Park, Newport News, VA, US",37.1785013611,-76.547729373,30,,,,30,,open,false,,,Amur Carp,Cyprinus rubrofuscus,Amur Carp,Actinopterygii,187316,,
6884320,3ee6e18c-7aa6-495e-b56d-97c2cb2255a3,2017-06-10,2017-06-10,,Central Time (US & Canada),115129,aguilita,Roberto R. Calderón,2017-07-02 07:03:12 UTC,2025-04-15 06:55:22 UTC,research,CC-BY-NC,https://www.inaturalist.org/observations/6884320,https://inaturalist-open-data.s3.amazonaws.com/photos/8780779/medium.jpg,,"Goldfish (Carassius auratus), ray-finned fishes, spring, Southern California, North America, Western Hemisphere","Goldfish (Carassius auratus)

10 June 2017
Hidden Creek - 25994 CA-189
Twin Peaks, San Bernardino County, California

Goldfish in Hidden Creek.
---
San Bernardino National Forest (5800 feet elevation)",3,1,false,,"25994 CA-189, Twin Peaks, California",34.238408,-117.237511,,,,,,,open,false,,,Amur Carp,Cyprinus rubrofuscus,Amur Carp,Actinopterygii,187316,,
7408109,ce071a4b-0fa2-4de1-9d2f-171e1604868e,Tue Aug 08 2017 12:33:37 GMT-0400 (EDT),2017-08-08,2017-08-08 16:33:37 UTC,Eastern Time (US & Canada),566686,izzz,Isabella Flores,2017-08-08 16:43:06 UTC,2023-04-05 20:34:02 UTC,research,,https://www.inaturalist.org/observations/7408109,https://static.inaturalist.org/photos/9621532/medium.jpg,,"",,2,0,false,3,"Rutgers University–New Brunswick - George H. Cook Campus, New Brunswick, NJ, US",40.4823633333,-74.4375083333,,,,,,,open,false,,,Amur Carp,Cyprinus rubrofuscus,Amur Carp,Actinopterygii,187316,,
7580803,f91c1918-f6d9-40bd-8556-1e89cffa6a88,Tue Aug 15 2017 09:03:58 GMT-0700 (PDT),2017-08-15,2017-08-15 16:03:58 UTC,Pacific Time (US & Canada),535064,jackmettam,,2017-08-21 03:11:18 UTC,2021-09-20 23:52:58 UTC,research,,https://www.inaturalist.org/observations/7580803,https://static.inaturalist.org/photos/9902746/medium.jpg,,"",Phylum Chordata Class Osteichthyes,3,1,false,3,"12316 Euclid Ave, Cleveland, OH, US",41.5140116667,-81.5944966667,,,,,,,open,false,,,Amur Carp,Cyprinus rubrofuscus,Amur Carp,Actinopterygii,187316,,
8829856,cd0cae97-e096-4dc6-8bf2-e6b2952b9824,2017/08/15 1:30 PM EDT,2017-08-15,2017-08-15 17:30:00 UTC,Eastern Time (US & Canada),110840,mjwarman,Mark Warman,2017-11-16 20:38:46 UTC,2019-03-28 12:41:18 UTC,research,CC0,https://www.inaturalist.org/observations/8829856,https://inaturalist-open-data.s3.amazonaws.com/photos/11861747/medium.jpg,,"",Spotted during a Cleveland Metroparks hydrilla survey.,1,0,false,,"Cleveland, OH, USA",41.5132722222,-81.5927,,,,,,,open,false,,,Amur Carp,Cyprinus rubrofuscus,Amur Carp,Actinopterygii,187316,,
10344387,b06b3faa-efbb-4eb1-b2a9-30305f592bee,2018-03-21 10:40:11 AM CDT,2018-03-21,2018-03-21 15:40:11 UTC,Central Time (US & Canada),530847,karanemethy,Kara,2018-03-21 19:04:30 UTC,2018-05-31 06:26:29 UTC,research,CC-BY-NC,https://www.inaturalist.org/observations/10344387,https://inaturalist-open-data.s3.amazonaws.com/photos/14344685/medium.jpeg,,"",,1,0,false,2,"Building 8, 4616-8 Howard Ln, Austin, TX 78728, USA",30.4478732,-97.7091691,21,,,,21,,,false,,,Amur Carp,Cyprinus rubrofuscus,Amur Carp,Actinopterygii,187316,,
10387660,08ce65f3-7c55-450a-aede-9f00696b4ccf,2018/03/17 2:25 PM PDT,2018-03-17,2018-03-17 21:25:00 UTC,Pacific Time (US & Canada),118152,cwbarrows,Colin Barrows,2018-03-24 06:34:28 UTC,2023-01-11 16:59:01 UTC,research,CC0,https://www.inaturalist.org/observations/10387660,https://inaturalist-open-data.s3.amazonaws.com/photos/14419146/medium.jpg,,"California, Coachella Valley Preserve, animal, fish, water",,1,0,false,,"Riverside County, CA, USA",33.8473366667,-116.3131083333,,,,,,,,false,,,Amur Carp,Cyprinus rubrofuscus,Amur Carp,Actinopterygii,187316,,
10395736,361f2666-6c85-483a-9e72-4e66ca530faa,Fri Mar 23 2018 18:06:33 GMT-0500 (CDT),2018-03-23,2018-03-23 23:06:33 UTC,Central Time (US & Canada),778462,christianskinner,Christian Skinner,2018-03-24 18:32:14 UTC,2018-05-31 06:26:33 UTC,research,CC-BY-NC,https://www.inaturalist.org/observations/10395736,https://inaturalist-open-data.s3.amazonaws.com/photos/14432270/medium.jpg,,"",,1,0,false,3,"1201 Four Mile Post Rd SE, Huntsville, AL, US",34.6728513949,-86.5510936082,5,,,,5,,,false,,,Amur Carp,Cyprinus rubrofuscus,Amur Carp,Actinopterygii,187316,,
10484673,04b03974-c5b7-418b-b9ba-7c34926a7f57,2018/01/27 1:58 PM CST,2018-01-27,2018-01-27 19:58:00 UTC,Central Time (US & Canada),793442,tabbymassengill,,2018-03-29 04:04:37 UTC,2018-10-18 00:26:22 UTC,research,CC-BY-NC,https://www.inaturalist.org/observations/10484673,https://inaturalist-open-data.s3.amazonaws.com/photos/14578366/medium.jpeg,,"",Orange koi fish,1,0,false,,"Five Points South, Birmingham, AL, USA",33.5094638889,-86.8095694444,5251,,,,5251,,,false,,,Amur Carp,Cyprinus rubrofuscus,Amur Carp,Actinopterygii,187316,,
10494104,6e8414d9-dd0e-4186-91a6-87fdd39e9ea4,2018-03-28 6:38:08 PM EDT,2018-03-28,2018-03-28 22:38:08 UTC,Eastern Time (US & Canada),8917,michiko,Michiko,2018-03-29 19:58:14 UTC,2022-12-28 16:46:46 UTC,research,CC-BY-NC,https://www.inaturalist.org/observations/10494104,https://inaturalist-open-data.s3.amazonaws.com/photos/14594257/medium.jpeg,,"",found it feeding. Surprised by how big it is!,4,0,false,,"Davie, FL, USA",26.073326,-80.278078,3,,,,3,,open,false,,,Amur Carp,Cyprinus rubrofuscus,Amur Carp,Actinopterygii,187316,,
10535979,209cae16-9738-4923-9a59-39ccd9536280,2018-03-31 6:41:43 PM CDT,2018-03-31,2018-03-31 23:41:43 UTC,Central Time (US & Canada),749422,alexbabu18,"",2018-03-31 23:43:21 UTC,2018-10-18 00:26:22 UTC,research,CC-BY-NC,https://www.inaturalist.org/observations/10535979,https://inaturalist-open-data.s3.amazonaws.com/photos/14668737/medium.jpeg,,"",,1,0,false,2,"500-598 Rolling Hill Terrace, Edmond, OK 73012, USA",35.65107266,-97.51905661,6,,,,6,,,false,,,Amur Carp,Cyprinus rubrofuscus,Amur Carp,Actinopterygii,187316,,
10536591,9df96679-8861-4e73-98d7-40fb468a4a79,2018-03-31 6:22:54 PM CDT,2018-03-31,2018-03-31 23:22:54 UTC,Central Time (US & Canada),749048,jamiebuck,Jamie Buckelew,2018-04-01 00:12:50 UTC,2018-10-18 00:26:23 UTC,research,CC-BY-NC,https://www.inaturalist.org/observations/10536591,https://inaturalist-open-data.s3.amazonaws.com/photos/14669901/medium.jpeg,,"",,1,0,false,2,"500-598 Rolling Hill Terrace, Edmond, OK 73012, USA",35.6509227755,-97.518892698,2752,,,,2752,,,false,gps,gps,Amur Carp,Cyprinus rubrofuscus,Amur Carp,Actinopterygii,187316,,
10589481,fc04f608-2f46-43fe-b003-5b98e4ae4b82,Mon Apr 02 2018 12:28:43 GMT-0700 (MST),2018-04-02,2018-04-02 18:28:43 UTC,Mountain Time (US & Canada),264009,ck2az,CK2AZ,2018-04-03 10:57:38 UTC,2021-02-02 15:26:37 UTC,research,CC-BY,https://www.inaturalist.org/observations/10589481,https://inaturalist-open-data.s3.amazonaws.com/photos/14762036/medium.jpg,,"",Koi to be exact ,3,0,false,3,"Commons Way, Boulder City, NV, US",35.9551931785,-114.8476943149,24,,,,24,,open,false,,,Amur Carp,Cyprinus rubrofuscus,Amur Carp,Actinopterygii,187316,,
10594046,8d77fa04-6a69-415b-b1fa-17f57daef068,Mon Apr 02 2018 12:28:29 GMT-0700 (MST),2018-04-02,2018-04-02 18:28:29 UTC,Mountain Time (US & Canada),264009,ck2az,CK2AZ,2018-04-03 17:01:21 UTC,2021-02-02 15:26:35 UTC,research,CC-BY,https://www.inaturalist.org/observations/10594046,https://inaturalist-open-data.s3.amazonaws.com/photos/14769367/medium.jpg,,"","Last 3 photos are comparison with 2 snow geese
Maybe koi. But I’m no expert 
To big for the ospreys to eat ",2,0,false,3,"Commons Way, Boulder City, NV, US",35.9551264684,-114.8477804406,24,,,,24,,open,false,,,Amur Carp,Cyprinus rubrofuscus,Amur Carp,Actinopterygii,187316,,
10642542,2af23546-4f71-44b9-b2cf-bc867a628f75,2018-02-13 2:20:22 PM CST,2018-02-13,2018-02-13 20:20:22 UTC,Central Time (US & Canada),788331,echolsm,"",2018-04-05 19:50:06 UTC,2021-11-06 08:09:42 UTC,research,CC-BY-NC,https://www.inaturalist.org/observations/10642542,https://inaturalist-open-data.s3.amazonaws.com/photos/14848638/medium.jpeg,,"",Found in Big Spring Park,2,0,false,2,"Big Spring Park Walking Trail, Huntsville, AL 35801, USA",34.7273783277,-86.588142626,43,,,,43,,open,false,gps,gps,Amur Carp,Cyprinus rubrofuscus,Amur Carp,Actinopterygii,187316,,
10867510,42e193c0-33e7-4885-9432-060ff1f0e046,Fri Apr 13 2018 15:19:03 GMT-0400 (EDT),2018-04-13,2018-04-13 19:19:03 UTC,Eastern Time (US & Canada),829265,kcknapp50,ken knapp,2018-04-13 19:25:42 UTC,2018-05-31 06:30:46 UTC,research,,https://www.inaturalist.org/observations/10867510,https://static.inaturalist.org/photos/15252697/medium.jpg,,"",,2,0,false,3,"1612 Old State Rd, Gibsonia, PA, US",40.6390840645,-80.0012306108,32,,,,32,,,false,,,Amur Carp,Cyprinus rubrofuscus,Amur Carp,Actinopterygii,187316,,
10914530,46f6e0b6-2706-4a1d-88cc-7305e6529472,Sat Apr 14 2018 12:03:19 GMT-0700 (PDT),2018-04-14,2018-04-14 19:03:19 UTC,Pacific Time (US & Canada),268608,calliquail,Callista,2018-04-14 19:03:57 UTC,2019-01-06 04:02:58 UTC,research,,https://www.inaturalist.org/observations/10914530,https://static.inaturalist.org/photos/15346118/medium.jpg,,"",Koi fish,3,1,false,3,"Southside Park, Sacramento, CA, US",38.5670634499,-121.5027846025,10,,,,10,,open,false,,,Amur Carp,Cyprinus rubrofuscus,Amur Carp,Actinopterygii,187316,,
11217805,d53529cb-f514-4af4-afd0-08f5e79c6cb9,Thu Apr 19 2018 12:09:46 GMT-0700 (PDT),2018-04-19,2018-04-19 19:09:46 UTC,Pacific Time (US & Canada),841561,teresamserna,,2018-04-20 16:00:13 UTC,2025-01-20 22:05:13 UTC,research,,https://www.inaturalist.org/observations/11217805,https://static.inaturalist.org/photos/15913287/medium.jpg,,"",,1,0,false,3,"California State University - Stanislaus, Turlock, CA, US",37.5230466667,-120.8617466667,5,,,,5,,open,false,,,Amur Carp,Cyprinus rubrofuscus,Amur Carp,Actinopterygii,187316,,
11433781,e9a26710-90c6-4f42-ac91-76aa3e02a7f3,Wed Apr 25 2018 18:30:29 GMT-0400 (EDT),2018-04-25,2018-04-25 22:30:29 UTC,Eastern Time (US & Canada),894046,nfcomfs,Nick Callahan,2018-04-25 22:30:44 UTC,2018-10-18 00:25:01 UTC,research,,https://www.inaturalist.org/observations/11433781,https://static.inaturalist.org/photos/16307434/medium.jpg,,"",,2,0,false,3,"Patterson Park, Baltimore, MD, US",39.2863276774,-76.58000393,65,,,,65,,,false,,,Amur Carp,Cyprinus rubrofuscus,Amur Carp,Actinopterygii,187316,,
11851226,c9661167-0a49-44f7-aaba-5d10a50b5220,2018/04/29 8:56 AM MDT,2018-04-29,2018-04-29 14:56:00 UTC,Mountain Time (US & Canada),307432,maticus,"",2018-04-30 05:13:16 UTC,2025-05-09 20:31:50 UTC,research,CC-BY-NC,https://www.inaturalist.org/observations/11851226,https://inaturalist-open-data.s3.amazonaws.com/photos/16960914/medium.jpg,,"",,3,0,false,,"Millcreek, UT, USA",40.6693215939,-111.8467567573,4,,,,4,,open,false,,,Amur Carp,Cyprinus rubrofuscus,Amur Carp,Actinopterygii,187316,,
11924496,69e3af78-b729-4f1f-8dd7-dbca38eb41f0,2018-04-30 12:59:43 PM CDT,2018-04-30,2018-04-30 17:59:43 UTC,Central Time (US & Canada),41395,dbild,David Bild,2018-04-30 21:41:21 UTC,2025-04-12 15:16:38 UTC,research,CC-BY-NC-SA,https://www.inaturalist.org/observations/11924496,https://inaturalist-open-data.s3.amazonaws.com/photos/17072032/medium.jpeg,,"",,1,0,false,2,"1778-1872 N Cannon Dr, Chicago, IL 60614, USA",41.917339325,-87.6314620972,,,,,,,open,false,gps,gps,Amur Carp,Cyprinus rubrofuscus,Amur Carp,Actinopterygii,187316,,
12487133,c2d10db7-e309-4f1e-b171-0a35e5b380d1,Tue May 15 2018 13:55:43 GMT-0400 (EDT),2018-05-15,2018-05-15 17:55:43 UTC,Eastern Time (US & Canada),955690,jmcnair19,,2018-05-15 17:55:59 UTC,2020-01-16 03:49:11 UTC,research,CC-BY-NC,https://www.inaturalist.org/observations/12487133,https://inaturalist-open-data.s3.amazonaws.com/photos/18062337/medium.jpg,,"",Fish,3,0,false,3,"8530 Township Line Rd, Indianapolis, IN, US",39.9102230324,-86.2054408529,5,,,,5,,open,false,,,Amur Carp,Cyprinus rubrofuscus,Amur Carp,Actinopterygii,187316,,
12691950,d86eadec-fe4b-4a3b-bc0e-5ef7d926022a,Mon May 21 2018 15:46:19 GMT-0700 (PDT),2018-05-21,2018-05-21 22:46:19 UTC,Pacific Time (US & Canada),968925,woodhsu,,2018-05-21 23:13:16 UTC,2018-09-08 21:33:03 UTC,research,,https://www.inaturalist.org/observations/12691950,https://static.inaturalist.org/photos/18374132/medium.jpg,,"",,3,1,false,3,"Westlake Park, Santa Cruz, CA, US",36.9762333333,-122.0454111667,5,,,,5,,open,false,,,Amur Carp,Cyprinus rubrofuscus,Amur Carp,Actinopterygii,187316,,
12715610,6c0b449c-22b6-4f78-bc1d-ce6728c47f98,Tue May 15 2018 13:55:43 GMT-0400 (EDT),2018-05-15,2018-05-15 17:55:43 UTC,Eastern Time (US & Canada),955702,gcoleman19,,2018-05-22 18:51:49 UTC,2020-05-15 16:08:24 UTC,research,,https://www.inaturalist.org/observations/12715610,https://static.inaturalist.org/photos/18413632/medium.jpg,,"",Fish,2,0,false,3,"8530 Township Line Rd, Indianapolis, IN, US",39.9102490163,-86.205526013,5,,,,5,,open,false,,,Amur Carp,Cyprinus rubrofuscus,Amur Carp,Actinopterygii,187316,,
12843825,bdd5ad80-1d24-4b5b-bcc3-62c0d70bce0d,2018/05/20 8:57 AM EDT,2018-05-20,2018-05-20 12:57:00 UTC,Eastern Time (US & Canada),225190,wrofe,"",2018-05-27 00:23:39 UTC,2021-11-06 08:11:42 UTC,research,CC-BY-NC,https://www.inaturalist.org/observations/12843825,https://inaturalist-open-data.s3.amazonaws.com/photos/18635638/medium.jpeg,,"wilcks, far",,2,0,false,,"Farmville, VA 23901, USA",37.3058752164,-78.4176743031,4,,,,4,,open,false,,,Amur Carp,Cyprinus rubrofuscus,Amur Carp,Actinopterygii,187316,,
12883023,273d1331-52ee-403e-841a-c0a176e0404e,2018/05/27 11:25 AM PDT,2018-05-27,2018-05-27 18:25:00 UTC,Pacific Time (US & Canada),35597,tomv,TomV,2018-05-28 04:11:31 UTC,2018-05-31 06:32:39 UTC,research,CC-BY-NC,https://www.inaturalist.org/observations/12883023,https://inaturalist-open-data.s3.amazonaws.com/photos/18703904/medium.jpeg,,"",Japanese Koi fish?,2,0,false,,"Golden Gate Park, San Francisco, CA, USA",37.7706175,-122.4770183333,,,,,,,,false,,,Amur Carp,Cyprinus rubrofuscus,Amur Carp,Actinopterygii,187316,,
12972519,3277cf18-c65a-44a5-b25f-3f74272ca259,2018/05/30 10:48 AM CDT,2018-05-30,2018-05-30 15:48:00 UTC,Central Time (US & Canada),448026,walkingstick2,"",2018-05-31 02:36:43 UTC,2020-10-07 21:49:36 UTC,research,CC-BY-NC,https://www.inaturalist.org/observations/12972519,https://static.inaturalist.org/photos/18861815/medium.jpg,,"",There were two of these swimming together. Another was white with black marbling on it.,1,0,false,,"Arcadia Trail Park South, Fort Worth, TX, USA",32.8704493369,-97.2758701444,1,,,,1,,,false,,,Amur Carp,Cyprinus rubrofuscus,Amur Carp,Actinopterygii,187316,,
12980818,701eb181-d138-45af-8876-9d0c4f2b7101,2018/05/30 7:32 PM CDT,2018-05-30,2018-05-31 00:32:00 UTC,Central Time (US & Canada),900990,cdsmith,Chris Smith,2018-05-31 13:49:41 UTC,2018-10-01 19:29:15 UTC,research,CC-BY-NC-ND,https://www.inaturalist.org/observations/12980818,https://inaturalist-open-data.s3.amazonaws.com/photos/18876380/medium.jpg,,"",Either released or escaped during a flood (possibly Harvey).,1,0,false,,"Sugar Land, TX, USA",29.6314853593,-95.630092955,1377,,,,1377,,,false,,,Amur Carp,Cyprinus rubrofuscus,Amur Carp,Actinopterygii,187316,,
13844279,97a27b9e-53b9-4a63-83ba-e7bb415492de,Wed Jun 27 2018 18:17:14 GMT-0500 (CDT),2018-06-27,2018-06-27 23:17:14 UTC,Central Time (US & Canada),181325,kdg,"",2018-06-27 23:17:41 UTC,2020-01-16 10:39:32 UTC,research,CC-BY-NC-ND,https://www.inaturalist.org/observations/13844279,https://inaturalist-open-data.s3.amazonaws.com/photos/20431948/medium.jpg,,"",,1,0,false,3,"Texas, US",32.906390452,-96.8156467349,24,,,,29039,obscured,,true,,,Amur Carp,Cyprinus rubrofuscus,Amur Carp,Actinopterygii,187316,,
14325509,8ef2bac5-1535-4885-9e87-84e1cfd12e06,Fri Jul 13 2018 14:41:59 GMT-0400 (EDT),2018-07-13,2018-07-13 18:41:59 UTC,Eastern Time (US & Canada),420537,astrobirder,Sequoia Janirella Wrens,2018-07-13 19:53:57 UTC,2023-01-30 19:44:53 UTC,research,CC0,https://www.inaturalist.org/observations/14325509,https://inaturalist-open-data.s3.amazonaws.com/photos/21282111/medium.jpg,,"",Looked fake until it moved,3,0,false,3,"3100–3196 Park Ave, Wantagh, NY, US",40.6745116667,-73.5157,10,,,,10,,open,false,,,Amur Carp,Cyprinus rubrofuscus,Amur Carp,Actinopterygii,187316,,
14432077,aee171de-3059-462e-814c-6e6036980566,2018-07-16 4:08:05 PM CDT,2018-07-16,2018-07-16 21:08:05 UTC,Central Time (US & Canada),1076965,mattr2,matt r,2018-07-17 01:26:09 UTC,2018-10-18 00:24:48 UTC,research,,https://www.inaturalist.org/observations/14432077,https://static.inaturalist.org/photos/21476044/medium.jpeg,,"",,2,0,false,2,"Taft Ave, Wheaton, IL 60189, USA",41.8578109741,-88.078742981,,,,,,,,false,gps,gps,Amur Carp,Cyprinus rubrofuscus,Amur Carp,Actinopterygii,187316,,
14840449,aad80df6-c4cf-47cb-90fb-66c58eb7c8b7,2018-07-28 10:44:48 AM PDT,2018-07-28,2018-07-28 17:44:48 UTC,Pacific Time (US & Canada),1111640,jmacintosh,,2018-07-28 17:53:39 UTC,2018-12-08 20:22:43 UTC,research,CC-BY-NC,https://www.inaturalist.org/observations/14840449,https://inaturalist-open-data.s3.amazonaws.com/photos/22153233/medium.jpeg,,"",,2,0,false,2,"901 Senter Rd, San Jose, CA 95112, USA",37.32198669,-121.8634406,16,,,,16,,,false,,,coi,Cyprinus rubrofuscus,Amur Carp,Actinopterygii,187316,,
15580645,a8cf863e-b024-40da-bea9-2cd6103f9551,2018/08/17 12:49 PM EDT,2018-08-17,2018-08-17 16:49:00 UTC,Eastern Time (US & Canada),440756,mattparr,Matt Parr,2018-08-17 18:46:40 UTC,2019-01-29 02:15:32 UTC,research,CC-BY-NC,https://www.inaturalist.org/observations/15580645,https://inaturalist-open-data.s3.amazonaws.com/photos/23300819/medium.jpeg,,"",,2,0,false,,"Central Park, New York, NY, USA",40.7657303258,-73.9738192823,65,,,,65,,,false,,,Amur Carp,Cyprinus rubrofuscus,Amur Carp,Actinopterygii,187316,,
16050716,137c9e3f-fa56-4d34-89f9-e9dcdb77e8b9,2018-08-30 3:01:11 PM MDT,2018-08-30,2018-08-30 21:01:11 UTC,Mountain Time (US & Canada),1149320,remeh,,2018-08-30 21:03:21 UTC,2018-09-02 13:28:48 UTC,research,CC-BY-NC,https://www.inaturalist.org/observations/16050716,https://inaturalist-open-data.s3.amazonaws.com/photos/24029302/medium.jpeg,,"",,2,0,false,2,"1800 Roma Ave NE, Albuquerque, NM 87106, USA",35.08461377,-106.62222416,7,,,,7,,,false,,,Amur Carp,Cyprinus rubrofuscus,Amur Carp,Actinopterygii,187316,,
16050801,7f516a63-1d58-4768-b184-83a2fbcc77c2,Thu Aug 30 2018 15:05:15 GMT-0600 (MDT),2018-08-30,2018-08-30 21:05:15 UTC,Mountain Time (US & Canada),1172148,newvillage36,,2018-08-30 21:06:31 UTC,2018-09-02 13:28:49 UTC,research,,https://www.inaturalist.org/observations/16050801,https://static.inaturalist.org/photos/24029494/medium.jpg,,"",,3,0,false,3,"The University of New Mexico, Albuquerque, NM, US",35.0848519601,-106.6222517549,65,,,,65,,,false,,,Amur Carp,Cyprinus rubrofuscus,Amur Carp,Actinopterygii,187316,,
16117699,ea772b34-f8d6-42c3-83e6-7104405f30a1,2018/08/28 9:27 AM CDT,2018-08-28,2018-08-28 14:27:00 UTC,Central Time (US & Canada),912851,sehnature,,2018-09-02 00:49:27 UTC,2018-10-01 21:56:46 UTC,research,CC-BY-NC,https://www.inaturalist.org/observations/16117699,https://inaturalist-open-data.s3.amazonaws.com/photos/24148036/medium.jpg,,White Rock SSW 082818,,2,0,false,,"Dallas, TX, USA",32.8198222222,-96.7279861111,,,,,,,,false,,,Amur Carp,Cyprinus rubrofuscus,Amur Carp,Actinopterygii,187316,,
16121901,dcbe8992-1a17-4e48-8e6d-a35deabc2bb4,Sat Sep 01 2018 13:58:47 GMT-0500 (CDT),2018-09-01,2018-09-01 18:58:47 UTC,Central Time (US & Canada),1166672,rdowney,Ryan,2018-09-02 03:21:22 UTC,2018-10-02 21:27:38 UTC,research,CC-BY-NC,https://www.inaturalist.org/observations/16121901,https://inaturalist-open-data.s3.amazonaws.com/photos/24158419/medium.jpg,,"","",2,0,false,3,"112 Santa Monica Dr, Gun Barrel City, TX, US",32.3096287341,-96.1409170075,19,,,,19,,,false,,,Amur Carp,Cyprinus rubrofuscus,Amur Carp,Actinopterygii,187316,,
16620402,f3de245b-a264-4620-bbd5-43f8444d9cc5,Sat Jul 07 2018 23:33:33 GMT-0500 (CDT),2018-07-07,2018-07-08 04:33:33 UTC,Central Time (US & Canada),1214114,acrowkiss,,2018-09-17 06:41:10 UTC,2023-03-02 23:48:52 UTC,research,,https://www.inaturalist.org/observations/16620402,https://static.inaturalist.org/photos/25048139/medium.jpg,,"",,2,0,false,3,"19206 E Cibolo Creek Ct, Cypress, TX, US",29.9181116667,-95.7009716667,5,,,,5,,open,false,,,Amur Carp,Cyprinus rubrofuscus,Amur Carp,Actinopterygii,187316,,
16626202,1265d415-8d7d-495e-bec5-92c6a51080af,Mon Sep 17 2018 08:01:36 GMT-0400 (EDT),2018-09-17,2018-09-17 12:01:36 UTC,Eastern Time (US & Canada),486604,elizajsyh,"",2018-09-17 14:02:44 UTC,2022-11-03 09:06:32 UTC,research,,https://www.inaturalist.org/observations/16626202,https://static.inaturalist.org/photos/25058767/medium.jpg,,"",Someone's aquarium fish?  In The Pond. ,3,0,false,3,"Central Park, New York, NY, US",40.7663466667,-73.97358,10,,,,10,,open,false,,,Amur Carp,Cyprinus rubrofuscus,Amur Carp,Actinopterygii,187316,,
17084443,1236ed00-34b1-41dc-996f-a01f2ea24f13,2018-09-30 7:32:00 PM CDT,2018-09-30,2018-10-01 00:32:00 UTC,Central Time (US & Canada),1182572,jose_m,,2018-10-01 00:32:44 UTC,2022-03-27 02:04:36 UTC,research,CC-BY-NC,https://www.inaturalist.org/observations/17084443,https://inaturalist-open-data.s3.amazonaws.com/photos/25861562/medium.jpeg,,"",A small to medium size fish swimming in the water. The body is light orange to yellow. ,1,0,false,2,"Mueller Lake Park, 4550 Mueller Blvd, Austin, TX 78723, USA",30.29649546,-97.7059437,9,,,,9,,open,false,,,Amur Carp,Cyprinus rubrofuscus,Amur Carp,Actinopterygii,187316,,
17295389,bee2b6cc-395b-4f75-b230-882a14c2544f,Sun Oct 07 2018 17:40:27 GMT-0400 (EDT),2018-10-07,2018-10-07 21:40:27 UTC,Eastern Time (US & Canada),1259608,kwilger,"",2018-10-07 21:43:37 UTC,2020-12-22 14:09:27 UTC,research,CC-BY-NC,https://www.inaturalist.org/observations/17295389,https://inaturalist-open-data.s3.amazonaws.com/photos/26245460/medium.jpg,,"",,2,0,false,3,"13401 N 50th St, Tampa, FL, US",28.0687038576,-82.4010632297,16,,,,16,,open,false,,,Amur Carp,Cyprinus rubrofuscus,Amur Carp,Actinopterygii,187316,,
17666910,38f417b9-8d0f-48fe-9f2a-fa25f57acc2c,2018/10/07 11:16 PM EDT,2018-10-07,2018-10-08 03:16:00 UTC,Eastern Time (US & Canada),1162135,ameliaoates,,2018-10-20 03:21:22 UTC,2023-06-21 14:15:58 UTC,research,CC-BY-NC,https://www.inaturalist.org/observations/17666910,https://inaturalist-open-data.s3.amazonaws.com/photos/26920657/medium.png,,"",Indian river near where many people throw bread. Sunny and windy.,2,0,false,,"Fort Pierce, FL, USA",27.4494476709,-80.322859018,6642,,,,6642,,open,false,,,Amur Carp,Cyprinus rubrofuscus,Amur Carp,Actinopterygii,187316,,
18013976,6bde703f-9e5c-484b-939f-1d676126226f,Thu Nov 01 2018 13:23:43 GMT-0600 (MDT),2018-11-01,2018-11-01 19:23:43 UTC,Mountain Time (US & Canada),1293720,nyroberts,,2018-11-01 19:24:50 UTC,2018-11-03 21:56:00 UTC,research,,https://www.inaturalist.org/observations/18013976,https://static.inaturalist.org/photos/27539485/medium.jpg,,"",,1,0,false,3,"The University of New Mexico, Albuquerque, NM, US",35.0847863965,-106.6224355717,5,,,,5,,,false,,,Amur Carp,Cyprinus rubrofuscus,Amur Carp,Actinopterygii,187316,,
18300475,3d1eed6c-e19d-44dc-9ccc-e42a0933bf9d,Thu Apr 19 2018 17:14:59 GMT-0700 (PDT),2018-04-19,2018-04-20 00:14:59 UTC,Pacific Time (US & Canada),13370,rudyard,Rudyard,2018-11-10 05:55:59 UTC,2018-11-10 18:33:35 UTC,research,CC0,https://www.inaturalist.org/observations/18300475,https://inaturalist-open-data.s3.amazonaws.com/photos/27960518/medium.jpg,,"",,1,0,false,3,"Golden Gate Park, San Francisco, CA, US",37.769556083,-122.4722488398,72,,,,72,,,false,,,Amur Carp,Cyprinus rubrofuscus,Amur Carp,Actinopterygii,187316,,
18737779,d64800c2-7b5c-4198-8a5e-9739549d9d13,2018/11/30 11:56 PM -0500,2018-11-30,2018-12-01 04:56:00 UTC,Bogota,616308,lonewookie,Joseph Marks,2018-11-30 18:00:30 UTC,2019-06-04 01:18:45 UTC,research,CC-BY-NC,https://www.inaturalist.org/observations/18737779,https://inaturalist-open-data.s3.amazonaws.com/photos/28691639/medium.png,,"",,2,0,false,,"Lancaster County, PA, USA",40.1161201132,-76.3161768819,69,,,,69,,open,false,,,Amur Carp,Cyprinus rubrofuscus,Amur Carp,Actinopterygii,187316,,
18855388,94ab0ec5-7cfe-4a6e-80e4-f8acb2555ab1,Wed Dec 05 2018 13:26:04 GMT-0600 (CST),2018-12-05,2018-12-05 19:26:04 UTC,Central Time (US & Canada),1247710,jadehawkins,Jade Hawkins,2018-12-06 03:17:40 UTC,2019-05-23 01:08:58 UTC,research,,https://www.inaturalist.org/observations/18855388,https://static.inaturalist.org/photos/28886938/medium.jpg,,"",,3,0,false,3,"828–898 Forest Hill Dr, Mobile, AL, US",30.7084616667,-88.1510471667,5,,,,5,,open,false,,,Amur Carp,Cyprinus rubrofuscus,Amur Carp,Actinopterygii,187316,,
19214661,384d610f-d54d-4660-8955-4f9d769c3426,2018/07/14 12:19 PM PDT,2018-07-14,2018-07-14 19:19:00 UTC,Pacific Time (US & Canada),948149,mw52berg,Michael,2018-12-25 17:30:53 UTC,2019-01-12 15:58:39 UTC,research,CC-BY-NC,https://www.inaturalist.org/observations/19214661,https://inaturalist-open-data.s3.amazonaws.com/photos/29515388/medium.jpeg,,"","Not sure what kind of fish.  A carp?  Saw at at Lake Fulmor, near Idyllwild",1,0,false,,"Riverside County, CA, USA",33.8048745955,-116.7799612413,28,,,,28,,,false,,,Amur Carp,Cyprinus rubrofuscus,Amur Carp,Actinopterygii,187316,,
19600117,b0c5ac31-d417-4986-b81e-ecf6ee22b246,Sat Jan 12 2019 15:26:41 GMT-0800 (PST),2019-01-12,2019-01-12 23:26:41 UTC,Pacific Time (US & Canada),1398219,nicovand,,2019-01-12 23:32:51 UTC,2019-01-15 15:51:55 UTC,research,,https://www.inaturalist.org/observations/19600117,https://static.inaturalist.org/photos/30174786/medium.jpg,,"",,1,0,false,3,"100 Gregory Ln, Pleasant Hill, CA, US",37.9475166667,-122.0631416667,6,,,,6,,,false,,,Amur Carp,Cyprinus rubrofuscus,Amur Carp,Actinopterygii,187316,,
20002953,036141ec-3e39-4ac0-959a-78f9f7aa69ee,2019/01/31 6:19 PM PST,2019-01-31,2019-02-01 02:19:00 UTC,Pacific Time (US & Canada),896378,alexis_amphibian,Alexis Babayan,2019-02-01 05:21:59 UTC,2023-07-07 06:34:35 UTC,research,CC-BY-NC,https://www.inaturalist.org/observations/20002953,https://inaturalist-open-data.s3.amazonaws.com/photos/30874615/medium.jpeg,,"golden gate park, urban wildlife, North Lake, introduced species, native to Asia",I didn't know there were koi in North Lake- and I am rather impressed that this one has survived to such a large size when there are so many predators around.,1,0,false,,"Golden Gate Park, San Francisco, CA, USA",37.7707777399,-122.4961701599,843,,,,843,,,false,,,Amur Carp,Cyprinus rubrofuscus,Amur Carp,Actinopterygii,187316,,
20291243,0843fdd1-7c6d-47b0-ba88-30cd5c293daa,2014-10-03 3:01pm,2014-10-03,2014-10-03 19:01:00 UTC,Eastern Time (US & Canada),70841,conuropsis,Andrew Block,2019-02-12 00:53:48 UTC,2024-04-13 00:16:51 UTC,research,CC-BY-NC,https://www.inaturalist.org/observations/20291243,https://inaturalist-open-data.s3.amazonaws.com/photos/31325284/medium.jpeg,,"",Seen in the Bronx River just south of Harney Rd.,2,0,false,,"Bronx River Pathway, Eastchester, Westchester Co., NY",40.978595,-73.813109,,,,,,,open,false,,,Amur Carp,Cyprinus rubrofuscus,Amur Carp,Actinopterygii,187316,,
20539197,37f8aac6-154d-47a2-91af-45dfc40ab67c,2019/02/20 6:47 PM PST,2019-02-20,2019-02-21 02:47:00 UTC,Pacific Time (US & Canada),896378,alexis_amphibian,Alexis Babayan,2019-02-21 22:00:35 UTC,2023-07-07 05:49:54 UTC,research,CC-BY-NC,https://www.inaturalist.org/observations/20539197,https://inaturalist-open-data.s3.amazonaws.com/photos/31706290/medium.jpeg,,"urban wildlife, golden gate park, introduced species, feral",two big koi seen in North Lake- unintimidated by the nearby waterfowl. Could not get a clearer photo due to the murkiness of the water.,1,0,false,,"Golden Gate Park, San Francisco, CA, USA",37.7699635789,-122.4982300964,994,,,,994,,,false,,,Amur Carp,Cyprinus rubrofuscus,Amur Carp,Actinopterygii,187316,,
21007972,65f57e59-e3a6-4c01-a3b7-475aeee90c5d,2019/02/14 8:22 AM CST,2019-02-14,2019-02-14 14:22:00 UTC,Central Time (US & Canada),21217,tweedledee,Goolsbygirl,2019-03-06 23:02:42 UTC,2019-03-07 01:21:28 UTC,research,CC-BY-NC,https://www.inaturalist.org/observations/21007972,https://inaturalist-open-data.s3.amazonaws.com/photos/32445644/medium.jpeg,,"",,1,0,false,,"Kerr County, TX, USA",30.15676,-99.3477816667,,,,,,,open,false,,,Amur Carp,Cyprinus rubrofuscus,Amur Carp,Actinopterygii,187316,,
21236988,55e00889-4472-4fb5-ac5c-b9b41e7add24,2019/03/13 5:26 PM PDT,2019-03-13,2019-03-14 00:26:00 UTC,Pacific Time (US & Canada),896378,alexis_amphibian,Alexis Babayan,2019-03-14 19:25:30 UTC,2023-07-07 07:02:44 UTC,research,CC-BY-NC,https://www.inaturalist.org/observations/21236988,https://inaturalist-open-data.s3.amazonaws.com/photos/32829561/medium.jpeg,,"introduced species, Stow Lake, golden gate park, urban wildlife","carp (both European and Amur carp, being fed by a passerby)",1,0,false,,"Golden Gate Park, San Francisco, CA, USA",37.769149409,-122.4836388793,1205,,,,1205,,open,false,,,Cyprinus rubrofuscus,Cyprinus rubrofuscus,Amur Carp,Actinopterygii,187316,,
21275507,5fd1f2a4-8cf3-4978-b41c-a246a385aa07,2019/03/14 5:47 PM PDT,2019-03-14,2019-03-15 00:47:00 UTC,Pacific Time (US & Canada),896378,alexis_amphibian,Alexis Babayan,2019-03-16 03:02:13 UTC,2023-07-07 08:22:07 UTC,research,CC-BY-NC,https://www.inaturalist.org/observations/21275507,https://inaturalist-open-data.s3.amazonaws.com/photos/32895146/medium.jpeg,,"north lake, introduced species, urban wildlife, golden gate park","A very large koi, surviving against the odds in North Lake.  (All three photos show the same individual.)",1,0,false,,"Golden Gate Park, San Francisco, CA, USA",37.7677924393,-122.4996033874,616,,,,616,,open,false,,,Amur Carp,Cyprinus rubrofuscus,Amur Carp,Actinopterygii,187316,,
21367731,a8faa769-ca79-4d84-bbb0-5301fc27ca8a,Mon Mar 18 2019 17:13:47 GMT-0400 (EDT),2019-03-18,2019-03-18 21:13:47 UTC,Eastern Time (US & Canada),1498251,michaelmorris,Michael Morris,2019-03-18 21:14:06 UTC,2024-04-08 05:38:09 UTC,research,,https://www.inaturalist.org/observations/21367731,https://static.inaturalist.org/photos/33051043/medium.jpg,,"",,2,0,false,3,"18938, New Hope, PA, US",40.3975377046,-75.0104267244,5,,,,5,,open,false,,,Amur Carp,Cyprinus rubrofuscus,Amur Carp,Actinopterygii,187316,,
21746052,f37e2a36-836b-485f-979f-413aab0c999e,2019/03/28 5:39 PM EDT,2019-03-28,2019-03-28 21:39:00 UTC,Eastern Time (US & Canada),389353,cesarcastillo,César Andrés Castillo,2019-03-29 18:41:21 UTC,2022-12-01 16:38:15 UTC,research,,https://www.inaturalist.org/observations/21746052,https://static.inaturalist.org/photos/33678031/medium.jpg,,"",Other larger and more colourful specimens seen throughout the lake as well.  Known location for these for decades.,1,0,false,,"Bayside, Queens, NY, USA",40.7599337456,-73.7581359344,4,,,,4,,open,false,,,Amur Carp,Cyprinus rubrofuscus,Amur Carp,Actinopterygii,187316,,
21751190,f2f018ea-ef7e-4bfc-85a7-beee7c8ec749,Fri Mar 29 2019 13:55:56 GMT-0700 (PDT),2019-03-29,2019-03-29 20:55:56 UTC,Pacific Time (US & Canada),1486567,macoy99,,2019-03-29 20:59:26 UTC,2023-03-24 22:43:56 UTC,research,CC-BY-NC,https://www.inaturalist.org/observations/21751190,https://inaturalist-open-data.s3.amazonaws.com/photos/33687243/medium.jpg,,"","Fish dying going up or down stream. One is stuck in the Lobos Creek outflow. One is stuck in the drain guard 
",2,0,false,3,"Baker Beach, San Francisco, CA, US",37.7904613193,-122.4853621722,22,,,,22,,open,false,,,Amur Carp,Cyprinus rubrofuscus,Amur Carp,Actinopterygii,187316,,
21784350,d5fd4d7d-bab1-4c7b-84f0-94304b43b723,2019-03-30 11:16:52 AM CDT,2019-03-30,2019-03-30 11:16:52 UTC,UTC,1146537,brandimason,Brandi Mason,2019-03-30 16:57:02 UTC,2019-04-01 19:25:48 UTC,research,CC-BY-NC,https://www.inaturalist.org/observations/21784350,https://inaturalist-open-data.s3.amazonaws.com/photos/33742130/medium.jpeg,,"",,2,0,false,2,"105 Emerald Lake Dr, Dothan, AL 36303, USA",31.2550449371,-85.4149017334,,,,,,,open,false,gps,gps,Amur Carp,Cyprinus rubrofuscus,Amur Carp,Actinopterygii,187316,,
21851406,28b62b99-a0c7-435c-b046-24c60a1aab2b,2019/02/16 3:30 PM CST,2019-02-16,2019-02-16 21:30:00 UTC,Central Time (US & Canada),1422111,djo0003,Dylan Ottum,2019-03-31 23:37:04 UTC,2019-04-01 02:25:43 UTC,research,CC-BY-NC,https://www.inaturalist.org/observations/21851406,https://inaturalist-open-data.s3.amazonaws.com/photos/33850828/medium.jpg,,"",,1,0,false,,"420 Church St NW, Huntsville, AL 35801, USA",34.7287617,-86.5873361,194,,,,194,,open,false,,,Amur Carp,Cyprinus rubrofuscus,Amur Carp,Actinopterygii,187316,,
21901112,2a96723c-7c61-4a09-97e7-0cd1e750ff46,2019/03/30 1:31 PM PDT,2019-03-30,2019-03-30 20:31:00 UTC,Pacific Time (US & Canada),1569761,belsanders,Belinda,2019-04-02 05:33:27 UTC,2022-05-18 19:49:25 UTC,research,CC-BY-NC,https://www.inaturalist.org/observations/21901112,https://inaturalist-open-data.s3.amazonaws.com/photos/33935914/medium.jpeg,,"",,3,0,false,,"7050 Wetlands Park Ln, Las Vegas, NV 89122, USA",36.1011282,-115.0230789,196,,,,196,,open,false,,,Amur Carp,Cyprinus rubrofuscus,Amur Carp,Actinopterygii,187316,,
21916585,c1ec4845-c91b-4c74-af87-313c3a3e6e08,2019-03-28,2019-03-28,,Hawaii,1432923,southern_belle10,,2019-04-02 18:29:48 UTC,2019-04-05 15:42:47 UTC,research,CC-BY-NC,https://www.inaturalist.org/observations/21916585,https://inaturalist-open-data.s3.amazonaws.com/photos/33961768/medium.jpg,,"","",1,0,false,,"huntsville, alabama",34.730369,-86.586104,36252,,,,36252,,open,false,,,Amur Carp,Cyprinus rubrofuscus,Amur Carp,Actinopterygii,187316,,
22152386,48a1286e-a86f-45f1-9468-9c206f0cffec,2019/04/06 2:48 PM MST,2019-04-06,2019-04-06 21:48:00 UTC,Arizona,20265,helsky,Eliseo D Moreno,2019-04-07 18:27:54 UTC,2019-04-07 22:18:03 UTC,research,CC-BY-SA,https://www.inaturalist.org/observations/22152386,https://inaturalist-open-data.s3.amazonaws.com/photos/34295662/medium.jpeg,,"",,2,0,false,,"Pima County, US-AZ, US",32.2089165919,-110.9230214035,2,,,,2,,open,false,,,Amur Carp,Cyprinus rubrofuscus,Amur Carp,Actinopterygii,187316,,
22327588,034100ab-b82c-4368-9b5c-25e24ce5b8f5,Thu Apr 11 2019 10:03:47 GMT-0400 (EDT),2019-04-11,2019-04-11 14:03:47 UTC,Eastern Time (US & Canada),762836,napoleon1799,"",2019-04-11 15:37:11 UTC,2019-04-11 15:39:39 UTC,research,CC-BY-NC,https://www.inaturalist.org/observations/22327588,https://static.inaturalist.org/photos/34580411/medium.jpg,,"",,1,0,false,3,"1100–1128 Cave Spring Rd SW, Rome, GA, US",34.2235196256,-85.1844045337,76,,,,76,,open,false,,,Amur Carp,Cyprinus rubrofuscus,Amur Carp,Actinopterygii,187316,,
22379080,67717b55-cdda-472d-a481-bf7bf9119660,2019-04-12 2:39:57 PM EDT,2019-04-12,2019-04-12 18:39:57 UTC,Eastern Time (US & Canada),294805,svaha,Amanda,2019-04-12 18:41:40 UTC,2022-11-25 15:35:33 UTC,research,CC-BY-NC,https://www.inaturalist.org/observations/22379080,https://inaturalist-open-data.s3.amazonaws.com/photos/34660546/medium.jpeg,,"",,4,0,false,2,"Tree Tops Park, 3900 SW 100th Ave, Davie, FL 33328, USA",26.07280159,-80.27768129,4,,,,4,,open,false,,,Amur Carp,Cyprinus rubrofuscus,Amur Carp,Actinopterygii,187316,,
22538213,7a8afe23-254d-45ef-a630-416fcefea285,Thu Apr 11 2019 19:55:42 GMT-0500 (CDT),2019-04-11,2019-04-11 19:55:42 UTC,UTC,1589523,rjpoe21,,2019-04-16 01:18:01 UTC,2019-04-20 18:14:09 UTC,research,CC-BY-NC,https://www.inaturalist.org/observations/22538213,https://inaturalist-open-data.s3.amazonaws.com/photos/34918816/medium.jpg,,"",,2,0,false,3,"University of Houston, Houston, TX, US",29.7238833333,-95.3404533333,24,,,,24,,open,false,,,Amur Carp,Cyprinus rubrofuscus,Amur Carp,Actinopterygii,187316,,
22709713,ec7742fd-7ae2-426a-b1c7-0a1653d99345,2019-04-19 12:11:37 PM EDT,2019-04-19,2019-04-19 16:11:37 UTC,Eastern Time (US & Canada),1439647,crisflew0512,,2019-04-19 16:12:38 UTC,2020-06-14 15:07:54 UTC,research,CC-BY-NC,https://www.inaturalist.org/observations/22709713,https://inaturalist-open-data.s3.amazonaws.com/photos/35190740/medium.jpeg,,"",In foundation in front of convocation,3,0,false,2,"700 Emancipation Dr, Hampton, VA 23668, USA",37.02016155,-76.33031619,7,,,,7,,open,false,,,Amur Carp,Cyprinus rubrofuscus,Amur Carp,Actinopterygii,187316,,
22765627,494f36f2-01be-45f5-82b9-4f3d98ce7ce0,2019/04/19 10:05 AM PDT,2019-04-19,2019-04-19 17:05:00 UTC,Pacific Time (US & Canada),53702,lonnyholmes,"",2019-04-20 17:45:14 UTC,2021-02-02 15:16:43 UTC,research,CC-BY-NC,https://www.inaturalist.org/observations/22765627,https://inaturalist-open-data.s3.amazonaws.com/photos/35280010/medium.jpg,,"",,2,0,false,,"Pahrump, NV, USA",36.2016592407,-115.9953949064,14,,,,14,,open,false,,,Amur Carp,Cyprinus rubrofuscus,Amur Carp,Actinopterygii,187316,,
22770663,8b36b302-3303-4a77-ad56-98585c774cdb,2019-04-20 1:02:55 PM CDT,2019-04-20,2019-04-20 13:02:55 UTC,UTC,1452500,tino_m,"",2019-04-20 19:02:27 UTC,2019-04-20 19:07:45 UTC,research,CC-BY-NC,https://www.inaturalist.org/observations/22770663,https://inaturalist-open-data.s3.amazonaws.com/photos/35287872/medium.jpeg,,"",,1,0,false,2,"Dallas County, US-TX, US",32.85926358,-96.75761383,7,,,,7,,open,false,gps,gps,Amur Carp,Cyprinus rubrofuscus,Amur Carp,Actinopterygii,187316,,
23318112,d8a75ee3-1f3a-4e43-a0f6-b04e6a95f6aa,Fri Apr 26 2019 15:03:19 GMT-0700 (PDT),2019-04-26,2019-04-26 22:03:19 UTC,Pacific Time (US & Canada),17630,gregpauly,Greg Pauly,2019-04-27 06:10:23 UTC,2019-04-29 05:29:22 UTC,research,CC-BY-NC,https://www.inaturalist.org/observations/23318112,https://inaturalist-open-data.s3.amazonaws.com/photos/36129158/medium.jpg,,"",Just one of many nonnative species taking advantage of the permanent water provided by the man-made ponds at Franklin Canyon.,1,0,false,3,"Franklin Canyon Park, Los Angeles, CA, US",34.1202361667,-118.4114216667,,,,,,,open,false,,,Amur Carp,Cyprinus rubrofuscus,Amur Carp,Actinopterygii,187316,,
23677435,115991dc-abd6-4957-9547-360b14c41b38,Sat Apr 27 2019 23:47:55 GMT-0500 (CDT),2019-04-27,2019-04-28 04:47:55 UTC,Central Time (US & Canada),1691468,isabela22,Isabela Bueso,2019-04-28 17:15:08 UTC,2019-04-29 13:36:24 UTC,research,CC-BY-NC,https://www.inaturalist.org/observations/23677435,https://inaturalist-open-data.s3.amazonaws.com/photos/36645942/medium.jpg,,"","This fish is a Japanese koi located at the white oak bayou. It’s colors are a orange red with black mixed in.
",1,0,false,3,"2016 W 11th St, Houston, TX, US",29.7904339611,-95.4171431447,49,,,,49,,open,false,,,Amur Carp,Cyprinus rubrofuscus,Amur Carp,Actinopterygii,187316,,
23754139,59e170c4-5980-462b-8d56-4661b270a7f1,Sun Apr 28 2019 15:52:52 GMT-0600 (MDT),2019-04-28,2019-04-28 21:52:52 UTC,Mountain Time (US & Canada),1693426,minavp,,2019-04-28 22:07:18 UTC,2019-07-21 18:18:06 UTC,research,CC-BY-NC,https://www.inaturalist.org/observations/23754139,https://inaturalist-open-data.s3.amazonaws.com/photos/36757811/medium.jpg,,"",,1,0,false,3,"Fox Run Regional Park, Colorado Springs, CO, US",39.059751955,-104.7912111442,22,,,,22,,open,false,,,Amur Carp,Cyprinus rubrofuscus,Amur Carp,Actinopterygii,187316,,
23820300,44a517e2-f3cf-43d5-b4df-14815f998322,Sun Apr 28 2019 04:36:23 GMT-0500 (CDT),2019-04-28,2019-04-28 04:36:23 UTC,UTC,1694509,scientific_pineapple,,2019-04-29 02:28:50 UTC,2019-05-01 00:37:29 UTC,research,CC-BY-NC,https://www.inaturalist.org/observations/23820300,https://inaturalist-open-data.s3.amazonaws.com/photos/36858540/medium.jpg,,"",,1,0,false,3,"Fair Oaks Park, Dallas, TX, US",32.8747367235,-96.7439348369,5950,,,,5950,,open,false,,,Amur Carp,Cyprinus rubrofuscus,Amur Carp,Actinopterygii,187316,,
24005261,09659aab-113b-4873-9efe-8da0e78ed339,Mon Apr 29 2019 15:51:58 GMT-0400 (EDT),2019-04-29,2019-04-29 19:51:58 UTC,Eastern Time (US & Canada),1642664,atiilika,,2019-04-29 19:52:13 UTC,2020-06-14 15:07:51 UTC,research,CC-BY-NC,https://www.inaturalist.org/observations/24005261,https://inaturalist-open-data.s3.amazonaws.com/photos/37129371/medium.jpg,,"",,2,0,false,3,"Ellanor C Lawrence Park, Centreville, VA, US",38.8539226028,-77.4303824176,5,,,,5,,open,false,,,Amur Carp,Cyprinus rubrofuscus,Amur Carp,Actinopterygii,187316,,
24406375,b1360e34-97f7-449b-a874-babaf46cc4b9,Thu May 02 2019 15:48:17 GMT-0400 (EDT),2019-05-02,2019-05-02 19:48:17 UTC,Eastern Time (US & Canada),161086,cypselurus,Larry Chen,2019-05-02 23:51:14 UTC,2021-05-14 01:31:00 UTC,research,CC-BY-NC,https://www.inaturalist.org/observations/24406375,https://inaturalist-open-data.s3.amazonaws.com/photos/37739804/medium.jpg,,"",,1,0,false,3,"Robert Trent Jones Golf Course Cornell University, Ithaca, NY, US",42.459255,-76.4595416667,5,,,,5,,open,false,,,Amur Carp,Cyprinus rubrofuscus,Amur Carp,Actinopterygii,187316,,
24647132,7eaf6d8b-abc3-43fb-a1c7-e391531341ab,Sat May 04 2019 10:31:47 GMT-0700 (PDT),2019-05-04,2019-05-04 17:31:47 UTC,Pacific Time (US & Canada),77264,eleanormella,,2019-05-06 03:54:31 UTC,2019-05-06 10:02:26 UTC,research,CC-BY-NC,https://www.inaturalist.org/observations/24647132,https://inaturalist-open-data.s3.amazonaws.com/photos/38111625/medium.jpg,,"",,1,0,false,3,"95037, Morgan Hill, CA, US",37.0926583333,-121.7236416667,5,,,,5,,open,false,,,Amur Carp,Cyprinus rubrofuscus,Amur Carp,Actinopterygii,187316,,
24740772,626803c3-8476-4737-8a34-575c5a9f312b,2019-05-07 2:06:19 PM EDT,2019-05-07,2019-05-07 18:06:19 UTC,Eastern Time (US & Canada),1718592,jeff-in-md,,2019-05-07 18:08:46 UTC,2020-12-01 00:51:31 UTC,research,CC-BY-NC,https://www.inaturalist.org/observations/24740772,https://inaturalist-open-data.s3.amazonaws.com/photos/38260478/medium.jpeg,,"","There are 4 large carps in the lake, 2 orange, one spotted and the other is dark gray. ",4,0,false,2,"231 Rio Blvd, Gaithersburg, MD 20878, USA",39.1181640625,-77.1997070313,,,,,,,open,false,gps,gps,Amur Carp,Cyprinus rubrofuscus,Amur Carp,Actinopterygii,187316,,
24854156,5c07eee1-c0b6-4813-a06a-a192e1aa10b6,Thu May 09 2019 13:36:12 GMT-0700 (PDT),2019-05-09,2019-05-09 20:36:12 UTC,Pacific Time (US & Canada),1579400,laamigamaria,Maria Duran,2019-05-09 20:36:52 UTC,2019-05-20 03:22:34 UTC,research,,https://www.inaturalist.org/observations/24854156,https://static.inaturalist.org/photos/38441592/medium.jpg,,"",,2,0,false,3,"University of California, Davis, Davis, CA, US",38.5365907476,-121.7482086552,30,,,,30,,open,false,,,Amur Carp,Cyprinus rubrofuscus,Amur Carp,Actinopterygii,187316,,
24971585,31ebf0e7-1769-4a7f-90f9-592f51c3c866,2019-05-11 6:43:49 PM EDT,2019-05-11,2019-05-11 22:43:49 UTC,Eastern Time (US & Canada),330811,wsimmons,"",2019-05-12 01:21:50 UTC,2019-05-20 10:24:29 UTC,research,CC-BY-NC,https://www.inaturalist.org/observations/24971585,https://inaturalist-open-data.s3.amazonaws.com/photos/38634222/medium.jpg,,"",,1,0,false,2,"Pond Walk, Holmdel, NJ 07733, USA",40.3682784055,-74.1860114783,22,,,,22,,open,false,gps,gps,Amur Carp,Cyprinus rubrofuscus,Amur Carp,Actinopterygii,187316,,
25076747,63421b3b-44a8-416b-8b1d-e07522df7771,2018/11/01 1:53 PM EDT,2018-11-01,2018-11-01 17:53:00 UTC,Eastern Time (US & Canada),35078,srall,Sara Rall,2019-05-13 21:08:58 UTC,2020-12-14 22:15:17 UTC,research,CC-BY-NC,https://www.inaturalist.org/observations/25076747,https://inaturalist-open-data.s3.amazonaws.com/photos/38805872/medium.jpeg,,"",,4,0,false,,"Middletown, NJ, USA",40.3905623734,-74.1285645962,143,,,,143,,open,false,,,Amur Carp,Cyprinus rubrofuscus,Amur Carp,Actinopterygii,187316,,
25588985,71bbc1aa-6eb4-4594-87d5-8453bd00ea9c,Wed May 22 2019 16:53:49 GMT-0500 (CDT),2019-05-22,2019-05-22 21:53:49 UTC,Central Time (US & Canada),1059509,howardhorne,Howard Horne,2019-05-22 23:25:07 UTC,2019-06-30 04:13:31 UTC,research,CC-BY-NC,https://www.inaturalist.org/observations/25588985,https://inaturalist-open-data.s3.amazonaws.com/photos/39651160/medium.jpg,,"",,1,0,false,3,"University Of South Alabama, Mobile, AL, US",30.6982650082,-88.1845452876,85,,,,85,,open,false,,,Amur Carp,Cyprinus rubrofuscus,Amur Carp,Actinopterygii,187316,,
25705774,cf72f662-a810-4f8f-bbed-cf73b92d4ad3,Wed May 22 2019 17:06:43 GMT-0500 (CDT),2019-05-22,2019-05-22 22:06:43 UTC,Central Time (US & Canada),1059509,howardhorne,Howard Horne,2019-05-25 00:33:05 UTC,2022-02-19 01:08:00 UTC,research,CC-BY-NC,https://www.inaturalist.org/observations/25705774,https://inaturalist-open-data.s3.amazonaws.com/photos/39844261/medium.jpg,,"",,1,0,false,3,"Mobile County, US-AL, US",30.6982048883,-88.1840501607,61,,,,61,,open,false,,,Amur Carp,Cyprinus rubrofuscus,Amur Carp,Actinopterygii,187316,,
25906735,4db6f773-5bcb-47fa-a130-bc40f7dd7197,Mon May 27 2019 15:28:39 GMT-0700 (PDT),2019-05-27,2019-05-27 22:28:39 UTC,Pacific Time (US & Canada),1117265,g4inks,Natr Lvr,2019-05-27 22:29:19 UTC,2022-02-19 01:07:59 UTC,research,,https://www.inaturalist.org/observations/25906735,https://static.inaturalist.org/photos/40179376/medium.jpg,,"",,1,0,false,3,"10021 Pacheco Pass Hwy, Hollister, CA, US",36.9876308833,-121.3820862026,5,,,,5,,open,false,,,Amur Carp,Cyprinus rubrofuscus,Amur Carp,Actinopterygii,187316,,
26065935,1d7f50f3-bcbf-4ab9-ae58-4c6f56b6f110,Sun May 26 2019 15:52:25 GMT-0400 (EDT),2019-05-26,2019-05-26 19:52:25 UTC,Eastern Time (US & Canada),2281,cullen,Cullen Hanks,2019-05-30 16:38:55 UTC,2019-06-01 00:34:44 UTC,research,CC-BY,https://www.inaturalist.org/observations/26065935,https://inaturalist-open-data.s3.amazonaws.com/photos/40441070/medium.jpg,,"",,1,0,false,3,"562 Ellis Hollow Creek Rd, Ithaca, NY, US",42.427955,-76.3826533333,5,,,,5,,open,false,,,Amur Carp,Cyprinus rubrofuscus,Amur Carp,Actinopterygii,187316,,
26190970,4e3032c9-d4c6-434d-8412-f2eaf802779c,Tue Jun 13 2017 16:34:11 GMT-0400 (EDT),2017-06-13,2017-06-14 02:34:11 UTC,Hawaii,1815139,stalow89,Stacey,2019-06-01 17:48:08 UTC,2022-04-13 21:50:39 UTC,research,CC-BY-NC,https://www.inaturalist.org/observations/26190970,https://inaturalist-open-data.s3.amazonaws.com/photos/40647292/medium.jpg,,"",,3,0,false,3,"Tree Tops Park, Davie, FL, US",26.0723361667,-80.2778783333,5,,,,5,,open,false,,,Amur Carp,Cyprinus rubrofuscus,Amur Carp,Actinopterygii,187316,,
26403150,cd516964-8232-404b-84d5-0b56ff2ce061,2019-06-04 3:09:24 PM CDT,2019-06-04,2019-06-05 01:09:24 UTC,Hawaii,1464970,peywey,Taylor Blazi,2019-06-04 20:12:23 UTC,2024-04-03 19:11:46 UTC,research,CC-BY-NC,https://www.inaturalist.org/observations/26403150,https://inaturalist-open-data.s3.amazonaws.com/photos/40996342/medium.jpeg,,"",,2,0,false,2,"Buffalo Ridge Park, Haltom City, TX, USA",32.8512108595,-97.2846325859,66,,,,66,,open,false,,,Amur Carp,Cyprinus rubrofuscus,Amur Carp,Actinopterygii,187316,,
26552843,aff452ce-8187-4350-9556-66b1751a7b0e,2019-06-07 11:11:15 AM EDT,2019-06-07,2019-06-07 15:11:15 UTC,Eastern Time (US & Canada),862385,adriananewtons,Adriana Numa,2019-06-07 15:15:14 UTC,2019-09-24 01:32:20 UTC,research,,https://www.inaturalist.org/observations/26552843,https://static.inaturalist.org/photos/43736747/medium.jpeg,,"",,1,0,false,2,"Wake County, US-NC, US",35.98194202,-78.54216891,8,,,,8,,open,false,,,Amur Carp,Cyprinus rubrofuscus,Amur Carp,Actinopterygii,187316,,
26586140,b2a4bf07-bb0d-4a4e-8fb6-0d83ae37316d,2019-06-07,2019-06-07,,UTC,1844055,astrochelonian,,2019-06-08 02:26:18 UTC,2022-02-19 02:30:37 UTC,research,,https://www.inaturalist.org/observations/26586140,https://inaturalist-open-data.s3.amazonaws.com/photos/41292718/medium.jpeg,,"",,2,0,false,333,Columbia,39.213501053,-76.8177720757,,,,,,,open,false,,,Amur Carp,Cyprinus rubrofuscus,Amur Carp,Actinopterygii,187316,,
26633635,e308455c-a28f-48e3-81ab-89394a1c15d2,Wed May 22 2019 18:31:41 GMT-0400 (EDT),2019-05-22,2019-05-22 22:31:41 UTC,Eastern Time (US & Canada),166566,invertebae,Maryjanna,2019-06-08 21:33:26 UTC,2020-08-25 13:08:18 UTC,research,,https://www.inaturalist.org/observations/26633635,https://static.inaturalist.org/photos/41367060/medium.jpg,,"",,2,0,false,3,"Patterson Park, Baltimore, MD, US",39.2875996183,-76.5808019318,357,,,,357,,open,false,,,Amur Carp,Cyprinus rubrofuscus,Amur Carp,Actinopterygii,187316,,
27262158,112a6c96-452f-4cc1-80b7-1a39b59388ac,Wed Jun 19 2019 08:02:10 GMT-0400 (EDT),2019-06-19,2019-06-19 12:02:10 UTC,Eastern Time (US & Canada),239858,rford1213,"",2019-06-19 12:04:48 UTC,2025-05-01 14:12:21 UTC,research,CC-BY-NC,https://www.inaturalist.org/observations/27262158,https://inaturalist-open-data.s3.amazonaws.com/photos/42398737/medium.jpg,,"",,4,0,false,3,"44044, Grafton, OH, US",41.2695970713,-82.0691218414,5,,,,5,,open,false,,,Amur Carp,Cyprinus rubrofuscus,Amur Carp,Actinopterygii,187316,,
27483964,cdfc4e94-f0d6-49bb-ac5b-a5b7e3b483fa,2018/04/10 12:34 AM HST,2018-04-10,2018-04-10 10:34:00 UTC,Hawaii,1402207,omarrtheinaturalist,Omar Ruiz,2019-06-23 04:32:55 UTC,2019-06-24 14:37:59 UTC,research,CC-BY-NC,https://www.inaturalist.org/observations/27483964,https://inaturalist-open-data.s3.amazonaws.com/photos/42759851/medium.jpeg,,"",,1,0,false,,"Port Hueneme, CA, USA",34.1451614234,-119.1910976452,15,,,,15,,open,false,,,Amur Carp,Cyprinus rubrofuscus,Amur Carp,Actinopterygii,187316,,
27555874,d595eaf4-2eca-44b4-8d75-d209deec4694,2019/06/22 5:10 PM PDT,2019-06-22,2019-06-23 00:10:00 UTC,Pacific Time (US & Canada),896378,alexis_amphibian,Alexis Babayan,2019-06-24 06:18:15 UTC,2023-07-07 12:49:29 UTC,research,CC-BY-NC,https://www.inaturalist.org/observations/27555874,https://inaturalist-open-data.s3.amazonaws.com/photos/42887403/medium.jpeg,,"north lake, native to Asia, introduced species, urban wildlife, golden gate park",Carp- the big ripple in the second picture is it swallowing an insect from the surface of the water.,1,0,false,,"Golden Gate Park, San Francisco, CA, USA",37.7699059854,-122.5020325349,238,,,,238,,open,false,,,Amur Carp,Cyprinus rubrofuscus,Amur Carp,Actinopterygii,187316,,
27772033,1a5f5572-31b2-4046-827a-fc99deea2cdf,Thu Jun 27 2019 15:44:53 GMT-0400 (EDT),2019-06-27,2019-06-27 19:44:53 UTC,Eastern Time (US & Canada),633601,christophergemelli,Christopher Gemelli,2019-06-27 19:47:15 UTC,2021-10-08 10:20:48 UTC,research,,https://www.inaturalist.org/observations/27772033,https://static.inaturalist.org/photos/43267693/medium.jpg,,"",,1,0,false,3,"Central Park, New York, NY, US",40.7672251482,-73.9738401119,30,,,,30,,open,false,,,Amur Carp,Cyprinus rubrofuscus,Amur Carp,Actinopterygii,187316,,
27962509,2dbe0b5c-8e78-4d3f-b4fc-5b8b2a33db2a,2019-06-30 5:30:04 PM CDT,2019-06-30,2019-06-30 22:30:04 UTC,Central Time (US & Canada),26448,atassin,Ashton Tassin,2019-06-30 22:37:05 UTC,2022-02-19 01:07:54 UTC,research,CC-BY-NC,https://www.inaturalist.org/observations/27962509,https://inaturalist-open-data.s3.amazonaws.com/photos/43555159/medium.jpeg,,"",,1,0,false,2,"Dallas, TX 75214, USA",32.8188896179,-96.7272186279,,,,,,,open,false,gps,gps,Amur Carp,Cyprinus rubrofuscus,Amur Carp,Actinopterygii,187316,,
28132863,9adaf16d-7e65-4714-8070-8c6b32a4846a,2019-07-03 1:20:20 PM CDT,2019-07-03,2019-07-03 13:20:20 UTC,UTC,771209,thomasmauck,Thomas Mauck,2019-07-03 19:38:46 UTC,2020-04-11 13:48:55 UTC,research,,https://www.inaturalist.org/observations/28132863,https://static.inaturalist.org/photos/43833190/medium.jpeg,,"",Approximately 5 to 6 times longer than a blue gill. 2 lateral fins on each side. Black dorsal markings and on the top half of the tail fin.,3,0,false,2,"Willow Springs, IL 60480, USA",41.7157249451,-87.891242981,,,,,,,open,false,gps,gps,Amur Carp,Cyprinus rubrofuscus,Amur Carp,Actinopterygii,187316,,
28193521,d3629d71-9c32-48ab-ad62-1630aa7e75d4,2019-06-23 10:56:42 AM PDT,2019-06-23,2019-06-23 17:56:42 UTC,Pacific Time (US & Canada),829520,shandon_star,,2019-07-04 20:30:19 UTC,2019-09-24 01:32:06 UTC,research,CC-BY-NC,https://www.inaturalist.org/observations/28193521,https://inaturalist-open-data.s3.amazonaws.com/photos/43932287/medium.jpeg,,"",,1,0,false,2,"Harmony, CA 93435, USA",35.4793343798,-120.9955061227,1052,,,,1052,,open,false,gps,gps,Amur Carp,Cyprinus rubrofuscus,Amur Carp,Actinopterygii,187316,,
28308764,30e1e973-b9a4-407e-9b8f-a8a51be10852,Sat Jul 06 2019 10:38:51 GMT-0700 (PDT),2019-07-06,2019-07-06 17:38:51 UTC,Pacific Time (US & Canada),818859,forestwolfneikirk,,2019-07-06 18:28:27 UTC,2019-07-07 04:00:59 UTC,research,,https://www.inaturalist.org/observations/28308764,https://static.inaturalist.org/photos/44118245/medium.jpg,,"",,2,0,false,3,"Lake Arrowhead Village, Lake Arrowhead, CA, US",34.2521166667,-117.1888416667,5,,,,5,,open,false,,,Amur Carp,Cyprinus rubrofuscus,Amur Carp,Actinopterygii,187316,,
28342976,e8f4914b-1f0c-493e-9ac0-7adfebac4771,2019/07/03 6:47 PM PDT,2019-07-03,2019-07-04 01:47:00 UTC,Pacific Time (US & Canada),896378,alexis_amphibian,Alexis Babayan,2019-07-07 04:08:27 UTC,2023-07-07 13:21:36 UTC,research,CC-BY-NC,https://www.inaturalist.org/observations/28342976,https://inaturalist-open-data.s3.amazonaws.com/photos/44176008/medium.jpeg,,"native to Asia, introduced species, golden gate park, north lake, urban wildlife",,1,0,false,,"North Lake, San Francisco, CA 94121, USA",37.7698551,-122.5023544,172,,,,172,,open,false,,,Amur Carp,Cyprinus rubrofuscus,Amur Carp,Actinopterygii,187316,,
28617284,590f6ce5-5055-45ae-8c07-98d6cf859bc9,Thu Jul 11 2019 10:40:19 GMT-0500 (CDT),2019-07-11,2019-07-11 10:40:19 UTC,UTC,1947944,alillebo,,2019-07-11 15:41:42 UTC,2019-07-19 18:48:04 UTC,research,CC-BY-NC,https://www.inaturalist.org/observations/28617284,https://inaturalist-open-data.s3.amazonaws.com/photos/44622164/medium.jpg,,"",,2,0,false,3,"550 Chadwick Ln, Auburn, AL, US",32.5870546466,-85.5425556936,5,,,,5,,open,false,,,Amur Carp,Cyprinus rubrofuscus,Amur Carp,Actinopterygii,187316,,
28742335,55eed54f-b229-4d18-85c2-9c9b70bac5b7,2019/05/15 9:04 AM CDT,2019-05-15,2019-05-15 14:04:00 UTC,Central Time (US & Canada),269263,tfandre,Tracey Fandre,2019-07-13 17:34:27 UTC,2024-03-02 16:33:36 UTC,research,CC-BY-NC-ND,https://www.inaturalist.org/observations/28742335,https://inaturalist-open-data.s3.amazonaws.com/photos/44823876/medium.jpg,,"",,2,0,false,,United States,38.2773732788,-94.6516360416,10698,,,,28270,obscured,open,true,,,Amur Carp,Cyprinus rubrofuscus,Amur Carp,Actinopterygii,187316,,
28796615,32fc1d9b-0907-4d55-8018-c16b140ebbea,Thu Nov 22 2018 14:17:51 GMT-0500 (EST),2018-11-22,2018-11-22 19:17:51 UTC,Eastern Time (US & Canada),1976942,tensixtysix,Ashley Laree,2019-07-14 14:31:02 UTC,2020-12-22 14:07:10 UTC,research,,https://www.inaturalist.org/observations/28796615,https://static.inaturalist.org/photos/44912848/medium.jpg,,"","Is that a koi? In the Alifia River? Sure, why not. ",2,0,false,3,"33547, Lithia, FL, US",27.8650783333,-82.2314,10,,,,10,,open,false,,,Amur Carp,Cyprinus rubrofuscus,Amur Carp,Actinopterygii,187316,,
29119610,e6977702-3d7d-49cb-b18f-bd230b089067,Fri Jul 19 2019 12:39:48 GMT-0400 (EDT),2019-07-19,2019-07-19 16:39:48 UTC,Eastern Time (US & Canada),1840601,christy116,Christy Boes Mower,2019-07-19 16:42:56 UTC,2024-04-04 01:08:16 UTC,research,,https://www.inaturalist.org/observations/29119610,https://static.inaturalist.org/photos/45432630/medium.jpg,,"",,2,0,false,3,"305 Easy St, New Wilmington, PA, US",41.1255188751,-80.3260667902,1582,,,,1582,,open,false,,,Amur Carp,Cyprinus rubrofuscus,Amur Carp,Actinopterygii,187316,,
29541184,1d250532-04ae-4080-9bc1-3a551f5168bb,Thu Jul 25 2019 17:39:58 GMT-0400 (EDT),2019-07-25,2019-07-25 21:39:58 UTC,Eastern Time (US & Canada),1099239,nbrewster320,Nick,2019-07-25 23:19:51 UTC,2023-11-27 03:02:21 UTC,research,,https://www.inaturalist.org/observations/29541184,https://static.inaturalist.org/photos/46109470/medium.jpg,,"",Seen swimming amongst a school of wild common carp. ,2,0,false,3,"1896 Lower State Rd, Doylestown, PA, US",40.2860716667,-75.1606611667,10,,,,10,,open,false,,,Amur Carp,Cyprinus rubrofuscus,Amur Carp,Actinopterygii,187316,,
29669124,547c855b-3a04-43cc-93b4-047eb825c6f6,Mon Apr 22 2019 10:18:26 GMT+1000 (GMT+10),2019-04-22,2019-04-22 00:18:26 UTC,Brisbane,2056208,suzieandjim,Suzanne and Jim,2019-07-27 22:35:00 UTC,2023-06-28 21:50:45 UTC,research,,https://www.inaturalist.org/observations/29669124,https://static.inaturalist.org/photos/46313429/medium.jpg,,"",,3,0,false,3,"Mine Falls Park, Nashua, NH, US",42.7554377247,-71.4990525085,96,,,,96,,open,false,,,Amur Carp,Cyprinus rubrofuscus,Amur Carp,Actinopterygii,187316,,
29891128,1971a911-664b-4d42-8d45-8c1f596def67,Fri May 31 2019 17:43:37 GMT-0400 (EDT),2019-05-31,2019-05-31 21:43:37 UTC,Eastern Time (US & Canada),2073402,karbie635,,2019-07-31 01:41:49 UTC,2019-08-11 16:32:31 UTC,research,,https://www.inaturalist.org/observations/29891128,https://inaturalist-open-data.s3.amazonaws.com/photos/46674424/medium.jpg,,"",,2,0,false,3,"580 Albany Shaker Rd, Albany, NY, US",42.7180033333,-73.7922666667,10,,,,10,,open,false,,,Amur Carp,Cyprinus rubrofuscus,Amur Carp,Actinopterygii,187316,,
31499004,fdb7bb02-cd80-496f-8efc-cdc2c8c157aa,2019-08-25,2019-08-25,,UTC,2165531,tdaddyexplorer,,2019-08-25 20:12:04 UTC,2019-09-24 01:29:50 UTC,research,,https://www.inaturalist.org/observations/31499004,https://inaturalist-open-data.s3.amazonaws.com/photos/49302259/medium.jpeg,,"",,2,0,false,333,Albany,42.7174899862,-73.7965628775,,,,,,,open,false,,,Amur Carp,Cyprinus rubrofuscus,Amur Carp,Actinopterygii,187316,,
31687145,b6c3852d-b25f-4772-866f-b8c599feae3c,Wed Aug 28 2019 12:49:44 GMT-0400 (EDT),2019-08-28,2019-08-28 16:49:44 UTC,Eastern Time (US & Canada),1783503,mertensia,Bonnie Semmling,2019-08-28 19:40:35 UTC,2023-04-05 20:33:36 UTC,research,CC-BY,https://www.inaturalist.org/observations/31687145,https://inaturalist-open-data.s3.amazonaws.com/photos/49618400/medium.jpg,,"","",4,0,false,3,"Rutgers University–New Brunswick - George H. Cook Campus, New Brunswick, NJ, US",40.4825468508,-74.437123602,31,,,,31,,open,false,,,Amur Carp,Cyprinus rubrofuscus,Amur Carp,Actinopterygii,187316,,
31879411,8592120a-4542-4eaa-bfa9-b39c294691e4,Sat Aug 31 2019 18:31:27 GMT-0400 (EDT),2019-08-31,2019-08-31 22:31:27 UTC,Eastern Time (US & Canada),2181319,ratvassc,Sophie,2019-08-31 22:32:18 UTC,2024-09-03 02:50:34 UTC,research,CC-BY-NC,https://www.inaturalist.org/observations/31879411,https://inaturalist-open-data.s3.amazonaws.com/photos/50068147/medium.jpg,,"",,3,1,false,3,"Conrad Formal Gardens, Oxford, OH, US",39.5133088204,-84.7296876927,5,,,,5,,open,false,,,Amur Carp,Cyprinus rubrofuscus,Amur Carp,Actinopterygii,187316,,
32185160,a0e7d961-5405-41a6-b5bc-1822423bf3ba,Thu Sep 05 2019 16:45:51 GMT-0500 (CDT),2019-09-05,2019-09-05 16:45:51 UTC,UTC,1887120,jlewen,,2019-09-05 21:46:25 UTC,2019-09-06 02:58:29 UTC,research,,https://www.inaturalist.org/observations/32185160,https://static.inaturalist.org/photos/50455311/medium.jpg,,"",,1,0,false,3,"Will Rogers Park, Oklahoma City, OK, US",35.5059000431,-97.5799754822,10,,,,10,,open,false,,,Amur Carp,Cyprinus rubrofuscus,Amur Carp,Actinopterygii,187316,,
32196968,5d69d09c-6036-4629-a4ea-a32e30993bec,2019/09/04 6:57 AM PDT,2019-09-04,2019-09-04 13:57:00 UTC,Pacific Time (US & Canada),280131,estep,"",2019-09-06 02:10:44 UTC,2019-09-06 20:38:50 UTC,research,CC-BY-NC,https://www.inaturalist.org/observations/32196968,https://inaturalist-open-data.s3.amazonaws.com/photos/50475333/medium.jpeg,,"","This appeared to be some kind of koi.  It was at last 36"" long, very large, moving very slowly.  A woman at the location told me she had seen several at the lake.  I'm assuming someone released their koi into the lake.",2,0,false,,"Dallas, TX, USA",32.8192947782,-96.7269404052,15,,,,15,,open,false,,,Amur Carp,Cyprinus rubrofuscus,Amur Carp,Actinopterygii,187316,,
32791311,2e0ce018-ed8f-4db0-ac2b-a10be56609b7,Sun Sep 15 2019 16:56:04 GMT-0400 (EDT),2019-09-15,2019-09-15 20:56:04 UTC,Eastern Time (US & Canada),1240857,czechamy,,2019-09-15 20:56:33 UTC,2021-11-06 08:21:30 UTC,research,,https://www.inaturalist.org/observations/32791311,https://static.inaturalist.org/photos/51455916/medium.jpg,,"",,3,0,false,3,"Crego Park, Lansing, MI, US",42.7171718656,-84.5111903363,22,,,,22,,open,false,,,Amur Carp,Cyprinus rubrofuscus,Amur Carp,Actinopterygii,187316,,
34115545,47f70e96-fce8-4767-b7e2-22597d238358,2019-10-09 9:31:27 AM CDT,2019-10-09,2019-10-09 14:31:27 UTC,Central Time (US & Canada),2180070,overby3,,2019-10-09 14:32:11 UTC,2019-11-02 23:29:59 UTC,research,CC-BY-NC,https://www.inaturalist.org/observations/34115545,https://inaturalist-open-data.s3.amazonaws.com/photos/53650849/medium.jpeg,,"",,1,0,false,2,"Quigley, Huntsville, AL 35801, USA",34.72927769,-86.58593549,10,,,,10,,open,false,,,Amur Carp,Cyprinus rubrofuscus,Amur Carp,Actinopterygii,187316,,
34533754,eccbd957-1c55-45af-8dac-d6520c0f24a1,Fri Oct 18 2019 09:03:01 GMT-0400 (EDT),2019-10-18,2019-10-18 13:03:01 UTC,Eastern Time (US & Canada),2374529,erenia,Erenia Estrada,2019-10-18 13:03:16 UTC,2019-11-02 23:29:53 UTC,research,,https://www.inaturalist.org/observations/34533754,https://static.inaturalist.org/photos/54361547/medium.jpg,,"",,1,0,false,3,"Adairsville, GA, US",34.3412539818,-84.9185321904,27,,,,27,,open,false,,,Amur Carp,Cyprinus rubrofuscus,Amur Carp,Actinopterygii,187316,,
34729028,e49ca0da-fadf-4c79-a132-1613238354d7,Wed Oct 16 2019 18:23:48 GMT-0500 (CDT),2019-10-16,2019-10-16 18:23:48 UTC,UTC,1988793,abelharris,,2019-10-22 08:51:00 UTC,2019-11-02 23:29:50 UTC,research,CC-BY-NC,https://www.inaturalist.org/observations/34729028,https://inaturalist-open-data.s3.amazonaws.com/photos/54693138/medium.jpg,,"",,2,0,false,3,"Hays County, US-TX, US",29.888209817,-97.9365088698,10,,,,10,,open,false,,,Amur Carp,Cyprinus rubrofuscus,Amur Carp,Actinopterygii,187316,,
35107507,861f1068-fb63-45fd-bde8-ea47f24a5a78,Wed Oct 30 2019 20:29:02 GMT-0400 (EDT),2019-10-30,2019-10-31 00:29:02 UTC,Eastern Time (US & Canada),2331019,vikranthajarnavis,Vikrant Hajarnavis,2019-10-31 00:33:52 UTC,2020-12-14 22:15:01 UTC,research,,https://www.inaturalist.org/observations/35107507,https://static.inaturalist.org/photos/55340494/medium.jpg,,"",,3,0,false,3,"Sculptors Way, Trenton, NJ, US",40.2358058703,-74.719408511,87,,,,87,,open,false,,,Amur Carp,Cyprinus rubrofuscus,Amur Carp,Actinopterygii,187316,,
35761592,af68e8ce-c510-4974-b5a6-d9f5aa449522,Fri Sep 07 2018 16:09:01 GMT-0400 (EDT),2018-09-07,2018-09-07 20:09:01 UTC,Eastern Time (US & Canada),2405234,caprio,,2019-11-17 02:21:52 UTC,2020-12-14 22:14:57 UTC,research,,https://www.inaturalist.org/observations/35761592,https://static.inaturalist.org/photos/56429009/medium.jpg,,"",Fish,3,0,false,3,United States,40.2446296372,-74.41052049,134346,,,,134346,obscured,open,true,,,Amur Carp,Cyprinus rubrofuscus,Amur Carp,Actinopterygii,187316,,
35838060,429c8077-2b80-4f0e-9641-84612a66ada9,Fri Sep 13 2019 12:59:00 GMT-0500 (CDT),2019-09-13,2019-09-13 12:59:00 UTC,UTC,2183021,hairiestyak,,2019-11-19 02:39:39 UTC,2019-12-05 03:00:47 UTC,research,CC-BY-NC,https://www.inaturalist.org/observations/35838060,https://inaturalist-open-data.s3.amazonaws.com/photos/56563109/medium.jpg,,"",Found this Amur Carp in the pond at Big Spring Park.,1,0,false,3,"Westside Sq, Huntsville, AL, US",34.7297121474,-86.5866841937,83,,,,83,,open,false,,,Amur Carp,Cyprinus rubrofuscus,Amur Carp,Actinopterygii,187316,,
37327246,2b84dedd-e9c0-4315-bd85-84bc9f239c84,2020/01/05 2:32 PM HST,2020-01-05,2020-01-06 00:32:00 UTC,Hawaii,1252377,sf_angler,"",2020-01-06 04:30:49 UTC,2020-01-07 21:25:44 UTC,research,CC-BY-NC,https://www.inaturalist.org/observations/37327246,https://inaturalist-open-data.s3.amazonaws.com/photos/59154904/medium.jpg,,"",,1,0,false,,"Golden Gate Park, San Francisco, CA, USA",37.7704976364,-122.4765066917,4,,,,4,,open,false,,,Amur Carp,Cyprinus rubrofuscus,Amur Carp,Actinopterygii,187316,,
37659354,a5370ee6-597d-463a-b379-faf4a6aaa8b8,2020/01/15 8:20 AM CST,2020-01-15,2020-01-15 14:20:00 UTC,Central Time (US & Canada),49118,lauramorganclark,Laura Clark,2020-01-16 20:07:19 UTC,2021-11-06 08:23:45 UTC,research,CC-BY,https://www.inaturalist.org/observations/37659354,https://inaturalist-open-data.s3.amazonaws.com/photos/59746561/medium.jpg,,"","Someone in the park called this a Coy. They said if there were a male and female they would take over the lake, but that this one has been there several years, apparently alone.",1,0,false,,"Sandy Creek Park, Jasper, TX 75951, USA",30.9179767003,-94.0070337138,15,,,,15,,open,false,,,Amur Carp,Cyprinus rubrofuscus,Amur Carp,Actinopterygii,187316,,
37965476,7e15385d-d002-4601-bff7-60549b1454c4,Sat Jan 25 2020 15:14:56 GMT-0800 (PST),2020-01-25,2020-01-25 23:14:56 UTC,Pacific Time (US & Canada),932022,stoutlemur,Andras Nagy,2020-01-25 23:21:31 UTC,2021-02-02 15:07:59 UTC,research,,https://www.inaturalist.org/observations/37965476,https://static.inaturalist.org/photos/60267157/medium.jpg,,"",,3,0,false,3,"Wetlands Park, Las Vegas, NV, US",36.102825,-115.02549717,5,,,,5,,open,false,,,Amur Carp,Cyprinus rubrofuscus,Amur Carp,Actinopterygii,187316,,
38009053,fc79e10a-24e0-48f8-96b9-6fbe0991649a,Sun Jan 26 2020 14:48:35 GMT-0800 (PST),2020-01-26,2020-01-26 20:48:35 UTC,Central Time (US & Canada),55236,coreyjlange,Corey Lange,2020-01-27 00:57:02 UTC,2023-03-02 21:55:18 UTC,research,CC-BY-NC,https://www.inaturalist.org/observations/38009053,https://inaturalist-open-data.s3.amazonaws.com/photos/60344634/medium.jpg,,"","An idiot decided the best place to put their unwanted pet fish is  in a pond built specifically to save a small native fish, on a National Wildlife Refuge. I’m hoping refuge staff can remove the fish as soon as possible. ",4,2,false,3,"Alamo Rd, Las Vegas, NV, US",36.43876333,-115.358505,4,,,,4,,open,false,,,Amur Carp,Cyprinus rubrofuscus,Amur Carp,Actinopterygii,187316,,
38076242,ad861749-3555-4949-b485-46d8fea29c25,2020-01-20 12:16:16 PM EST,2020-01-20,2020-01-20 17:16:16 UTC,Eastern Time (US & Canada),2331131,myrnagodfrey,myrna godfrey,2020-01-29 01:30:53 UTC,2020-12-22 14:06:18 UTC,research,,https://www.inaturalist.org/observations/38076242,https://static.inaturalist.org/photos/60462565/medium.jpeg,,"",Lg Orangey yellow with black spots.,3,0,false,2,Sarasota,27.3364345984,-82.5306527317,11154,,,,11154,,open,false,gps,gps,Amur Carp,Cyprinus rubrofuscus,Amur Carp,Actinopterygii,187316,,
38097618,93e68e8e-5624-4a49-a5a6-a684b1fc9d17,2020/01/28 3:06 PM PST,2020-01-28,2020-01-28 23:06:00 UTC,Pacific Time (US & Canada),828394,andreacala,Andrea Kreuzhage,2020-01-29 19:37:03 UTC,2021-11-06 08:24:14 UTC,research,CC-BY-NC,https://www.inaturalist.org/observations/38097618,https://inaturalist-open-data.s3.amazonaws.com/photos/60500986/medium.jpeg,,"","About a foot long fish with a gigantic tail fin and long barbels in Medea Creek, which is slow moving and brackish. It was feeding on vegetation on the creek bank; I heard it bite into woody roots. It had distinct red spots. I’m guessing Amur Carp, the wild form of the Koi, or possibly European Carp.",1,0,false,,"Paramount Ranch, Cornell Road, Agoura Hills, CA, USA",34.1134630564,-118.7560777481,10,,,,10,,open,false,,,Amur Carp,Cyprinus rubrofuscus,Amur Carp,Actinopterygii,187316,,
38126524,b7f44370-32f3-4df0-b883-a0dacbf54388,2020-01-30 3:08:09 PM EST,2020-01-30,2020-01-30 20:08:09 UTC,Eastern Time (US & Canada),1934230,cuali,,2020-01-30 20:10:14 UTC,2020-08-21 13:09:48 UTC,research,CC-BY-NC,https://www.inaturalist.org/observations/38126524,https://inaturalist-open-data.s3.amazonaws.com/photos/60551315/medium.jpeg,,"",,3,0,false,2,"PT ORANGE, FL 32129, USA",29.1540679932,-81.0292434692,,,,,,,open,false,gps,gps,Amur Carp,Cyprinus rubrofuscus,Amur Carp,Actinopterygii,187316,,
38129529,5ab65a06-0a96-40ec-b3c6-0c0fa0fdf2fc,Tue Jul 30 2019 14:55:52 GMT-0400 (EDT),2019-07-30,2019-07-30 18:55:52 UTC,Eastern Time (US & Canada),2524167,kaiju_dino10,Kaiju,2020-01-30 22:03:14 UTC,2025-03-13 11:44:59 UTC,research,CC-BY-NC,https://www.inaturalist.org/observations/38129529,https://inaturalist-open-data.s3.amazonaws.com/photos/60556664/medium.jpg,,"",,4,0,false,3,"Fair Lakes Cir, Fairfax, VA, US",38.8604083333,-77.3799666667,,,,,,,open,false,,,Amur Carp,Cyprinus rubrofuscus,Amur Carp,Actinopterygii,187316,,
38649143,c731fe3e-b91b-499f-8e42-be66d66fc8d2,2020/02/12 3:45 PM EST,2020-02-12,2020-02-12 20:45:00 UTC,Eastern Time (US & Canada),791925,anonymous_ebirder,Nodnarb Nedloh,2020-02-14 22:12:47 UTC,2021-02-04 16:32:09 UTC,research,CC-BY-NC,https://www.inaturalist.org/observations/38649143,https://inaturalist-open-data.s3.amazonaws.com/photos/61456463/medium.jpeg,,"",:( ,3,0,false,,"Clark County, NV, USA",36.4386811485,-115.3586712935,4,,,,4,,open,false,,,Amur Carp,Cyprinus rubrofuscus,Amur Carp,Actinopterygii,187316,,
39014103,8c70c911-d130-4dea-a0fd-b4d02fc871ad,2020-02-21 4:28:44 PM EST,2020-02-21,2020-02-21 21:28:44 UTC,Eastern Time (US & Canada),1112035,dylfriedman,Dylan Friedman,2020-02-21 21:30:04 UTC,2020-12-22 14:06:15 UTC,research,CC-BY-NC,https://www.inaturalist.org/observations/39014103,https://inaturalist-open-data.s3.amazonaws.com/photos/61914331/medium.jpeg,,"",,1,0,false,2,"Palm Beach, FL, USA",26.7114882,-80.03629033,4,,,,4,,open,false,,,Amur Carp,Cyprinus rubrofuscus,Amur Carp,Actinopterygii,187316,,
39014772,eea425a4-3b38-4628-8cf6-a5e1c049c542,2020-02-21 4:06:13 PM EST,2020-02-21,2020-02-21 21:06:13 UTC,Eastern Time (US & Canada),1112035,dylfriedman,Dylan Friedman,2020-02-21 21:33:36 UTC,2021-07-23 01:40:18 UTC,research,CC-BY-NC,https://www.inaturalist.org/observations/39014772,https://inaturalist-open-data.s3.amazonaws.com/photos/61914573/medium.jpeg,,"",,1,0,false,2,"Palm Beach, FL, USA",26.7116203308,-80.0363922119,,,,,,,open,false,gps,gps,Amur Carp,Cyprinus rubrofuscus,Amur Carp,Actinopterygii,187316,,
39432409,87eeab1e-661e-4ab7-a896-9ff6f4ee4d64,2020/03/01 7:25 PM AST,2020-03-01,2020-03-01 23:25:00 UTC,Atlantic Time (Canada),318050,mkkennedy,"",2020-03-02 01:48:07 UTC,2021-11-06 08:26:52 UTC,research,CC-BY-NC,https://www.inaturalist.org/observations/39432409,https://inaturalist-open-data.s3.amazonaws.com/photos/62560572/medium.jpeg,,"","",2,0,false,,"Boardwalk Pond, Clark County Wetlands Park, Las Vegas, NV, USA",36.1028717707,-115.0255375593,10,,,,10,,open,false,,,Amur Carp,Cyprinus rubrofuscus,Amur Carp,Actinopterygii,187316,,
39975373,feec52f9-1c0c-452d-8e47-847b0a56a7ea,2020/03/10 1:56 PM PDT,2020-03-10,2020-03-10 20:56:00 UTC,Pacific Time (US & Canada),2033390,chrisleearm,Chris Armstrong,2020-03-14 17:05:00 UTC,2024-04-20 02:27:19 UTC,research,CC0,https://www.inaturalist.org/observations/39975373,https://inaturalist-open-data.s3.amazonaws.com/photos/63478824/medium.jpeg,,"","",4,0,false,,"Hillsboro, OR, USA",45.5416756995,-122.9341571023,13,,,,13,,open,false,,,Amur Carp,Cyprinus rubrofuscus,Amur Carp,Actinopterygii,187316,,
39987164,9fed51bc-4224-424a-9027-61226a5beed7,Sat Mar 14 2020 09:30:20 GMT-0500 (CDT),2020-03-14,2020-03-14 19:30:20 UTC,Hawaii,384716,spiky_little_cactus,"",2020-03-14 20:35:00 UTC,2020-03-15 01:09:24 UTC,research,,https://www.inaturalist.org/observations/39987164,https://static.inaturalist.org/photos/63498449/medium.jpg,,"",,1,0,false,3,"North Burnet, Austin, TX, US",30.405395,-97.70845,,,,,,,open,false,,,Amur Carp,Cyprinus rubrofuscus,Amur Carp,Actinopterygii,187316,,
40033469,c7f6063e-eab8-4295-8a09-7072b18e3eb3,Sun Mar 15 2020 13:50:55 GMT-0400 (EDT),2020-03-15,2020-03-15 17:50:55 UTC,Eastern Time (US & Canada),2502362,tesgeorge,George,2020-03-15 17:58:07 UTC,2021-01-26 16:49:59 UTC,research,CC-BY-NC,https://www.inaturalist.org/observations/40033469,https://inaturalist-open-data.s3.amazonaws.com/photos/63577876/medium.jpg,,"",Obviously not native,3,0,false,3,"Flat Rock Brook Nature Center, Englewood, NJ, US",40.87311667,-73.96781167,14,,,,14,,open,false,,,Amur Carp,Cyprinus rubrofuscus,Amur Carp,Actinopterygii,187316,,
40356128,2a8c678d-46cd-431a-a1d6-2284e10f672a,Sat Mar 21 2020 09:01:36 GMT-0400 (EDT),2020-03-21,2020-03-21 13:01:36 UTC,Eastern Time (US & Canada),2647830,maddiefarrell,Maddie Farrell,2020-03-21 13:02:08 UTC,2022-05-13 21:55:09 UTC,research,,https://www.inaturalist.org/observations/40356128,https://static.inaturalist.org/photos/64100508/medium.jpg,,"",,1,0,false,3,"Christmas Tree Park, Manchester, MD, US",39.665715461,-76.8727549563,6,,,,6,,open,false,,,Amur Carp,Cyprinus rubrofuscus,Amur Carp,Actinopterygii,187316,,
40576346,0ac51661-3d4c-4a69-931d-e1e955a3a431,2020-03-22 3:59:38 PM EDT,2020-03-22,2020-03-22 19:59:38 UTC,Eastern Time (US & Canada),2473012,traiano,Traiano,2020-03-23 08:04:12 UTC,2022-11-16 00:11:36 UTC,research,CC-BY-NC,https://www.inaturalist.org/observations/40576346,https://inaturalist-open-data.s3.amazonaws.com/photos/64309785/medium.jpeg,,"","ID please , fish .",4,0,false,2,"Secaucus, NJ, USA",40.7565208568,-74.0878181532,57,,,,57,,open,false,gps,gps,Amur Carp,Cyprinus rubrofuscus,Amur Carp,Actinopterygii,187316,,
40601118,177fcd20-312c-4080-88b6-f246da264a8c,Wed Mar 18 2020 12:52:16 GMT-0400 (EDT),2020-03-18,2020-03-18 16:52:16 UTC,Eastern Time (US & Canada),920250,spritelink,Janet Wooten,2020-03-23 20:05:34 UTC,2020-03-23 21:22:14 UTC,research,,https://www.inaturalist.org/observations/40601118,https://static.inaturalist.org/photos/64350746/medium.jpg,,"",,2,0,false,3,"The Pond, New York, NY, US",40.7661040437,-73.9757025362,57,,,,57,,open,false,,,Amur Carp,Cyprinus rubrofuscus,Amur Carp,Actinopterygii,187316,,
40783168,d16f8ffe-8bbc-40e0-9edf-7cc08ef455ed,Thu Mar 26 2020 15:20:41 GMT-0700 (PDT),2020-03-26,2020-03-26 22:20:41 UTC,Pacific Time (US & Canada),2657421,nickcarpenter,,2020-03-26 22:21:24 UTC,2020-03-27 14:03:05 UTC,research,CC-BY-NC,https://www.inaturalist.org/observations/40783168,https://inaturalist-open-data.s3.amazonaws.com/photos/64649339/medium.jpg,,"",,2,0,false,3,"Sharon Park, Menlo Park, CA, US",37.4242121587,-122.2091051192,10,,,,10,,open,false,,,Amur Carp,Cyprinus rubrofuscus,Amur Carp,Actinopterygii,187316,,
40783994,db3371f2-e1fe-4ae3-aa6c-82ca81f25314,Thu Mar 26 2020 15:34:01 GMT-0700 (PDT),2020-03-26,2020-03-26 22:34:01 UTC,Pacific Time (US & Canada),2657421,nickcarpenter,,2020-03-26 22:34:08 UTC,2020-03-27 14:01:24 UTC,research,CC-BY-NC,https://www.inaturalist.org/observations/40783994,https://inaturalist-open-data.s3.amazonaws.com/photos/64650794/medium.jpg,,"",,3,0,false,3,"Sharon Park, Menlo Park, CA, US",37.4243327743,-122.2092476116,5,,,,5,,open,false,,,Amur Carp,Cyprinus rubrofuscus,Amur Carp,Actinopterygii,187316,,
41103000,e8b6cce4-b224-4e0d-b132-38c1eb2a8b50,Mon Mar 30 2020 13:57:47 GMT-0500 (CDT),2020-03-30,2020-03-30 18:57:47 UTC,Central Time (US & Canada),1195978,matthewt6416,Matthew Thompson,2020-03-31 13:50:23 UTC,2024-11-14 14:19:11 UTC,research,CC-BY-NC,https://www.inaturalist.org/observations/41103000,https://inaturalist-open-data.s3.amazonaws.com/photos/65175219/medium.jpg,,"",,2,0,false,3,"East Community Park, Lakeville, MN, US",44.7036137453,-93.1696273342,39,,,,39,,open,false,,,Amur Carp,Cyprinus rubrofuscus,Amur Carp,Actinopterygii,187316,,
41236154,f705a143-ee17-4342-9249-dc8891a84564,Thu Apr 02 2020 12:41:45 GMT-0400 (EDT),2020-04-02,2020-04-02 16:41:45 UTC,Eastern Time (US & Canada),1416619,soperfamily,,2020-04-02 16:42:00 UTC,2020-12-15 21:40:57 UTC,research,CC-BY-NC,https://www.inaturalist.org/observations/41236154,https://inaturalist-open-data.s3.amazonaws.com/photos/65400450/medium.jpg,,"",,2,0,false,3,"Valerian Blvd, Orlando, FL, US",28.4632600844,-81.4990098496,5,,,,5,,open,false,,,Amur Carp,Cyprinus rubrofuscus,Amur Carp,Actinopterygii,187316,,
41468194,358015d7-59e2-46e9-95ab-7c1de31045b3,Sun Apr 05 2020 14:54:09 GMT-0400 (EDT),2020-04-05,2020-04-05 18:54:09 UTC,Eastern Time (US & Canada),2712249,sarahbengtson,,2020-04-05 19:11:41 UTC,2020-12-08 18:34:30 UTC,research,CC-BY-NC,https://www.inaturalist.org/observations/41468194,https://inaturalist-open-data.s3.amazonaws.com/photos/65786267/medium.jpg,,"",The legend is that someone released goldfish into the White Park pond.  We’ve seen these giant orange fish for over ten years.  ,2,0,false,3,"White Park, Concord, NH, US",43.20692833,-71.54630333,5,,,,5,,open,false,,,Amur Carp,Cyprinus rubrofuscus,Amur Carp,Actinopterygii,187316,,
41558994,11691111-e5d0-4ec7-bdee-fc320436285c,2020-04-06 4:22:03 PM CDT,2020-04-06,2020-04-06 21:22:03 UTC,Central Time (US & Canada),2711030,t_dub,"",2020-04-06 21:23:32 UTC,2020-04-07 22:06:01 UTC,research,,https://www.inaturalist.org/observations/41558994,https://static.inaturalist.org/photos/65936692/medium.jpeg,,"",,1,0,false,2,"Mountain Home, TX 78058, USA",30.15694534,-99.34680579,5,,,,5,,open,false,,,Amur Carp,Cyprinus rubrofuscus,Amur Carp,Actinopterygii,187316,,
41700278,302fdfbd-6600-4b66-aa44-80c6fcc6e70e,Wed Apr 08 2020 14:04:42 GMT-0400 (EDT),2020-04-08,2020-04-08 18:04:42 UTC,Eastern Time (US & Canada),298234,samarea51,Sam,2020-04-08 18:04:49 UTC,2024-03-25 04:13:23 UTC,research,,https://www.inaturalist.org/observations/41700278,https://static.inaturalist.org/photos/66157664/medium.jpg,,"",,3,0,false,3,"Curtis Hall & Arboretum, Wyncote, PA, US",40.0846115454,-75.147794718,10,,,,10,,open,false,,,Amur Carp,Cyprinus rubrofuscus,Amur Carp,Actinopterygii,187316,,
41772226,bbabe105-045b-47c4-88a7-af0da71ac586,Thu Apr 09 2020 13:19:30 GMT-0400 (EDT),2020-04-09,2020-04-09 17:19:30 UTC,Eastern Time (US & Canada),2694531,tlane67,,2020-04-09 17:57:40 UTC,2020-04-10 17:42:20 UTC,research,CC-BY-NC,https://www.inaturalist.org/observations/41772226,https://inaturalist-open-data.s3.amazonaws.com/photos/66276973/medium.jpg,,"",,2,0,false,3,"Isothermal Community College Lake, Forest City, NC, US",35.33912,-81.91048333,24,,,,24,,open,false,,,Amur Carp,Cyprinus rubrofuscus,Amur Carp,Actinopterygii,187316,,
42042543,a52c4ce7-a542-4573-9d64-476460c6a007,2020-04-12 6:18:20 PM EDT,2020-04-12,2020-04-12 22:18:20 UTC,Eastern Time (US & Canada),1844696,the_grandjay,Sam Bott,2020-04-12 22:36:41 UTC,2020-04-13 13:58:16 UTC,research,CC-BY-NC,https://www.inaturalist.org/observations/42042543,https://inaturalist-open-data.s3.amazonaws.com/photos/66726669/medium.jpeg,,"",,2,0,false,2,"Lake Michigan at Marsh Ridge WB, Grand Rapids, MI 49504, USA",42.9725295519,-85.7402675226,5,,,,5,,open,false,gps,gps,Amur Carp,Cyprinus rubrofuscus,Amur Carp,Actinopterygii,187316,,
42048976,04e52e41-18ff-4887-b7eb-77d9bbddc248,2020/04/07 6:13 PM PDT,2020-04-07,2020-04-08 01:13:00 UTC,Pacific Time (US & Canada),5327,direbecca,Di,2020-04-12 23:56:00 UTC,2023-07-07 18:38:33 UTC,research,CC-BY-NC,https://www.inaturalist.org/observations/42048976,https://inaturalist-open-data.s3.amazonaws.com/photos/66736472/medium.jpg,,"",,2,0,false,,"Rohnert Park, CA, USA",38.3316447135,-122.7043541405,2,,,,2,,open,false,,,Amur Carp,Cyprinus rubrofuscus,Amur Carp,Actinopterygii,187316,,
42097242,43b40b8d-e503-4a8a-b5ca-6491a34cd77f,Wed Apr 08 2020 14:05:11 GMT-0400 (EDT),2020-04-08,2020-04-08 18:05:11 UTC,Eastern Time (US & Canada),2748447,karkar23,,2020-04-13 16:19:30 UTC,2020-04-13 18:31:21 UTC,research,CC-BY-NC,https://www.inaturalist.org/observations/42097242,https://inaturalist-open-data.s3.amazonaws.com/photos/66818457/medium.jpg,,"",,2,0,false,3,"Aveling Way, Richland, MI, US",42.386725,-85.47013833,6,,,,6,,open,false,,,Amur Carp,Cyprinus rubrofuscus,Amur Carp,Actinopterygii,187316,,
42109718,faafdfb6-9286-4ecf-9b62-f8dd436dbd1f,Mon Apr 13 2020 14:47:34 GMT-0500 (CDT),2020-04-13,2020-04-13 14:47:34 UTC,UTC,2665160,jensophlin20,,2020-04-13 19:27:49 UTC,2020-04-14 10:56:53 UTC,research,CC-BY-NC,https://www.inaturalist.org/observations/42109718,https://inaturalist-open-data.s3.amazonaws.com/photos/66839373/medium.jpeg,,"",,2,0,false,,"6001 Fannin St, Houston, TX 77030, USA",29.7183503,-95.390841,1219,,,,1219,,open,false,,,Amur Carp,Cyprinus rubrofuscus,Amur Carp,Actinopterygii,187316,,
42137463,41003336-cb1f-4b47-abbd-68fe4b580b8a,2020/04/13 9:50 AM PDT,2020-04-13,2020-04-13 16:50:00 UTC,Pacific Time (US & Canada),53702,lonnyholmes,"",2020-04-14 02:27:21 UTC,2022-05-19 19:00:24 UTC,research,CC-BY-NC,https://www.inaturalist.org/observations/42137463,https://inaturalist-open-data.s3.amazonaws.com/photos/66887599/medium.jpg,,"",Fresh water.,3,0,false,,"Pahrump, NV, USA",36.2016826586,-115.99514548,6,,,,6,,open,false,,,Amur Carp,Cyprinus rubrofuscus,Amur Carp,Actinopterygii,187316,,
42256389,e0dd7262-3118-4116-9e0b-0dc12218c682,2020-04-15 11:24:20 AM EDT,2020-04-15,2020-04-15 15:24:20 UTC,Eastern Time (US & Canada),535133,nv_multispeciesfishing,"",2020-04-15 19:21:06 UTC,2021-07-13 02:40:43 UTC,research,CC-BY-NC,https://www.inaturalist.org/observations/42256389,https://inaturalist-open-data.s3.amazonaws.com/photos/143073574/medium.jpeg,,"",,1,0,false,2,"Colfax, NC, USA",36.1164469196,-80.0275817513,230,,,,230,,open,false,gps,gps,Amur Carp,Cyprinus rubrofuscus,Amur Carp,Actinopterygii,187316,,
42513049,b7bb38b4-4b3b-4e77-95c0-065f41d75d9b,Sat Apr 18 2020 16:25:53 GMT-0500 (CDT),2020-04-18,2020-04-18 16:25:53 UTC,UTC,766161,dlc0035,,2020-04-18 21:29:04 UTC,2020-04-18 21:43:18 UTC,research,,https://www.inaturalist.org/observations/42513049,https://static.inaturalist.org/photos/67504124/medium.jpg,,"",,2,0,false,3,"Spring Park Lake, Huntsville, AL, US",34.72773667,-86.58766167,4,,,,4,,open,false,,,Amur Carp,Cyprinus rubrofuscus,Amur Carp,Actinopterygii,187316,,
43190276,8eddacc1-def4-4d86-9991-bcabe679a921,2020-04-24 1:57:02 PM CDT,2020-04-24,2020-04-24 13:57:02 UTC,UTC,1179823,jarodhitchings,Jarod,2020-04-24 22:15:29 UTC,2022-02-19 01:10:39 UTC,research,,https://www.inaturalist.org/observations/43190276,https://static.inaturalist.org/photos/68555663/medium.jpeg,,"",,1,0,false,2,"Curran Township, IL, USA",39.7605285269,-89.7493220866,6225,,,,6225,,open,false,gps,gps,Amur Carp,Cyprinus rubrofuscus,Amur Carp,Actinopterygii,187316,,
43194549,5aecb117-a63d-4190-aadc-5ad0ac79d094,2020/04/24 2:47 PM PDT,2020-04-24,2020-04-24 21:47:00 UTC,Pacific Time (US & Canada),9335,leslie_flint,Leslie Flint,2020-04-24 22:33:17 UTC,2022-02-19 01:10:38 UTC,research,CC-BY-NC,https://www.inaturalist.org/observations/43194549,https://inaturalist-open-data.s3.amazonaws.com/photos/68560598/medium.jpg,,"","",1,0,false,,"Vintage Prk, Foster City, CA, USA",37.5670374422,-122.2802286118,113,,,,113,,open,false,,,Amur Carp,Cyprinus rubrofuscus,Amur Carp,Actinopterygii,187316,,
43440363,a2c00860-18c0-4503-a524-ccb4aa6540f3,2020-04-25 2:31:23 PM EDT,2020-04-25,2020-04-25 18:31:23 UTC,Eastern Time (US & Canada),2807558,karen1180,Karen Sharp,2020-04-25 20:42:20 UTC,2024-02-07 00:58:43 UTC,research,,https://www.inaturalist.org/observations/43440363,https://static.inaturalist.org/photos/68926018/medium.jpeg,,"",Large school of carp in a campground retention pond!,1,0,false,2,Woodbine,39.2422535168,-74.8151668534,16829,,,,16829,,open,false,gps,gps,Amur Carp,Cyprinus rubrofuscus,Amur Carp,Actinopterygii,187316,,
43538581,01ef3f91-3b42-4ba3-95d1-c77c5daa2b6b,Sat Apr 25 2020 17:34:15 GMT-0600 (MDT),2020-04-25,2020-04-25 23:34:15 UTC,Mountain Time (US & Canada),500051,sklange,,2020-04-26 03:59:18 UTC,2021-01-29 16:29:56 UTC,research,CC-BY-NC,https://www.inaturalist.org/observations/43538581,https://inaturalist-open-data.s3.amazonaws.com/photos/69076747/medium.jpg,,"","Two of three koi seen this week, always hanging out here at the confluence of the two streams. These two are mostly red-orange with white tails. The third is smaller and solid red-orange. ",1,0,false,3,"Fitts Park, South Salt Lake, UT, US",40.7046277961,-111.8797675801,30,,,,30,,open,false,,,Amur Carp,Cyprinus rubrofuscus,Amur Carp,Actinopterygii,187316,,
44070149,cc5a8e25-dfe1-4eab-afe3-391af5bf2e0c,2020/04/27 1:24 PM EDT,2020-04-27,2020-04-27 17:24:00 UTC,Eastern Time (US & Canada),729625,raynaturalist,,2020-04-28 03:18:32 UTC,2024-03-09 01:48:04 UTC,research,CC-BY-NC,https://www.inaturalist.org/observations/44070149,https://inaturalist-open-data.s3.amazonaws.com/photos/69877482/medium.jpeg,,"",,2,0,false,,"Schenley, Youngstown, OH, USA",41.0887261441,-80.6806857903,74,,,,74,,open,false,,,Amur Carp,Cyprinus rubrofuscus,Amur Carp,Actinopterygii,187316,,
44189634,33efcf73-8a9d-4fd8-8a99-81f14c6a7a28,Tue Apr 28 2020 14:20:38 GMT-0400 (EDT),2020-04-28,2020-04-28 18:20:38 UTC,Eastern Time (US & Canada),2111208,der-naturforscher,Aidan,2020-04-28 22:57:27 UTC,2024-03-24 17:09:03 UTC,research,,https://www.inaturalist.org/observations/44189634,https://static.inaturalist.org/photos/70060601/medium.jpg,,"",,2,0,false,3,"Lindenwood Nature Preserve, Fort Wayne, IN, US",41.0795695,-85.18561667,10,,,,10,,open,false,,,Amur Carp,Cyprinus rubrofuscus,Amur Carp,Actinopterygii,187316,,
44489225,7e16cae0-3a0b-4e3f-9e90-babf6371b0bf,Fri May 01 2020 12:28:19 GMT-0400 (EDT),2020-05-01,2020-05-01 16:28:19 UTC,Eastern Time (US & Canada),1498251,michaelmorris,Michael Morris,2020-05-01 16:40:01 UTC,2022-02-19 01:06:49 UTC,research,,https://www.inaturalist.org/observations/44489225,https://static.inaturalist.org/photos/70537310/medium.jpg,,"",,1,0,false,3,"107 Eton Rd, Yardley, PA, US",40.22647167,-74.81188833,14,,,,14,,open,false,,,Amur Carp,Cyprinus rubrofuscus,Amur Carp,Actinopterygii,187316,,
44522765,b2768db9-976c-42cf-b568-eb95b46fd427,Fri May 01 2020 17:48:32 GMT-0400 (EDT),2020-05-01,2020-05-01 21:48:32 UTC,Eastern Time (US & Canada),1657234,jtdavis,Jeff Davis,2020-05-01 21:49:04 UTC,2022-04-13 22:32:17 UTC,research,CC-BY-NC,https://www.inaturalist.org/observations/44522765,https://inaturalist-open-data.s3.amazonaws.com/photos/70714848/medium.jpg,,"",,3,0,false,3,"Arrowbrook Centre Park, Herndon, VA, US",38.9515093295,-77.4121311587,5,,,,5,,open,false,,,Amur Carp,Cyprinus rubrofuscus,Amur Carp,Actinopterygii,187316,,
44554512,3b68bff2-4751-449f-b73a-aa49e704c893,2020/05/01 2:46 PM EDT,2020-05-01,2020-05-01 18:46:00 UTC,Eastern Time (US & Canada),1054895,evanghouston,,2020-05-02 03:54:47 UTC,2022-02-03 19:42:30 UTC,research,CC-BY-NC,https://www.inaturalist.org/observations/44554512,https://inaturalist-open-data.s3.amazonaws.com/photos/70640025/medium.jpeg,,"",Not sure if can be narrowed down further,2,0,false,,"Near Amish Pond, Northumberland County, PA, USA",41.0852988562,-76.7623271287,61,,,,61,,open,false,,,Amur Carp,Cyprinus rubrofuscus,Amur Carp,Actinopterygii,187316,,
44686468,0394e714-b58a-4514-bc14-b96dbf3c95bd,2020-05-02 6:18:51 PM CDT,2020-05-02,2020-05-02 23:18:51 UTC,Central Time (US & Canada),2080944,andrewdubs1,"",2020-05-03 03:45:16 UTC,2021-04-15 00:37:34 UTC,research,CC-BY-NC,https://www.inaturalist.org/observations/44686468,https://inaturalist-open-data.s3.amazonaws.com/photos/70847164/medium.jpeg,,"",Very white. Could it be Amur Carp/Koi?,2,0,false,2,"Wichita, KS 67230, USA",37.679051,-97.1779834722,,,,,,,open,false,gps,gps,Amur Carp,Cyprinus rubrofuscus,Amur Carp,Actinopterygii,187316,,
45145510,8908dc44-d8b5-43af-8560-aa32b9c13da7,2020-05-02T14:30:16-05:00,2020-05-02,2020-05-02 19:30:16 UTC,UTC,1928821,jfyoumans,Jo,2020-05-07 06:54:18 UTC,2020-11-22 01:36:22 UTC,research,,https://www.inaturalist.org/observations/45145510,https://inaturalist-open-data.s3.amazonaws.com/photos/71577939/medium.jpeg,,"",,1,0,false,333,Shell Knob,36.5318763855,-93.459379853,76,,,,76,,open,false,,,Amur Carp,Cyprinus rubrofuscus,Amur Carp,Actinopterygii,187316,,
45164108,4a5ba263-2213-4c83-a9b1-f2410aea5ae5,Sat Apr 25 2020 17:23:03 GMT-0400 (EDT),2020-04-25,2020-04-25 21:23:03 UTC,Eastern Time (US & Canada),2160869,mjones12,,2020-05-07 13:55:59 UTC,2024-03-24 01:34:45 UTC,research,CC-BY-NC,https://www.inaturalist.org/observations/45164108,https://inaturalist-open-data.s3.amazonaws.com/photos/71607973/medium.jpg,,"","This is an Amur Carp or Koi (fish), which I found in a pond near my house. It was near the top of the water on a warm, sunny day. It has very distinctive colors that you can see even through the murky water.",2,0,false,3,"Perie Wood Ln, Kent, OH, US",41.12164351,-81.3115425548,371,,,,371,,open,false,,,Amur Carp,Cyprinus rubrofuscus,Amur Carp,Actinopterygii,187316,,
45535117,9b502104-42d6-4fdc-9500-398f516177ec,2020/05/10 11:18 aM PsT,2020-05-10,,Pacific Time (US & Canada),2669296,karlahcid,Karla,2020-05-10 22:07:13 UTC,2020-05-11 11:38:37 UTC,research,CC-BY-NC,https://www.inaturalist.org/observations/45535117,https://inaturalist-open-data.s3.amazonaws.com/photos/72205194/medium.jpg,,"",,1,0,false,,"Cupertino, CA, USA",37.3270898842,-122.0815700376,218,,,,218,,open,false,,,Amur Carp,Cyprinus rubrofuscus,Amur Carp,Actinopterygii,187316,,
45720082,279d2cdc-42b3-444b-b69f-e14e985e1f65,Tue May 12 2020 12:51:51 GMT-0400 (EDT),2020-05-12,2020-05-12 16:51:51 UTC,Eastern Time (US & Canada),1761087,mabeuf,"",2020-05-12 21:09:36 UTC,2023-02-26 21:20:34 UTC,research,CC-BY-NC,https://www.inaturalist.org/observations/45720082,https://inaturalist-open-data.s3.amazonaws.com/photos/72509000/medium.jpg,,"",,1,0,false,3,"Providence County, US-RI, US",41.7817787128,-71.4123814647,5,,,,5,,open,false,,,Amur Carp,Cyprinus rubrofuscus,Amur Carp,Actinopterygii,187316,,
45827742,6aea6878-ea49-4e2d-a2ac-13a2f9a51cc1,2020/05/13 7:00 PM CDT,2020-05-13,2020-05-14 00:00:00 UTC,Central Time (US & Canada),917650,benzerante,Ben Zerante,2020-05-13 23:43:36 UTC,2024-03-23 01:28:39 UTC,research,CC-BY-NC,https://www.inaturalist.org/observations/45827742,https://inaturalist-open-data.s3.amazonaws.com/photos/72678025/medium.jpeg,,"",,2,0,false,,"Cook County, US-IL, US",41.6730637053,-87.6950715668,244,,,,27754,obscured,open,true,,,Amur Carp,Cyprinus rubrofuscus,Amur Carp,Actinopterygii,187316,,
45902925,8ddf40b8-79d5-4779-a658-98a20fa972dd,Sat May 02 2020 18:41:16 GMT-0400 (EDT),2020-05-02,2020-05-02 22:41:16 UTC,Eastern Time (US & Canada),2160858,bbol,,2020-05-14 19:58:39 UTC,2024-03-23 01:24:58 UTC,research,CC-BY-NC,https://www.inaturalist.org/observations/45902925,https://inaturalist-open-data.s3.amazonaws.com/photos/72802611/medium.jpg,,"",I found this fish in a pond up at Catawba Island. I estimate it to be about a foot long. It was swimming around under a pier and it has a very bright orange color. ,2,0,false,3,"N Marina View Dr, Port Clinton, OH, US",41.5708861474,-82.8517437094,666,,,,666,,open,false,,,Amur Carp,Cyprinus rubrofuscus,Amur Carp,Actinopterygii,187316,,
45992546,0275816f-d27f-446f-856d-50c7240edc36,Thu May 14 2020 16:20:49 GMT-0400 (EDT),2020-05-14,2020-05-14 20:20:49 UTC,Eastern Time (US & Canada),2160539,cbland23,,2020-05-15 18:00:00 UTC,2020-11-22 01:36:21 UTC,research,CC-BY-NC,https://www.inaturalist.org/observations/45992546,https://inaturalist-open-data.s3.amazonaws.com/photos/72946479/medium.jpg,,"","These fish found in a lake at Shaker Heights. They are a brownish color. I estimate them to be a little over a foot long, many of them varying in size. ",2,0,false,3,"Brook Rd, Shaker Heights, OH, US",41.48947167,-81.58243667,4,,,,4,,open,false,,,Amur Carp,Cyprinus rubrofuscus,Amur Carp,Actinopterygii,187316,,
46260554,cafa332e-7734-46dd-b02e-f6ee4ca33c5e,2020-05-15T10:58:50-07:00,2020-05-15,2020-05-15 17:58:50 UTC,Hawaii,1448667,patrick380,"",2020-05-17 17:17:20 UTC,2023-11-06 15:34:38 UTC,research,,https://www.inaturalist.org/observations/46260554,https://static.inaturalist.org/photos/73366992/medium.jpeg,,"",,2,0,false,333,Prescott,34.5875708675,-112.4218162493,142,,,,142,,open,false,,,Amur Carp,Cyprinus rubrofuscus,Amur Carp,Actinopterygii,187316,,
46720216,39d7a3b3-dfaa-4831-b64f-0b9a0003ec2d,Thu May 21 2020 09:31:15 GMT-0400 (EDT),2020-05-21,2020-05-21 13:31:15 UTC,Eastern Time (US & Canada),2998086,nia2002,,2020-05-21 13:45:54 UTC,2022-01-06 20:27:02 UTC,research,CC-BY-NC,https://www.inaturalist.org/observations/46720216,https://inaturalist-open-data.s3.amazonaws.com/photos/74098710/medium.jpg,,"",,2,0,false,3,"Morris County, US-NJ, US",40.7818549639,-74.5503083524,10,,,,10,,open,false,,,Amur Carp,Cyprinus rubrofuscus,Amur Carp,Actinopterygii,187316,,
46900471,eb4c926b-a9f9-4e58-9a9a-1c49191ba4f4,2020/05/17 9:08 AM EDT,2020-05-17,2020-05-17 13:08:00 UTC,Eastern Time (US & Canada),1137662,ctiemann16,Cole Tiemann,2020-05-22 22:44:20 UTC,2024-03-22 23:34:58 UTC,research,CC-BY-NC,https://www.inaturalist.org/observations/46900471,https://inaturalist-open-data.s3.amazonaws.com/photos/74377369/medium.jpeg,,"",Escaped Koifish in the Wissahickon Creek-there was also a white individual,2,0,false,,"Four Mills Nature Reserve, Montgomery County, PA, USA",40.1466044837,-75.2241378254,582,,,,582,,open,false,,,Amur Carp,Cyprinus rubrofuscus,Amur Carp,Actinopterygii,187316,,
46914009,94e858b4-17a3-4aa3-b0da-284cba1e2a81,2020-05-22 4:24:20 PM PDT,2020-05-22,2020-05-22 23:24:20 UTC,Pacific Time (US & Canada),2905561,julialouie,Julia Louie,2020-05-23 01:05:14 UTC,2020-05-23 04:05:36 UTC,research,,https://www.inaturalist.org/observations/46914009,https://static.inaturalist.org/photos/74401515/medium.jpeg,,"",,1,0,false,2,"Outer Richmond, San Francisco, CA 94121, USA",37.7718166667,-122.5049166667,,,,,,,open,false,gps,gps,Amur Carp,Cyprinus rubrofuscus,Amur Carp,Actinopterygii,187316,,
47062942,7ef2193d-0c71-4ce7-961c-1850fe267c87,Thu May 21 2020 14:57:27 GMT-0500 (CDT),2020-05-21,2020-05-21 14:57:27 UTC,UTC,2359535,davidsully,David Sullivan,2020-05-24 02:44:01 UTC,2024-03-22 15:21:55 UTC,research,,https://www.inaturalist.org/observations/47062942,https://static.inaturalist.org/photos/74639694/medium.jpg,,"",,2,0,false,3,"Evansville State Hospital, Evansville, IN, US",37.97188,-87.50443333,65,,,,65,,open,false,,,Amur Carp,Cyprinus rubrofuscus,Amur Carp,Actinopterygii,187316,,
47146336,6fd06cc7-be4b-44c0-88fc-39cd4f44caff,2020-05-21T12:21:54-05:00,2020-05-21,2020-05-21 17:21:54 UTC,UTC,3052072,chelebug,,2020-05-24 17:41:27 UTC,2020-05-25 12:12:39 UTC,research,CC-BY-NC,https://www.inaturalist.org/observations/47146336,https://inaturalist-open-data.s3.amazonaws.com/photos/74769725/medium.jpeg,,"",,1,0,false,333,Griffin,38.2526205,-87.8779782,13,,,,13,,open,false,,,Amur Carp,Cyprinus rubrofuscus,Amur Carp,Actinopterygii,187316,,
47180086,5309d045-79d8-425a-b034-c34361b59505,2018/07/08 12:48 PM PDT,2018-07-08,2018-07-08 19:48:00 UTC,Pacific Time (US & Canada),270883,lazarus,"",2020-05-24 21:12:43 UTC,2020-05-25 11:26:17 UTC,research,CC-BY,https://www.inaturalist.org/observations/47180086,https://inaturalist-open-data.s3.amazonaws.com/photos/74817222/medium.jpeg,,"",,1,0,false,,"Los Gatos, CA, USA",37.2494109133,-121.9655528055,31,,,,31,,open,false,,,Amur Carp,Cyprinus rubrofuscus,Amur Carp,Actinopterygii,187316,,
47398742,0a291afc-4dce-48f7-aa17-2b2e002cc713,Tue May 26 2020 09:09:31 GMT-0500 (CDT),2020-05-26,2020-05-26 09:09:31 UTC,UTC,3010111,zpac,,2020-05-26 14:10:22 UTC,2020-09-04 20:41:24 UTC,research,CC-BY-NC,https://www.inaturalist.org/observations/47398742,https://inaturalist-open-data.s3.amazonaws.com/photos/75175155/medium.jpg,,"",,3,0,false,3,"Fort Polk, Fort Polk, LA, US",31.05076117,-93.21759167,5,,,,5,,open,false,,,Amur Carp,Cyprinus rubrofuscus,Amur Carp,Actinopterygii,187316,,
47506975,bcea07c6-ffe7-4f97-9791-fcebeab296e1,Wed May 27 2020 09:36:48 GMT-0400 (EDT),2020-05-27,2020-05-27 13:36:48 UTC,Eastern Time (US & Canada),3017071,erinwolfanger,Erin Wolfanger,2020-05-27 13:37:44 UTC,2020-05-27 20:52:55 UTC,research,,https://www.inaturalist.org/observations/47506975,https://static.inaturalist.org/photos/75350945/medium.jpg,,"",,1,0,false,3,"Lake Ontario, Webster, NY, US",43.2607469196,-77.4513718766,5,,,,5,,open,false,,,Amur Carp,Cyprinus rubrofuscus,Amur Carp,Actinopterygii,187316,,
47760310,72eb581f-42a8-4822-9942-77d793a5b4cb,2020-05-29 10:30:08 AM EDT,2020-05-29,2020-05-29 14:30:08 UTC,Eastern Time (US & Canada),1970430,bellumknight,"",2020-05-29 18:39:03 UTC,2020-08-21 13:09:59 UTC,research,CC-BY-NC,https://www.inaturalist.org/observations/47760310,https://inaturalist-open-data.s3.amazonaws.com/photos/75760690/medium.jpeg,,"","I'm not sure if this counts as captive or wild. It's definitely not native, but it is in a public retention pond.",2,0,false,2,"Silver Lake, NC, USA",34.1613229546,-77.8974756226,21,,,,21,,open,false,gps,gps,Amur Carp,Cyprinus rubrofuscus,Amur Carp,Actinopterygii,187316,,
48044890,b60608e3-cf54-4751-ab31-b0cddd614a1b,2020-05-31 3:41:49 PM CDT,2020-05-31,2020-05-31 15:41:49 UTC,UTC,2110966,jaredmccrackin,Jared McCrackin,2020-05-31 21:34:02 UTC,2022-06-02 00:24:28 UTC,research,CC-BY,https://www.inaturalist.org/observations/48044890,https://static.inaturalist.org/photos/76212450/medium.jpeg,,"",,2,0,false,2,"Grand Portland, Oklahoma City, OK, USA",35.5069252406,-97.5772240385,352,,,,352,,open,false,gps,gps,Amur Carp,Cyprinus rubrofuscus,Amur Carp,Actinopterygii,187316,,
48803306,a253d8b3-7711-45b0-be82-c7a86d5a84d3,Sun Jun 07 2020 13:19:10 GMT-0400 (EDT),2020-06-07,2020-06-07 17:19:10 UTC,Eastern Time (US & Canada),2308480,paultan,Paul Tan,2020-06-07 17:20:51 UTC,2020-06-08 17:24:21 UTC,research,,https://www.inaturalist.org/observations/48803306,https://static.inaturalist.org/photos/77453768/medium.jpg,,"",,1,0,false,3,"Cumberland Mountain State Park, Crossville, TN, US",35.8977055556,-84.9984673397,390,,,,390,,open,false,,,Amur Carp,Cyprinus rubrofuscus,Amur Carp,Actinopterygii,187316,,
49091036,3b37e585-32e0-46f6-b1f3-be4bf968ef43,Tue Jun 09 2020 18:31:10 GMT-0400 (EDT),2020-06-09,2020-06-09 22:31:10 UTC,Eastern Time (US & Canada),1145941,kallewesterling,Kalle Westerling,2020-06-10 03:00:19 UTC,2022-09-16 19:12:24 UTC,research,,https://www.inaturalist.org/observations/49091036,https://static.inaturalist.org/photos/77921834/medium.jpg,,"",,3,0,false,3,"Rahway River, Rahway, NJ, US",40.5994593548,-74.2713239928,58,,,,58,,open,false,,,Amur Carp,Cyprinus rubrofuscus,Amur Carp,Actinopterygii,187316,,
49169142,35e97902-3084-4c60-9563-cd3d535a5359,2020-06-10T17:03:09-05:00,2020-06-10,2020-06-10 22:03:09 UTC,UTC,248725,jtbelcik,,2020-06-10 22:03:18 UTC,2020-06-11 12:31:11 UTC,research,CC-BY-NC,https://www.inaturalist.org/observations/49169142,https://inaturalist-open-data.s3.amazonaws.com/photos/78046915/medium.jpeg,,"",,2,0,false,333,Chicago,41.8266712,-87.6784865,114,,,,114,,open,false,,,Amur Carp,Cyprinus rubrofuscus,Amur Carp,Actinopterygii,187316,,
49317421,da7ef248-e7b2-4048-b64a-1647c7418088,Thu Jun 11 2020 13:31:02 GMT-0500 (CDT),2020-06-11,2020-06-11 18:31:02 UTC,Central Time (US & Canada),1195978,matthewt6416,Matthew Thompson,2020-06-12 11:26:57 UTC,2024-11-14 01:39:52 UTC,research,CC-BY-NC,https://www.inaturalist.org/observations/49317421,https://inaturalist-open-data.s3.amazonaws.com/photos/78288057/medium.jpg,,"",,2,0,false,3,"East Community Park, Lakeville, MN, US",44.7092633938,-93.1692718016,44,,,,44,,open,false,,,Amur Carp,Cyprinus rubrofuscus,Amur Carp,Actinopterygii,187316,,
49452729,2bdeeafa-4728-4ae1-a06c-eb34d688e5e3,Sat Jun 13 2020 11:18:05 GMT-0400 (EDT),2020-06-13,2020-06-13 15:18:05 UTC,Eastern Time (US & Canada),730823,colbee1,Colby Baker,2020-06-13 16:05:23 UTC,2020-11-22 01:35:51 UTC,research,,https://www.inaturalist.org/observations/49452729,https://static.inaturalist.org/photos/78503394/medium.jpg,,"",,1,0,false,3,"The Pond, New York, NY, US",40.7656185571,-73.9738802705,22,,,,22,,open,false,,,Amur Carp,Cyprinus rubrofuscus,Amur Carp,Actinopterygii,187316,,
49647861,8db4c35f-36ca-43ce-a407-f179f30ce360,2020-06-11 9:02:21 AM MDT,2020-06-11,2020-06-11 15:02:21 UTC,Mountain Time (US & Canada),263483,laurenstudley,Lauren Studley,2020-06-14 22:18:56 UTC,2020-06-14 23:06:52 UTC,research,CC-BY-NC,https://www.inaturalist.org/observations/49647861,https://static.inaturalist.org/photos/78816670/medium.jpeg,,"",Koi,1,0,false,2,"West Valley, Boise, ID, USA",43.6511256966,-116.2962041795,263,,,,263,,open,false,gps,gps,Amur Carp,Cyprinus rubrofuscus,Amur Carp,Actinopterygii,187316,,
49744677,d11ac284-4fef-40fa-9edd-d1419911ec67,Sun Jun 14 2020 16:57:52 GMT-0700 (PDT),2020-06-14,2020-06-14 23:57:52 UTC,Pacific Time (US & Canada),146986,alligatorlizard,Ella,2020-06-15 18:10:06 UTC,2020-06-16 00:49:43 UTC,research,CC-BY-NC,https://www.inaturalist.org/observations/49744677,https://inaturalist-open-data.s3.amazonaws.com/photos/78974800/medium.jpg,,"","obviously domesticated, don’t know what species that would be ",1,0,false,3,"Upper Franklin Canyon Reservoir, Los Angeles, CA, US",34.1202820771,-118.4114944241,22,,,,22,,open,false,,,Amur Carp,Cyprinus rubrofuscus,Amur Carp,Actinopterygii,187316,,
49908561,6b8f55fd-4a89-4638-95dd-4b71889bd503,Mon Jun 15 2020 17:42:34 GMT-0400 (EDT),2020-06-15,2020-06-15 21:42:34 UTC,Eastern Time (US & Canada),9526,rgdodson,Ron Dodson,2020-06-17 02:28:19 UTC,2024-03-17 04:47:23 UTC,research,CC-BY-NC,https://www.inaturalist.org/observations/49908561,https://inaturalist-open-data.s3.amazonaws.com/photos/79241772/medium.jpg,,"",,2,0,false,3,"Glenmont, NY, US",42.60386333,-73.80438333,10,,,,10,,open,false,,,Amur Carp,Cyprinus rubrofuscus,Amur Carp,Actinopterygii,187316,,
50003283,fec4e78b-0a0e-4a65-8add-02fda1226a94,2020/06/17 2:22 PM EDT,2020-06-17,2020-06-17 18:22:00 UTC,Eastern Time (US & Canada),104937,smrozak,Suzanne Mrozak,2020-06-18 00:58:53 UTC,2020-12-14 17:18:15 UTC,research,CC-BY-NC,https://www.inaturalist.org/observations/50003283,https://inaturalist-open-data.s3.amazonaws.com/photos/79392621/medium.jpg,,"",,2,0,false,,"Jamaica Hills, Boston, MA, USA",42.3018519551,-71.1190604185,11,,,,11,,open,false,,,Amur Carp,Cyprinus rubrofuscus,Amur Carp,Actinopterygii,187316,,
50030634,46dd6205-3944-4890-9161-4f7de3127ca1,2020/05/26 6:24 PM UTC,2020-05-26,,UTC,922305,ronald28,Ronald Horii,2020-06-18 09:26:41 UTC,2025-04-29 04:20:50 UTC,research,,https://www.inaturalist.org/observations/50030634,https://static.inaturalist.org/photos/79441041/medium.jpg,,"",,2,0,false,,"Edenvale, San Jose, CA, USA",37.2260210795,-121.7950932096,1,,,,1,,open,false,,,Amur Carp,Cyprinus rubrofuscus,Amur Carp,Actinopterygii,187316,,
50336441,f670f94a-77f8-4b81-b86d-20f26403a843,2020-06-20 5:50:04 PM CDT,2020-06-20,2020-06-20 17:50:04 UTC,UTC,3109432,jameehaywood,Jamee' Haywood,2020-06-20 22:50:40 UTC,2020-06-22 02:24:01 UTC,research,,https://www.inaturalist.org/observations/50336441,https://static.inaturalist.org/photos/79928373/medium.jpeg,,"",,2,0,false,2,"Maple Ridge, Tulsa, OK, USA",36.12445862,-95.98514158,3,,,,3,,open,false,,,Amur Carp,Cyprinus rubrofuscus,Amur Carp,Actinopterygii,187316,,
50455022,546e1040-810c-4ebb-88a3-738f866c6d4e,Sun Jun 21 2020 14:48:38 GMT-0400 (EDT),2020-06-21,2020-06-21 18:48:38 UTC,Eastern Time (US & Canada),2928255,yayemaster,Robert Levy,2020-06-21 19:13:10 UTC,2020-06-21 19:20:34 UTC,research,CC-BY-NC,https://www.inaturalist.org/observations/50455022,https://inaturalist-open-data.s3.amazonaws.com/photos/80113230/medium.jpg,,"",Maybe,1,0,false,3,"Tackapausha Nature Preserve, Seaford, NY, US",40.66705,-73.48188833,4,,,,4,,open,false,,,Amur Carp,Cyprinus rubrofuscus,Amur Carp,Actinopterygii,187316,,
51208801,42529b93-9503-4ec0-ae33-09cb908b2de2,Sat Jun 27 2020 21:18:49 GMT-0400 (EDT),2020-06-27,2020-06-28 01:18:49 UTC,Eastern Time (US & Canada),1712543,cpenn234,,2020-06-28 11:03:38 UTC,2021-09-16 17:40:23 UTC,research,CC-BY-NC,https://www.inaturalist.org/observations/51208801,https://inaturalist-open-data.s3.amazonaws.com/photos/81440787/medium.jpg,,"","
",2,0,false,3,"East Harbor State Park, Lakeside Marblehead, OH, US",41.54327,-82.80927167,4,,,,4,,open,false,,,Amur Carp,Cyprinus rubrofuscus,Amur Carp,Actinopterygii,187316,,
51348472,7a1e37c3-5d91-4b31-a642-1240c92f6940,Mon Jun 29 2020 07:27:28 GMT-0400 (EDT),2020-06-29,2020-06-29 11:27:28 UTC,Eastern Time (US & Canada),536801,ac7373greenvw,,2020-06-29 11:28:15 UTC,2021-07-27 08:52:11 UTC,research,CC-BY-NC,https://www.inaturalist.org/observations/51348472,https://inaturalist-open-data.s3.amazonaws.com/photos/137436385/medium.jpg,,"",,2,0,false,3,"Hugh MacRae Park, Wilmington, NC, US",34.2046410366,-77.8859586563,6,,,,6,,open,false,,,Amur Carp,Cyprinus rubrofuscus,Amur Carp,Actinopterygii,187316,,
51809249,20860825-af4c-4a8d-9807-f4db0399967b,Fri Jul 03 2020 11:32:46 GMT-0500 (CDT),2020-07-03,2020-07-03 16:32:46 UTC,Central Time (US & Canada),3010570,luna89,Luna,2020-07-03 16:44:05 UTC,2020-07-19 03:08:20 UTC,research,,https://www.inaturalist.org/observations/51809249,https://static.inaturalist.org/photos/82335855/medium.jpg,,"",,1,0,false,3,"Proksa Park, Berwyn, IL, US",41.8365811883,-87.8001600412,5,,,,5,,open,false,,,Amur Carp,Cyprinus rubrofuscus,Amur Carp,Actinopterygii,187316,,
52035692,1671a00d-7183-4e09-afc8-92d7b935f0f2,Sun Jul 05 2020 08:28:30 GMT-0400 (EDT),2020-07-05,2020-07-05 12:28:30 UTC,Eastern Time (US & Canada),486604,elizajsyh,"",2020-07-05 16:24:59 UTC,2020-07-08 13:12:51 UTC,research,,https://www.inaturalist.org/observations/52035692,https://static.inaturalist.org/photos/82700550/medium.jpg,,"",,1,0,false,3,"The Pond, New York, NY, US",40.76603667,-73.97379167,,,,,,,open,false,,,Amur Carp,Cyprinus rubrofuscus,Amur Carp,Actinopterygii,187316,,
52425264,8a1af349-2547-4684-a71c-2399eb7d3e47,Tue Jul 07 2020 11:27:42 GMT-0500 (CDT),2020-07-07,2020-07-07 11:27:42 UTC,UTC,2741094,brandyrea,,2020-07-09 00:52:30 UTC,2025-01-19 05:28:05 UTC,research,CC-BY-NC,https://www.inaturalist.org/observations/52425264,https://inaturalist-open-data.s3.amazonaws.com/photos/83337660/medium.jpg,,"",,3,1,false,3,"Canterbury St, Leawood, KS, US",38.8740663752,-94.622116291,65,,,,65,,open,false,,,Amur Carp,Cyprinus rubrofuscus,Amur Carp,Actinopterygii,187316,,
53891973,d054cb62-0f38-4de8-ad57-5db850533f99,2020/07/20 12:35 PM EDT,2020-07-20,2020-07-20 16:35:00 UTC,Eastern Time (US & Canada),245338,lisa63,Lisa Wiencek Gerbec,2020-07-21 22:41:50 UTC,2024-11-16 18:15:23 UTC,research,CC-BY,https://www.inaturalist.org/observations/53891973,https://inaturalist-open-data.s3.amazonaws.com/photos/85727117/medium.jpeg,,"",,2,0,false,,"12318 Hartstown Rd, Linesville, PA 16424, USA",41.6299107,-80.4413665,187,,,,187,,open,false,,,Amur Carp,Cyprinus rubrofuscus,Amur Carp,Actinopterygii,187316,,
53998068,178efc76-0888-4485-af30-0f8c0d3bdc29,2020/07/21 5:15 PM EDT,2020-07-21,2020-07-21 21:15:00 UTC,Eastern Time (US & Canada),1815758,koaw,Koaw Nature,2020-07-22 22:26:33 UTC,2022-10-12 18:05:34 UTC,research,CC-BY-NC,https://www.inaturalist.org/observations/53998068,https://inaturalist-open-data.s3.amazonaws.com/photos/85893205/medium.jpg,,""," ~1m. Lake Thoreau, Reston.",3,0,false,,"Reston, VA, USA",38.941359877,-77.3322956617,31,,,,31,,open,false,,,Amur Carp,Cyprinus rubrofuscus,Amur Carp,Actinopterygii,187316,,
54776403,8b1d1850-bb09-47f0-9a43-3d5ddfc5e727,Wed Jul 29 2020 10:56:32 GMT-0400 (EDT),2020-07-29,2020-07-29 14:56:32 UTC,Eastern Time (US & Canada),2124166,prnewman,,2020-07-29 21:27:54 UTC,2021-07-29 16:34:19 UTC,research,CC-BY-NC,https://www.inaturalist.org/observations/54776403,https://inaturalist-open-data.s3.amazonaws.com/photos/87881382/medium.jpg,,"",,1,0,false,3,"The Pond, New York, NY, US",40.76618333,-73.97376333,14,,,,14,,open,false,,,Amur Carp,Cyprinus rubrofuscus,Amur Carp,Actinopterygii,187316,,
54895929,f05f045a-a223-45e3-ad46-2d65726cfbeb,Thu Jul 30 2020 17:20:33 GMT-0400 (EDT),2020-07-30,2020-07-30 21:20:33 UTC,Eastern Time (US & Canada),2659650,yannikleo,,2020-07-31 00:36:08 UTC,2020-08-02 05:14:08 UTC,research,CC-BY-NC,https://www.inaturalist.org/observations/54895929,https://inaturalist-open-data.s3.amazonaws.com/photos/87375935/medium.jpg,,"",,2,0,false,3,"Gibbs Pond, Nesconset, NY, US",40.84456667,-73.13898333,65,,,,65,,open,false,,,Amur Carp,Cyprinus rubrofuscus,Amur Carp,Actinopterygii,187316,,
55414937,c418f7e4-935f-4ff5-97ad-05ae3e9698ba,2020-08-04T15:00:00-04:00,2020-08-04,2020-08-04 19:00:00 UTC,UTC,1673960,katzch,,2020-08-04 19:04:08 UTC,2020-12-01 00:52:40 UTC,research,CC-BY-NC,https://www.inaturalist.org/observations/55414937,https://inaturalist-open-data.s3.amazonaws.com/photos/88238351/medium.jpeg,,"","In Gunner's Lake in Germantown, MD.",4,0,false,333,Germantown,39.1671271,-77.2550136,20,,,,20,,open,false,,,Amur Carp,Cyprinus rubrofuscus,Amur Carp,Actinopterygii,187316,,
55812469,b045eb06-7349-49ff-8394-e1352717d4cf,Sat Aug 08 2020 12:11:30 GMT-0400 (EDT),2020-08-08,2020-08-08 16:11:30 UTC,Eastern Time (US & Canada),3436813,dcharif,,2020-08-08 17:01:54 UTC,2025-04-12 11:13:22 UTC,research,CC-BY-NC,https://www.inaturalist.org/observations/55812469,https://inaturalist-open-data.s3.amazonaws.com/photos/88897381/medium.jpg,,"",,2,0,false,3,"Suffolk County, US-NY, US",40.9119434841,-73.1241219957,5,,,,5,,open,false,,,Amur Carp,Cyprinus rubrofuscus,Amur Carp,Actinopterygii,187316,,
56049083,f4a46c89-b4d7-42c8-b3a0-a137c13e1194,2020/08/08 3:57 PM EDT,2020-08-08,2020-08-08 19:57:00 UTC,Eastern Time (US & Canada),792319,djringer,David Jeffrey Ringer,2020-08-10 18:06:50 UTC,2024-08-17 13:47:08 UTC,research,CC-BY-NC,https://www.inaturalist.org/observations/56049083,https://inaturalist-open-data.s3.amazonaws.com/photos/89287284/medium.jpg,,"",Appeared to be about one foot long -- swimming slowly near the surface of The Pond like a giant orange ghost.,2,0,false,,"Manhattan, New York, NY, USA",40.765438955,-73.9741958723,10,,,,10,,open,false,,,Amur Carp,Cyprinus rubrofuscus,Amur Carp,Actinopterygii,187316,,
56667009,e1df8279-a570-404b-a9ab-d11eab0707d2,Sun Aug 16 2020 14:18:38 GMT-0400 (EDT),2020-08-16,2020-08-16 18:18:38 UTC,Eastern Time (US & Canada),440424,lulu_belle,Lulu,2020-08-16 19:52:18 UTC,2020-08-18 22:03:17 UTC,research,CC-BY-NC,https://www.inaturalist.org/observations/56667009,https://inaturalist-open-data.s3.amazonaws.com/photos/90318630/medium.jpg,,"",,2,0,false,3,"Reservoir St, Harrisonburg, VA, US",38.429416758,-78.8622798678,30,,,,30,,open,false,,,Amur Carp,Cyprinus rubrofuscus,Amur Carp,Actinopterygii,187316,,
57059111,6e01505c-a3f8-4222-969e-ee36ed5e5f23,Thu Aug 20 2020 11:13:18 GMT-0600 (MDT),2020-08-20,2020-08-20 17:13:18 UTC,Mountain Time (US & Canada),3450218,visiongirl,,2020-08-20 20:11:03 UTC,2022-10-12 02:06:37 UTC,research,CC-BY-NC,https://www.inaturalist.org/observations/57059111,https://inaturalist-open-data.s3.amazonaws.com/photos/90982574/medium.jpg,,"",,2,0,false,3,"Fox Run Regional Park, Colorado Springs, CO, US",39.061,-104.79138,7,,,,7,,open,false,,,Amur Carp,Cyprinus rubrofuscus,Amur Carp,Actinopterygii,187316,,
57132661,8988dd8e-1623-4bd3-a3a2-4e6a069c68c4,2020-08-21 12:06:12 PM EDT,2020-08-21,2020-08-21 16:06:12 UTC,Eastern Time (US & Canada),1798995,marktr,Mark,2020-08-21 16:21:31 UTC,2020-08-27 23:22:02 UTC,research,CC-BY-NC,https://www.inaturalist.org/observations/57132661,https://inaturalist-open-data.s3.amazonaws.com/photos/91105904/medium.jpeg,,"",,1,0,false,2,"Patterson Park, Baltimore, MD, USA",39.2876296622,-76.5806970745,17,,,,17,,open,false,gps,gps,Amur Carp,Cyprinus rubrofuscus,Amur Carp,Actinopterygii,187316,,
57650973,4a88534d-0442-4487-9209-945965adc82f,2020-08-26 11:17:10 AM EDT,2020-08-26,2020-08-26 15:17:10 UTC,Eastern Time (US & Canada),3519530,zachdoering,,2020-08-26 16:43:44 UTC,2024-02-26 06:13:26 UTC,research,CC-BY-NC,https://www.inaturalist.org/observations/57650973,https://inaturalist-open-data.s3.amazonaws.com/photos/91979902/medium.jpeg,,"",,3,0,false,2,"Butler-Tarkington, Indianapolis, IN 46208, USA",39.8422805556,-86.1716388889,,,,,,,open,false,gps,gps,Amur Carp,Cyprinus rubrofuscus,Amur Carp,Actinopterygii,187316,,
57764558,7d98f333-d965-4840-b372-babc8bd37a95,Thu Aug 27 2020 14:36:45 GMT-0400 (EDT),2020-08-27,2020-08-27 18:36:45 UTC,Eastern Time (US & Canada),3516139,king_elliott,,2020-08-27 19:38:36 UTC,2024-05-26 17:05:43 UTC,research,CC-BY-NC,https://www.inaturalist.org/observations/57764558,https://inaturalist-open-data.s3.amazonaws.com/photos/92168262/medium.jpg,,"",,2,0,false,3,"Butler University, Indianapolis, IN, US",39.837186955,-86.1696663148,335,,,,335,,open,false,,,Amur Carp,Cyprinus rubrofuscus,Amur Carp,Actinopterygii,187316,,
57793437,30eff1af-44e3-4b1e-bf3e-bf7866eca6b9,Thu Aug 27 2020 16:36:13 GMT-0500 (CDT),2020-08-27,2020-08-27 16:36:13 UTC,UTC,3508251,cmarty22,,2020-08-28 01:31:30 UTC,2020-08-29 00:00:17 UTC,research,CC-BY-NC,https://www.inaturalist.org/observations/57793437,https://inaturalist-open-data.s3.amazonaws.com/photos/92216218/medium.jpg,,"","Small Orange fish 
Found in creek in park
Swim in groups of 6-8",2,0,false,3,"Paul C. Wehner Sr Memorial Park, Shrewsbury, MO, US",38.5848110415,-90.3295119119,344,,,,344,,open,false,,,Amur Carp,Cyprinus rubrofuscus,Amur Carp,Actinopterygii,187316,,
57872024,43c5c6f4-0af3-494b-a8ea-22050b791efa,2020-08-28 6:39:19 PM EDT,2020-08-28,2020-08-28 22:39:19 UTC,Eastern Time (US & Canada),3521396,thea55,Thea Abad Pepperl,2020-08-28 22:40:39 UTC,2020-08-29 17:43:42 UTC,research,,https://www.inaturalist.org/observations/57872024,https://static.inaturalist.org/photos/92348115/medium.jpeg,,"",,1,0,false,2,"Glen Allen, VA, USA",37.6701203082,-77.4625944067,9,,,,9,,open,false,,,Amur Carp,Cyprinus rubrofuscus,Amur Carp,Actinopterygii,187316,,
58354973,93cc8d96-01f2-422b-97c7-604bb5c01f49,Wed Sep 02 2020 12:37:12 GMT-0500 (CDT),2020-09-02,2020-09-02 12:37:12 UTC,UTC,3211767,paigeiscool,"",2020-09-02 19:27:04 UTC,2022-05-20 14:48:23 UTC,research,CC-BY-NC,https://www.inaturalist.org/observations/58354973,https://inaturalist-open-data.s3.amazonaws.com/photos/93159135/medium.jpg,,"",,2,0,false,3,"Hot Springs National Park, Hot Springs, AR, US",34.5177472406,-93.0493416736,876,,,,876,,open,false,,,Amur Carp,Cyprinus rubrofuscus,Amur Carp,Actinopterygii,187316,,
59284172,1510c742-4570-4393-a267-9a170a2799fc,Fri Sep 11 2020 15:34:15 GMT-0500 (CDT),2020-09-11,2020-09-11 15:34:15 UTC,UTC,3512124,hailey-cole,,2020-09-12 03:07:11 UTC,2020-09-12 14:19:14 UTC,research,CC-BY-NC,https://www.inaturalist.org/observations/59284172,https://inaturalist-open-data.s3.amazonaws.com/photos/94716087/medium.jpg,,"",,1,0,false,3,"Iowa, US",41.6173828032,-91.4684828493,118,,,,27754,obscured,open,true,,,Amur Carp,Cyprinus rubrofuscus,Amur Carp,Actinopterygii,187316,,
59381768,548556eb-cfc5-4d9b-bd08-223e5a7cda60,2020-09-12T18:50:18-04:00,2020-09-12,2020-09-12 22:50:18 UTC,UTC,2717387,raistlin306,,2020-09-12 22:50:35 UTC,2024-02-22 04:44:55 UTC,research,CC-BY-NC,https://www.inaturalist.org/observations/59381768,https://inaturalist-open-data.s3.amazonaws.com/photos/94876185/medium.jpeg,,"",,2,0,false,333,Denver,40.2337091906,-76.1406786001,4616,,,,4616,,open,false,,,Amur Carp,Cyprinus rubrofuscus,Amur Carp,Actinopterygii,187316,,
59385230,d0d6fbb9-3975-4e8c-aade-3b77a3fc73ff,Sat Sep 12 2020 18:21:05 GMT-0500 (CDT),2020-09-12,2020-09-12 18:21:05 UTC,UTC,3594025,bryanacosta,Bryan Acosta,2020-09-12 23:21:26 UTC,2020-09-28 19:12:11 UTC,research,,https://www.inaturalist.org/observations/59385230,https://static.inaturalist.org/photos/94886019/medium.jpg,,"",,1,0,false,3,"University of North Texas, Denton, TX, US",33.2141422658,-97.1507205317,65,,,,65,,open,false,,,Amur Carp,Cyprinus rubrofuscus,Amur Carp,Actinopterygii,187316,,
59480290,d44e8f8e-ec04-4f32-9520-822146b77f07,2020-09-13 2:53:13 PM EDT,2020-09-13,2020-09-13 18:53:13 UTC,Eastern Time (US & Canada),335126,jab7168,James A. Boylan,2020-09-13 18:56:09 UTC,2024-02-22 04:43:12 UTC,research,,https://www.inaturalist.org/observations/59480290,https://static.inaturalist.org/photos/95042718/medium.jpeg,,"",,2,0,false,2,"Upper Mt Bethel Township, PA, USA",40.926895,-75.2022719722,,,,,,,open,false,gps,gps,Amur Carp,Cyprinus rubrofuscus,Amur Carp,Actinopterygii,187316,,
59487645,51445e0d-b3e2-423c-9a95-b632174774df,2020-09-13T15:46:42-04:00,2020-09-13,2020-09-13 19:46:42 UTC,UTC,3524463,ruthirs,,2020-09-13 19:46:49 UTC,2024-02-22 04:42:54 UTC,research,CC-BY-NC,https://www.inaturalist.org/observations/59487645,https://inaturalist-open-data.s3.amazonaws.com/photos/95055185/medium.jpeg,,"",,2,0,false,333,Dayton,39.6542189816,-84.2246494578,65,,,,65,,open,false,,,Amur Carp,Cyprinus rubrofuscus,Amur Carp,Actinopterygii,187316,,
59487742,71a4ff25-429d-474f-a959-d95dfd3d17c5,2020-09-13T15:47:23-04:00,2020-09-13,2020-09-13 19:47:23 UTC,UTC,3524463,ruthirs,,2020-09-13 19:47:34 UTC,2024-02-22 04:42:53 UTC,research,CC-BY-NC,https://www.inaturalist.org/observations/59487742,https://inaturalist-open-data.s3.amazonaws.com/photos/95055366/medium.jpeg,,"",,2,0,false,333,Dayton,39.6542189816,-84.2246494578,65,,,,65,,open,false,,,Amur Carp,Cyprinus rubrofuscus,Amur Carp,Actinopterygii,187316,,
59494000,a143fd7a-f7f4-4c5c-a3ba-077b34873d42,2020-09-13T16:28:35-04:00,2020-09-13,2020-09-13 20:28:35 UTC,UTC,3516592,desireegrubbs,,2020-09-13 20:28:44 UTC,2021-09-18 02:53:33 UTC,research,CC-BY-NC,https://www.inaturalist.org/observations/59494000,https://inaturalist-open-data.s3.amazonaws.com/photos/95065169/medium.jpeg,,"",,1,0,false,333,Oxford,39.5138535781,-84.730407449,5,,,,5,,open,false,,,Amur Carp,Cyprinus rubrofuscus,Amur Carp,Actinopterygii,187316,,
59525287,ca308bc4-c208-4008-9d51-3e9951e3619d,Sun Sep 13 2020 19:19:41 GMT-0500 (CDT),2020-09-13,2020-09-13 19:19:41 UTC,UTC,3604411,sloanibanez,Sloan Ibañez,2020-09-14 00:20:06 UTC,2021-06-23 01:57:11 UTC,research,,https://www.inaturalist.org/observations/59525287,https://static.inaturalist.org/photos/95116238/medium.jpg,,"",,1,0,false,3,"Buddy Holly Recreation Area, Lubbock, TX, US",33.6132971906,-101.8752805078,165,,,,165,,open,false,,,Amur Carp,Cyprinus rubrofuscus,Amur Carp,Actinopterygii,187316,,
59611612,71ea690a-ca17-434f-b971-20ee9c12550f,2020/09/14 4:20 PM EDT,2020-09-14,2020-09-14 20:20:00 UTC,Eastern Time (US & Canada),3577355,williamsono,,2020-09-14 20:30:02 UTC,2022-02-19 01:06:22 UTC,research,CC-BY-NC,https://www.inaturalist.org/observations/59611612,https://inaturalist-open-data.s3.amazonaws.com/photos/95257703/medium.png,,"",,1,0,false,,"Watauga County, NC, USA",36.1941825,-81.734942,32895,,,,32895,,open,false,,,Amur Carp,Cyprinus rubrofuscus,Amur Carp,Actinopterygii,187316,,
59841137,4fcef606-db9b-46ef-ade6-bcc1959645d8,Thu Sep 12 2019 12:37:43 GMT-0400 (EDT),2019-09-12,2019-09-12 16:37:43 UTC,Eastern Time (US & Canada),2208665,olive_011,,2020-09-17 01:53:21 UTC,2023-10-23 20:33:13 UTC,research,CC-BY-NC,https://www.inaturalist.org/observations/59841137,https://inaturalist-open-data.s3.amazonaws.com/photos/95647248/medium.jpg,,"",,1,0,false,3,"Westminster College, New Wilmington, PA, US",41.1137888333,-80.3269666667,,,,,,,open,false,,,Amur Carp,Cyprinus rubrofuscus,Amur Carp,Actinopterygii,187316,,
59884301,22e5c074-4cc4-4fd5-9a57-50d26230f80b,2020-09-17T12:25:38-04:00,2020-09-17,2020-09-17 16:25:38 UTC,UTC,3488406,jilliangruber,Jillian Gruber,2020-09-17 16:26:18 UTC,2021-06-16 07:31:05 UTC,research,,https://www.inaturalist.org/observations/59884301,https://static.inaturalist.org/photos/95877503/medium.jpg,,"",,1,0,false,333,Oxford,39.5124540187,-84.7305740555,65,,,,65,,open,false,,,Amur Carp,Cyprinus rubrofuscus,Amur Carp,Actinopterygii,187316,,
59905865,e4740bfe-db6a-4a0b-9a7e-67524c753a25,Thu Sep 17 2020 16:10:53 GMT-0400 (EDT),2020-09-17,2020-09-17 20:10:53 UTC,Eastern Time (US & Canada),3627191,gkrol,,2020-09-17 20:11:04 UTC,2022-02-19 01:06:17 UTC,research,CC-BY-NC,https://www.inaturalist.org/observations/59905865,https://inaturalist-open-data.s3.amazonaws.com/photos/95754708/medium.jpg,,"",,1,0,false,3,"Cedar Beach Park, Allentown, PA, US",40.5942022544,-75.5103874677,43,,,,43,,open,false,,,Amur Carp,Cyprinus rubrofuscus,Amur Carp,Actinopterygii,187316,,
59961864,dbc68133-d96b-497f-96c4-7bb1c08283e1,Thu Sep 17 2020 19:28:26 GMT-0400 (EDT),2020-09-17,2020-09-17 23:28:26 UTC,Eastern Time (US & Canada),3606976,rsowers23,Rebecca Sowers,2020-09-18 13:16:08 UTC,2020-10-28 12:30:06 UTC,research,CC-BY-NC,https://www.inaturalist.org/observations/59961864,https://inaturalist-open-data.s3.amazonaws.com/photos/95847727/medium.jpg,,"",,2,0,false,3,"River Styx Rd, Medina, OH, US",41.0767407981,-81.8036281651,31092,,,,31092,,open,false,,,Amur Carp,Cyprinus rubrofuscus,Amur Carp,Actinopterygii,187316,,
60631841,50473479-5856-4570-b2b4-937acc06f1d7,Mon Sep 21 2020 16:45:33 GMT-0400 (EDT),2020-09-21,2020-09-21 20:45:33 UTC,Eastern Time (US & Canada),3615563,mayacschlesinger,Maya C Schlesinger,2020-09-24 18:17:52 UTC,2022-02-19 01:06:16 UTC,research,,https://www.inaturalist.org/observations/60631841,https://static.inaturalist.org/photos/96965286/medium.jpg,,"",,2,0,false,3,"Cedar Creek Parkway, Allentown, PA, US",40.59217833,-75.514855,5,,,,5,,open,false,,,Amur Carp,Cyprinus rubrofuscus,Amur Carp,Actinopterygii,187316,,
61029957,8c61c8d9-75fc-4c1f-8ac3-6baa0862c190,2020-09-27T18:18:09-04:00,2020-09-27,2020-09-27 22:18:09 UTC,UTC,3506117,nikki_cox,,2020-09-27 22:18:16 UTC,2022-02-19 01:06:14 UTC,research,CC-BY-NC,https://www.inaturalist.org/observations/61029957,https://inaturalist-open-data.s3.amazonaws.com/photos/97619490/medium.jpeg,,"",,1,0,false,333,Oxford,39.5125808711,-84.731511683,65,,,,65,,open,false,,,Amur Carp,Cyprinus rubrofuscus,Amur Carp,Actinopterygii,187316,,
61404101,610506bf-fd3b-44bf-a455-534a7a2d6f60,2020-09-28 7:00:01 PM EDT,2020-09-28,2020-09-28 23:00:01 UTC,Eastern Time (US & Canada),2149459,rando_boyo,"",2020-10-01 17:02:58 UTC,2021-01-13 04:51:40 UTC,research,CC-BY-NC,https://www.inaturalist.org/observations/61404101,https://inaturalist-open-data.s3.amazonaws.com/photos/98256282/medium.jpeg,,"",,1,0,false,2,"Groveton, VA, USA",38.7514416794,-77.1066376939,17,,,,17,,open,false,gps,gps,Amur Carp,Cyprinus rubrofuscus,Amur Carp,Actinopterygii,187316,,
61415721,d57a0a8a-88ac-475a-885b-44b0a46e9e3b,2020-10-01T15:05:48-04:00,2020-10-01,2020-10-01 19:05:48 UTC,UTC,2587683,goldenpeg,,2020-10-01 19:06:22 UTC,2020-12-14 22:14:43 UTC,research,,https://www.inaturalist.org/observations/61415721,https://inaturalist-open-data.s3.amazonaws.com/photos/98276225/medium.jpeg,,"",,2,0,false,333,Trenton,40.2366445513,-74.7189764793,65,,,,65,,open,false,,,Amur Carp,Cyprinus rubrofuscus,Amur Carp,Actinopterygii,187316,,
62160284,a6787fac-768c-4741-a14c-fec6a96e6c20,Tue Oct 06 2020 17:14:12 GMT-0400 (EDT),2020-10-06,2020-10-06 21:14:12 UTC,Eastern Time (US & Canada),3492147,kittygirl12,Emily,2020-10-10 01:08:22 UTC,2020-10-26 18:03:53 UTC,research,CC-BY-NC,https://www.inaturalist.org/observations/62160284,https://inaturalist-open-data.s3.amazonaws.com/photos/99558385/medium.jpg,,"",,2,0,false,3,"King, NC, US",36.2823855041,-80.3697935335,806,,,,806,,open,false,,,Amur Carp,Cyprinus rubrofuscus,Amur Carp,Actinopterygii,187316,,
62669696,303d8d01-80e8-40ed-a593-cdf1dfac360c,2020-10-15 2:18:58 PM PDT,2020-10-15,2020-10-15 21:18:58 UTC,Pacific Time (US & Canada),3543886,randeshsu,Ruby Andes,2020-10-15 21:59:27 UTC,2020-12-07 21:29:37 UTC,research,CC-BY-NC,https://www.inaturalist.org/observations/62669696,https://inaturalist-open-data.s3.amazonaws.com/photos/100450714/medium.jpeg,,"",,2,0,false,2,"Reno, NV 89506, USA",39.5942082926,-119.8660738394,218,,,,218,,open,false,gps,gps,Amur Carp,Cyprinus rubrofuscus,Amur Carp,Actinopterygii,187316,,
63642776,0637158e-51fc-458e-a18e-c57d9069f074,Tue Oct 27 2020 12:23:54 GMT-0400 (EDT),2020-10-27,2020-10-27 16:23:54 UTC,Eastern Time (US & Canada),3515374,addisone,"",2020-10-27 16:24:12 UTC,2022-02-19 01:05:43 UTC,research,CC-BY-NC,https://www.inaturalist.org/observations/63642776,https://inaturalist-open-data.s3.amazonaws.com/photos/102176392/medium.jpg,,"",,2,0,false,3,"Taylor University, Upland, IN, US",40.4535753123,-85.4990489409,6,,,,6,,open,false,,,Amur Carp,Cyprinus rubrofuscus,Amur Carp,Actinopterygii,187316,,
64079711,8850cf98-6e08-42c7-84da-342afd1789b1,Sun Nov 01 2020 15:39:09 GMT-0700 (MST),2020-11-01,2020-11-01 22:39:09 UTC,Mountain Time (US & Canada),1179557,camsha315,,2020-11-03 02:02:32 UTC,2024-06-17 03:40:12 UTC,research,,https://www.inaturalist.org/observations/64079711,https://static.inaturalist.org/photos/102959634/medium.jpg,,"","",3,1,false,3,"W Boathouse Cir, South Jordan, UT, US",40.5604083333,-112.002725,4,,,,4,,open,false,,,Amur Carp,Cyprinus rubrofuscus,Amur Carp,Actinopterygii,187316,,
64134086,499ff4e4-a687-4164-ac5d-e20a188e523c,2020/10/24 1:00 PM EDT,2020-10-24,2020-10-24 17:00:00 UTC,America/New_York,3775191,minarizkalla,,2020-11-03 21:50:15 UTC,2022-05-14 20:49:19 UTC,research,CC-BY-NC,https://www.inaturalist.org/observations/64134086,https://inaturalist-open-data.s3.amazonaws.com/photos/103058203/medium.jpeg,,"",,1,0,false,,"3270 Hylan Blvd, Staten Island, NY 10306, USA",40.5501497,-74.120587,1434,,,,1434,,open,false,,,Amur Carp,Cyprinus rubrofuscus,Amur Carp,Actinopterygii,187316,,
64641749,9cbde6bf-2bc6-4339-88a2-a438762f528f,2015/06/29 2:13 PM CDT,2015-06-29,2015-06-29 19:13:00 UTC,Central Time (US & Canada),63375,rkostecke,Rich Kostecke,2020-11-11 01:56:01 UTC,2020-11-11 13:09:23 UTC,research,CC-BY-NC,https://www.inaturalist.org/observations/64641749,https://inaturalist-open-data.s3.amazonaws.com/photos/103952893/medium.jpg,,"",,2,0,false,,"St. Louis, MO, USA",38.6111575538,-90.2604955926,151,,,,151,,open,false,,,Amur Carp,Cyprinus rubrofuscus,Amur Carp,Actinopterygii,187316,,
65229555,1cbb41b0-8f56-4150-956a-e008387c217b,2020-11-14T14:20:51-05:00,2020-11-14,2020-11-14 19:20:51 UTC,America/New_York,3851546,lec4211,,2020-11-19 19:23:51 UTC,2020-11-19 19:47:01 UTC,research,CC-BY-NC,https://www.inaturalist.org/observations/65229555,https://inaturalist-open-data.s3.amazonaws.com/photos/104952829/medium.jpeg,,"",,2,0,false,333,Wilmington,34.20491167,-77.88598667,,,,,,,open,false,,,Amur Carp,Cyprinus rubrofuscus,Amur Carp,Actinopterygii,187316,,
65253414,a4aff8b4-307f-4ab7-ac69-24cd4884bea6,2018-03-12T10:02:16-07:00,2018-03-12,2018-03-12 17:02:16 UTC,Pacific Time (US & Canada),3850369,spuradic,"",2020-11-20 02:31:15 UTC,2023-01-09 01:05:45 UTC,research,CC-BY-NC,https://www.inaturalist.org/observations/65253414,https://inaturalist-open-data.s3.amazonaws.com/photos/104992520/medium.jpeg,,"",,2,0,false,333,San Clemente,33.4285403763,-117.6166304769,6592,,,,6592,,open,false,,,Amur Carp,Cyprinus rubrofuscus,Amur Carp,Actinopterygii,187316,,
65360815,62624629-ec88-4c5d-8b93-7ad53a8a3936,2020-11-21 2:24:00 PM CST,2020-11-21,2020-11-21 14:24:00 UTC,UTC,3530856,lashawnhicks,LaShawn Hicks,2020-11-21 22:11:28 UTC,2020-11-22 13:57:49 UTC,research,,https://www.inaturalist.org/observations/65360815,https://static.inaturalist.org/photos/105184796/medium.jpeg,,"",,3,0,false,2,United States,34.8035147778,-86.9670536944,,,,,,,open,false,gps,gps,Amur Carp,Cyprinus rubrofuscus,Amur Carp,Actinopterygii,187316,,
65365210,ecf347c0-ec67-4565-a9d8-7bb59d4e76a5,2020-11-21 2:23:00 PM CST,2020-11-21,2020-11-21 14:23:00 UTC,UTC,3530856,lashawnhicks,LaShawn Hicks,2020-11-21 23:14:40 UTC,2022-05-10 04:42:59 UTC,research,,https://www.inaturalist.org/observations/65365210,https://static.inaturalist.org/photos/105192732/medium.jpeg,,"",,3,0,false,2,"Athens, AL, USA",34.8034296944,-86.9669742222,,,,,,,open,false,gps,gps,Amur Carp,Cyprinus rubrofuscus,Amur Carp,Actinopterygii,187316,,
65643055,ecf9c299-e66d-4325-948d-fd649ab786e7,Fri Nov 20 2020 17:36:12 GMT-0700 (MST),2020-11-20,2020-11-21 00:36:12 UTC,Arizona,264009,ck2az,CK2AZ,2020-11-26 16:49:06 UTC,2020-11-28 07:49:55 UTC,research,CC-BY,https://www.inaturalist.org/observations/65643055,https://inaturalist-open-data.s3.amazonaws.com/photos/105689565/medium.jpg,,"","",2,0,false,3,"Lincoln National Forest, Cloudcroft, NM, US",32.9504401323,-105.7421169183,22,,,,22,,open,false,,,Amur Carp,Cyprinus rubrofuscus,Amur Carp,Actinopterygii,187316,,
65785759,8d8cf208-81f6-41d6-b4dd-585ba5e8dd9f,2020-11-28 4:49:38 PM PST,2020-11-28,2020-11-28 16:49:38 UTC,UTC,2363616,pinju,Vinayak Vikram,2020-11-29 00:53:59 UTC,2022-05-13 23:48:45 UTC,research,CC-BY-NC,https://www.inaturalist.org/observations/65785759,https://inaturalist-open-data.s3.amazonaws.com/photos/105942138/medium.jpeg,,"",,1,0,false,2,"Cupertino, CA, USA",37.3301453376,-122.0804013312,16,,,,16,,open,false,gps,gps,Amur Carp,Cyprinus rubrofuscus,Amur Carp,Actinopterygii,187316,,
66575126,29c4daf3-7ae6-4fb3-b713-ca1ce57b118e,Tue Jul 30 2019 14:56:41 GMT-0400 (EDT),2019-07-30,2019-07-30 18:56:41 UTC,Eastern Time (US & Canada),2524167,kaiju_dino10,Kaiju,2020-12-14 16:56:32 UTC,2022-12-06 20:11:11 UTC,research,CC-BY-NC,https://www.inaturalist.org/observations/66575126,https://inaturalist-open-data.s3.amazonaws.com/photos/107353631/medium.jpg,,"","",4,0,false,3,"Fair Lakes Cir, Fairfax, VA, US",38.860425,-77.3799583333,5,,,,5,,open,false,,,Amur Carp,Cyprinus rubrofuscus,Amur Carp,Actinopterygii,187316,,
66902574,a1837498-856f-4c31-bd16-c3207a9cadb6,2018-11-11 3:05:18 PM EST,2018-11-11,2018-11-11 20:05:18 UTC,Eastern Time (US & Canada),3396054,goldeaglekroll,Gold eagle Kroll,2020-12-22 02:19:57 UTC,2023-07-08 01:52:08 UTC,research,CC-BY,https://www.inaturalist.org/observations/66902574,https://inaturalist-open-data.s3.amazonaws.com/photos/107959279/medium.jpeg,,"",,2,0,false,2,"Norfolk, VA 23518, USA",36.9026870556,-76.2022781111,,,,,,,open,false,gps,gps,Amur Carp,Cyprinus rubrofuscus,Amur Carp,Actinopterygii,187316,,
67010336,f80d5031-70be-46f3-a5ec-c8d4e7a00c05,Tue Apr 21 2020 11:55:05 GMT-0400 (EDT),2020-04-21,2020-04-21 15:55:05 UTC,Eastern Time (US & Canada),2953740,baltimorefishing1,,2020-12-24 16:51:31 UTC,2024-02-09 19:33:52 UTC,research,CC-BY-NC,https://www.inaturalist.org/observations/67010336,https://inaturalist-open-data.s3.amazonaws.com/photos/108160222/medium.jpg,,"","",3,0,false,3,"Queenstown Park, Severn, MD, US",39.1525231398,-76.6620593333,500,,,,500,,open,false,,,Amur Carp,Cyprinus rubrofuscus,Amur Carp,Actinopterygii,187316,,
67107708,b47b3935-4eea-4d3e-899b-adad00067fda,2020/12/24 8:21 AM PST,2020-12-24,2020-12-24 16:21:00 UTC,Pacific Time (US & Canada),26610,anudibranchmom,Robin Gwen Agarwal,2020-12-26 22:58:41 UTC,2020-12-27 13:36:02 UTC,research,CC-BY-NC,https://www.inaturalist.org/observations/67107708,https://inaturalist-open-data.s3.amazonaws.com/photos/108338793/medium.jpg,,"","About 18 inches long, in creek (invasive, obviously). ",1,0,false,,"Downtown, Campbell, CA 95008, USA",37.2856516667,-121.9385383333,,,,,,,open,false,,,Amur Carp,Cyprinus rubrofuscus,Amur Carp,Actinopterygii,187316,,
67455310,1bcad71d-e09c-4ab6-a023-638a75353212,2020-07-10 14:33:31,2020-07-10,2020-07-10 18:33:31 UTC,Eastern Time (US & Canada),812654,salamanderdance,"",2021-01-02 13:52:44 UTC,2024-02-11 00:18:37 UTC,research,CC-BY-NC,https://www.inaturalist.org/observations/67455310,https://static.inaturalist.org/photos/108988838/medium.jpg,,"wolf run, nature, fish, carp, water, reservoir, animal, koi, goldfish, Magic Carp","",2,0,false,,wolf run marina,41.855733,-78.946963,,,,,,,open,false,,manual,Amur Carp,Cyprinus rubrofuscus,Amur Carp,Actinopterygii,187316,,
67540539,417a4437-1d7a-4aa3-b217-f88a74a5d8fa,Sun Jan 03 2021 16:57:43 GMT-0600 (CST),2021-01-03,2021-01-03 16:57:43 UTC,UTC,3901610,vflores26,,2021-01-03 22:58:00 UTC,2021-01-05 19:24:50 UTC,research,CC-BY-NC,https://www.inaturalist.org/observations/67540539,https://inaturalist-open-data.s3.amazonaws.com/photos/109145412/medium.jpg,,"","",3,0,false,3,"Bass Pro Dr, Harlingen, TX, US",26.1918018135,-97.7212777245,10,,,,10,,open,false,,,Amur Carp,Cyprinus rubrofuscus,Amur Carp,Actinopterygii,187316,,
68315054,683fef5d-308a-44e4-a4e5-4df0c6ff65fe,Mon Jan 18 2021 14:36:45 GMT-0800 (PST),2021-01-18,2021-01-18 22:36:45 UTC,Pacific Time (US & Canada),146986,alligatorlizard,Ella,2021-01-19 05:55:16 UTC,2021-01-19 13:02:13 UTC,research,CC-BY-NC,https://www.inaturalist.org/observations/68315054,https://inaturalist-open-data.s3.amazonaws.com/photos/110585953/medium.jpg,,"","",1,0,false,3,"Upper Franklin Canyon Reservoir, Los Angeles, CA, US",34.1204086686,-118.4114766941,22,,,,22,,open,false,,,Amur Carp,Cyprinus rubrofuscus,Amur Carp,Actinopterygii,187316,,
70241198,674fd39d-874c-446c-abf1-a12ad6226564,2021/01/27 2:07 AM CST,2021-01-27,2021-01-27 08:07:00 UTC,Central Time (US & Canada),971468,georgenaturephotos,"",2021-02-27 08:15:26 UTC,2023-08-04 07:55:54 UTC,research,CC-BY-NC,https://www.inaturalist.org/observations/70241198,https://inaturalist-open-data.s3.amazonaws.com/photos/114146762/medium.jpeg,,Peckham Park,,2,0,false,,"5597 Gardenia Ln, Katy, TX 77493, USA",29.8044709,-95.8197892,184,,,,184,,open,false,,,Amur Carp,Cyprinus rubrofuscus,Amur Carp,Actinopterygii,187316,,
71254262,e9a30c22-e23c-4c63-970b-f8b280c01403,Sun Mar 14 2021 12:32:54 GMT-0400 (EDT),2021-03-14,2021-03-14 16:32:54 UTC,Eastern Time (US & Canada),2059103,cdando,,2021-03-14 22:24:05 UTC,2021-04-05 11:29:59 UTC,research,CC-BY-NC,https://www.inaturalist.org/observations/71254262,https://inaturalist-open-data.s3.amazonaws.com/photos/115978420/medium.jpg,,"","",2,0,false,3,"Ohiopyle State Park, Mill Run, PA, US",39.86207,-79.4940633333,28,,,,28,,open,false,,,Amur Carp,Cyprinus rubrofuscus,Amur Carp,Actinopterygii,187316,,
72042686,b28f0e0a-c057-4889-bc2f-8887044cdf9e,Thu Mar 25 2021 14:08:05 GMT-0700 (PDT),2021-03-25,2021-03-25 21:08:05 UTC,Pacific Time (US & Canada),3932120,adenwalsey,,2021-03-25 21:17:36 UTC,2021-03-29 19:33:59 UTC,research,CC-BY-NC,https://www.inaturalist.org/observations/72042686,https://inaturalist-open-data.s3.amazonaws.com/photos/117537257/medium.jpg,,"","",1,0,false,3,"Sharon Park, Menlo Park, CA, US",37.4242581511,-122.2092198637,9,,,,9,,open,false,,,Amur Carp,Cyprinus rubrofuscus,Amur Carp,Actinopterygii,187316,,
72326192,47816977-3836-4a24-bbb2-cfd65a119e83,2021/03/28 8:34 PM EDT,2021-03-28,2021-03-29 00:34:00 UTC,Eastern Time (US & Canada),2497955,coco212,Jamie Simancas,2021-03-29 01:01:06 UTC,2024-01-23 04:57:43 UTC,research,CC-BY-NC,https://www.inaturalist.org/observations/72326192,https://inaturalist-open-data.s3.amazonaws.com/photos/117898092/medium.png,,lifelist,Amur carp are the only carp species at Triad Park.,1,0,false,,"Colfax, NC, USA",36.1165703037,-80.0276086676,31,,,,31,,open,false,,,Amur Carp,Cyprinus rubrofuscus,Amur Carp,Actinopterygii,187316,,
72350844,05a0039e-5c9f-470e-80d4-eda9f044a06f,Sat Oct 10 2020 10:09:02 GMT-0400 (EDT),2020-10-10,2020-10-10 14:09:02 UTC,Eastern Time (US & Canada),3872942,nicholas_pellegrini,Nicholas Pellegrini,2021-03-29 10:01:36 UTC,2021-03-30 15:32:54 UTC,research,,https://www.inaturalist.org/observations/72350844,https://static.inaturalist.org/photos/117948141/medium.jpg,,"","",4,0,false,3,"Woodhams Ave, Portage, MI, US",42.1660219615,-85.5424771441,283,,,,283,,open,false,,,Amur Carp,Cyprinus rubrofuscus,Amur Carp,Actinopterygii,187316,,
72537340,d7e3b2ef-b11a-487e-9830-1bce4b88b15c,Tue Mar 30 2021 16:24:26 GMT-0400 (EDT),2021-03-30,2021-03-30 20:24:26 UTC,Eastern Time (US & Canada),3979301,daphnetjan,,2021-03-31 16:38:12 UTC,2022-03-08 16:52:56 UTC,research,CC-BY-NC,https://www.inaturalist.org/observations/72537340,https://inaturalist-open-data.s3.amazonaws.com/photos/118413452/medium.jpg,,"","",3,0,false,3,"Stone Mountain Trail, Chester, NY, US",41.3168884873,-74.3102445338,65,,,,65,,open,false,,,Amur Carp,Cyprinus rubrofuscus,Amur Carp,Actinopterygii,187316,,
73051637,aa7e4655-c83e-430f-8ffd-d4905b9b9659,2021/04/05 10:49 AM MDT,2021-04-05,2021-04-05 16:49:00 UTC,Mountain Time (US & Canada),1668014,zacsf,,2021-04-05 21:33:21 UTC,2021-04-06 13:59:58 UTC,research,CC-BY-NC,https://www.inaturalist.org/observations/73051637,https://inaturalist-open-data.s3.amazonaws.com/photos/119212691/medium.jpeg,,"",,2,0,false,,"La Cienega, NM 87507, USA",35.5678776509,-106.1074955051,15,,,,15,,open,false,,,Amur Carp,Cyprinus rubrofuscus,Amur Carp,Actinopterygii,187316,,
73216836,cda39538-f2d1-45e5-8d25-b2fd1d118bc3,Wed Apr 07 2021 10:17:45 GMT -0500 (CDT),2021-04-07,2021-04-07 10:17:45 UTC,UTC,3462616,vogelbild,,2021-04-07 18:13:52 UTC,2022-12-21 01:44:42 UTC,research,CC-BY-NC,https://www.inaturalist.org/observations/73216836,https://inaturalist-open-data.s3.amazonaws.com/photos/119510295/medium.jpeg,,"",,2,0,false,333,Downers Grove,41.8299446106,-88.0518493652,81,,,,81,,open,false,,,Amur Carp,Cyprinus rubrofuscus,Amur Carp,Actinopterygii,187316,,
73304860,8b89dec2-8c07-4c9c-a0b1-5e7d6bcda4b4,2021/04/07 7:30 AM UTC,2021-04-07,2021-04-07 07:30:00 UTC,UTC,3716041,jim668,Jim Dobbins,2021-04-08 15:20:49 UTC,2022-02-19 01:05:28 UTC,research,,https://www.inaturalist.org/observations/73304860,https://static.inaturalist.org/photos/119657932/medium.jpeg,,"",,1,0,false,,"Garland, TX, USA",32.9657029719,-96.6207844862,59,,,,59,,open,false,,,Amur Carp,Cyprinus rubrofuscus,Amur Carp,Actinopterygii,187316,,
73310662,be9b860d-2bca-4eeb-80c1-c159bfe5c853,2021/04/01 1:56 PM PDT,2021-04-01,2021-04-01 20:56:00 UTC,Pacific Time (US & Canada),72329,jlboone2,Jim Boone,2021-04-08 16:32:01 UTC,2021-04-13 05:41:07 UTC,research,CC-BY-NC,https://www.inaturalist.org/observations/73310662,https://inaturalist-open-data.s3.amazonaws.com/photos/119667288/medium.jpg,,"",RX10_08888,2,0,false,,"Las Vegas, NV, USA",36.102885,-115.025553,3,,,,3,,open,false,,,Amur Carp,Cyprinus rubrofuscus,Amur Carp,Actinopterygii,187316,,
73414592,9cbf89f6-1e54-49c1-a9bc-c953d51217da,2021/04/09 10:39 AM EDT,2021-04-09,2021-04-09 14:39:00 UTC,Eastern Time (US & Canada),3960605,wpmoore,,2021-04-09 18:57:25 UTC,2022-02-19 01:11:41 UTC,research,CC-BY-NC,https://www.inaturalist.org/observations/73414592,https://inaturalist-open-data.s3.amazonaws.com/photos/119838423/medium.jpg,,"",Central Park,1,0,false,,"Ashland, KY, USA",38.4784144,-82.6379387,3543,,,,3543,,open,false,,,Amur Carp,Cyprinus rubrofuscus,Amur Carp,Actinopterygii,187316,,
73416973,b891004c-c529-4f25-bf1e-3501806b86bc,2021/04/03 1:36 PM EDT,2021-04-03,2021-04-03 17:36:00 UTC,Eastern Time (US & Canada),3745892,radbackedsalamander,Alex Karasoulos,2021-04-09 19:22:14 UTC,2022-02-11 04:14:11 UTC,research,CC0,https://www.inaturalist.org/observations/73416973,https://inaturalist-open-data.s3.amazonaws.com/photos/119839864/medium.jpg,,"","Koi started to appear here last year, first time I spotted one was in July 2020. They usually travel in groups of 2-5.",1,0,false,,"Winchester, MA 01890, USA",42.4644556709,-71.1300196151,4,,,,4,,open,false,,,Amur Carp,Cyprinus rubrofuscus,Amur Carp,Actinopterygii,187316,,
73504674,c4fc8e3c-7b9a-4170-9b6a-ab58fa1bd7b8,Sat Apr 10 2021 11:33:29 GMT-0400 (EDT),2021-04-10,2021-04-10 15:33:29 UTC,Eastern Time (US & Canada),4083938,comcafee,,2021-04-10 16:30:42 UTC,2021-04-11 20:17:44 UTC,research,CC-BY-NC,https://www.inaturalist.org/observations/73504674,https://inaturalist-open-data.s3.amazonaws.com/photos/120011228/medium.jpg,,"","",1,0,false,3,"Brinson Ln, Beulaville, NC, US",34.9335416667,-77.6491866667,14,,,,14,,open,false,,,Amur Carp,Cyprinus rubrofuscus,Amur Carp,Actinopterygii,187316,,
73645779,8884f051-cead-4cb0-9700-08df9b449d08,Sun Apr 11 2021 14:17:06 GMT-0400 (EDT),2021-04-11,2021-04-11 18:17:06 UTC,Eastern Time (US & Canada),3185139,dkaff,D. Kaffenberger,2021-04-11 18:19:48 UTC,2024-05-19 01:01:31 UTC,research,CC-BY-NC,https://www.inaturalist.org/observations/73645779,https://inaturalist-open-data.s3.amazonaws.com/photos/120258724/medium.jpg,,"","",3,0,false,3,"Porter Reservoir, Manchester, CT, US",41.7749137246,-72.4846908265,5,,,,5,,open,false,,,Amur Carp,Cyprinus rubrofuscus,Amur Carp,Actinopterygii,187316,,
73687666,222d4778-1b0f-40f6-b808-685dee61f3e4,2021/04/11 3:47 AM UTC,2021-04-11,2021-04-11 03:47:00 UTC,UTC,3716041,jim668,Jim Dobbins,2021-04-11 23:41:26 UTC,2021-06-23 01:46:17 UTC,research,,https://www.inaturalist.org/observations/73687666,https://static.inaturalist.org/photos/120330872/medium.jpeg,,"",,2,0,false,,"Garland, TX, USA",32.9650458633,-96.625183309,27,,,,27,,open,false,,,Amur Carp,Cyprinus rubrofuscus,Amur Carp,Actinopterygii,187316,,
73698594,1650db39-97a1-487d-afe2-679128ad539c,2021/04/11 2:20 PM HST,2021-04-11,2021-04-12 00:20:00 UTC,Hawaii,2745634,kaivictor,Kai Victor,2021-04-12 01:18:29 UTC,2024-02-08 05:02:13 UTC,research,CC-BY-NC,https://www.inaturalist.org/observations/73698594,https://inaturalist-open-data.s3.amazonaws.com/photos/120349997/medium.jpeg,,"","Fishing with corn at a private pond. Fish seem to have been released at some point. All three were fat with eggs. 21.5, 20, and 22"".",2,0,false,,"New York, US",42.4434814225,-76.5327034236,17052,,,,27630,obscured,open,true,,,Amur Carp,Cyprinus rubrofuscus,Amur Carp,Actinopterygii,187316,,
73861695,6fecfe4a-ef9a-480e-b5a9-1d080306972c,Tue Apr 13 2021 13:07:28 GMT-0500 (CDT),2021-04-13,2021-04-13 13:07:28 UTC,UTC,3980039,colestrange,,2021-04-13 18:08:23 UTC,2024-05-26 17:06:29 UTC,research,CC-BY-NC,https://www.inaturalist.org/observations/73861695,https://inaturalist-open-data.s3.amazonaws.com/photos/120648015/medium.jpg,,"","",2,0,false,3,"Grove, OK, US",36.5990118965,-94.7707583507,3686,,,,3686,,open,false,,,Amur Carp,Cyprinus rubrofuscus,Amur Carp,Actinopterygii,187316,,
74149522,790d9def-47b9-4bbe-b941-7a7240daa6ea,2019/01/14 11:52 AM CST,2019-01-14,2019-01-14 17:52:00 UTC,Central Time (US & Canada),4218778,kellenstrick,,2021-04-16 16:18:51 UTC,2021-04-16 19:14:43 UTC,research,CC-BY-NC,https://www.inaturalist.org/observations/74149522,https://inaturalist-open-data.s3.amazonaws.com/photos/121153325/medium.jpeg,,"",,1,0,false,,"University, Blacksburg, VA, USA",37.2252747768,-80.4284017411,4,,,,4,,open,false,,,Amur Carp,Cyprinus rubrofuscus,Amur Carp,Actinopterygii,187316,,
74191640,877a8c40-2d08-4ccd-ba85-c1b8c7ce868d,Fri Apr 16 2021 19:45:03 GMT-0400 (EDT),2021-04-16,2021-04-16 23:45:03 UTC,Eastern Time (US & Canada),356154,thedrw,David Weisenbeck,2021-04-17 00:06:15 UTC,2021-10-25 02:41:48 UTC,research,CC-BY,https://www.inaturalist.org/observations/74191640,https://inaturalist-open-data.s3.amazonaws.com/photos/121227902/medium.jpg,,"","",1,0,false,3,"Harrisonburg County, US-VA, US",38.4291533333,-78.861655,14,,,,14,,open,false,,,Amur Carp,Cyprinus rubrofuscus,Amur Carp,Actinopterygii,187316,,
74284893,4273dcd3-396a-47ca-b8f6-2e7b4fa0a870,Sat Apr 17 2021 13:28:37 GMT-0700 (PDT),2021-04-17,2021-04-17 20:28:37 UTC,Pacific Time (US & Canada),4193326,charlizemikal,,2021-04-17 20:28:40 UTC,2021-04-18 11:37:19 UTC,research,,https://www.inaturalist.org/observations/74284893,https://static.inaturalist.org/photos/121388115/medium.jpg,,"","",2,0,false,3,"Refugio Valley Park, Hercules, CA, US",38.0084901289,-122.2684186376,7,,,,7,,open,false,,,Amur Carp,Cyprinus rubrofuscus,Amur Carp,Actinopterygii,187316,,
74284966,68735587-d301-4166-be15-87b2248a4beb,Sat Apr 17 2021 13:28:53 GMT-0700 (PDT),2021-04-17,2021-04-17 20:28:53 UTC,Pacific Time (US & Canada),4193326,charlizemikal,,2021-04-17 20:29:08 UTC,2021-04-18 11:37:15 UTC,research,,https://www.inaturalist.org/observations/74284966,https://static.inaturalist.org/photos/121388226/medium.jpg,,"","",2,0,false,3,"Refugio Valley Park, Hercules, CA, US",38.0084246627,-122.2685563483,7,,,,7,,open,false,,,Amur Carp,Cyprinus rubrofuscus,Amur Carp,Actinopterygii,187316,,
74284996,0ad9b14d-7113-4dd7-b3bb-3f8e0311ad80,Sat Apr 17 2021 13:28:43 GMT-0700 (PDT),2021-04-17,2021-04-17 20:28:43 UTC,Pacific Time (US & Canada),4238850,mya_cortes_lagdamen,Mya Cortes-lagdamen,2021-04-17 20:29:24 UTC,2021-06-10 16:59:26 UTC,research,,https://www.inaturalist.org/observations/74284996,https://static.inaturalist.org/photos/121388280/medium.jpg,,"","",3,1,false,3,"Refugio Valley Park, Hercules, CA, US",38.0084471964,-122.2685846967,4,,,,4,,open,false,,,Amur Carp,Cyprinus rubrofuscus,Amur Carp,Actinopterygii,187316,,
74421265,70eaf8cd-73d2-4f2c-9a98-51b4e99aa7f9,Sun Apr 18 2021 12:58:18 GMT -0700 (PDT),2021-04-18,2021-04-18 19:58:18 UTC,Pacific Time (US & Canada),4040231,mtinoco,Miriam Tinoco,2021-04-18 19:58:31 UTC,2021-04-19 18:30:59 UTC,research,CC-BY-NC,https://www.inaturalist.org/observations/74421265,https://inaturalist-open-data.s3.amazonaws.com/photos/121626971/medium.jpeg,,"",,1,0,false,333,San Francisco,37.7704124451,-122.4697723389,47,,,,47,,open,false,,,Amur Carp,Cyprinus rubrofuscus,Amur Carp,Actinopterygii,187316,,
74666775,abe96cf9-0cbb-4aa4-86a5-375e00a57723,Tue Apr 20 2021 15:55:52 GMT -0400 (EDT),2021-04-20,2021-04-20 19:55:52 UTC,Eastern Time (US & Canada),4166574,maf23185,,2021-04-20 19:56:08 UTC,2022-02-19 01:05:21 UTC,research,CC-BY-NC,https://www.inaturalist.org/observations/74666775,https://inaturalist-open-data.s3.amazonaws.com/photos/122060602/medium.jpeg,,"",,1,0,false,333,Burke,38.7999992371,-77.2699966431,90,,,,90,,open,false,,,Amur Carp,Cyprinus rubrofuscus,Amur Carp,Actinopterygii,187316,,
74677253,755cf35b-8f66-405c-b99b-bf3d2edb665a,Tue Apr 20 2021 12:15:53 GMT-0600 (MDT),2021-04-20,2021-04-20 18:15:53 UTC,Mountain Time (US & Canada),4058395,jessenializbethm,,2021-04-20 21:44:10 UTC,2024-06-16 20:37:48 UTC,research,CC-BY-NC,https://www.inaturalist.org/observations/74677253,https://inaturalist-open-data.s3.amazonaws.com/photos/122078204/medium.jpg,,"",Very large neon in lake ,2,0,false,3,"S Kestrel Rise Rd, South Jordan, UT, US",40.5529166667,-112.00698055,4,,,,4,,open,false,,,Amur Carp,Cyprinus rubrofuscus,Amur Carp,Actinopterygii,187316,,
74765824,f54971b3-e9cc-4509-a50b-ac391b229984,Wed Apr 21 2021 03:23:19 GMT-0500 (CDT),2021-04-21,2021-04-21 03:23:19 UTC,UTC,4261267,chelsealovell,,2021-04-21 19:59:30 UTC,2022-02-19 01:05:22 UTC,research,CC-BY-NC,https://www.inaturalist.org/observations/74765824,https://inaturalist-open-data.s3.amazonaws.com/photos/122237356/medium.jpg,,"","",1,0,false,3,"Iowa, US",41.968543922,-91.5569719915,4,,,,27723,obscured,open,true,,,Amur Carp,Cyprinus rubrofuscus,Amur Carp,Actinopterygii,187316,,
75008005,650b3547-bca0-4e86-8f4c-40e884016bca,Sun Apr 04 2021 14:32:26 GMT-0500 (CDT),2021-04-04,2021-04-04 14:32:26 UTC,UTC,4219230,wrango21,,2021-04-24 04:33:40 UTC,2022-02-19 01:04:57 UTC,research,CC-BY-NC,https://www.inaturalist.org/observations/75008005,https://inaturalist-open-data.s3.amazonaws.com/photos/122662915/medium.jpg,,"","",2,0,false,3,"Woodcrest Way, Grove, OK, US",36.58452,-94.785295,5,,,,5,,open,false,,,Amur Carp,Cyprinus rubrofuscus,Amur Carp,Actinopterygii,187316,,
75025683,e1e4a4b9-b867-47b6-92d8-99e37d259539,Sat Apr 24 2021 07:54:18 GMT -0400 (EDT),2021-04-24,2021-04-24 11:54:18 UTC,Eastern Time (US & Canada),4117010,jorraca,,2021-04-24 11:54:38 UTC,2021-04-24 16:47:28 UTC,research,CC-BY-NC,https://www.inaturalist.org/observations/75025683,https://inaturalist-open-data.s3.amazonaws.com/photos/122694227/medium.jpeg,,"",,1,0,false,333,Wilmington,34.155796051,-77.9312057495,2099,,,,2099,,open,false,,,Amur Carp,Cyprinus rubrofuscus,Amur Carp,Actinopterygii,187316,,
75037808,d72510f3-fabf-4cf7-9e7b-3617f0888e89,Sat Apr 24 2021 10:24:21 GMT-0400 (EDT),2021-04-24,2021-04-24 14:24:21 UTC,Eastern Time (US & Canada),4032380,kaitlynvanwinkle,,2021-04-24 14:24:24 UTC,2025-04-11 00:26:24 UTC,research,CC-BY-NC,https://www.inaturalist.org/observations/75037808,https://inaturalist-open-data.s3.amazonaws.com/photos/122715490/medium.jpg,,"","",2,0,false,3,"Birdie Ln, Mentor, OH, US",41.7138526238,-81.3153649598,65,,,,65,,open,false,,,Amur Carp,Cyprinus rubrofuscus,Amur Carp,Actinopterygii,187316,,
75240624,a1051fc7-5a6d-417a-8bf6-514abf47ec07,2021-04-25 3:17:44 PM CDT,2021-04-25,2021-04-25 15:17:44 UTC,UTC,3100908,daltonlawing,Dalton Lawing,2021-04-25 22:05:30 UTC,2021-06-23 01:42:51 UTC,research,,https://www.inaturalist.org/observations/75240624,https://static.inaturalist.org/photos/123063799/medium.jpeg,,"",Found in a freshwater pond in shallow water by a group of turtles. ,3,0,false,2,"Pantego, TX 76015, USA",32.6793461203,-97.145867832,179,,,,179,,open,false,gps,gps,Amur Carp,Cyprinus rubrofuscus,Amur Carp,Actinopterygii,187316,,
75332352,1cf0b5be-80c6-463e-a32c-f8a53ecc5240,Sun Apr 25 2021 12:41:37 GMT-0500 (CDT),2021-04-25,2021-04-25 17:41:37 UTC,Central Time (US & Canada),4283444,bep876,,2021-04-26 17:46:09 UTC,2021-06-23 01:42:35 UTC,research,CC-BY-NC,https://www.inaturalist.org/observations/75332352,https://inaturalist-open-data.s3.amazonaws.com/photos/123229096/medium.jpg,,"","",3,0,false,3,"Travis County, US-TX, US",30.3128407274,-97.7710112208,65,,,,65,,open,false,,,Amur Carp,Cyprinus rubrofuscus,Amur Carp,Actinopterygii,187316,,
75497904,c0d330d5-2daa-489b-b0c1-870d9b5e7eb5,2021/04/27 8:07 AM UTC,2021-04-27,2021-04-27 08:07:00 UTC,UTC,3636192,dnedbals,"",2021-04-28 01:24:50 UTC,2021-04-28 04:15:18 UTC,research,CC-BY-NC,https://www.inaturalist.org/observations/75497904,https://inaturalist-open-data.s3.amazonaws.com/photos/123524604/medium.jpg,,"","",1,0,false,,"Massapequa, NY, USA",40.6683777146,-73.4683396308,15,,,,15,,open,false,,,Amur Carp,Cyprinus rubrofuscus,Amur Carp,Actinopterygii,187316,,
75589724,c0cdadbe-5941-4b0f-bfaf-cfdafedc4119,Wed Apr 28 2021 17:38:56 GMT-0400 (EDT),2021-04-28,2021-04-28 21:38:56 UTC,Eastern Time (US & Canada),593700,joef80,Joseph Felts,2021-04-28 21:52:43 UTC,2022-08-18 00:10:48 UTC,research,CC-BY,https://www.inaturalist.org/observations/75589724,https://inaturalist-open-data.s3.amazonaws.com/photos/123684970/medium.jpg,,"","",1,0,false,3,"Brighton Pl, Greensboro, NC, US",36.1354138333,-79.850045,4,,,,4,,open,false,,,Amur Carp,Cyprinus rubrofuscus,Amur Carp,Actinopterygii,187316,,
75709404,1d79f44b-d141-43c5-ad47-01cf21710cf4,Thu Apr 29 2021 19:03:30 GMT-0400 (EDT),2021-04-29,2021-04-29 23:03:30 UTC,Eastern Time (US & Canada),2502362,tesgeorge,George,2021-04-29 23:05:29 UTC,2022-03-23 19:06:29 UTC,research,CC-BY-NC,https://www.inaturalist.org/observations/75709404,https://inaturalist-open-data.s3.amazonaws.com/photos/123892768/medium.jpg,,"",Small released population that has been living in this pond for at least 15 years,1,0,false,3,"Flat Rock Brook, Englewood, NJ, US",40.8731989753,-73.9679032453,8,,,,8,,open,false,,,Amur Carp,Cyprinus rubrofuscus,Amur Carp,Actinopterygii,187316,,
75880846,60daabc9-303a-4e88-b6b6-38b0966416b5,Fri Apr 30 2021 13:55:40 GMT -0400 (EDT),2021-04-30,2021-04-30 17:55:40 UTC,Eastern Time (US & Canada),4300284,tdziwlik,Thomas Dziwlik,2021-04-30 17:55:49 UTC,2024-02-07 05:24:27 UTC,research,CC-BY-NC,https://www.inaturalist.org/observations/75880846,https://inaturalist-open-data.s3.amazonaws.com/photos/124160368/medium.jpeg,,"",,2,0,false,333,Indianapolis,39.8404083252,-86.1713638306,65,,,,65,,open,false,,,Amur Carp,Cyprinus rubrofuscus,Amur Carp,Actinopterygii,187316,,
76407329,c64cd025-3816-43b9-812b-f63e5ac06108,Fri Apr 30 2021 10:38:09 GMT-0700 (PDT),2021-04-30,2021-04-30 17:38:09 UTC,Pacific Time (US & Canada),2870985,madisonscott2025,Madison Scott - 2025,2021-05-02 03:25:53 UTC,2022-02-19 01:10:02 UTC,research,,https://www.inaturalist.org/observations/76407329,https://static.inaturalist.org/photos/124990233/medium.jpg,,"","",1,0,false,3,"Upper Franklin Canyon Reservoir, Los Angeles, CA, US",34.1203528333,-118.411775,6,,,,6,,open,false,,,Amur Carp,Cyprinus rubrofuscus,Amur Carp,Actinopterygii,187316,,
76716392,babe9fcb-676c-4e87-9f98-2e47a3a8dac9,Sun May 02 2021 14:46:14 GMT-0700 (PDT),2021-05-02,2021-05-02 21:46:14 UTC,Pacific Time (US & Canada),2795667,vanessabulkacz,1vanessab,2021-05-02 22:06:33 UTC,2022-09-26 11:14:43 UTC,research,CC-BY-NC,https://www.inaturalist.org/observations/76716392,https://inaturalist-open-data.s3.amazonaws.com/photos/125472041/medium.jpg,,"",,1,0,false,3,"Upper Franklin Canyon Reservoir, Los Angeles, CA, US",34.1202923656,-118.411667375,5,,,,5,,open,false,,,Amur Carp,Cyprinus rubrofuscus,Amur Carp,Actinopterygii,187316,,
76781776,dd3dc7c8-54f8-459a-a250-99f8253105fb,Sun May 02 2021 18:18:40 GMT -0700 (PDT),2021-05-02,2021-05-03 01:18:40 UTC,Pacific Time (US & Canada),727,sfederman,Scot,2021-05-03 01:18:44 UTC,2021-05-03 12:41:42 UTC,research,,https://www.inaturalist.org/observations/76781776,https://static.inaturalist.org/photos/125577523/medium.jpeg,,"",,2,0,false,333,Menlo Park,37.4243278503,-122.2093734741,4,,,,4,,open,false,,,Amur Carp,Cyprinus rubrofuscus,Amur Carp,Actinopterygii,187316,,
76915466,aaeb2913-c534-4ff8-8e98-e3d3d9f3b02e,Sun May 02 2021 09:15:01 GMT-0400 (EDT),2021-05-02,2021-05-02 13:15:01 UTC,Eastern Time (US & Canada),234277,sarahkuppert,Sarah Kuppert,2021-05-03 12:30:11 UTC,2021-05-06 20:08:43 UTC,research,,https://www.inaturalist.org/observations/76915466,https://static.inaturalist.org/photos/125979767/medium.jpg,,"","",3,1,false,3,"Friends of Patterson Park, Baltimore, MD, US",39.287505,-76.5806116667,30,,,,30,,open,false,,,Amur Carp,Cyprinus rubrofuscus,Amur Carp,Actinopterygii,187316,,
77069462,e4ac4b5c-ef36-4093-8d0f-99ce5be800dd,2021/05/03 11:40 AM EDT,2021-05-03,2021-05-03 15:40:00 UTC,Eastern Time (US & Canada),20400,matthew_wills,"",2021-05-03 20:42:31 UTC,2021-05-05 11:09:00 UTC,research,CC-BY-NC,https://www.inaturalist.org/observations/77069462,https://inaturalist-open-data.s3.amazonaws.com/photos/126029209/medium.jpg,,"","",1,0,false,,"Brooklyn Heights, Brooklyn, NY, USA",40.702667855,-73.9958855717,8,,,,8,,open,false,,,Amur Carp,Cyprinus rubrofuscus,Amur Carp,Actinopterygii,187316,,
77073959,06814ee2-f1de-4cd1-bc15-f57440c34743,Mon May 03 2021 14:06:55 GMT-0400 (EDT),2021-05-03,2021-05-03 18:06:55 UTC,Eastern Time (US & Canada),1142271,jraiford,Jacqueline Raiford,2021-05-03 20:56:15 UTC,2023-01-19 23:00:05 UTC,research,CC-BY,https://www.inaturalist.org/observations/77073959,https://inaturalist-open-data.s3.amazonaws.com/photos/126041696/medium.jpg,,"","",1,0,false,3,"Turkey Thicket Dr, Gaithersburg, MD, US",39.177355,-77.1630471667,5,,,,5,,open,false,,,Amur Carp,Cyprinus rubrofuscus,Amur Carp,Actinopterygii,187316,,
77084666,4c683cfb-2da5-43bb-88c7-94d73823d622,Mon May 03 2021 17:22:20 GMT-0400 (EDT),2021-05-03,2021-05-03 21:22:20 UTC,Eastern Time (US & Canada),4157818,nsgilmore,,2021-05-03 21:28:30 UTC,2021-05-10 00:06:29 UTC,research,CC-BY-NC,https://www.inaturalist.org/observations/77084666,https://inaturalist-open-data.s3.amazonaws.com/photos/126058566/medium.jpg,,"","",1,0,false,3,"Washington Lake Park, Sewell, NJ, US",39.7427970311,-75.0976834261,5,,,,5,,open,false,,,Amur Carp,Cyprinus rubrofuscus,Amur Carp,Actinopterygii,187316,,
77250351,69741990-36a2-4da0-811f-81f8e019c7a1,Tue May 04 2021 07:56:35 GMT -0400 (EDT),2021-05-04,2021-05-04 11:56:35 UTC,Eastern Time (US & Canada),1857818,akalodimos,,2021-05-04 11:56:41 UTC,2022-02-19 01:09:47 UTC,research,,https://www.inaturalist.org/observations/77250351,https://inaturalist-open-data.s3.amazonaws.com/photos/126328817/medium.jpeg,,"",,1,0,false,333,Godwin,35.1563415527,-78.5764846802,65,,,,65,,open,false,,,Amur Carp,Cyprinus rubrofuscus,Amur Carp,Actinopterygii,187316,,
77359125,43cd3108-043a-47fc-a5d0-34f9ef79eb3e,Tue May 04 2021 17:31:59 GMT-0500 (CDT),2021-05-04,2021-05-04 22:31:59 UTC,Central Time (US & Canada),4166478,flyingbee123,Jack Poplawski,2021-05-04 22:33:45 UTC,2021-08-08 03:04:30 UTC,research,CC-BY-NC,https://www.inaturalist.org/observations/77359125,https://inaturalist-open-data.s3.amazonaws.com/photos/126508375/medium.jpg,,"","",2,0,false,3,"Wooded Island, Chicago, IL, US",41.786575,-87.5828866667,4,,,,4,,open,false,,,Amur Carp,Cyprinus rubrofuscus,Amur Carp,Actinopterygii,187316,,
77675236,f742b180-0d95-401b-b170-9eb54b813c75,Thu May 06 2021 14:08:35 GMT-0400 (EDT),2021-05-06,2021-05-06 18:08:35 UTC,Eastern Time (US & Canada),486604,elizajsyh,"",2021-05-06 23:08:19 UTC,2021-05-07 13:18:45 UTC,research,,https://www.inaturalist.org/observations/77675236,https://static.inaturalist.org/photos/127050598/medium.jpg,,"","",1,0,false,3,"Harlem Meer, New York, NY, US",40.79575,-73.9517833333,10,,,,10,,open,false,,,Amur Carp,Cyprinus rubrofuscus,Amur Carp,Actinopterygii,187316,,
77806640,db00c7b9-19a0-4138-bbed-ec3cffb7ebcf,Sun Apr 25 2021 15:04:07 GMT-0500 (CDT),2021-04-25,2021-04-25 15:04:07 UTC,UTC,4367736,mial190,Mia Landry,2021-05-07 21:32:07 UTC,2022-09-22 14:00:42 UTC,research,,https://www.inaturalist.org/observations/77806640,https://static.inaturalist.org/photos/127276667/medium.jpg,,"","",2,0,false,3,"City Centre Park, Saint Peters, MO, US",38.7922650437,-90.5988595365,24,,,,24,,open,false,,,Amur Carp,Cyprinus rubrofuscus,Amur Carp,Actinopterygii,187316,,
77812712,27fb7fb9-a89f-4ddf-9d7b-e3afe65bda03,2021/05/07 6:41 AM UTC,2021-05-07,2021-05-07 06:41:00 UTC,UTC,3716041,jim668,Jim Dobbins,2021-05-07 22:20:20 UTC,2021-10-02 03:41:28 UTC,research,,https://www.inaturalist.org/observations/77812712,https://static.inaturalist.org/photos/127286633/medium.jpeg,,"",,1,0,false,,"Garland, TX, USA",32.9674525331,-96.6255609657,91,,,,91,,open,false,,,Amur Carp,Cyprinus rubrofuscus,Amur Carp,Actinopterygii,187316,,
77961625,9e1d0a77-09f9-4f01-a53a-e39185e54860,Sat May 08 2021 16:19:37 GMT-0400 (EDT),2021-05-08,2021-05-08 20:19:37 UTC,Eastern Time (US & Canada),1815384,justinjason,Justin J,2021-05-08 21:07:55 UTC,2024-03-10 22:16:44 UTC,research,CC-BY-NC,https://www.inaturalist.org/observations/77961625,https://inaturalist-open-data.s3.amazonaws.com/photos/127535269/medium.jpg,,"","",2,0,false,3,"Cuyahoga Valley National Park, Cuyahoga Falls, OH, US",41.1937121411,-81.5798653394,24,,,,24,,open,false,,,Amur Carp,Cyprinus rubrofuscus,Amur Carp,Actinopterygii,187316,,
77989843,bac2e755-bbd7-42f3-95c9-9174e6fde98b,Sat May 08 2021 19:32:26 GMT -0500 (CDT),2021-05-08,2021-05-08 19:32:26 UTC,UTC,2801364,andrewgottworth,Andrew GottWorth,2021-05-09 00:32:35 UTC,2022-02-19 02:29:02 UTC,research,,https://www.inaturalist.org/observations/77989843,https://static.inaturalist.org/photos/127584579/medium.jpeg,,"",,1,0,false,333,Huntsville,34.729839325,-86.585899353,65,,,,65,,open,false,,,Amur Carp,Cyprinus rubrofuscus,Amur Carp,Actinopterygii,187316,,
78261539,fdc45c10-7267-4dea-ae62-7ea669a8d6d6,Sat May 01 2021 15:40:18 GMT-0400 (EDT),2021-05-01,2021-05-01 19:40:18 UTC,Eastern Time (US & Canada),1028636,halliefromcali,Hallie Carter,2021-05-10 19:30:04 UTC,2022-02-19 01:09:39 UTC,research,,https://www.inaturalist.org/observations/78261539,https://inaturalist-open-data.s3.amazonaws.com/photos/128055878/medium.jpg,,"","",1,0,false,3,"Friends of Patterson Park, Baltimore, MD, US",39.2875416667,-76.5807033333,7,,,,7,,open,false,,,Amur Carp,Cyprinus rubrofuscus,Amur Carp,Actinopterygii,187316,,
78655360,7ca1ebd2-67cb-4402-82cf-7429eedf9de0,2021/05/13 2:12 PM EDT,2021-05-13,2021-05-13 18:12:00 UTC,Eastern Time (US & Canada),1557503,emilio_c,Emilio Concari,2021-05-14 02:13:53 UTC,2022-10-27 19:16:48 UTC,research,CC-BY-NC,https://www.inaturalist.org/observations/78655360,https://inaturalist-open-data.s3.amazonaws.com/photos/128750979/medium.jpeg,,"","",1,0,false,,"Eldersburg, MD, USA",39.3829205196,-76.9217037822,994,,,,994,,open,false,,,Amur Carp,Cyprinus rubrofuscus,Amur Carp,Actinopterygii,187316,,
78763447,4ffe24c4-4ae6-40c3-964b-cf1fa1dc8d24,2021/05/14 6:48 PM CDT,2021-05-14,2021-05-14 23:48:00 UTC,Central Time (US & Canada),2866704,ivanmunks,Ivan,2021-05-14 23:07:11 UTC,2021-05-21 01:22:26 UTC,research,CC-BY-NC,https://www.inaturalist.org/observations/78763447,https://inaturalist-open-data.s3.amazonaws.com/photos/128937980/medium.jpeg,,"",,3,0,false,,"Chantilly, VA, USA",38.8975916667,-77.4333722222,73,,,,73,,open,false,,,Amur Carp,Cyprinus rubrofuscus,Amur Carp,Actinopterygii,187316,,
78877143,ca84f90e-896c-4786-b370-6c2e0e28237b,2021/05/15 11:52 AM EDT,2021-05-15,2021-05-15 15:52:00 UTC,Eastern Time (US & Canada),3231958,mcnod,"",2021-05-15 19:20:02 UTC,2022-05-13 21:53:35 UTC,research,CC-BY-NC,https://www.inaturalist.org/observations/78877143,https://inaturalist-open-data.s3.amazonaws.com/photos/129133229/medium.jpeg,,"","",3,0,false,,"BWI Business District, Linthicum Heights, MD 21090, USA",39.1985239951,-76.6585296816,2,,,,2,,open,false,,,Amur Carp,Cyprinus rubrofuscus,Amur Carp,Actinopterygii,187316,,
79118918,479a7e67-d0b6-48b8-8ab6-2cca01f59939,Tue Apr 27 2021 12:53:11 GMT -0500 (CDT),2021-04-27,2021-04-27 12:53:11 UTC,UTC,1928821,jfyoumans,Jo,2021-05-17 05:57:07 UTC,2022-02-19 01:09:28 UTC,research,,https://www.inaturalist.org/observations/79118918,https://inaturalist-open-data.s3.amazonaws.com/photos/129559700/medium.jpeg,,"",,1,0,false,333,St. Louis,38.6129264832,-90.2594299316,1130,,,,1130,,open,false,,,Amur Carp,Cyprinus rubrofuscus,Amur Carp,Actinopterygii,187316,,
79535672,02b7eb6e-4db8-465b-91bd-4ff4670a6d0f,2021-05-18,2021-05-18,,Eastern Time (US & Canada),4254122,emmanuthechosenone,,2021-05-20 16:18:42 UTC,2021-05-21 18:22:59 UTC,research,CC-BY-NC,https://www.inaturalist.org/observations/79535672,https://inaturalist-open-data.s3.amazonaws.com/photos/130280473/medium.jpeg,,"",,2,0,false,2,"New York, NY 10029, USA",40.796965227,-73.9528178796,40,,,,40,,open,false,gps,gps,Amur Carp,Cyprinus rubrofuscus,Amur Carp,Actinopterygii,187316,,
79650256,200b38de-c0c1-4377-93fd-3ca06b7060b4,Fri May 21 2021 11:07:30 GMT-0400 (EDT),2021-05-21,2021-05-21 15:07:30 UTC,Eastern Time (US & Canada),4448368,allie_sack,Allie Sack,2021-05-21 15:07:54 UTC,2022-02-19 01:04:29 UTC,research,,https://www.inaturalist.org/observations/79650256,https://static.inaturalist.org/photos/130478136/medium.jpg,,"","",1,0,false,3,"Muscoot Farm, Katonah, NY, US",41.2636245042,-73.7288502418,5,,,,5,,open,false,,,Amur Carp,Cyprinus rubrofuscus,Amur Carp,Actinopterygii,187316,,
79849122,d2f13f33-cdef-44a0-a075-dc6ddbc96ab4,2021/05/22 11:26 AM EDT,2021-05-22,2021-05-22 15:26:00 UTC,Eastern Time (US & Canada),177047,johnbotany,"",2021-05-22 21:36:15 UTC,2022-02-19 01:04:18 UTC,research,CC-BY-NC,https://www.inaturalist.org/observations/79849122,https://inaturalist-open-data.s3.amazonaws.com/photos/130813571/medium.jpg,,"",At least 3 sizable fish in pond,1,0,false,,United States,39.5433536112,-77.4619375061,4,,,,28090,obscured,open,true,,,Amur Carp,Cyprinus rubrofuscus,Amur Carp,Actinopterygii,187316,,
80238073,5369b6da-8b3a-4790-b55d-0f49db4e1e92,2021-05-25 10:23:31,2021-05-25,2021-05-25 14:23:31 UTC,Eastern Time (US & Canada),1070184,jeffliss,Jeffrey Liss,2021-05-25 14:25:42 UTC,2024-08-02 19:15:21 UTC,research,,https://www.inaturalist.org/observations/80238073,https://static.inaturalist.org/photos/131494551/medium.jpeg,,"",,2,0,false,2,"Stratford, CT 06614, USA",41.2458694444,-73.11515,,,,,,,open,false,gps,gps,Amur Carp,Cyprinus rubrofuscus,Amur Carp,Actinopterygii,187316,,
80291260,018230ce-2065-4e57-aa79-ea64d6939ed8,Sun May 23 2021 09:19:56 GMT-0500 (CDT),2021-05-23,2021-05-23 19:19:56 UTC,Hawaii,1820997,aerintedesco,Erin E Tedesco,2021-05-25 21:53:06 UTC,2023-12-14 23:38:32 UTC,research,,https://www.inaturalist.org/observations/80291260,https://static.inaturalist.org/photos/131585529/medium.jpg,,"","",1,0,false,3,"Richards Ln, Champaign, IL, US",40.0925416667,-88.25152,5,,,,5,,open,false,,,Amur Carp,Cyprinus rubrofuscus,Amur Carp,Actinopterygii,187316,,
80636512,55d00340-48b0-4f80-94a8-d4c7a27165b2,Sun May 02 2021 18:17:14 GMT-0400 (EDT),2021-05-02,2021-05-02 22:17:14 UTC,Eastern Time (US & Canada),4437964,oscar518,Oscar Matanovic,2021-05-28 18:04:51 UTC,2021-05-29 19:52:30 UTC,research,,https://www.inaturalist.org/observations/80636512,https://static.inaturalist.org/photos/132175196/medium.jpg,,"","",2,0,false,3,"Pennypacker Park, Haddonfield, NJ, US",39.9048466667,-75.0273278333,38,,,,38,,open,false,,,Amur Carp,Cyprinus rubrofuscus,Amur Carp,Actinopterygii,187316,,
81163178,da2e0687-1d90-4470-bbb6-fda9c9eaa037,Mon May 31 2021 16:10:04 GMT-0400 (EDT),2021-05-31,2021-05-31 20:10:04 UTC,Eastern Time (US & Canada),4437964,oscar518,Oscar Matanovic,2021-06-01 12:04:59 UTC,2021-07-29 17:41:34 UTC,research,,https://www.inaturalist.org/observations/81163178,https://static.inaturalist.org/photos/133099919/medium.jpg,,"","",2,0,false,3,"Evergreen Ln, Haddonfield, NJ, US",39.9027633333,-75.029175,1414,,,,1414,,open,false,,,Amur Carp,Cyprinus rubrofuscus,Amur Carp,Actinopterygii,187316,,
81305111,85ac117c-52a7-4686-bbd3-2c4603fd14bf,2021-06-02 10:28:03,2021-06-02,2021-06-02 14:28:03 UTC,Eastern Time (US & Canada),3811556,christine928,Christine A. Collins,2021-06-02 14:28:37 UTC,2021-06-02 17:39:26 UTC,research,,https://www.inaturalist.org/observations/81305111,https://static.inaturalist.org/photos/133346851/medium.jpeg,,"",,1,0,false,2,"Delray Beach, FL 33446, USA",26.42867386,-80.15719382,7,,,,7,,open,false,,,Amur Carp,Cyprinus rubrofuscus,Amur Carp,Actinopterygii,187316,,
81306937,783c9f3a-4746-4b7c-bae0-60395dd875a8,2021-06-02 10:44:50,2021-06-02,2021-06-02 14:44:50 UTC,Eastern Time (US & Canada),3811556,christine928,Christine A. Collins,2021-06-02 14:45:15 UTC,2021-06-02 17:37:48 UTC,research,,https://www.inaturalist.org/observations/81306937,https://static.inaturalist.org/photos/133354512/medium.jpeg,,"",,1,0,false,2,"Delray Beach, FL 33446, USA",26.42824735,-80.15774906,8,,,,8,,open,false,,,Amur Carp,Cyprinus rubrofuscus,Amur Carp,Actinopterygii,187316,,
81633931,db585105-4082-48da-951f-fd05c4a83310,2021/06/04 5:18 PM EDT,2021-06-04,2021-06-04 21:18:00 UTC,Eastern Time (US & Canada),1557503,emilio_c,Emilio Concari,2021-06-04 23:25:43 UTC,2022-10-27 19:16:42 UTC,research,CC-BY-NC,https://www.inaturalist.org/observations/81633931,https://inaturalist-open-data.s3.amazonaws.com/photos/133905703/medium.png,,"",First ever Koi!,2,0,false,,"Eldersburg, MD, USA",39.3848832715,-76.9157115571,1297,,,,1297,,open,false,,,Amur Carp,Cyprinus rubrofuscus,Amur Carp,Actinopterygii,187316,,
81958846,c80fbb94-0dba-4600-8ed7-cd8bf51c5743,2021/06/06 2:49 PM EDT,2021-06-06,2021-06-06 18:49:00 UTC,Eastern Time (US & Canada),3745892,radbackedsalamander,Alex Karasoulos,2021-06-07 00:44:42 UTC,2022-02-11 04:14:11 UTC,research,CC0,https://www.inaturalist.org/observations/81958846,https://inaturalist-open-data.s3.amazonaws.com/photos/134469307/medium.jpeg,,"","",1,0,false,,"Winchester, MA 01890, USA",42.4643926131,-71.1301618198,5,,,,5,,open,false,,,Amur Carp,Cyprinus rubrofuscus,Amur Carp,Actinopterygii,187316,,
82217219,c267742c-3c53-4baa-855b-770949f7a93e,2021/06/06 12:13 PM CDT,2021-06-06,2021-06-06 17:13:00 UTC,Central Time (US & Canada),435598,jeffmci9,Jeff McIntyre,2021-06-08 22:34:21 UTC,2021-06-09 16:23:31 UTC,research,CC-BY-NC,https://www.inaturalist.org/observations/82217219,https://inaturalist-open-data.s3.amazonaws.com/photos/134922040/medium.jpeg,,"","",1,0,false,,"Austin, TX, USA",30.3896531281,-97.7510466723,2,,,,2,,open,false,,,Amur Carp,Cyprinus rubrofuscus,Amur Carp,Actinopterygii,187316,,
82358788,c480057b-7595-4c8d-92f4-aee2d455ce6c,Wed Jun 09 2021 16:52:46 GMT-0400 (EDT),2021-06-09,2021-06-09 20:52:46 UTC,Eastern Time (US & Canada),1299792,cinnamon325,Dimitris Salas,2021-06-09 23:27:10 UTC,2021-12-19 00:20:06 UTC,research,,https://www.inaturalist.org/observations/82358788,https://static.inaturalist.org/photos/135163370/medium.jpg,,"",Pretty sure ,1,0,false,3,"The Pond, New York, NY, US",40.7664318075,-73.9739048511,44,,,,44,,open,false,,,Amur Carp,Cyprinus rubrofuscus,Amur Carp,Actinopterygii,187316,,
82684896,25f92ec0-65c1-43dc-943d-d2aacd01b55d,2021/06/12 9:34 AM UTC,2021-06-12,2021-06-12 09:34:00 UTC,UTC,1921235,ray163,Ray Wilhite,2021-06-12 14:50:30 UTC,2023-03-06 20:12:33 UTC,research,,https://www.inaturalist.org/observations/82684896,https://static.inaturalist.org/photos/135730882/medium.jpg,,"",,2,0,false,,"Auburn, AL, USA",32.587,-85.5425138889,,,,,,,open,false,,,Amur Carp,Cyprinus rubrofuscus,Amur Carp,Actinopterygii,187316,,
82771872,5262e4d1-68cf-4651-bc34-8722c560a338,2021/06/02 11:52 AM MST,2021-06-02,2021-06-02 18:52:00 UTC,Arizona,5158,lifespulse,Jake Mohlmann,2021-06-13 00:48:33 UTC,2021-07-07 18:15:04 UTC,research,CC-BY,https://www.inaturalist.org/observations/82771872,https://static.inaturalist.org/photos/135874653/medium.jpg,,"","still alive, and getting devoured by sliders! rough for the fish, good for the turtles.",1,0,false,,"Reid Park, Tucson, AZ, USA",32.2103201,-110.9190782,1528,,,,1528,,open,false,,,Amur Carp,Cyprinus rubrofuscus,Amur Carp,Actinopterygii,187316,,
82773303,aa38cdc3-ea51-4353-b6fb-e9ce9644a73e,Sat Jun 12 2021 19:34:32 GMT-0400 (EDT),2021-06-12,2021-06-12 23:34:32 UTC,Eastern Time (US & Canada),2506696,attinella,shady af comebacks,2021-06-13 01:00:36 UTC,2023-05-20 15:10:04 UTC,research,CC0,https://www.inaturalist.org/observations/82773303,https://inaturalist-open-data.s3.amazonaws.com/photos/135882058/medium.jpg,,"","",1,0,false,3,"Wilmington Island, Savannah, GA, US",32.0147777833,-80.98413,24,,,,24,,open,false,,,Amur Carp,Cyprinus rubrofuscus,Amur Carp,Actinopterygii,187316,,
82961072,b31b646c-d45b-404e-bf62-22b4916816b7,2021/06/07 7:28 PM CDT,2021-06-07,2021-06-08 00:28:00 UTC,Central Time (US & Canada),827099,jbecky,Becky Brenner,2021-06-14 05:05:13 UTC,2024-08-29 19:56:20 UTC,research,CC-BY-NC,https://www.inaturalist.org/observations/82961072,https://inaturalist-open-data.s3.amazonaws.com/photos/136204857/medium.jpeg,,"","A white carp In a man-made drainage pond in a small park, where people bring their kids to feed the turtles and the occasional carp.",1,0,false,,"Riata Park, Austin, TX, USA",30.4297194444,-97.7379833333,5,,,,5,,open,false,,,Amur Carp,Cyprinus rubrofuscus,Amur Carp,Actinopterygii,187316,,
83394914,68b3e705-740f-413f-b402-a8cb16c1c0cf,Thu Jun 17 2021 11:25:29 GMT-0400 (EDT),2021-06-17,2021-06-17 15:25:29 UTC,Eastern Time (US & Canada),4512839,daniellesalem22,Danielle K Irvine,2021-06-17 15:33:12 UTC,2023-05-31 02:15:02 UTC,research,,https://www.inaturalist.org/observations/83394914,https://static.inaturalist.org/photos/136960577/medium.jpg,,"","",2,0,false,3,"Resurrection Cemetery, New York, NY, US",40.5163653287,-74.2131045667,6,,,,6,,open,false,,,Amur Carp,Cyprinus rubrofuscus,Amur Carp,Actinopterygii,187316,,
83643473,c90c6476-9198-433a-a60d-b8cf2709ddbf,2021/06/10 12:51 PM EDT,2021-06-10,2021-06-10 16:51:00 UTC,Eastern Time (US & Canada),1529452,ocvndave,Dave Woehr,2021-06-19 15:09:34 UTC,2025-04-04 22:35:05 UTC,research,CC-BY-NC,https://www.inaturalist.org/observations/83643473,https://inaturalist-open-data.s3.amazonaws.com/photos/137392232/medium.jpeg,,"","",3,0,false,,"Warren County, OH, USA",39.4893401669,-84.0583219227,8,,,,8,,open,false,,,Amur Carp,Cyprinus rubrofuscus,Amur Carp,Actinopterygii,187316,,
83811584,fbc3e1c2-0b7b-4004-a20f-e7467493c40c,2021-06-20 12:09:42,2021-06-20,2021-06-20 17:09:42 UTC,Central Time (US & Canada),257533,bobreed,Bob Reed,2021-06-20 17:17:54 UTC,2021-06-21 15:17:59 UTC,research,CC-BY-NC,https://www.inaturalist.org/observations/83811584,https://inaturalist-open-data.s3.amazonaws.com/photos/137680611/medium.jpeg,,"",,1,0,false,2,"South, Hoover, AL 35242, USA",33.4066806,-86.6662081997,,,,,,,open,false,gps,gps,Amur Carp,Cyprinus rubrofuscus,Amur Carp,Actinopterygii,187316,,
83884906,7fe0b341-0d7b-4046-8628-396adeb9bca2,Sun Jun 20 2021 19:03:57 GMT-0400 (EDT),2021-06-20,2021-06-20 23:03:57 UTC,Eastern Time (US & Canada),1537014,human_landfill,,2021-06-21 02:16:38 UTC,2021-06-21 19:50:30 UTC,research,CC-BY-NC,https://www.inaturalist.org/observations/83884906,https://inaturalist-open-data.s3.amazonaws.com/photos/137808443/medium.jpg,,"",giant dead carp,1,0,false,3,"Hemlock Lake, Conesus, NY, US",42.7601339845,-77.6200388113,199,,,,199,,open,false,,,Amur Carp,Cyprinus rubrofuscus,Amur Carp,Actinopterygii,187316,,
84336270,bac3e1b8-01aa-4f7e-9fa2-7772567e205f,Thu Jun 24 2021 14:57:50 GMT -0400 (EDT),2021-06-24,2021-06-24 18:57:50 UTC,Eastern Time (US & Canada),2893290,kristin260,Kristin Bowker,2021-06-24 19:06:54 UTC,2021-06-25 13:16:56 UTC,research,,https://www.inaturalist.org/observations/84336270,https://static.inaturalist.org/photos/138602048/medium.jpeg,,"",,1,0,false,333,Washington Township,39.7438850403,-75.0936584473,77,,,,77,,open,false,,,Amur Carp,Cyprinus rubrofuscus,Amur Carp,Actinopterygii,187316,,
84700169,453d7106-eb40-4c2f-8368-2df46ab9f917,2021/06/27 8:42 AM UTC,2021-06-27,2021-06-27 13:42:00 UTC,Central Time (US & Canada),2164440,robertloerzel,,2021-06-27 14:27:11 UTC,2021-08-08 02:31:14 UTC,research,CC-BY-NC,https://www.inaturalist.org/observations/84700169,https://inaturalist-open-data.s3.amazonaws.com/photos/139238000/medium.jpeg,,"","",2,0,false,,"Cook County, IL, USA",41.9628442855,-87.6360250771,15,,,,15,,open,false,,"",Amur Carp,Cyprinus rubrofuscus,Amur Carp,Actinopterygii,187316,,
84833790,980b008e-fdd6-4ee9-8daa-92f12a2ce2a8,Sun Jun 27 2021 12:01:38 GMT-0500 (CDT),2021-06-27,2021-06-27 17:01:38 UTC,Central Time (US & Canada),1900569,dperleberg,D.Perleberg,2021-06-28 11:13:11 UTC,2024-10-26 18:29:42 UTC,research,CC-BY-NC-ND,https://www.inaturalist.org/observations/84833790,https://inaturalist-open-data.s3.amazonaws.com/photos/139481458/medium.jpg,,"",Estimated 30 inches long,2,0,false,3,"Firemens Clayhole, Chaska, MN, US",44.7905783333,-93.60343,4,,,,4,,open,false,,,Amur Carp,Cyprinus rubrofuscus,Amur Carp,Actinopterygii,187316,,
85471063,7726fbe1-a13b-4808-b886-ed772e8fc787,Thu Jul 01 2021 16:28:02 GMT-0400 (EDT),2021-07-01,2021-07-01 20:28:02 UTC,Eastern Time (US & Canada),2943241,laurenlyon20,Lyon-Wallace,2021-07-03 14:37:36 UTC,2022-04-05 07:42:04 UTC,research,CC-BY-NC,https://www.inaturalist.org/observations/85471063,https://static.inaturalist.org/photos/140632137/medium.jpg,,"",There’s an orange and white blob at the top of this picture. Someone clearly dumbed either a couple of 8” koi or goldfish in the local fish pond that does have access to the river… don’t do this people! They become invasive and eat everything ,1,0,false,3,"Cherokee National Forest, Erwin, TN, US",36.1525721667,-82.4132916667,14,,,,14,,open,false,,,Amur Carp,Cyprinus rubrofuscus,Amur Carp,Actinopterygii,187316,,
86071007,88b7a1ac-069c-43a5-852d-ff7d1efd021d,Wed Jul 07 2021 13:57:28 GMT-0400 (EDT),2021-07-07,2021-07-07 17:57:28 UTC,Eastern Time (US & Canada),3965217,dfscinto,,2021-07-07 18:57:27 UTC,2024-05-26 17:06:07 UTC,research,CC-BY-NC,https://www.inaturalist.org/observations/86071007,https://inaturalist-open-data.s3.amazonaws.com/photos/142662321/medium.jpg,,"","",2,0,false,3,"Bronx River, Yonkers, NY, US",40.9796337512,-73.8139620442,159,,,,159,,open,false,,,Amur Carp,Cyprinus rubrofuscus,Amur Carp,Actinopterygii,187316,,
86081520,45a34892-3867-4b26-acb2-886dca4135e4,Thu Jul 01 2021 20:37:24 GMT-0400 (EDT),2021-07-01,2021-07-02 00:37:24 UTC,Eastern Time (US & Canada),3070682,steviebutt,,2021-07-07 20:32:22 UTC,2021-10-05 16:10:39 UTC,research,CC-BY-NC,https://www.inaturalist.org/observations/86081520,https://inaturalist-open-data.s3.amazonaws.com/photos/141746440/medium.jpg,,"","",2,0,false,3,"Fidelity Rd, Lansing, MI, US",42.7173716667,-84.5112216667,5,,,,5,,open,false,,,Amur Carp,Cyprinus rubrofuscus,Amur Carp,Actinopterygii,187316,,
86478357,5bca635d-6329-44bd-84e1-a2d5ea07c0e3,Sat Jul 10 2021 13:45:27 GMT -0600 (MDT),2021-07-10,2021-07-10 19:45:27 UTC,Mountain Time (US & Canada),3673028,jshelfrich,,2021-07-10 22:27:27 UTC,2023-09-10 17:24:16 UTC,research,CC-BY-NC,https://www.inaturalist.org/observations/86478357,https://inaturalist-open-data.s3.amazonaws.com/photos/143473011/medium.jpeg,,"",,2,1,false,333,Colorado Springs,39.0606956482,-104.7913513184,,,,,,,open,false,,,Amur Carp,Cyprinus rubrofuscus,Amur Carp,Actinopterygii,187316,,
86916167,3be3e363-5400-4487-ab64-9a6b148645f8,Tue Jul 13 2021 15:40:46 GMT -0700 (PDT),2021-07-13,2021-07-13 22:40:46 UTC,Pacific Time (US & Canada),4720085,devongarv,,2021-07-13 22:40:55 UTC,2022-02-19 02:28:50 UTC,research,CC-BY-NC,https://www.inaturalist.org/observations/86916167,https://inaturalist-open-data.s3.amazonaws.com/photos/143267211/medium.jpeg,,"",,1,0,false,333,Lake Arrowhead,34.2521934509,-117.1884613037,79,,,,79,,open,false,,,Amur Carp,Cyprinus rubrofuscus,Amur Carp,Actinopterygii,187316,,
87034382,5c8b9b0d-0c88-4e83-a26f-e5e917e49dd9,2021/07/12 11:59 AM EDT,2021-07-12,2021-07-12 15:59:00 UTC,Eastern Time (US & Canada),2583465,dtread1,Dan Treadwell,2021-07-14 20:48:49 UTC,2022-02-19 02:29:32 UTC,research,CC-BY-NC,https://www.inaturalist.org/observations/87034382,https://inaturalist-open-data.s3.amazonaws.com/photos/143477139/medium.jpg,,"",As captured by an Osprey,1,0,false,,"Colmar Manor, MD 20722, USA",38.9341389588,-76.939704699,,,,,,,open,false,,,Amur Carp,Cyprinus rubrofuscus,Amur Carp,Actinopterygii,187316,,
87189952,212cd01c-b1a1-4d1a-91a9-b96b35d0d197,Thu Jul 15 2021 14:08:36 GMT-0400 (EDT),2021-07-15,2021-07-15 18:08:36 UTC,Eastern Time (US & Canada),920250,spritelink,Janet Wooten,2021-07-15 20:58:28 UTC,2021-07-16 13:15:01 UTC,research,,https://www.inaturalist.org/observations/87189952,https://static.inaturalist.org/photos/143708599/medium.jpg,,"",Enormous ,2,0,false,3,"Central Park, New York, NY, US",40.7661666667,-73.9735916667,,,,,,,open,false,,,Amur Carp,Cyprinus rubrofuscus,Amur Carp,Actinopterygii,187316,,
87381085,13d8e024-6141-4e54-a570-d94535ace110,2021/07/14 10:21 AM CDT,2021-07-14,2021-07-14 15:21:00 UTC,Central Time (US & Canada),931776,johnhboldt,John Boldt,2021-07-17 11:09:04 UTC,2025-05-06 13:59:02 UTC,research,CC-BY-NC,https://www.inaturalist.org/observations/87381085,https://inaturalist-open-data.s3.amazonaws.com/photos/144057136/medium.jpeg,,"","",3,0,false,,"Iowa, US",41.7897615929,-90.5116130023,3906,,,,27754,obscured,open,true,,,Amur Carp,Cyprinus rubrofuscus,Amur Carp,Actinopterygii,187316,,
87944864,c586fc57-90e8-44ed-aad1-ac9222d33bf3,2021/07/19 5:23 PM EDT,2021-07-19,2021-07-19 21:23:00 UTC,Eastern Time (US & Canada),778067,jheiser,Jay Heiser,2021-07-21 02:55:04 UTC,2025-04-05 17:57:05 UTC,research,CC-BY-NC,https://www.inaturalist.org/observations/87944864,https://inaturalist-open-data.s3.amazonaws.com/photos/145049732/medium.jpg,,"",This huge gold fish must have been over 2 feet long,4,0,false,,"Clintonville, Columbus, OH, USA",40.07364927,-83.0339577117,,,,,,,open,false,,,Amur Carp,Cyprinus rubrofuscus,Amur Carp,Actinopterygii,187316,,
88013274,e3e9e9ec-4825-4b78-a9c7-bdf91e900eb1,2021/07/21 11:13 AM CDT,2021-07-21,2021-07-21 16:13:00 UTC,Central Time (US & Canada),3616201,johncebula,John Cebula,2021-07-21 17:20:15 UTC,2024-01-26 04:59:21 UTC,research,CC-BY-NC,https://www.inaturalist.org/observations/88013274,https://inaturalist-open-data.s3.amazonaws.com/photos/145165610/medium.jpeg,,"",,2,0,false,,"Glen Ellyn, IL, USA",41.8396844791,-88.0750298257,257,,,,257,,open,false,,,Amur Carp,Cyprinus rubrofuscus,Amur Carp,Actinopterygii,187316,,
88048170,fba72775-1051-46f1-94ad-cf522ed15824,2021/07/03 9:53 AM PDT,2021-07-03,2021-07-03 16:53:00 UTC,Pacific Time (US & Canada),4527168,degalan,,2021-07-21 22:00:49 UTC,2025-05-13 11:07:21 UTC,research,CC-BY-NC,https://www.inaturalist.org/observations/88048170,https://inaturalist-open-data.s3.amazonaws.com/photos/145227429/medium.jpg,,"",,3,0,false,,"18 Margo Ln, Senecaville, OH 43780, USA",39.9329531,-81.4083543,250,,,,250,,open,false,,,Amur Carp,Cyprinus rubrofuscus,Amur Carp,Actinopterygii,187316,,
88282064,ad6514d6-394f-42d1-85b4-41096426d281,Fri Jul 23 2021 13:37:46 GMT-0400 (EDT),2021-07-23,2021-07-23 17:37:46 UTC,Eastern Time (US & Canada),4768476,ikenat,,2021-07-23 17:38:00 UTC,2022-02-19 01:09:08 UTC,research,CC-BY-NC,https://www.inaturalist.org/observations/88282064,https://inaturalist-open-data.s3.amazonaws.com/photos/145642395/medium.jpg,,"","",1,0,false,3,"Endicott College, Beverly, MA, US",42.5533301571,-70.8415872746,65,,,,65,,open,false,,,Amur Carp,Cyprinus rubrofuscus,Amur Carp,Actinopterygii,187316,,
88454706,12d7ea0a-5368-4046-b80d-113559dc87d8,2021/07/24 9:38 AM CDT,2021-07-24,2021-07-24 14:38:00 UTC,Central Time (US & Canada),3603980,deonva,Deon,2021-07-24 21:49:36 UTC,2024-02-02 18:48:00 UTC,research,CC-BY-NC,https://www.inaturalist.org/observations/88454706,https://inaturalist-open-data.s3.amazonaws.com/photos/145940253/medium.jpeg,,"",,1,0,false,,Memphis Botanic Garden,35.110813,-89.9177257,184,,,,184,,open,false,,,Amur Carp,Cyprinus rubrofuscus,Amur Carp,Actinopterygii,187316,,
88786029,e7431f1a-881f-4008-80c2-cdf2a9c8a44b,2021/07/26 9:51 AM PDT,2021-07-26,2021-07-26 16:51:00 UTC,Pacific Time (US & Canada),34038,merav,Merav Vonshak,2021-07-27 05:23:08 UTC,2021-07-27 13:09:46 UTC,research,CC-BY-NC,https://www.inaturalist.org/observations/88786029,https://inaturalist-open-data.s3.amazonaws.com/photos/146538908/medium.jpg,,"",,2,0,false,,"Campbell, CA, USA",37.2769035233,-121.9468030701,15,,,,15,,open,false,,,Amur Carp,Cyprinus rubrofuscus,Amur Carp,Actinopterygii,187316,,
88937129,8613615a-9b96-45c7-9944-15ae6beabb2d,Wed Jul 28 2021 09:58:35 GMT-0400 (EDT),2021-07-28,2021-07-28 13:58:35 UTC,Eastern Time (US & Canada),4756549,kkt36,,2021-07-28 13:58:58 UTC,2022-06-19 10:53:42 UTC,research,CC-BY-NC,https://www.inaturalist.org/observations/88937129,https://inaturalist-open-data.s3.amazonaws.com/photos/146808790/medium.jpg,,"","",3,0,false,3,"Stanley Park, Westfield, MA, US",42.1221494848,-72.7865395935,8,,,,8,,open,false,,,Amur Carp,Cyprinus rubrofuscus,Amur Carp,Actinopterygii,187316,,
88944241,fa1e4630-3026-4eae-9ad5-1f1df54c2f94,Wed Jul 28 2021 11:04:19 GMT-0400 (EDT),2021-07-28,2021-07-28 15:04:19 UTC,Eastern Time (US & Canada),4756549,kkt36,,2021-07-28 15:05:54 UTC,2022-06-19 10:53:39 UTC,research,CC-BY-NC,https://www.inaturalist.org/observations/88944241,https://inaturalist-open-data.s3.amazonaws.com/photos/146821178/medium.jpg,,"","",3,0,false,3,"Stanley Park, Westfield, MA, US",42.1223460448,-72.7866598,34,,,,34,,open,false,,,Amur Carp,Cyprinus rubrofuscus,Amur Carp,Actinopterygii,187316,,
88944397,1baaa046-a7e7-401e-bf5c-686b9071e23a,Wed Jul 28 2021 11:06:00 GMT-0400 (EDT),2021-07-28,2021-07-28 15:06:00 UTC,Eastern Time (US & Canada),4756549,kkt36,,2021-07-28 15:07:16 UTC,2022-06-19 10:56:11 UTC,research,CC-BY-NC,https://www.inaturalist.org/observations/88944397,https://inaturalist-open-data.s3.amazonaws.com/photos/146821813/medium.jpg,,"","",3,0,false,3,"Stanley Park, Westfield, MA, US",42.1226728673,-72.7862961472,18,,,,18,,open,false,,,Amur Carp,Cyprinus rubrofuscus,Amur Carp,Actinopterygii,187316,,
89764925,023366ff-ee70-4acf-b745-50841babb307,Mon Aug 02 2021 14:26:26 GMT-0400 (EDT),2021-08-02,2021-08-02 18:26:26 UTC,Eastern Time (US & Canada),4801692,sharon2021,,2021-08-03 12:11:12 UTC,2021-08-03 15:05:37 UTC,research,,https://www.inaturalist.org/observations/89764925,https://static.inaturalist.org/photos/148270566/medium.jpg,,"","",1,0,false,3,"New Jersey, US",39.7350128039,-75.1130497046,189,,,,28060,obscured,open,true,,,Amur Carp,Cyprinus rubrofuscus,Amur Carp,Actinopterygii,187316,,
90016983,0061e04d-147d-4e9a-9b7d-6ac7beb719e0,2021-08-04 19:58:46,2021-08-04,2021-08-04 23:58:46 UTC,Eastern Time (US & Canada),3191506,mikey35000,"",2021-08-05 12:01:46 UTC,2022-02-19 01:03:10 UTC,research,CC-BY-NC,https://www.inaturalist.org/observations/90016983,https://inaturalist-open-data.s3.amazonaws.com/photos/148715650/medium.jpg,,"","",1,0,false,,Maple Lawn,39.155933,-76.909565,1672,,,,1672,,open,false,,google,Amur Carp,Cyprinus rubrofuscus,Amur Carp,Actinopterygii,187316,,
90023778,d25ab034-9df8-4320-8812-ac11f968685b,2021/07/05 5:09 PM EDT,2021-07-05,2021-07-05 21:09:00 UTC,Eastern Time (US & Canada),3191506,mikey35000,"",2021-08-05 13:27:23 UTC,2021-08-05 16:49:51 UTC,research,CC-BY-NC,https://www.inaturalist.org/observations/90023778,https://inaturalist-open-data.s3.amazonaws.com/photos/148727566/medium.jpg,,"",,3,0,false,,"Maple Lawn, Fulton, MD 20759, USA",39.1559328,-76.9095647,1672,,,,1672,,open,false,,,Amur Carp,Cyprinus rubrofuscus,Amur Carp,Actinopterygii,187316,,
90335598,42927cb0-4978-4375-a659-ba106b793ccb,Sat Aug 07 2021 20:41:56 GMT -0400 (EDT),2021-08-07,2021-08-08 00:41:56 UTC,Eastern Time (US & Canada),4818924,ambie453,,2021-08-08 00:42:14 UTC,2021-09-17 02:57:43 UTC,research,CC-BY-NC,https://www.inaturalist.org/observations/90335598,https://inaturalist-open-data.s3.amazonaws.com/photos/149288217/medium.jpeg,,"",,1,0,false,333,Miami Township,39.6542320251,-84.2244796753,87,,,,87,,open,false,,,Amur Carp,Cyprinus rubrofuscus,Amur Carp,Actinopterygii,187316,,
90351562,53ef35dd-c684-47f2-9c9c-41ab9a1a6f86,Sat Aug 07 2021 16:27:32 GMT-0700 (PDT),2021-08-07,2021-08-07 23:27:32 UTC,Pacific Time (US & Canada),1548187,ginnyprior,Ginny Prior,2021-08-08 04:00:32 UTC,2021-08-08 04:29:58 UTC,research,CC-BY-NC,https://www.inaturalist.org/observations/90351562,https://inaturalist-open-data.s3.amazonaws.com/photos/149318638/medium.jpg,,"","",1,0,false,3,"North Lake, San Francisco, CA, US",37.7702716667,-122.50248,4,,,,4,,open,false,,,Amur Carp,Cyprinus rubrofuscus,Amur Carp,Actinopterygii,187316,,
90483594,6242539f-12e5-417c-bf1d-8241a1b34bfc,2021-08-07 13:07:12,2021-08-07,2021-08-07 17:07:12 UTC,Eastern Time (US & Canada),1260314,uppereast,"",2021-08-09 01:52:02 UTC,2022-02-19 01:03:13 UTC,research,CC-BY-NC,https://www.inaturalist.org/observations/90483594,https://static.inaturalist.org/photos/149553015/medium.jpeg,,"",,1,0,false,2,"New York, NY 10019, USA",40.7661762936,-73.9738316461,46,,,,46,,open,false,gps,gps,Amur Carp,Cyprinus rubrofuscus,Amur Carp,Actinopterygii,187316,,
90828907,4dd7edd2-5c48-4a6c-8aa1-60c55d857563,Wed Aug 11 2021 18:41:42 GMT-0400 (EDT),2021-08-11,2021-08-11 22:41:42 UTC,Eastern Time (US & Canada),4852089,petersonjulia,,2021-08-11 22:41:54 UTC,2022-03-09 18:42:05 UTC,research,CC-BY-NC,https://www.inaturalist.org/observations/90828907,https://inaturalist-open-data.s3.amazonaws.com/photos/150151830/medium.jpg,,"","",2,0,false,3,"Merwin Meadows Park, Wilton, CT, US",41.197096974,-73.4342061976,11,,,,11,,open,false,,,Amur Carp,Cyprinus rubrofuscus,Amur Carp,Actinopterygii,187316,,
90839288,bd20e5c0-7b7b-40af-b4c6-3109b90eb8db,Wed Aug 11 2021 17:46:19 GMT-0700 (PDT),2021-08-11,2021-08-12 00:46:19 UTC,Pacific Time (US & Canada),1721938,nicole7425562,,2021-08-12 00:47:41 UTC,2022-02-19 01:03:00 UTC,research,CC-BY-NC,https://www.inaturalist.org/observations/90839288,https://inaturalist-open-data.s3.amazonaws.com/photos/150171275/medium.jpg,,"","",2,0,false,3,"La Paz Rd, Mission Viejo, CA, US",33.595855,-117.65593,17,,,,17,,open,false,,,Amur Carp,Cyprinus rubrofuscus,Amur Carp,Actinopterygii,187316,,
91521912,9868cf5e-73b3-4c9f-b961-13304590fcd4,2021-06-20 13:46:56,2021-06-20,2021-06-20 17:46:56 UTC,Eastern Time (US & Canada),175524,hydrophilus,Eric C. Maxwell,2021-08-17 12:50:35 UTC,2024-04-16 23:48:52 UTC,research,CC-BY-NC-ND,https://www.inaturalist.org/observations/91521912,https://inaturalist-open-data.s3.amazonaws.com/photos/151405205/medium.jpeg,,"",Lots of koi here!,1,0,false,2,"Yaphank, NY 11980, USA",40.8352475,-72.9177604,,,,,,,open,false,gps,gps,Amur Carp,Cyprinus rubrofuscus,Amur Carp,Actinopterygii,187316,,
91552108,3f33450c-5e40-4e8d-99bb-31dc110b678b,Tue Aug 17 2021 12:36:00 GMT -0500 (CDT),2021-08-17,2021-08-17 12:36:00 UTC,UTC,2123291,shayen,,2021-08-17 17:36:16 UTC,2024-10-22 15:48:32 UTC,research,,https://www.inaturalist.org/observations/91552108,https://inaturalist-open-data.s3.amazonaws.com/photos/151457576/medium.jpeg,,"",,2,0,false,333,Grand Island,40.8829841614,-98.3734436035,65,,,,65,,open,false,,,Amur Carp,Cyprinus rubrofuscus,Amur Carp,Actinopterygii,187316,,
91552142,2085431b-dcc2-4435-a41c-78e5e2932eb1,Tue Aug 17 2021 12:36:32 GMT -0500 (CDT),2021-08-17,2021-08-17 12:36:32 UTC,UTC,2123291,shayen,,2021-08-17 17:36:43 UTC,2024-10-22 15:48:33 UTC,research,,https://www.inaturalist.org/observations/91552142,https://inaturalist-open-data.s3.amazonaws.com/photos/151457673/medium.jpeg,,"",,1,0,false,333,Grand Island,40.8831481934,-98.3738632202,65,,,,65,,open,false,,,Amur Carp,Cyprinus rubrofuscus,Amur Carp,Actinopterygii,187316,,
91697982,583dcf2e-a367-4e2e-bcd6-e3a2ba5b5dbb,2021-08-18 9:11:39 PM EDT,2021-08-18,2021-08-19 01:11:39 UTC,Eastern Time (US & Canada),2895175,epic2112,"",2021-08-19 01:14:22 UTC,2025-01-28 17:24:38 UTC,research,CC-BY-NC,https://www.inaturalist.org/observations/91697982,https://inaturalist-open-data.s3.amazonaws.com/photos/151720878/medium.jpeg,,"",,1,0,false,2,"Gaithersburg, MD, USA",39.11621,-77.197112,,,,,,,open,false,gps,gps,Amur Carp,Cyprinus rubrofuscus,Amur Carp,Actinopterygii,187316,,
91939124,f8b0bfc6-2b9e-4c1a-b705-c69029a25e63,2021/07/01 3:01 PM CDT,2021-07-01,2021-07-01 20:01:00 UTC,Central Time (US & Canada),3925083,rachsloan,Rsloan,2021-08-21 09:09:53 UTC,2022-05-10 04:42:24 UTC,research,CC-BY-NC,https://www.inaturalist.org/observations/91939124,https://inaturalist-open-data.s3.amazonaws.com/photos/152154584/medium.jpg,,"",,2,0,false,,"North Central Pensacola, Pensacola, FL, USA",30.5142471899,-87.2190930887,8,,,,8,,open,false,,,Amur Carp,Cyprinus rubrofuscus,Amur Carp,Actinopterygii,187316,,
92790569,76f7b2ba-8654-473a-8db4-79464cdc2dff,Sat Aug 28 2021 11:46:18 GMT -0400 (EDT),2021-08-28,2021-08-28 15:46:18 UTC,Indiana (East),4919407,strangn,,2021-08-28 15:49:44 UTC,2024-01-23 04:20:27 UTC,research,CC-BY-NC,https://www.inaturalist.org/observations/92790569,https://inaturalist-open-data.s3.amazonaws.com/photos/153746474/medium.jpeg,,"",,2,0,false,333,"Marion County, US-IN, US",39.841835022,-86.1696624756,65,,,,65,,open,false,,,Amur Carp,Cyprinus rubrofuscus,Amur Carp,Actinopterygii,187316,,
92859610,f5fe3ced-c1c0-4afc-850f-69b0d1597158,Sat Aug 28 2021 17:53:05 GMT-0400 (EDT),2021-08-28,2021-08-28 21:53:05 UTC,Eastern Time (US & Canada),1424684,mattstanton,,2021-08-29 02:03:29 UTC,2025-04-12 14:53:37 UTC,research,CC-BY-NC,https://www.inaturalist.org/observations/92859610,https://inaturalist-open-data.s3.amazonaws.com/photos/153819175/medium.jpg,,"","",2,0,false,3,"Stony Brook University, Stony Brook, NY, US",40.9112883333,-73.1238555,5,,,,5,,open,false,,,Amur Carp,Cyprinus rubrofuscus,Amur Carp,Actinopterygii,187316,,
93600326,fe0f74ac-a245-4fd3-ae0f-66d314449549,Sat Sep 04 2021 11:28:10 GMT -0500 (CDT),2021-09-04,2021-09-04 16:28:10 UTC,Central Time (US & Canada),3711944,starzos,,2021-09-04 16:28:15 UTC,2021-09-05 13:26:13 UTC,research,CC-BY-NC,https://www.inaturalist.org/observations/93600326,https://inaturalist-open-data.s3.amazonaws.com/photos/155153650/medium.jpeg,,"",,2,0,false,333,St. Louis,38.6093902588,-90.2624435425,65,,,,65,,open,false,,,Amur Carp,Cyprinus rubrofuscus,Amur Carp,Actinopterygii,187316,,
93600342,26d89647-d567-448e-a002-f54f9a63ae37,Sat Sep 04 2021 11:28:21 GMT -0500 (CDT),2021-09-04,2021-09-04 16:28:21 UTC,Central Time (US & Canada),3711944,starzos,,2021-09-04 16:28:30 UTC,2021-09-13 19:28:28 UTC,research,CC-BY-NC,https://www.inaturalist.org/observations/93600342,https://inaturalist-open-data.s3.amazonaws.com/photos/155478842/medium.jpeg,,"",,1,0,false,333,St. Louis,38.6093902588,-90.2624435425,65,,,,65,,open,false,,,Amur Carp,Cyprinus rubrofuscus,Amur Carp,Actinopterygii,187316,,
93619519,ba9ad058-cd04-4603-bc41-2b377ce91c78,Sat Sep 04 2021 14:55:58 GMT-0400 (EDT),2021-09-04,2021-09-04 18:55:58 UTC,Eastern Time (US & Canada),4237875,randy6410,,2021-09-04 18:56:06 UTC,2022-03-10 17:02:53 UTC,research,CC-BY-NC,https://www.inaturalist.org/observations/93619519,https://inaturalist-open-data.s3.amazonaws.com/photos/155188177/medium.jpg,,"","",2,0,false,3,"The Crossings of Colonie, Albany, NY, US",42.7181096721,-73.7919644405,10,,,,10,,open,false,,,Amur Carp,Cyprinus rubrofuscus,Amur Carp,Actinopterygii,187316,,
93637157,6e2b728f-ccd3-4ab2-9925-39a558514588,2021/09/04 3:47 PM EDT,2021-09-04,2021-09-04 19:47:00 UTC,Eastern Time (US & Canada),4341825,brossny,,2021-09-04 21:11:28 UTC,2021-10-07 02:57:19 UTC,research,CC-BY-NC,https://www.inaturalist.org/observations/93637157,https://inaturalist-open-data.s3.amazonaws.com/photos/155219780/medium.jpeg,,"","",3,0,false,,"New York, US",40.7172389335,-73.713241243,156,,,,27908,obscured,open,true,,,Amur Carp,Cyprinus rubrofuscus,Amur Carp,Actinopterygii,187316,,
93820156,47a3b0b1-47c5-4455-b98e-e8551601295c,2021/09/01 6:59 PM PDT,2021-09-01,2021-09-02 01:59:00 UTC,Pacific Time (US & Canada),896378,alexis_amphibian,Alexis Babayan,2021-09-06 04:04:40 UTC,2021-09-06 13:12:19 UTC,research,CC-BY-NC,https://www.inaturalist.org/observations/93820156,https://inaturalist-open-data.s3.amazonaws.com/photos/155549279/medium.jpg,,"introduced species, golden gate park, north lake",,1,0,false,,"Golden Gate Park, San Francisco, CA, USA",37.7706316574,-122.5027952811,100,,,,100,,open,false,,,Amur Carp,Cyprinus rubrofuscus,Amur Carp,Actinopterygii,187316,,
93892980,ade82f7a-c7d6-4ace-801d-a245d8217375,Mon Sep 06 2021 14:32:38 GMT -0400 (EDT),2021-09-06,2021-09-06 18:32:38 UTC,Eastern Time (US & Canada),4924804,mbazaco,,2021-09-06 18:43:39 UTC,2021-09-09 23:28:37 UTC,research,CC-BY-NC,https://www.inaturalist.org/observations/93892980,https://inaturalist-open-data.s3.amazonaws.com/photos/155680191/medium.jpeg,,"",,1,0,false,333,Gaithersburg,39.1171264648,-77.1977996826,79,,,,79,,open,false,,,Amur Carp,Cyprinus rubrofuscus,Amur Carp,Actinopterygii,187316,,
94276958,b6124e9c-4040-4ef1-99ea-c9f82d9ed510,Thu Apr 15 2021 11:47:24 GMT-0400 (EDT),2021-04-15,2021-04-15 15:47:24 UTC,Eastern Time (US & Canada),4972112,tkupets,,2021-09-10 00:37:49 UTC,2023-05-23 01:41:15 UTC,research,CC-BY-NC,https://www.inaturalist.org/observations/94276958,https://inaturalist-open-data.s3.amazonaws.com/photos/156372611/medium.jpg,,"","",2,0,false,3,"Arrowbrook Centre Park, Herndon, VA, US",38.9514583333,-77.412225,4,,,,4,,open,false,,,Amur Carp,Cyprinus rubrofuscus,Amur Carp,Actinopterygii,187316,,
94733681,cbed5778-a9d3-40e2-b530-1b137f76498f,2021-09-13 14:00:34,2021-09-13,2021-09-13 18:00:34 UTC,Eastern Time (US & Canada),4273783,redetzke,,2021-09-13 18:02:32 UTC,2024-01-20 19:02:48 UTC,research,CC-BY-NC,https://www.inaturalist.org/observations/94733681,https://inaturalist-open-data.s3.amazonaws.com/photos/157184195/medium.jpeg,,"",,2,0,false,2,"Unnamed Road, Kalamazoo, MI 49006, USA",42.28820361,-85.61755549,4,,,,4,,open,false,,,Amur Carp,Cyprinus rubrofuscus,Amur Carp,Actinopterygii,187316,,
94734251,f55e40c7-9781-481f-bf06-37a3fe5f8fcb,2021-09-13 14:04:23,2021-09-13,2021-09-13 18:04:23 UTC,Eastern Time (US & Canada),4273783,redetzke,,2021-09-13 18:07:58 UTC,2024-01-20 19:02:47 UTC,research,CC-BY-NC,https://www.inaturalist.org/observations/94734251,https://inaturalist-open-data.s3.amazonaws.com/photos/157185190/medium.jpeg,,"",,2,0,false,2,"Unnamed Road, Kalamazoo, MI 49006, USA",42.28804837,-85.6173752,6,,,,6,,open,false,,,Amur Carp,Cyprinus rubrofuscus,Amur Carp,Actinopterygii,187316,,
94734966,70bd4418-e0d7-448e-a2fb-38af9d660cea,2021-09-13 14:10:32,2021-09-13,2021-09-13 18:10:32 UTC,Eastern Time (US & Canada),4273783,redetzke,,2021-09-13 18:14:42 UTC,2024-01-20 19:02:47 UTC,research,CC-BY-NC,https://www.inaturalist.org/observations/94734966,https://inaturalist-open-data.s3.amazonaws.com/photos/157186449/medium.jpeg,,"",,2,0,false,2,"Unnamed Road, Kalamazoo, MI 49006, USA",42.28820927,-85.61738524,5,,,,5,,open,false,,,Amur Carp,Cyprinus rubrofuscus,Amur Carp,Actinopterygii,187316,,
95110371,967c2c5e-1bc5-42ae-9b5c-21f0dff71a71,Thu Sep 16 2021 23:28:13 GMT-0400 (EDT),2021-09-16,2021-09-17 03:28:13 UTC,Eastern Time (US & Canada),4937562,cullycoop,,2021-09-17 03:28:17 UTC,2021-09-17 14:16:50 UTC,research,CC-BY-NC,https://www.inaturalist.org/observations/95110371,https://inaturalist-open-data.s3.amazonaws.com/photos/157858683/medium.jpg,,"","",2,0,false,3,"Western Michigan University, Kalamazoo, MI, US",42.2883066571,-85.6174112335,65,,,,65,,open,false,,,Amur Carp,Cyprinus rubrofuscus,Amur Carp,Actinopterygii,187316,,
95543942,cb919b2f-85ef-42f8-a9ea-5428aaf80322,Mon Sep 20 2021 10:31:28 GMT -0500 (CDT),2021-09-20,2021-09-20 16:31:28 UTC,Mountain Time (US & Canada),3583389,mooseyacoub,,2021-09-20 15:31:35 UTC,2021-10-17 17:51:41 UTC,research,CC-BY-NC,https://www.inaturalist.org/observations/95543942,https://inaturalist-open-data.s3.amazonaws.com/photos/164033794/medium.jpeg,,"",,2,0,false,333,Rockford,42.2902069092,-89.058265686,65,,,,65,,open,false,,,Amur Carp,Cyprinus rubrofuscus,Amur Carp,Actinopterygii,187316,,
95589312,a1bd8dfd-0265-49c7-a26e-665d52da7dfa,Mon Sep 20 2021 15:44:32 GMT-0400 (EDT),2021-09-20,2021-09-20 19:44:32 UTC,Eastern Time (US & Canada),3732926,iemess,Ingrid Messbauer,2021-09-20 22:24:47 UTC,2022-06-19 10:55:56 UTC,research,CC-BY-NC,https://www.inaturalist.org/observations/95589312,https://inaturalist-open-data.s3.amazonaws.com/photos/158709903/medium.jpg,,"","",3,0,false,3,"Stanley Park, Westfield, MA, US",42.1229067808,-72.786136142,41,,,,41,,open,false,,,Amur Carp,Cyprinus rubrofuscus,Amur Carp,Actinopterygii,187316,,
95827943,dbf8b4a5-535b-43c7-8f2a-46d3d0789bb7,2021/09/18 2:55 PM PDT,2021-09-18,2021-09-18 21:55:00 UTC,Pacific Time (US & Canada),3342,hfabian,Henry Fabian,2021-09-23 04:19:07 UTC,2021-10-16 01:04:15 UTC,research,CC0,https://www.inaturalist.org/observations/95827943,https://static.inaturalist.org/photos/159133252/medium.jpg,,"",Introduced.,1,0,false,,"4800 Brenman Park Dr, Alexandria, VA 22304, USA",38.8085287,-77.1142418,190,,,,190,,open,false,,,Koi,Cyprinus rubrofuscus,Amur Carp,Actinopterygii,187316,,
96151802,db83c72a-9d72-4301-a21f-3edcbfcfbb0c,Sat Sep 25 2021 18:19:34 GMT-0400 (EDT),2021-09-25,2021-09-25 22:19:34 UTC,Eastern Time (US & Canada),3066629,camwill2386,,2021-09-25 22:20:27 UTC,2021-11-16 01:14:25 UTC,research,CC-BY-NC,https://www.inaturalist.org/observations/96151802,https://inaturalist-open-data.s3.amazonaws.com/photos/159702406/medium.jpg,,"","",3,0,false,3,"Long Island, Huntington, NY, US",40.8767202705,-73.4212413215,626,,,,626,,open,false,,,Amur Carp,Cyprinus rubrofuscus,Amur Carp,Actinopterygii,187316,,
96623493,c9da07d2-a1a6-4243-a3d1-6661ee220634,2021-09-29 17:22:48,2021-09-29,2021-09-29 21:22:48 UTC,Eastern Time (US & Canada),4997159,esther274,Esther Oko,2021-09-29 21:24:14 UTC,2021-10-31 16:36:11 UTC,research,,https://www.inaturalist.org/observations/96623493,https://static.inaturalist.org/photos/160546869/medium.jpeg,,"",,2,0,false,2,"Allentown, PA, USA",40.5923030432,-75.5146551132,7,,,,7,,open,false,,,Amur Carp,Cyprinus rubrofuscus,Amur Carp,Actinopterygii,187316,,
96712783,2c1eabfb-36f5-4e7e-b8f1-06848d156ca9,Thu Sep 30 2021 14:41:13 GMT-0400 (EDT),2021-09-30,2021-09-30 18:41:13 UTC,Eastern Time (US & Canada),5064812,masontran,,2021-09-30 19:06:39 UTC,2021-10-04 01:45:10 UTC,research,CC-BY-NC,https://www.inaturalist.org/observations/96712783,https://inaturalist-open-data.s3.amazonaws.com/photos/160709998/medium.jpg,,"","",1,0,false,3,"Cedar Creek Parkway, Allentown, PA, US",40.5925040171,-75.5144783775,33,,,,33,,open,false,,,Amur Carp,Cyprinus rubrofuscus,Amur Carp,Actinopterygii,187316,,
96712840,3c899d08-585c-445d-9214-e5c5f0cc056a,Thu Sep 30 2021 14:40:41 GMT-0400 (EDT),2021-09-30,2021-09-30 18:40:41 UTC,Eastern Time (US & Canada),5064812,masontran,,2021-09-30 19:07:20 UTC,2021-10-15 23:52:00 UTC,research,CC-BY-NC,https://www.inaturalist.org/observations/96712840,https://inaturalist-open-data.s3.amazonaws.com/photos/160710116/medium.jpg,,"","",2,0,false,3,"Cedar Creek Parkway, Allentown, PA, US",40.5924914448,-75.5145899398,24,,,,24,,open,false,,,Amur Carp,Cyprinus rubrofuscus,Amur Carp,Actinopterygii,187316,,
96712946,c15d6ae3-2146-4ace-b8fe-b01f020ee69b,Thu Sep 30 2021 14:41:06 GMT-0400 (EDT),2021-09-30,2021-09-30 18:41:06 UTC,Eastern Time (US & Canada),5064812,masontran,,2021-09-30 19:08:26 UTC,2021-10-15 23:51:59 UTC,research,CC-BY-NC,https://www.inaturalist.org/observations/96712946,https://inaturalist-open-data.s3.amazonaws.com/photos/160710313/medium.jpg,,"","",2,0,false,3,"Cedar Creek Parkway, Allentown, PA, US",40.592932571,-75.5144340874,357,,,,357,,open,false,,,Amur Carp,Cyprinus rubrofuscus,Amur Carp,Actinopterygii,187316,,
97045020,8a8a9d31-da5d-4c15-849f-8e47d515b98f,Sun Oct 03 2021 14:09:05 GMT -0400 (EDT),2021-10-03,2021-10-03 18:09:05 UTC,Eastern Time (US & Canada),5017463,adeleaquino,,2021-10-03 18:09:22 UTC,2021-10-03 22:28:19 UTC,research,CC-BY-NC,https://www.inaturalist.org/observations/97045020,https://inaturalist-open-data.s3.amazonaws.com/photos/161312308/medium.jpeg,,"",,1,0,false,333,Wilmington,34.2104797363,-77.8353118896,49,,,,49,,open,false,,,Amur Carp,Cyprinus rubrofuscus,Amur Carp,Actinopterygii,187316,,
97045132,baf9c78a-3fa1-4f62-ae4e-d84f653e8fa9,Sun Oct 03 2021 14:09:52 GMT -0400 (EDT),2021-10-03,2021-10-03 18:09:52 UTC,Eastern Time (US & Canada),5017463,adeleaquino,,2021-10-03 18:10:13 UTC,2021-10-03 22:28:09 UTC,research,CC-BY-NC,https://www.inaturalist.org/observations/97045132,https://inaturalist-open-data.s3.amazonaws.com/photos/161312493/medium.jpeg,,"",,1,0,false,333,Wilmington,34.2103767395,-77.8351974487,60,,,,60,,open,false,,,Amur Carp,Cyprinus rubrofuscus,Amur Carp,Actinopterygii,187316,,
97163110,711503e6-fa34-4bc1-a0f7-c45fb03cce81,Sun Oct 03 2021 13:39:52 GMT-0400 (EDT),2021-10-03,2021-10-03 17:39:52 UTC,Eastern Time (US & Canada),528076,cspeech,Caroline S,2021-10-04 17:46:32 UTC,2022-02-19 01:02:13 UTC,research,,https://www.inaturalist.org/observations/97163110,https://static.inaturalist.org/photos/162171018/medium.jpg,,"","Koi fish
Probably about 25lb and close to two feet in length. Seen swimming lazily around near the surface on the Jones falls where it opens to the harbor before the trash wheel. Gizzard shad also seen soon after. Spotted three or four times in 20 minutes before disappearing headed upstream. ",1,0,false,3,"E Falls Ave, Baltimore, MD, US",39.2843666667,-76.6036916667,25,,,,25,,open,false,,,Amur Carp,Cyprinus rubrofuscus,Amur Carp,Actinopterygii,187316,,
97461287,927f46ad-e5cc-486f-99e3-98165c54de17,2021/10/02 6:45 PM HST,2021-10-02,2021-10-03 04:45:00 UTC,Hawaii,2745634,kaivictor,Kai Victor,2021-10-07 17:11:14 UTC,2021-10-09 20:11:17 UTC,research,CC-BY-NC,https://www.inaturalist.org/observations/97461287,https://inaturalist-open-data.s3.amazonaws.com/photos/162091040/medium.jpeg,,"","22"" on corn",1,0,false,,"New York, US",42.5232293943,-76.3697615653,22162,,,,27630,obscured,open,true,,,Amur Carp,Cyprinus rubrofuscus,Amur Carp,Actinopterygii,187316,,
97711275,25353f3a-7215-4e88-a878-8bfd983620c9,Sat Oct 02 2021 11:26:33 GMT-0400 (EDT),2021-10-02,2021-10-02 15:26:33 UTC,Eastern Time (US & Canada),4933328,kamayer173,,2021-10-09 23:27:36 UTC,2022-02-19 02:28:22 UTC,research,CC-BY-NC,https://www.inaturalist.org/observations/97711275,https://inaturalist-open-data.s3.amazonaws.com/photos/162545801/medium.jpg,,"","",2,0,false,3,"Matter Park, Marion, IN, US",40.5866583333,-85.6665716667,5,,,,5,,open,false,,,Amur Carp,Cyprinus rubrofuscus,Amur Carp,Actinopterygii,187316,,
97837855,48980bcf-1c86-47e7-9c8d-b28557c9fa00,Sun Oct 10 2021 14:24:19 GMT-0400 (EDT),2021-10-10,2021-10-10 18:24:19 UTC,Eastern Time (US & Canada),2507485,surfman,,2021-10-10 23:20:47 UTC,2021-10-15 11:21:53 UTC,research,CC-BY-NC,https://www.inaturalist.org/observations/97837855,https://inaturalist-open-data.s3.amazonaws.com/photos/162779994/medium.jpg,,"",Unfortunately missed the shot when it jumped out of the water. Definitely looked like a koi. Probably not good it was in the Potomac. ,2,0,false,3,"Cedar Island, Bethesda, MD, US",38.9698255468,-77.199373062,79,,,,79,,open,false,,,Amur Carp,Cyprinus rubrofuscus,Amur Carp,Actinopterygii,187316,,
98005024,b44332b3-9ad2-4de3-9dc3-1366600a01e1,2021/10/11 10:13 AM EDT,2021-10-11,2021-10-11 14:13:00 UTC,Eastern Time (US & Canada),4249652,picklejar,Alex Y,2021-10-12 14:26:19 UTC,2022-02-16 17:49:02 UTC,research,CC-BY-NC,https://www.inaturalist.org/observations/98005024,https://inaturalist-open-data.s3.amazonaws.com/photos/163088790/medium.jpeg,,"",,1,0,false,,"12432-12450 Fair Lakes Cir, Fairfax, VA 22033, USA",38.8611062,-77.3802928,227,,,,227,,open,false,,,Amur Carp,Cyprinus rubrofuscus,Amur Carp,Actinopterygii,187316,,
98014744,3694a4c0-46dc-4227-9402-d4f8544a255d,Mon Oct 11 2021 14:24:44 GMT-0400 (EDT),2021-10-11,2021-10-11 18:24:44 UTC,Eastern Time (US & Canada),2791516,anujchowdhuri,Anuj Chowdhuri,2021-10-12 16:11:31 UTC,2022-02-19 01:08:54 UTC,research,,https://www.inaturalist.org/observations/98014744,https://static.inaturalist.org/photos/163107084/medium.jpg,,"","",2,0,false,3,"Brooklyn Bridge Park, New York, NY, US",40.7025716667,-73.99592,25,,,,25,,open,false,,,Amur Carp,Cyprinus rubrofuscus,Amur Carp,Actinopterygii,187316,,
98238624,849ae4a1-bca5-4195-a90f-14c83cf72d22,2021-10-14 15:34:39,2021-10-14,2021-10-14 22:34:39 UTC,Pacific Time (US & Canada),2755131,chandravillasenor,Chandra Villasenor,2021-10-14 22:35:05 UTC,2022-06-10 14:33:13 UTC,research,,https://www.inaturalist.org/observations/98238624,https://static.inaturalist.org/photos/163521651/medium.jpeg,,"",,1,0,false,2,"North Las Vegas, NV 89031, USA",36.24517038,-115.15021994,12,,,,12,,open,false,,,Amur Carp,Cyprinus rubrofuscus,Amur Carp,Actinopterygii,187316,,
98495825,101e80aa-724d-41d3-bea1-b03e7eb277d2,2021/10/16 3:19 PM HST,2021-10-16,2021-10-17 01:19:00 UTC,Hawaii,2745634,kaivictor,Kai Victor,2021-10-17 15:13:06 UTC,2021-10-28 03:20:26 UTC,research,CC-BY-NC,https://www.inaturalist.org/observations/98495825,https://inaturalist-open-data.s3.amazonaws.com/photos/163999949/medium.jpg,,"","20.5"" koi with slightly deformed tail. Caught with homemade corn fly.",1,0,false,,"New York, US",42.5308329991,-76.4194493382,11260,,,,27630,obscured,open,true,,,Amur Carp,Cyprinus rubrofuscus,Amur Carp,Actinopterygii,187316,,
99204816,36565fd4-0b4a-4bc2-be44-5a1759a8df8e,2021/10/22 3:41 PM UTC,2021-10-22,2021-10-22 15:41:00 UTC,UTC,1566366,tennesseehills,,2021-10-24 12:13:38 UTC,2022-02-19 01:08:49 UTC,research,CC-BY-NC,https://www.inaturalist.org/observations/99204816,https://inaturalist-open-data.s3.amazonaws.com/photos/165326844/medium.jpeg,,"",,1,0,false,,"Redmont Park, Birmingham, AL, USA",33.4869843225,-86.7753393706,2,,,,2,,open,false,,,Amur Carp,Cyprinus rubrofuscus,Amur Carp,Actinopterygii,187316,,
99204930,36df555d-0cbe-46ea-936b-b96c9301652e,2021/10/22 3:42 PM UTC,2021-10-22,2021-10-22 15:42:00 UTC,UTC,1566366,tennesseehills,,2021-10-24 12:15:10 UTC,2022-02-19 01:08:48 UTC,research,CC-BY-NC,https://www.inaturalist.org/observations/99204930,https://inaturalist-open-data.s3.amazonaws.com/photos/165327010/medium.jpeg,,"",,1,0,false,,"Redmont Park, Birmingham, AL, USA",33.4869832246,-86.7753408271,2,,,,2,,open,false,,,Amur Carp,Cyprinus rubrofuscus,Amur Carp,Actinopterygii,187316,,
99205111,a79b6bbe-06c5-4c75-b0fa-779ae871b4a6,2021/10/22 3:47 PM UTC,2021-10-22,2021-10-22 15:47:00 UTC,UTC,1566366,tennesseehills,,2021-10-24 12:18:23 UTC,2022-02-19 01:08:41 UTC,research,CC-BY-NC,https://www.inaturalist.org/observations/99205111,https://inaturalist-open-data.s3.amazonaws.com/photos/165327351/medium.jpeg,,"",,1,0,false,,"Redmont Park, Birmingham, AL, USA",33.4868869778,-86.7752655942,2,,,,2,,open,false,,,Amur Carp,Cyprinus rubrofuscus,Amur Carp,Actinopterygii,187316,,
99205207,1dba710f-bb1a-496d-be6f-9c93179a6093,2021/10/22 3:47 PM UTC,2021-10-22,2021-10-22 15:47:00 UTC,UTC,1566366,tennesseehills,,2021-10-24 12:19:40 UTC,2021-10-25 02:23:04 UTC,research,CC-BY-NC,https://www.inaturalist.org/observations/99205207,https://inaturalist-open-data.s3.amazonaws.com/photos/165327507/medium.jpeg,,"",,1,0,false,,"Redmont Park, Birmingham, AL, USA",33.4869102578,-86.7753544407,4,,,,4,,open,false,,,Amur Carp,Cyprinus rubrofuscus,Amur Carp,Actinopterygii,187316,,
99205286,5421a8c1-da70-4135-9f9a-450bb48c0dca,2021/10/22 3:48 PM UTC,2021-10-22,2021-10-22 15:48:00 UTC,UTC,1566366,tennesseehills,,2021-10-24 12:20:47 UTC,2021-10-25 02:23:23 UTC,research,CC-BY-NC,https://www.inaturalist.org/observations/99205286,https://inaturalist-open-data.s3.amazonaws.com/photos/165327641/medium.jpeg,,"",,1,0,false,,"Redmont Park, Birmingham, AL, USA",33.4868713448,-86.7754279326,2,,,,2,,open,false,,,Amur Carp,Cyprinus rubrofuscus,Amur Carp,Actinopterygii,187316,,
99222560,432235c3-bbee-42da-83c7-6cd1b0890d3a,2021/10/22 1:42 PM PDT,2021-10-22,2021-10-22 20:42:00 UTC,Pacific Time (US & Canada),828394,andreacala,Andrea Kreuzhage,2021-10-24 15:21:58 UTC,2022-06-24 05:04:54 UTC,research,CC-BY-NC,https://www.inaturalist.org/observations/99222560,https://inaturalist-open-data.s3.amazonaws.com/photos/165359721/medium.jpeg,,"",In the wild of the Dominguez Gap Wetlands.,2,0,false,,"Dominguez Gap Wetlands, Long Beach, CA, USA",33.8402015893,-118.2024456694,11,,,,11,,open,false,,,Amur Carp,Cyprinus rubrofuscus,Amur Carp,Actinopterygii,187316,,
99791492,a6e2af8d-425d-48c2-bd4c-1fab6ce48096,Thu Jul 21 2016 19:20:55 GMT-0400 (EDT),2016-07-21,2016-07-21 23:20:55 UTC,Eastern Time (US & Canada),4922423,ryanfrohlich,Ryan Frohlich,2021-10-30 15:15:19 UTC,2024-06-01 23:39:58 UTC,research,CC-BY-NC,https://www.inaturalist.org/observations/99791492,https://inaturalist-open-data.s3.amazonaws.com/photos/166432560/medium.jpg,,"","",1,0,false,3,"Babylon Town Hall Park, Lindenhurst, NY, US",40.7055766698,-73.3737052885,17,,,,17,,open,false,,,Amur Carp,Cyprinus rubrofuscus,Amur Carp,Actinopterygii,187316,,
99836270,06b7d26a-c18b-47b2-bc2b-c1921aaa62be,Sat Oct 30 2021 18:09:02 GMT-0400 (EDT),2021-10-30,2021-10-30 22:09:02 UTC,Eastern Time (US & Canada),3564162,zitserm,Misha Zitser,2021-10-31 00:46:04 UTC,2024-09-02 23:12:29 UTC,research,CC-BY-NC,https://www.inaturalist.org/observations/99836270,https://inaturalist-open-data.s3.amazonaws.com/photos/166516385/medium.jpg,,"","A large white fish, about 2.5 - 3 feet long ",2,0,false,3,"Mill Pond, Bellmore, NY, US",40.6640486871,-73.5193000286,4,,,,4,,open,false,,,Amur Carp,Cyprinus rubrofuscus,Amur Carp,Actinopterygii,187316,,
101050829,8d62e3f7-7d4a-4adb-8fe1-340e4acb1b29,Sat Nov 13 2021 15:28:12 GMT-0800 (PST),2021-11-13,2021-11-13 23:28:12 UTC,Pacific Time (US & Canada),1548187,ginnyprior,Ginny Prior,2021-11-13 23:44:14 UTC,2022-02-19 01:02:00 UTC,research,CC-BY-NC,https://www.inaturalist.org/observations/101050829,https://inaturalist-open-data.s3.amazonaws.com/photos/168713571/medium.jpg,,"",Plus hooded mergansers,1,0,false,3,"Golden Gate Park, San Francisco, CA, US",37.76867,-122.50187,5,,,,5,,open,false,,,Amur Carp,Cyprinus rubrofuscus,Amur Carp,Actinopterygii,187316,,
101483306,beda62ea-27f3-4180-b04b-729beac43b81,2021/11/19 10:03 AM HST,2021-11-19,2021-11-19 20:03:00 UTC,Hawaii,1699115,argyl1,,2021-11-19 19:43:30 UTC,2022-12-30 09:14:27 UTC,research,CC-BY-NC,https://www.inaturalist.org/observations/101483306,https://inaturalist-open-data.s3.amazonaws.com/photos/169489427/medium.jpeg,,"","",3,0,false,,"731 N Verduga Rd #3800, Turlock, CA 95380, USA",37.4996859,-120.810001,328,,,,328,,open,false,,,Amur Carp,Cyprinus rubrofuscus,Amur Carp,Actinopterygii,187316,,
101642817,6b12fee9-58cf-4dd3-ad9a-2f589c396b3b,2021-11-21 11:18:02,2021-11-21,2021-11-21 19:18:02 UTC,Pacific Time (US & Canada),3925694,lostworldmountain,Alexander,2021-11-21 19:21:26 UTC,2021-11-23 21:05:48 UTC,research,CC-BY-NC,https://www.inaturalist.org/observations/101642817,https://inaturalist-open-data.s3.amazonaws.com/photos/169764147/medium.jpeg,,"",,1,0,false,2,"Whitney, NV, USA",36.1028656773,-115.0255391747,7,,,,7,,open,false,gps,gps,Amur Carp,Cyprinus rubrofuscus,Amur Carp,Actinopterygii,187316,,
102495062,78b4273f-cabd-4aa7-acf1-3bfc0a9d2d52,2018/08/13 11:06 AM EDT,2018-08-13,2018-08-13 15:06:00 UTC,Eastern Time (US & Canada),421879,kyle_klotz,Kyle Klotz,2021-12-04 23:04:09 UTC,2022-08-15 23:36:17 UTC,research,,https://www.inaturalist.org/observations/102495062,https://static.inaturalist.org/photos/171347032/medium.jpeg,,"","",1,0,false,,United States,39.576312512,-79.2273506816,9,,,,28090,obscured,open,true,,,Amur Carp,Cyprinus rubrofuscus,Amur Carp,Actinopterygii,187316,,
102499910,37fb6163-154e-4621-a36e-4b19f119e75d,Fri Dec 03 2021 14:42:33 GMT-0600 (CST),2021-12-03,2021-12-03 20:42:33 UTC,Central Time (US & Canada),3457417,idat51,David Tripp,2021-12-05 00:31:05 UTC,2021-12-22 18:38:24 UTC,research,CC-BY-NC,https://www.inaturalist.org/observations/102499910,https://inaturalist-open-data.s3.amazonaws.com/photos/171357103/medium.jpg,,"","",2,0,false,3,"Oak Ct, Schertz, TX, US",29.626175,-98.2221666667,42,,,,42,,open,false,,,Amur Carp,Cyprinus rubrofuscus,Amur Carp,Actinopterygii,187316,,
102738288,0edf255d-648c-4c00-b106-85d2ec74092d,Mon Aug 16 2021 07:51:10 GMT-0700 (PDT),2021-08-16,2021-08-16 14:51:10 UTC,Pacific Time (US & Canada),863330,tarararaaaaa,,2021-12-08 23:06:45 UTC,2022-02-19 01:01:41 UTC,research,,https://www.inaturalist.org/observations/102738288,https://static.inaturalist.org/photos/171803166/medium.jpg,,"","",2,0,false,3,"Los Gatos Creek Trail, Los Gatos, CA, US",37.2581633333,-121.96167,65,,,,65,,open,false,,,Amur Carp,Cyprinus rubrofuscus,Amur Carp,Actinopterygii,187316,,
103175437,850cda2a-7c39-44ec-a0df-2ca1ad12d541,2020/04/20 2:44 PM PDT,2020-04-20,2020-04-20 21:44:00 UTC,Pacific Time (US & Canada),3925694,lostworldmountain,Alexander,2021-12-17 02:22:20 UTC,2022-06-10 00:33:16 UTC,research,CC-BY-NC,https://www.inaturalist.org/observations/103175437,https://inaturalist-open-data.s3.amazonaws.com/photos/172624907/medium.jpg,,"",,3,0,false,,"Las Vegas, NV, USA",36.2450674571,-115.1505675436,2,,,,2,,open,false,,,Amur Carp,Cyprinus rubrofuscus,Amur Carp,Actinopterygii,187316,,
104063324,ea17d2f1-47e5-4fba-84a6-33c97111cc9f,2021-12-31 14:47:27,2021-12-31,2021-12-31 22:47:27 UTC,Pacific Time (US & Canada),3925694,lostworldmountain,Alexander,2021-12-31 22:50:01 UTC,2022-01-01 03:59:23 UTC,research,CC-BY-NC,https://www.inaturalist.org/observations/104063324,https://inaturalist-open-data.s3.amazonaws.com/photos/174319226/medium.jpeg,,"",,2,0,false,2,"Whitney, NV, USA",36.1027651771,-115.0254774839,,,,,,,open,false,gps,gps,Amur Carp,Cyprinus rubrofuscus,Amur Carp,Actinopterygii,187316,,
104132529,08a3faa2-0dfc-436d-a7ad-487b9a3d0132,2022/01/01 1:42 PM UTC,2022-01-01,2022-01-01 13:42:00 UTC,UTC,3716041,jim668,Jim Dobbins,2022-01-01 21:33:42 UTC,2022-01-02 15:20:42 UTC,research,,https://www.inaturalist.org/observations/104132529,https://static.inaturalist.org/photos/174450683/medium.jpeg,,"",,1,0,false,,"Garland, TX, USA",32.9650254162,-96.6252105804,3,,,,3,,open,false,,,Amur Carp,Cyprinus rubrofuscus,Amur Carp,Actinopterygii,187316,,
104320444,d98f3bca-5e10-4f8e-9b7a-65624a987560,Mon Jan 03 2022 13:46:09 GMT-0500 (EST),2022-01-03,2022-01-03 18:46:09 UTC,Eastern Time (US & Canada),556557,rumeltr,Reid Rumelt,2022-01-04 03:21:03 UTC,2025-02-28 04:51:43 UTC,research,CC-BY-NC,https://www.inaturalist.org/observations/104320444,https://inaturalist-open-data.s3.amazonaws.com/photos/174776153/medium.jpg,,"","",1,0,false,3,"Matheson Hammock Park, Coral Gables, FL, US",25.6830975879,-80.2751245872,1594,,,,1594,,open,false,,,Amur Carp,Cyprinus rubrofuscus,Amur Carp,Actinopterygii,187316,,
104552923,e1c7dc6d-fa12-45e4-a8e1-c05d40afecae,2022/01/03 2:49 PM EST,2022-01-03,2022-01-03 19:49:00 UTC,Eastern Time (US & Canada),232439,harrier,"",2022-01-08 02:40:21 UTC,2025-02-28 04:52:12 UTC,research,CC-BY,https://www.inaturalist.org/observations/104552923,https://inaturalist-open-data.s3.amazonaws.com/photos/175213740/medium.jpeg,,"",,1,0,false,,"Coral Gables, FL, USA",25.6847711223,-80.2781479377,179,,,,179,,open,false,,,Amur Carp,Cyprinus rubrofuscus,Amur Carp,Actinopterygii,187316,,
105870262,466dcae0-6707-4476-a6dc-ebbfa0219104,2022/01/30 1:18 PM UTC,2022-01-30,2022-01-30 13:18:00 UTC,UTC,3716041,jim668,Jim Dobbins,2022-01-30 23:24:44 UTC,2022-01-31 02:18:08 UTC,research,,https://www.inaturalist.org/observations/105870262,https://static.inaturalist.org/photos/177735782/medium.jpeg,,"",,1,0,false,,"Garland, TX, USA",32.9653420961,-96.625082308,8,,,,8,,open,false,,,Amur Carp,Cyprinus rubrofuscus,Amur Carp,Actinopterygii,187316,,
106878685,472fcf68-6530-4db8-8941-1c4bf5336a07,2022/02/16 11:10 AM PST,2022-02-16,2022-02-16 19:10:00 UTC,Pacific Time (US & Canada),61883,cae1,Chris Evers,2022-02-16 21:17:44 UTC,2022-02-17 20:29:41 UTC,research,CC-BY-NC,https://www.inaturalist.org/observations/106878685,https://inaturalist-open-data.s3.amazonaws.com/photos/179643062/medium.jpeg,,"",,2,0,false,,"Levy County, FL, USA",29.4890034128,-82.9793289285,216,,,,216,,open,false,,,Amur Carp,Cyprinus rubrofuscus,Amur Carp,Actinopterygii,187316,,
107648903,635f2ec5-85ff-41e9-ad22-2d0efc6f9996,2022/02/20 5:30 PM PST,2022-02-20,2022-02-21 01:30:00 UTC,Pacific Time (US & Canada),3275935,keepingactive,,2022-02-28 18:54:53 UTC,2023-05-23 01:40:24 UTC,research,CC-BY-NC,https://www.inaturalist.org/observations/107648903,https://inaturalist-open-data.s3.amazonaws.com/photos/181054699/medium.jpeg,,"",,2,0,false,,"North Lake, Golden Gate Park, San Francisco, CA, USA",37.7704126226,-122.5030053373,74,,,,74,,open,false,,,Amur Carp,Cyprinus rubrofuscus,Amur Carp,Actinopterygii,187316,,
107659461,f12edbfb-efda-4102-9185-c3a14c0634ae,Mon Feb 28 2022 16:54:07 GMT-0500 (EST),2022-02-28,2022-02-28 21:54:07 UTC,Eastern Time (US & Canada),5389866,emmiekbarth,,2022-02-28 21:54:54 UTC,2022-03-01 17:40:44 UTC,research,CC-BY-NC,https://www.inaturalist.org/observations/107659461,https://inaturalist-open-data.s3.amazonaws.com/photos/181116302/medium.jpg,,"","",2,0,false,3,"Furman University, Greenville, SC, US",34.928621726,-82.4375576311,4,,,,4,,open,false,,,Amur Carp,Cyprinus rubrofuscus,Amur Carp,Actinopterygii,187316,,
107897341,ae5c10fb-3492-4b74-ae14-b4efe4bf3018,Thu Mar 03 2022 18:06:46 GMT-0600 (CST),2022-03-03,2022-03-04 00:06:46 UTC,Central Time (US & Canada),5300757,haliamorris,Halia Morris,2022-03-04 17:54:25 UTC,2022-03-05 00:05:05 UTC,research,CC-BY-NC,https://www.inaturalist.org/observations/107897341,https://inaturalist-open-data.s3.amazonaws.com/photos/181558243/medium.jpg,,"","",1,0,false,3,"Spring Park Lake, Huntsville, AL, US",34.7267486255,-86.588363193,30,,,,30,,open,false,,,Amur Carp,Cyprinus rubrofuscus,Amur Carp,Actinopterygii,187316,,
108053760,63149f25-3d04-4109-aeef-c3255ecb9042,2022/03/06 11:01 AM CST,2022-03-06,2022-03-06 17:01:00 UTC,Central Time (US & Canada),16724,cmklym,Mark Klym,2022-03-06 20:48:40 UTC,2022-03-07 17:21:29 UTC,research,CC-BY-NC,https://www.inaturalist.org/observations/108053760,https://inaturalist-open-data.s3.amazonaws.com/photos/181851244/medium.jpeg,,"",,3,0,false,,"6500 Magazine St, New Orleans, LA 70118, USA",29.9255966,-90.1286501,2338,,,,2338,,open,false,,,Amur Carp,Cyprinus rubrofuscus,Amur Carp,Actinopterygii,187316,,
108545784,d4e9eab2-e447-47a5-aabd-dd05059ec75b,2022/03/06 10:40 AM PST,2022-03-06,2022-03-06 18:40:00 UTC,Pacific Time (US & Canada),80832,deejay,Dorothy Johnson,2022-03-13 23:21:13 UTC,2023-05-23 01:40:15 UTC,research,CC0,https://www.inaturalist.org/observations/108545784,https://inaturalist-open-data.s3.amazonaws.com/photos/182774058/medium.jpeg,,"",could this be just a released Koi?,2,0,false,,"Pruneyard / Dry Creek, Campbell, CA, USA",37.2927749123,-121.933452445,31,,,,31,,open,false,,,Amur Carp,Cyprinus rubrofuscus,Amur Carp,Actinopterygii,187316,,
108626064,93112689-5807-44d8-b87c-4acca3c9a1c5,Mon Mar 14 2022 18:21:40 GMT -0700 (PDT),2022-03-14,2022-03-15 01:21:40 UTC,Pacific Time (US & Canada),5004551,djnasty,,2022-03-15 01:21:50 UTC,2022-03-29 21:44:50 UTC,research,CC-BY-NC,https://www.inaturalist.org/observations/108626064,https://inaturalist-open-data.s3.amazonaws.com/photos/182951324/medium.jpeg,,"",,1,0,false,333,Rancho Mirage,33.7544288635,-116.431137085,8127,,,,8127,,open,false,,,Amur Carp,Cyprinus rubrofuscus,Amur Carp,Actinopterygii,187316,,
108732592,7d0cc733-0438-4214-9e2e-7d44447120d5,2022-03-16 12:29:26,2022-03-16,2022-03-16 12:29:26 UTC,UTC,5300090,johnishaver,John Irvin Shaver,2022-03-16 16:29:51 UTC,2022-03-16 20:27:36 UTC,research,,https://www.inaturalist.org/observations/108732592,https://static.inaturalist.org/photos/183128575/medium.jpeg,,"",,1,0,false,2,"North Myrtle Beach, SC, USA",33.83620158,-78.67604765,9,,,,9,,open,false,,,Amur Carp,Cyprinus rubrofuscus,Amur Carp,Actinopterygii,187316,,
108732631,7c4a7c7b-56a8-403c-9fa1-42ba1d67150d,2022-03-16 12:29:53,2022-03-16,2022-03-16 12:29:53 UTC,UTC,5300090,johnishaver,John Irvin Shaver,2022-03-16 16:30:19 UTC,2022-03-29 21:44:48 UTC,research,,https://www.inaturalist.org/observations/108732631,https://static.inaturalist.org/photos/183128619/medium.jpeg,,"",,1,0,false,2,"North Myrtle Beach, SC, USA",33.83622726,-78.67603782,8,,,,8,,open,false,,,Amur Carp,Cyprinus rubrofuscus,Amur Carp,Actinopterygii,187316,,
108734991,87e14b01-9c87-4a23-95e2-73e2c99ce6d9,2022-03-16 13:06:42,2022-03-16,2022-03-16 13:06:42 UTC,UTC,5300090,johnishaver,John Irvin Shaver,2022-03-16 17:07:08 UTC,2022-04-04 20:05:03 UTC,research,,https://www.inaturalist.org/observations/108734991,https://static.inaturalist.org/photos/183132888/medium.jpeg,,"",,1,0,false,2,"North Myrtle Beach, SC, USA",33.83622426,-78.67614209,4,,,,4,,open,false,,,Koi,Cyprinus rubrofuscus,Amur Carp,Actinopterygii,187316,,
108752813,010fe4e7-af79-4a8d-9602-29b82b189cab,2022/03/16 1:18 PM EDT,2022-03-16,2022-03-16 17:18:00 UTC,Eastern Time (US & Canada),5365504,rmc00002,,2022-03-16 21:16:11 UTC,2023-05-23 01:40:07 UTC,research,CC-BY-NC,https://www.inaturalist.org/observations/108752813,https://inaturalist-open-data.s3.amazonaws.com/photos/183164338/medium.jpeg,,"",,2,0,false,,"Harrisonburg, VA, USA",38.4290916667,-78.8620916667,4,,,,4,,open,false,,,Amur Carp,Cyprinus rubrofuscus,Amur Carp,Actinopterygii,187316,,
109066239,8d87ed93-6d43-4e32-a62d-5e848feddc56,2022-03-20 13:09:15,2022-03-20,2022-03-20 18:09:15 UTC,Central Time (US & Canada),5407068,bethanyr225,Bethany Ranne,2022-03-20 18:10:57 UTC,2022-03-21 15:12:51 UTC,research,,https://www.inaturalist.org/observations/109066239,https://static.inaturalist.org/photos/183751848/medium.jpeg,,"",,2,0,false,2,"Grand Portland, Oklahoma City, OK, USA",35.5059677965,-97.5798804313,6,,,,6,,open,false,gps,gps,Amur Carp,Cyprinus rubrofuscus,Amur Carp,Actinopterygii,187316,,
109160017,274aff6a-0dbc-466b-8df6-d56797c6c70a,Mon Mar 21 2022 14:14:21 GMT-0400 (EDT),2022-03-21,2022-03-21 18:14:21 UTC,Eastern Time (US & Canada),4045218,jessie004,JESSENIA PESANTES,2022-03-21 18:16:41 UTC,2022-05-19 17:17:01 UTC,research,CC-BY-NC,https://www.inaturalist.org/observations/109160017,https://inaturalist-open-data.s3.amazonaws.com/photos/183929522/medium.jpg,,"","",2,0,false,3,"Rutgers University - New Brunswick, New Brunswick, NJ, US",40.4826111475,-74.4371506956,13,,,,13,,open,false,,,Amur Carp,Cyprinus rubrofuscus,Amur Carp,Actinopterygii,187316,,
109288036,608a039e-e289-4ad1-8f2d-7e10259352fd,2022/03/22 4:18 PM PDT,2022-03-22,2022-03-22 23:18:00 UTC,Pacific Time (US & Canada),2873,jmaughn,James Maughn,2022-03-23 14:53:05 UTC,2022-03-24 02:02:30 UTC,research,CC-BY-NC,https://www.inaturalist.org/observations/109288036,https://inaturalist-open-data.s3.amazonaws.com/photos/184168647/medium.jpeg,,"","A pair of large carp, one orange, the other greenish, in the pool beneath the diversion on the Los Gatos Creek Trail, below Los Gatos Creek County Park.",1,0,false,,"Campbell, CA, USA",37.2727835526,-121.948103195,8,,,,8,,open,false,,,Amur Carp,Cyprinus rubrofuscus,Amur Carp,Actinopterygii,187316,,
109300743,a1247afc-189c-48c1-a7bd-d2f985949c21,Sat Mar 19 2022 11:14:44 GMT-0400 (EDT),2022-03-19,2022-03-19 15:14:44 UTC,Eastern Time (US & Canada),4704969,bmagill,"",2022-03-23 17:35:56 UTC,2024-05-26 17:08:49 UTC,research,CC-BY-NC,https://www.inaturalist.org/observations/109300743,https://inaturalist-open-data.s3.amazonaws.com/photos/184193673/medium.jpg,,"","",1,0,false,3,"N Military Trail, West Palm Beach, FL, US",26.685205,-80.1144778333,4,,,,4,,open,false,,,Amur Carp,Cyprinus rubrofuscus,Amur Carp,Actinopterygii,187316,,
109348046,b8992eea-6585-4333-801d-13ab5b795282,2022/03/23 5:00 PM PDT,2022-03-23,2022-03-24 00:00:00 UTC,Pacific Time (US & Canada),3925694,lostworldmountain,Alexander,2022-03-24 03:59:46 UTC,2023-08-07 20:15:26 UTC,research,CC-BY-NC,https://www.inaturalist.org/observations/109348046,https://inaturalist-open-data.s3.amazonaws.com/photos/184280009/medium.jpeg,,"",,4,0,false,,"Las Vegas, NV, USA",36.1028194983,-115.0255372811,2,,,,2,,open,false,,,Amur Carp,Cyprinus rubrofuscus,Amur Carp,Actinopterygii,187316,,
109502168,3dd7538f-cef1-4d63-ae93-7cacf70466c6,2022-03-22 13:46:55,2022-03-22,2022-03-22 17:46:55 UTC,Eastern Time (US & Canada),1260314,uppereast,"",2022-03-26 00:33:15 UTC,2022-03-26 12:58:03 UTC,research,CC-BY-NC,https://www.inaturalist.org/observations/109502168,https://static.inaturalist.org/photos/184567463/medium.jpeg,,"",,2,0,false,2,"New York, NY 10029, USA",40.7954192281,-73.9515515417,25,,,,25,,open,false,gps,gps,Amur Carp,Cyprinus rubrofuscus,Amur Carp,Actinopterygii,187316,,
109613112,5ceb8478-929d-4ab8-9560-6c5751188bce,2022/03/26 12:25 PM HST,2022-03-26,2022-03-26 22:25:00 UTC,Hawaii,150454,david99,David Rankin,2022-03-27 03:28:42 UTC,2025-04-15 06:56:35 UTC,research,CC-BY-NC,https://www.inaturalist.org/observations/109613112,https://inaturalist-open-data.s3.amazonaws.com/photos/184774306/medium.jpeg,,"",,2,0,false,,"Crestline, CA, USA",34.2419796224,-117.276431933,31,,,,31,,open,false,,,Amur Carp,Cyprinus rubrofuscus,Amur Carp,Actinopterygii,187316,,
109824347,03e075b0-f505-4a11-87f9-4092ffba220b,Sat Feb 19 2022 11:39:21 GMT-0500 (EST),2022-02-19,2022-02-19 16:39:21 UTC,Eastern Time (US & Canada),752801,aidanbarnes,,2022-03-29 10:21:00 UTC,2025-03-04 01:33:39 UTC,research,,https://www.inaturalist.org/observations/109824347,https://static.inaturalist.org/photos/185171767/medium.jpg,,"","",3,0,false,3,"Long Leaf Park, Wilmington, NC, US",34.2047853051,-77.8859392396,46,,,,46,,open,false,,,Amur Carp,Cyprinus rubrofuscus,Amur Carp,Actinopterygii,187316,,
109824388,9f42a7ae-0477-40c7-9577-a0ed864a7376,Wed Feb 09 2022 16:15:26 GMT-0500 (EST),2022-02-09,2022-02-09 21:15:26 UTC,Eastern Time (US & Canada),752801,aidanbarnes,,2022-03-29 10:22:19 UTC,2023-05-23 01:39:55 UTC,research,,https://www.inaturalist.org/observations/109824388,https://static.inaturalist.org/photos/185171846/medium.jpg,,"","",2,0,false,3,"Long Leaf Park, Wilmington, NC, US",34.2046866667,-77.8858716667,5,,,,5,,open,false,,,Amur Carp,Cyprinus rubrofuscus,Amur Carp,Actinopterygii,187316,,
109861599,d2a9d4fa-ed39-43dd-9cbf-126074f71a2c,Tue Mar 29 2022 12:46:46 GMT-0700 (PDT),2022-03-29,2022-03-29 19:46:46 UTC,Pacific Time (US & Canada),5295052,isabellahildebrand,,2022-03-29 19:47:19 UTC,2022-03-29 21:44:45 UTC,research,CC-BY-NC,https://www.inaturalist.org/observations/109861599,https://inaturalist-open-data.s3.amazonaws.com/photos/185238825/medium.jpg,,"","",1,0,false,3,"Golden Gate Park, San Francisco, CA, US",37.7702638926,-122.5024566428,79,,,,79,,open,false,,,Amur Carp,Cyprinus rubrofuscus,Amur Carp,Actinopterygii,187316,,
110219899,f138dce1-8475-48e0-8b22-946cf2827e1d,2022/04/02 2:33 PM EDT,2022-04-02,2022-04-02 18:33:00 UTC,Eastern Time (US & Canada),2116455,davidenrique,"",2022-04-02 21:41:45 UTC,2023-04-20 16:35:38 UTC,research,CC0,https://www.inaturalist.org/observations/110219899,https://inaturalist-open-data.s3.amazonaws.com/photos/185894799/medium.jpeg,,"",Koi? goldfish? mutant asian carp? ,3,0,false,,"Montgomery County, MD, USA",39.1084,-77.2002527778,,,,,,,open,false,,,Amur Carp,Cyprinus rubrofuscus,Amur Carp,Actinopterygii,187316,,
110903496,f416a180-a94d-44e2-bd9a-3c5d7e929a13,2022/04/09 11:38 AM PDT,2022-04-09,2022-04-09 18:38:00 UTC,Pacific Time (US & Canada),1770258,beckasaurus,Becky,2022-04-09 23:22:30 UTC,2025-04-30 21:32:45 UTC,research,,https://www.inaturalist.org/observations/110903496,https://inaturalist-open-data.s3.amazonaws.com/photos/187157471/medium.jpeg,,"",,1,0,false,,"San Jose, CA, USA",37.4072975492,-121.9546491267,30,,,,30,,open,false,,,Amur Carp,Cyprinus rubrofuscus,Amur Carp,Actinopterygii,187316,,
111000622,9fb5e41d-7fc4-47d8-a076-9218b3e5c63f,2022-04-10 15:51:33-04:00,2022-04-10,2022-04-10 19:51:33 UTC,Atlantic Time (Canada),5488045,taromomo,,2022-04-10 19:51:38 UTC,2023-05-23 01:39:26 UTC,research,CC-BY-NC,https://www.inaturalist.org/observations/111000622,https://inaturalist-open-data.s3.amazonaws.com/photos/187336176/medium.jpg,,"","",2,0,false,3,"Lake Ella, Tallahassee, FL, US",30.4616279409,-84.2796818119,82,,,,82,,open,false,,,Amur Carp,Cyprinus rubrofuscus,Amur Carp,Actinopterygii,187316,,
111018041,c2b1da3c-59b9-48f5-84d8-74325f6debfb,2022-04-10 17:53:36-04:00,2022-04-10,2022-04-10 21:53:36 UTC,Atlantic Time (Canada),5418257,dlopez425,,2022-04-10 21:58:39 UTC,2022-04-12 21:47:36 UTC,research,CC-BY-NC,https://www.inaturalist.org/observations/111018041,https://inaturalist-open-data.s3.amazonaws.com/photos/187367337/medium.jpg,,"","",1,0,false,3,"Lake Ella, Tallahassee, FL, US",30.46105,-84.2785116667,3,,,,3,,open,false,,,Amur Carp,Cyprinus rubrofuscus,Amur Carp,Actinopterygii,187316,,
111096626,c54b4742-7a15-4fd9-9cf2-329fb459b14b,2022-04-11 11:11:08,2022-04-11,2022-04-11 15:11:08 UTC,Eastern Time (US & Canada),5502157,kyle_findlay,,2022-04-11 15:12:30 UTC,2022-04-12 12:39:31 UTC,research,CC-BY-NC,https://www.inaturalist.org/observations/111096626,https://inaturalist-open-data.s3.amazonaws.com/photos/187504260/medium.jpeg,,"",,1,0,false,2,"Tallahassee, FL 32303, USA",30.46185587,-84.28006161,8,,,,8,,open,false,,,Amur Carp,Cyprinus rubrofuscus,Amur Carp,Actinopterygii,187316,,
111167664,9640734e-1c16-4331-ac04-1f88a5af9166,2022-04-11 15:44:00-04:00,2022-04-11,2022-04-11 19:44:00 UTC,Atlantic Time (Canada),5502142,anna_sellon,Anna Sellon,2022-04-12 04:01:07 UTC,2022-06-19 10:53:34 UTC,research,,https://www.inaturalist.org/observations/111167664,https://static.inaturalist.org/photos/187634443/medium.jpg,,"","",2,0,false,3,"Stanley Park, Westfield, MA, US",42.1225666667,-72.7862083333,4,,,,4,,open,false,,,Amur Carp,Cyprinus rubrofuscus,Amur Carp,Actinopterygii,187316,,
111197932,cadc1320-b9fd-49b3-be5f-fcb7aae1ec62,2021/07/07 9:15 AM CDT,2021-07-07,2021-07-07 14:15:00 UTC,Central Time (US & Canada),4903933,drdutakasexymexy,,2022-04-12 14:20:02 UTC,2022-04-12 14:20:16 UTC,research,CC-BY-NC,https://www.inaturalist.org/observations/111197932,https://inaturalist-open-data.s3.amazonaws.com/photos/187687689/medium.jpeg,,"",,1,0,false,,"1629 Park Rd 59, Glen Rose, TX 76043, USA",32.2462043,-97.813358,203,,,,203,,open,false,,,Amur Carp,Cyprinus rubrofuscus,Amur Carp,Actinopterygii,187316,,
111236266,38cb6188-26a4-45ae-b35b-b9eeb377919f,2022-04-12 16:26:58,2022-04-12,2022-04-12 20:26:58 UTC,Eastern Time (US & Canada),5507076,dude6,Dude Man,2022-04-12 20:28:11 UTC,2022-04-12 20:43:04 UTC,research,,https://www.inaturalist.org/observations/111236266,https://static.inaturalist.org/photos/187756605/medium.jpeg,,"","Unsure if it is some, but it might be",1,0,false,2,"Westfield, MA 01085, USA",42.1225056,-72.78631321,4,,,,4,,open,false,,,Amur Carp,Cyprinus rubrofuscus,Amur Carp,Actinopterygii,187316,,
111269445,760cb7a0-d9c0-4107-b216-659a9d6e3880,2022/04/12 12:55 PM EDT,2022-04-12,2022-04-12 16:55:00 UTC,Eastern Time (US & Canada),1783503,mertensia,Bonnie Semmling,2022-04-13 02:15:55 UTC,2022-04-14 04:34:18 UTC,research,CC-BY,https://www.inaturalist.org/observations/111269445,https://inaturalist-open-data.s3.amazonaws.com/photos/187817149/medium.jpeg,,"",,1,0,false,,"New Brunswick, NJ, USA",40.4826955427,-74.4371900707,8,,,,8,,open,false,,,Amur Carp,Cyprinus rubrofuscus,Amur Carp,Actinopterygii,187316,,
111271589,7c643fc8-30a9-45fd-aa10-c312f94f7046,2022-04-12 17:47:03-04:00,2022-04-12,2022-04-12 21:47:03 UTC,Atlantic Time (Canada),1761087,mabeuf,"",2022-04-13 02:48:50 UTC,2025-05-06 15:31:43 UTC,research,CC-BY-NC,https://www.inaturalist.org/observations/111271589,https://inaturalist-open-data.s3.amazonaws.com/photos/187822531/medium.jpg,,"","",2,0,false,3,"Garfield Ave, Cranston, RI, US",41.7973652808,-71.4427630138,5,,,,5,,open,false,,,Amur Carp,Cyprinus rubrofuscus,Amur Carp,Actinopterygii,187316,,
111526031,5175b0bb-6127-4ba0-a3f8-e73766a522d7,2022-04-13 13:04:37-04:00,2022-04-13,2022-04-13 17:04:37 UTC,Atlantic Time (Canada),5502969,kjohnson711,,2022-04-15 15:23:41 UTC,2024-05-26 17:08:26 UTC,research,CC-BY-NC,https://www.inaturalist.org/observations/111526031,https://inaturalist-open-data.s3.amazonaws.com/photos/188280236/medium.jpg,,"","",2,0,false,3,"Stanley Park, Westfield, MA, US",42.1227278333,-72.7863466667,4,,,,4,,open,false,,,Amur Carp,Cyprinus rubrofuscus,Amur Carp,Actinopterygii,187316,,
111659946,e4711fe9-3f6f-4d3d-b630-3f22adc3a61a,2022-04-16 12:17:53,2022-04-16,2022-04-16 16:17:53 UTC,Eastern Time (US & Canada),4225931,karalarsen,Kara Larsen,2022-04-16 16:21:06 UTC,2023-05-23 01:39:04 UTC,research,CC-BY-NC,https://www.inaturalist.org/observations/111659946,https://inaturalist-open-data.s3.amazonaws.com/photos/188522767/medium.jpeg,,"",Moved to hide under a floating log.,2,0,false,2,"Herndon, VA 20170, USA",38.9854297004,-77.3870559409,38,,,,38,,open,false,gps,gps,Amur Carp,Cyprinus rubrofuscus,Amur Carp,Actinopterygii,187316,,
111674416,acbb58c8-1696-4d81-9573-ced3f8d8b521,2022/04/14 12:33 PM UTC,2022-04-14,2022-04-14 12:33:00 UTC,UTC,1705504,dutchjohn,John Van Veldhuizen,2022-04-16 18:07:42 UTC,2024-05-22 00:39:04 UTC,research,CC-BY-NC,https://www.inaturalist.org/observations/111674416,https://inaturalist-open-data.s3.amazonaws.com/photos/188547111/medium.jpeg,,"","",2,0,false,,"Amado, AZ, USA",31.7233460151,-111.0573618645,2,,,,2,,open,false,,,Amūras sazāns,Cyprinus rubrofuscus,Amur Carp,Actinopterygii,187316,,
112195783,7490a07d-35e4-4fce-9ac6-1849e4b4693f,2022/04/20 10:06 AM,2022-04-20,2022-04-20 17:06:00 UTC,Pacific Time (US & Canada),3925694,lostworldmountain,Alexander,2022-04-20 20:57:54 UTC,2023-05-23 01:38:37 UTC,research,CC-BY-NC,https://www.inaturalist.org/observations/112195783,https://inaturalist-open-data.s3.amazonaws.com/photos/189494200/medium.jpeg,,"",,3,0,false,,"Las Vegas, NV, USA",36.1028185787,-115.0255235634,2,,,,2,,open,false,,,Amur Carp,Cyprinus rubrofuscus,Amur Carp,Actinopterygii,187316,,
112226308,7da5d692-471a-48b3-a91a-588331257eb0,2022/04/20 12:41 PM,2022-04-20,2022-04-20 16:41:00 UTC,Eastern Time (US & Canada),4203840,asmackey,Ann Mackey,2022-04-21 02:23:38 UTC,2022-04-21 04:22:22 UTC,research,CC-BY-NC,https://www.inaturalist.org/observations/112226308,https://inaturalist-open-data.s3.amazonaws.com/photos/189550898/medium.jpeg,,"",,2,0,false,,"Hastings-On-Hudson, NY 10706, USA",40.9971789601,-73.8696209633,8,,,,8,,open,false,,,Amur Carp,Cyprinus rubrofuscus,Amur Carp,Actinopterygii,187316,,
112406248,478c3393-4b50-4dfc-8122-0481ee0971df,2022-04-22 12:42:03-04:00,2022-04-22,2022-04-22 16:42:03 UTC,Eastern Time (US & Canada),5383821,ctuckerwms,,2022-04-22 16:42:20 UTC,2022-04-24 06:04:15 UTC,research,CC-BY-NC,https://www.inaturalist.org/observations/112406248,https://inaturalist-open-data.s3.amazonaws.com/photos/189857905/medium.jpg,,"","",2,0,false,3,"Lazy 5 Ranch, Mooresville, NC, US",35.6226382815,-80.7212756657,8,,,,8,,open,false,,,Amur Carp,Cyprinus rubrofuscus,Amur Carp,Actinopterygii,187316,,
112758630,a9e2421f-eece-403a-b4a7-7416fad46f84,Sun Apr 24 2022 19:27:51 GMT -0400 (EDT),2022-04-24,2022-04-24 23:27:51 UTC,Eastern Time (US & Canada),3469418,rhames01,,2022-04-24 23:28:03 UTC,2022-04-26 20:14:39 UTC,research,,https://www.inaturalist.org/observations/112758630,https://static.inaturalist.org/photos/190478766/medium.jpeg,,"",,1,0,false,333,Gaithersburg,39.1179656982,-77.1994934082,6,,,,6,,open,false,,,Amur Carp,Cyprinus rubrofuscus,Amur Carp,Actinopterygii,187316,,
113262572,6340447e-1c2d-495e-840c-9348abc01db3,2022/04/28 9:25 AM,2022-04-28,2022-04-28 16:25:00 UTC,Pacific Time (US & Canada),3925694,lostworldmountain,Alexander,2022-04-28 20:32:45 UTC,2023-08-07 20:11:24 UTC,research,CC-BY-NC,https://www.inaturalist.org/observations/113262572,https://inaturalist-open-data.s3.amazonaws.com/photos/191376251/medium.jpeg,,"",,1,0,false,,"Downtown Las Vegas, Las Vegas, NV, USA",36.1802502412,-115.1330825825,1,,,,1,,open,false,,,Amur Carp,Cyprinus rubrofuscus,Amur Carp,Actinopterygii,187316,,
113546317,36abb483-8881-4c14-bbdc-2776bfcdbcca,2022-04-29 14:32:43-06:00,2022-04-29,2022-04-29 20:32:43 UTC,Mountain Time (US & Canada),5583315,coco_hobson22,,2022-04-29 20:33:26 UTC,2023-02-16 16:19:17 UTC,research,CC-BY-NC,https://www.inaturalist.org/observations/113546317,https://inaturalist-open-data.s3.amazonaws.com/photos/191822776/medium.jpg,,"","",2,0,false,3,"S 2100 E, Holladay, UT, US",40.6562649692,-111.8295088505,7,,,,7,,open,false,,,Amur Carp,Cyprinus rubrofuscus,Amur Carp,Actinopterygii,187316,,
113547520,7fbd420e-55ef-452c-9088-f1d3ccd4d628,2022/04/29 12:43 PM,2022-04-29,2022-04-29 16:43:00 UTC,Eastern Time (US & Canada),5541359,ktoal5,,2022-04-29 20:37:04 UTC,2022-04-30 12:50:21 UTC,research,CC-BY-NC,https://www.inaturalist.org/observations/113547520,https://inaturalist-open-data.s3.amazonaws.com/photos/191824346/medium.jpeg,,"",,2,0,false,,"Manhattan, New York, NY, USA",40.7964734982,-73.9521688782,,,,,,,open,false,,,Amur Carp,Cyprinus rubrofuscus,Amur Carp,Actinopterygii,187316,,
113942265,a490d567-c87a-4fad-bf49-0724acba284b,2022-04-30 11:19:55-05:00,2022-04-30,2022-04-30 16:19:55 UTC,Central Time (US & Canada),2286066,ryunlawrence,,2022-04-30 20:08:44 UTC,2022-05-01 01:59:40 UTC,research,CC-BY-NC,https://www.inaturalist.org/observations/113942265,https://inaturalist-open-data.s3.amazonaws.com/photos/192451746/medium.jpg,,"","",1,0,false,3,"Pawnee Prairie Horse & Nature Park, Wichita, KS, US",37.6510716667,-97.45372,6,,,,6,,open,false,,,Amur Carp,Cyprinus rubrofuscus,Amur Carp,Actinopterygii,187316,,
113997894,2272fe94-fdc4-4365-af7e-12d56cf19d23,2022-04-30 18:28:27-04:00,2022-04-30,2022-04-30 22:28:27 UTC,Eastern Time (US & Canada),5604158,almaszalma,,2022-04-30 22:31:39 UTC,2025-04-04 18:33:14 UTC,research,CC-BY-NC,https://www.inaturalist.org/observations/113997894,https://inaturalist-open-data.s3.amazonaws.com/photos/192543353/medium.jpg,,"","",3,0,false,3,"Cox Arboretum Park, Dayton, OH, US",39.6542012748,-84.2255992461,24,,,,24,,open,false,,,Amur Carp,Cyprinus rubrofuscus,Amur Carp,Actinopterygii,187316,,
114075555,374b5507-e71a-45d4-9eed-fa6953d3609d,2022-04-30 17:29:33-06:00,2022-04-30,2022-04-30 23:29:33 UTC,Mountain Time (US & Canada),5583315,coco_hobson22,,2022-05-01 02:42:01 UTC,2023-03-22 12:51:01 UTC,research,CC-BY-NC,https://www.inaturalist.org/observations/114075555,https://inaturalist-open-data.s3.amazonaws.com/photos/192672933/medium.jpg,,"","",3,1,false,3,"E Murray Holladay Rd, Holladay, UT, US",40.6671878097,-111.8262612549,9918,,,,9918,,open,false,,,Amur Carp,Cyprinus rubrofuscus,Amur Carp,Actinopterygii,187316,,
114231614,bc59a895-bdb0-4d37-abd0-ce05efd8c304,2022-05-01 10:46:11-04:00,2022-05-01,2022-05-01 14:46:11 UTC,Eastern Time (US & Canada),5490870,tripppled83,,2022-05-01 14:46:27 UTC,2023-02-13 13:08:08 UTC,research,CC-BY-NC,https://www.inaturalist.org/observations/114231614,https://inaturalist-open-data.s3.amazonaws.com/photos/192919840/medium.jpg,,"","",2,0,false,3,"Long Leaf Park, Wilmington, NC, US",34.2041391414,-77.8857638408,5,,,,5,,open,false,,,Amur Carp,Cyprinus rubrofuscus,Amur Carp,Actinopterygii,187316,,
115028695,010d60da-6d36-4d0b-97b9-de56170363cf,2022-05-02 19:14:22-04:00,2022-05-02,2022-05-02 23:14:22 UTC,Eastern Time (US & Canada),1667715,drossme,Dave,2022-05-03 03:55:39 UTC,2022-12-21 15:04:05 UTC,research,CC-BY-NC,https://www.inaturalist.org/observations/115028695,https://inaturalist-open-data.s3.amazonaws.com/photos/194180211/medium.jpg,,"","",2,0,false,3,"Rio, Gaithersburg, MD, US",39.1162333333,-77.197145,4,,,,4,,open,false,,,Amur Carp,Cyprinus rubrofuscus,Amur Carp,Actinopterygii,187316,,
115398932,eb800059-e0c0-4972-88a9-d4e8c4fee82e,2022/04/29 4:09 PM,2022-04-29,2022-04-29 21:09:00 UTC,Central Time (US & Canada),24071,bob777,Bob O'Kennon,2022-05-04 17:01:09 UTC,2022-05-04 19:00:58 UTC,research,CC-BY-NC,https://www.inaturalist.org/observations/115398932,https://inaturalist-open-data.s3.amazonaws.com/photos/194767390/medium.jpeg,,"","",1,0,false,,"Fort Worth, TX, USA",32.73707,-97.3662416667,,,,,,,open,false,,,Amur Carp,Cyprinus rubrofuscus,Amur Carp,Actinopterygii,187316,,
115400912,21ecc183-6093-404f-ac5b-7b7187fba96b,2022/04/29 4:17 PM,2022-04-29,2022-04-29 21:17:00 UTC,Central Time (US & Canada),24071,bob777,Bob O'Kennon,2022-05-04 17:11:41 UTC,2022-05-04 19:00:20 UTC,research,CC-BY-NC,https://www.inaturalist.org/observations/115400912,https://inaturalist-open-data.s3.amazonaws.com/photos/194770597/medium.jpeg,,"","",1,0,false,,"Fort Worth, TX, USA",32.7371983333,-97.3659783333,,,,,,,open,false,,,Amur Carp,Cyprinus rubrofuscus,Amur Carp,Actinopterygii,187316,,
115514798,b6b76bc4-7af3-4f78-96b0-de36b75db3ae,2022/05/02 1:33 PM,2022-05-02,2022-05-02 18:33:00 UTC,Central Time (US & Canada),247751,jordandcochran,Jordan Cochran,2022-05-05 05:41:22 UTC,2024-03-09 13:08:49 UTC,research,CC-BY-NC,https://www.inaturalist.org/observations/115514798,https://inaturalist-open-data.s3.amazonaws.com/photos/194954655/medium.jpeg,,Fish Life List,,1,0,false,,"Dunbar-Manhattan Heights, Lubbock, TX, USA",33.5607779878,-101.7973059949,499,,,,499,,open,false,,,Amur Carp,Cyprinus rubrofuscus,Amur Carp,Actinopterygii,187316,,
115647556,9c64d14e-1a33-4a44-b366-398a093c2623,2022-05-04 20:01:02-07:00,2022-05-04,2022-05-05 03:01:02 UTC,Pacific Time (US & Canada),7101700,riverwalker232,,2022-05-05 23:26:10 UTC,2022-05-09 02:52:46 UTC,research,CC-BY-NC,https://www.inaturalist.org/observations/115647556,https://inaturalist-open-data.s3.amazonaws.com/photos/195182410/medium.jpg,,"","",3,0,false,3,"Chesbro Reservoir, Morgan Hill, CA, US",37.1249786578,-121.7059525922,3553,,,,3553,,open,false,,,Amur Carp,Cyprinus rubrofuscus,Amur Carp,Actinopterygii,187316,,
115653611,8c1aa83e-0962-4c42-aac2-22e3004f5098,2022-04-15 14:13:15-05:00,2022-04-15,2022-04-15 19:13:15 UTC,Central Time (US & Canada),4901389,autlaustin,,2022-05-06 00:15:11 UTC,2022-09-20 19:24:09 UTC,research,CC-BY-NC,https://www.inaturalist.org/observations/115653611,https://inaturalist-open-data.s3.amazonaws.com/photos/195194185/medium.jpg,,"","",1,0,false,3,"Fort Worth, TX, US",32.6162046857,-97.5475408327,540757,,,,540757,,open,false,,,Amur Carp,Cyprinus rubrofuscus,Amur Carp,Actinopterygii,187316,,
116020885,c000c723-9c95-4020-aff8-033c26f761b4,2022/04/30 6:57 PM,2022-04-30,2022-04-30 22:57:00 UTC,Eastern Time (US & Canada),927795,kpwest,"Dennis Tarnay, Jr.",2022-05-08 03:00:35 UTC,2023-05-29 02:23:37 UTC,research,CC-BY-NC-ND,https://www.inaturalist.org/observations/116020885,https://inaturalist-open-data.s3.amazonaws.com/photos/195817829/medium.jpg,,"","",2,0,false,,"Elenore C Lawrence Park, Fairfax VA, USA",38.853973,-77.430329,3,,,,3,,open,false,,,Amur Carp,Cyprinus rubrofuscus,Amur Carp,Actinopterygii,187316,,
116264324,4dc81dfd-5b0d-45d1-b948-838be7f5fd2b,2022-05-08 13:36:38,2022-05-08,2022-05-08 17:36:38 UTC,Eastern Time (US & Canada),4532347,phoenix_snook,Phoenix Snook,2022-05-09 11:59:09 UTC,2022-05-09 12:23:54 UTC,research,,https://www.inaturalist.org/observations/116264324,https://static.inaturalist.org/photos/196241525/medium.jpeg,,"",,2,0,false,2,"Meadville, PA 16335, USA",41.6626739444,-80.1457366944,,,,,,,open,false,gps,gps,Amur Carp,Cyprinus rubrofuscus,Amur Carp,Actinopterygii,187316,,
117176084,85b78e4b-f03f-44bb-8fe0-51ca7cdce0c3,2022-05-15 14:01:50-04:00,2022-05-15,2022-05-15 18:01:50 UTC,Eastern Time (US & Canada),5535333,camryn37,Camryn Rhoades,2022-05-15 18:02:07 UTC,2024-01-13 21:56:17 UTC,research,,https://www.inaturalist.org/observations/117176084,https://static.inaturalist.org/photos/197861087/medium.jpg,,"","",2,0,false,3,"Farbach-Werner Nature Preserve, Cincinnati, OH, US",39.2331740493,-84.5924312622,4,,,,4,,open,false,,,Amur Carp,Cyprinus rubrofuscus,Amur Carp,Actinopterygii,187316,,
117206761,d590bb67-8f3d-4f14-856e-a0c2d8e75ed9,2022/05/07 6:50 PM,2022-05-07,2022-05-08 01:50:00 UTC,Pacific Time (US & Canada),1635794,ian253,Ian Kanda,2022-05-15 20:52:21 UTC,2022-05-21 06:22:55 UTC,research,,https://www.inaturalist.org/observations/117206761,https://static.inaturalist.org/photos/197915149/medium.jpeg,,"",,1,0,false,,"Golden Gate Park, San Francisco, CA, USA",37.7688172011,-122.4972078285,593,,,,593,,open,false,,,Amur Carp,Cyprinus rubrofuscus,Amur Carp,Actinopterygii,187316,,
117380038,427a6f1d-f05c-4b5b-afa9-fa2310c758fc,2022-05-16 17:27:00,2022-05-16,2022-05-16 23:27:00 UTC,America/Boise,5682543,zach_kline,Zach Kline,2022-05-16 23:27:35 UTC,2023-05-23 01:37:14 UTC,research,CC-BY-NC,https://www.inaturalist.org/observations/117380038,https://inaturalist-open-data.s3.amazonaws.com/photos/198227878/medium.jpeg,,"",,2,0,false,2,"West Valley, Boise, ID, USA",43.65271006,-116.2966508,4,,,,4,,open,false,,,Amur Carp,Cyprinus rubrofuscus,Amur Carp,Actinopterygii,187316,,
117817690,40c0cd57-22c7-4e24-b0ca-9df74e1db2f8,2022-05-19 20:07:00-07:00,2022-05-19,2022-05-20 03:07:00 UTC,Pacific Time (US & Canada),5692354,gabed20,gabriel donoso,2022-05-20 03:22:10 UTC,2023-02-16 19:51:20 UTC,research,,https://www.inaturalist.org/observations/117817690,https://static.inaturalist.org/photos/199010266/medium.jpg,,"","",2,0,false,3,"Los Gatos Creek, Campbell, CA, US",37.2901416667,-121.9368883333,3,,,,3,,open,false,,,Amur Carp,Cyprinus rubrofuscus,Amur Carp,Actinopterygii,187316,,
117857031,af9b0859-a00d-4473-bdf4-dc1918efd464,Fri May 20 2022 09:11:58 GMT -0400 (EDT),2022-05-20,2022-05-20 13:11:58 UTC,Eastern Time (US & Canada),4765394,guildofgentlemen,Guild of Gentlemen,2022-05-20 13:12:04 UTC,2022-09-25 20:53:44 UTC,research,CC-BY-NC,https://www.inaturalist.org/observations/117857031,https://inaturalist-open-data.s3.amazonaws.com/photos/199151665/medium.jpeg,,"",,1,0,false,333,Boston,42.3391799927,-71.0870819092,35,,,,35,,open,false,,,Amur Carp,Cyprinus rubrofuscus,Amur Carp,Actinopterygii,187316,,
118078224,9e204cd9-3c2c-405f-8688-6ba16ecdec0b,2022-05-21 17:29:23-04:00,2022-05-21,2022-05-21 21:29:23 UTC,Eastern Time (US & Canada),4165770,mollycohn,Molly Cohn,2022-05-21 21:29:43 UTC,2024-05-26 17:07:18 UTC,research,CC-BY-NC,https://www.inaturalist.org/observations/118078224,https://inaturalist-open-data.s3.amazonaws.com/photos/199463275/medium.jpg,,"","",2,0,false,3,"Lakeside Dr, Larchmont, NY, US",40.9432582605,-73.7514570282,357,,,,357,,open,false,,,Amur Carp,Cyprinus rubrofuscus,Amur Carp,Actinopterygii,187316,,
118159099,daf91e61-179e-4ab9-bcb4-776247a08571,2022-05-21 19:31:08-04:00,2022-05-21,2022-05-21 23:31:08 UTC,Eastern Time (US & Canada),1761087,mabeuf,"",2022-05-22 10:49:34 UTC,2025-05-06 15:31:42 UTC,research,CC-BY-NC,https://www.inaturalist.org/observations/118159099,https://inaturalist-open-data.s3.amazonaws.com/photos/199608893/medium.jpg,,"","",2,0,false,3,"Providence County, US-RI, US",41.7862422858,-71.4094069787,5,,,,5,,open,false,,,Amur Carp,Cyprinus rubrofuscus,Amur Carp,Actinopterygii,187316,,
118412763,fb0bf5d7-3fcd-487f-aa65-30c2b29cf0c3,Mon May 23 2022 15:25:49 GMT -0400 (EDT),2022-05-23,2022-05-23 19:25:49 UTC,Eastern Time (US & Canada),943202,car88win,,2022-05-23 19:25:56 UTC,2024-01-12 20:31:46 UTC,research,,https://www.inaturalist.org/observations/118412763,https://static.inaturalist.org/photos/200061591/medium.jpeg,,"",,2,0,false,333,Cincinnati,39.1440849304,-84.5078735352,44,,,,44,,open,false,,,Amur Carp,Cyprinus rubrofuscus,Amur Carp,Actinopterygii,187316,,
118699021,17fa11bb-8073-4e09-bd4c-5a804b0b7091,Wed May 25 2022 17:14:15 GMT -0400 (EDT),2022-05-25,2022-05-25 21:14:15 UTC,Indiana (East),5018479,sgunale,,2022-05-25 21:14:23 UTC,2024-01-12 20:29:47 UTC,research,CC-BY-NC,https://www.inaturalist.org/observations/118699021,https://inaturalist-open-data.s3.amazonaws.com/photos/200579943/medium.jpeg,,"",,2,0,false,333,Indianapolis,39.8424224854,-86.170753479,4,,,,4,,open,false,,,Amur Carp,Cyprinus rubrofuscus,Amur Carp,Actinopterygii,187316,,
118778097,ac9e6e54-f4ae-4082-b3c6-ab4df09ff969,2022/05/25 1:25 PM,2022-05-25,2022-05-25 20:25:00 UTC,Pacific Time (US & Canada),10201,edwardrooks,edwardrooks,2022-05-26 13:32:52 UTC,2022-05-26 22:02:48 UTC,research,CC-BY-NC,https://www.inaturalist.org/observations/118778097,https://inaturalist-open-data.s3.amazonaws.com/photos/200721565/medium.jpeg,,"","",1,0,false,,"Vasona Lake County Park, 333 Blossom Hill Rd, Los Gatos, CA 95032, USA",37.2411833809,-121.9704489721,713,,,,713,,open,false,,,Amur Carp,Cyprinus rubrofuscus,Amur Carp,Actinopterygii,187316,,
118876919,1fe0e685-c539-4eba-974f-3c93600c204c,2022-05-24 15:37:00-05:00,2022-05-24,2022-05-24 20:37:00 UTC,Central Time (US & Canada),4683143,barber5,barber5,2022-05-27 03:39:27 UTC,2022-05-31 07:43:23 UTC,research,CC-BY-NC,https://www.inaturalist.org/observations/118876919,https://inaturalist-open-data.s3.amazonaws.com/photos/200899908/medium.jpg,,"","",2,0,false,3,"Devonshire Dr, Champaign, IL, US",40.0902160701,-88.250632863,49,,,,49,,open,false,,,Amur Carp,Cyprinus rubrofuscus,Amur Carp,Actinopterygii,187316,,
118933161,6e1fefe7-c2ac-4b84-9eab-e72f272e2056,2021-05-31 19:58:31-04:00,2021-05-31,2021-05-31 23:58:31 UTC,Eastern Time (US & Canada),5734910,quadzers,Owen Peterson,2022-05-27 16:06:55 UTC,2022-08-01 05:59:33 UTC,research,,https://www.inaturalist.org/observations/118933161,https://static.inaturalist.org/photos/201000234/medium.jpg,,"",People commonly come down to this marina and feed the carp dog food. It appears one of them is actually a magicarp😂. ,2,0,false,3,"Allegheny National Forest, Bradford, PA, US",41.8561216667,-78.9470883333,5,,,,5,,open,false,,,Amur Carp,Cyprinus rubrofuscus,Amur Carp,Actinopterygii,187316,,
118950598,164ac31e-60a4-4fc1-95f6-c284a50bec08,2022/05/24 8:30 AM,2022-05-24,2022-05-24 15:30:00 UTC,Pacific Time (US & Canada),53702,lonnyholmes,"",2022-05-27 18:21:28 UTC,2023-08-07 20:08:36 UTC,research,CC-BY-NC,https://www.inaturalist.org/observations/118950598,https://inaturalist-open-data.s3.amazonaws.com/photos/201027954/medium.jpeg,,"",,3,0,false,,"Boulder City, NV, USA",35.955036526,-114.8472706048,7,,,,7,,open,false,,,Amur Carp,Cyprinus rubrofuscus,Amur Carp,Actinopterygii,187316,,
119233822,3f4bf8cc-9e66-4791-a89f-df4e9afdad9a,2022/05/28 11:25 AM,2022-05-28,2022-05-28 15:25:00 UTC,Eastern Time (US & Canada),2231468,rickbarricklow,Rick Barricklow,2022-05-29 13:31:29 UTC,2023-03-29 03:51:01 UTC,research,CC-BY-NC,https://www.inaturalist.org/observations/119233822,https://inaturalist-open-data.s3.amazonaws.com/photos/201538874/medium.jpeg,,"","",3,0,false,,"Sylvania, OH, USA",41.723086578,-83.6945481389,15,,,,15,,open,false,,,Amur Carp,Cyprinus rubrofuscus,Amur Carp,Actinopterygii,187316,,
119318216,f46d817e-6c61-412b-8708-5f611b58bcbc,2022-05-29 09:35:04-04:00,2022-05-29,2022-05-29 13:35:04 UTC,Eastern Time (US & Canada),1674671,margop,Margaret Pratt,2022-05-29 21:25:41 UTC,2022-05-30 02:49:45 UTC,research,,https://www.inaturalist.org/observations/119318216,https://static.inaturalist.org/photos/201685899/medium.jpg,,"","",1,0,false,3,"Four Mile Run, Alexandria, VA, US",38.8423216667,-77.0599583333,3,,,,3,,open,false,,,Amur Carp,Cyprinus rubrofuscus,Amur Carp,Actinopterygii,187316,,
119372413,34d9d4c4-4270-4e0e-86d0-92ec611d5664,2022/05/29 2:05 PM,2022-05-29,2022-05-29 18:05:00 UTC,Eastern Time (US & Canada),5219404,wesley_v_strong,Wesley Strong,2022-05-30 04:30:10 UTC,2022-06-01 21:48:30 UTC,research,CC-BY-NC,https://www.inaturalist.org/observations/119372413,https://inaturalist-open-data.s3.amazonaws.com/photos/201786503/medium.jpg,,"",,1,0,false,,"Conyngham, PA, USA",40.991933069,-76.0770326546,4,,,,4,,open,false,,,Amur Carp,Cyprinus rubrofuscus,Amur Carp,Actinopterygii,187316,,
120095449,3bac2c1a-93bb-4967-a1d2-2c679a633e98,2022/06/03 5:10 PM,2022-06-03,2022-06-03 21:10:00 UTC,Eastern Time (US & Canada),4929732,jacqui_,jacqui,2022-06-04 01:30:30 UTC,2022-11-22 18:28:08 UTC,research,CC-BY-NC,https://www.inaturalist.org/observations/120095449,https://inaturalist-open-data.s3.amazonaws.com/photos/203087160/medium.png,,"",Someone said koi?? ,1,0,false,,"Queens, NY, USA",40.7282239,-73.7948516,12276,,,,12276,,open,false,,,Amur Carp,Cyprinus rubrofuscus,Amur Carp,Actinopterygii,187316,,
120125723,494857c1-9e89-4635-8171-233cfc39c614,2022-05-09 16:53:06-03:00,2022-05-09,2022-05-09 19:53:06 UTC,Eastern Time (US & Canada),5622215,kaitnewbegin,,2022-06-04 08:45:50 UTC,2022-06-05 15:23:42 UTC,research,CC-BY-NC,https://www.inaturalist.org/observations/120125723,https://inaturalist-open-data.s3.amazonaws.com/photos/203143251/medium.jpg,,"","",1,0,false,3,"Lake St, Middleton, MA, US",42.5950939,-71.0161643,38,,,,38,,open,false,,,Amur Carp,Cyprinus rubrofuscus,Amur Carp,Actinopterygii,187316,,
120392341,75786249-e7a6-43bd-b291-c0b92b7de3d9,Sun Jun 05 2022 15:50:50 GMT -0400 (EDT),2022-06-05,2022-06-05 19:50:50 UTC,Eastern Time (US & Canada),5324015,villasenora1,,2022-06-05 19:50:59 UTC,2024-01-12 14:42:30 UTC,research,CC-BY-NC,https://www.inaturalist.org/observations/120392341,https://inaturalist-open-data.s3.amazonaws.com/photos/203624718/medium.jpeg,,"",,2,0,false,333,Oakwood,39.7141685486,-84.1808242798,58,,,,58,,open,false,,,Amur Carp,Cyprinus rubrofuscus,Amur Carp,Actinopterygii,187316,,
120512728,2f6b8cb8-d3db-4d0c-a922-55a1fdfccf5a,2022-06-04 17:49:51,2022-06-04,2022-06-04 21:49:51 UTC,Eastern Time (US & Canada),3513651,rikimaru,Rikimaru,2022-06-06 14:23:33 UTC,2023-03-24 15:17:14 UTC,research,,https://www.inaturalist.org/observations/120512728,https://static.inaturalist.org/photos/203838756/medium.jpeg,,"",Very large fish.,2,0,false,2,"Brimfield, OH, USA",41.0909881395,-81.3653147221,39,,,,39,,open,false,gps,gps,Amur Carp,Cyprinus rubrofuscus,Amur Carp,Actinopterygii,187316,,
120682402,34c39ac5-d608-4a91-9c3d-cfc8e732fb14,Tue Jun 07 2022 11:01:37 GMT -0500 (CDT),2022-06-07,2022-06-07 16:01:37 UTC,Central Time (US & Canada),4875849,sholgate,Steven Holgate,2022-06-07 16:02:06 UTC,2022-11-17 15:53:00 UTC,research,CC-BY-NC,https://www.inaturalist.org/observations/120682402,https://inaturalist-open-data.s3.amazonaws.com/photos/204142021/medium.jpeg,,"",,1,0,false,333,Coal Valley,41.4434509277,-90.4333953857,89,,,,89,,open,false,,,Amur Carp,Cyprinus rubrofuscus,Amur Carp,Actinopterygii,187316,,
120726454,d64a1da6-3138-41b6-97a7-bbccec967d52,2022-06-07 16:14:20-04:00,2022-06-07,2022-06-07 20:14:20 UTC,Eastern Time (US & Canada),5784387,crsegan,,2022-06-07 21:20:18 UTC,2022-11-17 15:53:37 UTC,research,CC-BY-NC,https://www.inaturalist.org/observations/120726454,https://inaturalist-open-data.s3.amazonaws.com/photos/204219791/medium.jpg,,"",A fish (carp?) swimming just below the surface in Central Park pond.,2,0,false,3,"The Pond, New York, NY, US",40.7665681738,-73.9737326182,23,,,,23,,open,false,,,Amur Carp,Cyprinus rubrofuscus,Amur Carp,Actinopterygii,187316,,
120870802,64184418-0589-4dfe-80b9-58fe9247d4fa,2022-06-08 17:18:56-04:00,2022-06-08,2022-06-08 21:18:56 UTC,Eastern Time (US & Canada),9929,embemexplores,Emilie I. Dion,2022-06-08 21:19:44 UTC,2024-08-30 02:51:55 UTC,research,CC-BY,https://www.inaturalist.org/observations/120870802,https://inaturalist-open-data.s3.amazonaws.com/photos/204480194/medium.jpg,,"","",1,0,false,3,"Central Park, New York, NY, US",40.7657096163,-73.9755198453,10,,,,10,,open,false,,,Amur Carp,Cyprinus rubrofuscus,Amur Carp,Actinopterygii,187316,,
120895179,fbb738c2-ed95-4ed6-b049-781c991d619a,2022-06-08 18:42:46,2022-06-08,2022-06-09 00:42:46 UTC,Mountain Time (US & Canada),2774338,rippledragon,Mary Fluker,2022-06-09 00:44:08 UTC,2022-06-25 16:18:07 UTC,research,CC-BY-NC,https://www.inaturalist.org/observations/120895179,https://inaturalist-open-data.s3.amazonaws.com/photos/204524140/medium.jpeg,,"",,1,0,false,2,"Salt Lake City, UT 84105, USA",40.74278316,-111.87381214,4,,,,4,,open,false,,,Amur Carp,Cyprinus rubrofuscus,Amur Carp,Actinopterygii,187316,,
121042659,97b34f70-21c5-4044-9a06-824b97c19e34,2018/05/31 3:42 PM,2018-05-31,2018-05-31 22:42:00 UTC,Pacific Time (US & Canada),503180,vmzphotos,,2022-06-10 02:30:00 UTC,2024-05-26 17:07:06 UTC,research,CC-BY-NC,https://www.inaturalist.org/observations/121042659,https://inaturalist-open-data.s3.amazonaws.com/photos/204787509/medium.jpg,,"California, Google, Nature, Safari, Wildlife",,1,0,false,,"Sonoma, California, United States",38.5570583333,-122.695945,,,,,,,open,false,,,Amur Carp,Cyprinus rubrofuscus,Amur Carp,Actinopterygii,187316,,
121438562,9a952aa0-d3c1-496f-8bb9-92c4d5b2e56a,2022/06/11 2:43 PM,2022-06-11,2022-06-11 18:43:00 UTC,Eastern Time (US & Canada),927795,kpwest,"Dennis Tarnay, Jr.",2022-06-12 16:49:18 UTC,2023-05-29 02:23:37 UTC,research,CC-BY-NC-ND,https://www.inaturalist.org/observations/121438562,https://inaturalist-open-data.s3.amazonaws.com/photos/205493722/medium.jpg,,"","",1,0,false,,"Elenore C Lawrence Park, Fairfax VA, USA",38.853846,-77.430361,14,,,,14,,open,false,,,Amur Carp,Cyprinus rubrofuscus,Amur Carp,Actinopterygii,187316,,
121820844,f04c3902-02bd-4c45-81f1-8685cb7fb46d,Tue Jun 14 2022 19:51:22 GMT -0600 (MDT),2022-06-14,2022-06-15 01:51:22 UTC,America/Boise,5812241,towi1,Towi Rei,2022-06-15 01:51:30 UTC,2023-01-25 18:32:19 UTC,research,,https://www.inaturalist.org/observations/121820844,https://static.inaturalist.org/photos/206190922/medium.jpeg,,"",,2,0,false,333,Boise,43.6023178101,-116.2139282227,5,,,,5,,open,false,,,Amur Carp,Cyprinus rubrofuscus,Amur Carp,Actinopterygii,187316,,
121820965,ebb141c5-803c-4f5f-859f-cfe8b863183b,Tue Jun 14 2022 19:51:37 GMT -0600 (MDT),2022-06-14,2022-06-15 01:51:37 UTC,America/Boise,5812241,towi1,Towi Rei,2022-06-15 01:51:57 UTC,2023-01-25 18:32:17 UTC,research,,https://www.inaturalist.org/observations/121820965,https://static.inaturalist.org/photos/206191007/medium.jpeg,,"",,2,0,false,333,Boise,43.6023178101,-116.2139282227,5,,,,5,,open,false,,,Amur Carp,Cyprinus rubrofuscus,Amur Carp,Actinopterygii,187316,,
121937512,76fa8ea9-bf1d-4262-b8a8-e2e2d582478e,Wed Jun 15 2022 18:28:09 GMT -0400 (EDT),2022-06-15,2022-06-15 22:28:09 UTC,Eastern Time (US & Canada),5783176,toddtaylor5,,2022-06-15 22:28:16 UTC,2022-06-16 05:28:58 UTC,research,CC-BY-NC,https://www.inaturalist.org/observations/121937512,https://inaturalist-open-data.s3.amazonaws.com/photos/206396746/medium.jpeg,,"",,3,0,false,333,Falls Church,38.8695373535,-77.2151260376,21,,,,21,,open,false,,,Amur Carp,Cyprinus rubrofuscus,Amur Carp,Actinopterygii,187316,,
122168689,0894805a-5ad1-4eb1-9951-ec952f92e66d,2022-06-17 09:58:30-05:00,2022-06-17,2022-06-17 14:58:30 UTC,Central Time (US & Canada),5316648,amelialarroque,,2022-06-17 15:08:49 UTC,2022-09-26 11:06:47 UTC,research,CC-BY-NC,https://www.inaturalist.org/observations/122168689,https://inaturalist-open-data.s3.amazonaws.com/photos/206846784/medium.jpg,,"","Found in LSU lakes off of city brooks park during major fish kill caused by hot weather, rain, etc. Interesting find, I assume a released pet. As all of the living fish are currently struggling to breathe and dying, it is sad to see this one struggle as well. ",1,0,false,3,"The Garden District, Baton Rouge, LA, US",30.4293883333,-91.1680916667,6,,,,6,,open,false,,,Amur Carp,Cyprinus rubrofuscus,Amur Carp,Actinopterygii,187316,,
122282700,88e7531b-d73a-4a57-91d8-f17571a3e2ae,2022-04-28 17:50:00-04:00,2022-04-28,2022-04-28 21:50:00 UTC,Indiana (East),5672847,mik0,,2022-06-18 09:41:27 UTC,2022-12-04 02:12:25 UTC,research,CC-BY-NC,https://www.inaturalist.org/observations/122282700,https://inaturalist-open-data.s3.amazonaws.com/photos/207023357/medium.jpg,,"",it was swimming in the canal,2,0,false,3,"Indiana, US",39.7972132239,-86.1713208857,43,,,,28060,obscured,open,true,,,Amur Carp,Cyprinus rubrofuscus,Amur Carp,Actinopterygii,187316,,
122416962,cb1f4f0e-2099-49d2-ab5b-331511b71474,2020-09-25 14:31:35-04:00,2020-09-25,2020-09-25 18:31:35 UTC,Eastern Time (US & Canada),5827025,elizabeth_staszewski,Elizabeth Staszewski,2022-06-19 02:46:48 UTC,2022-12-08 14:10:08 UTC,research,,https://www.inaturalist.org/observations/122416962,https://static.inaturalist.org/photos/207262726/medium.jpg,,"","",1,0,false,3,"Koehler Rd, Erie, PA, US",42.1112156092,-80.0003621782,21,,,,21,,open,false,,,Amur Carp,Cyprinus rubrofuscus,Amur Carp,Actinopterygii,187316,,
122528207,3cdd14c2-63b8-4e2d-82fc-375b3341430e,2022-06-19 13:41:05-04:00,2022-06-19,2022-06-19 17:41:05 UTC,Eastern Time (US & Canada),914664,mbworldexplorer,,2022-06-19 19:07:09 UTC,2022-06-20 13:56:11 UTC,research,,https://www.inaturalist.org/observations/122528207,https://static.inaturalist.org/photos/207457406/medium.jpg,,"","",1,0,false,3,"Morikami Park Rd, Delray Beach, FL, US",26.4282583333,-80.1577528333,61,,,,61,,open,false,,,Amur Carp,Cyprinus rubrofuscus,Amur Carp,Actinopterygii,187316,,
122528227,824363fd-5531-471f-96f8-c0184bd10199,2022-06-19 13:42:12-04:00,2022-06-19,2022-06-19 17:42:12 UTC,Eastern Time (US & Canada),914664,mbworldexplorer,,2022-06-19 19:07:20 UTC,2022-06-20 12:37:20 UTC,research,,https://www.inaturalist.org/observations/122528227,https://static.inaturalist.org/photos/207457447/medium.jpg,,"","",2,0,false,3,"Morikami Park Rd, Delray Beach, FL, US",26.42853,-80.1577221667,45,,,,45,,open,false,,,Amur Carp,Cyprinus rubrofuscus,Amur Carp,Actinopterygii,187316,,
122529259,d2af6a2b-855b-491d-8be5-53edd8b2d685,2022-06-19 14:26:32-04:00,2022-06-19,2022-06-19 18:26:32 UTC,Eastern Time (US & Canada),914664,mbworldexplorer,,2022-06-19 19:13:28 UTC,2022-06-20 12:36:56 UTC,research,,https://www.inaturalist.org/observations/122529259,https://static.inaturalist.org/photos/207460775/medium.jpg,,"","",2,0,false,3,"Morikami Park Rd, Delray Beach, FL, US",26.4268416667,-80.1572278333,555,,,,555,,open,false,,,Amur Carp,Cyprinus rubrofuscus,Amur Carp,Actinopterygii,187316,,
122672599,0988f15a-9852-4e1e-a89e-28869642c35b,2022-06-20 10:44:50,2022-06-20,2022-06-20 14:44:50 UTC,Eastern Time (US & Canada),5834315,jennifer3352,Jennifer Adelhardt,2022-06-20 16:49:54 UTC,2023-06-27 23:30:51 UTC,research,,https://www.inaturalist.org/observations/122672599,https://static.inaturalist.org/photos/207722897/medium.jpeg,,"","Type of koi... Just a different color!
:)",2,1,false,2,"High Falls, NY 12440, USA",41.7682972222,-74.1556638889,,,,,,,open,false,gps,gps,Amur Carp,Cyprinus rubrofuscus,Amur Carp,Actinopterygii,187316,,
122868086,f01d0438-69e6-488a-b7f4-a441dfe92548,2022-06-21 17:52:27-04:00,2022-06-21,2022-06-21 21:52:27 UTC,Eastern Time (US & Canada),5719951,tardiosi,,2022-06-21 21:52:30 UTC,2022-09-26 11:05:49 UTC,research,CC-BY-NC,https://www.inaturalist.org/observations/122868086,https://inaturalist-open-data.s3.amazonaws.com/photos/208078804/medium.jpg,,"","",1,0,false,3,"Flagstaff Ln, Henrico, VA, US",37.6142358344,-77.5091281756,40,,,,40,,open,false,,,Amur Carp,Cyprinus rubrofuscus,Amur Carp,Actinopterygii,187316,,
123142822,2bb5aa60-faa7-4225-8131-e0cc58951af2,Thu Jun 23 2022 18:08:15 GMT -0400 (EDT),2022-06-23,2022-06-23 22:08:15 UTC,Eastern Time (US & Canada),4187484,crowmoon,crowMoon,2022-06-23 22:08:26 UTC,2023-03-01 21:21:55 UTC,research,CC-BY,https://www.inaturalist.org/observations/123142822,https://inaturalist-open-data.s3.amazonaws.com/photos/208582720/medium.jpeg,,"",,1,0,false,333,"Fairfax County, US-VA, US",38.8536872864,-77.4309234619,18,,,,18,,open,false,,,Amur Carp,Cyprinus rubrofuscus,Amur Carp,Actinopterygii,187316,,
123275889,fd0fcd8b-d8ea-498b-9bdf-ae5e62b65d63,2022-06-24 16:09:50-05:00,2022-06-24,2022-06-24 21:09:50 UTC,Central Time (US & Canada),5604564,jaminhein1215,,2022-06-24 21:11:47 UTC,2022-06-29 04:25:33 UTC,research,CC-BY-NC,https://www.inaturalist.org/observations/123275889,https://inaturalist-open-data.s3.amazonaws.com/photos/208818201/medium.jpg,,"","",1,0,false,3,"Wooded Island, Chicago, IL, US",41.7864416667,-87.58287,4,,,,4,,open,false,,,Amur Carp,Cyprinus rubrofuscus,Amur Carp,Actinopterygii,187316,,
123297136,70612714-42c2-4a3d-ae39-6974cccb58a7,2022-06-24 20:32:23,2022-06-24,2022-06-25 00:32:23 UTC,Eastern Time (US & Canada),2895175,epic2112,"",2022-06-25 00:34:14 UTC,2022-08-05 17:46:33 UTC,research,CC-BY-NC,https://www.inaturalist.org/observations/123297136,https://inaturalist-open-data.s3.amazonaws.com/photos/208857502/medium.jpeg,,"",,1,0,false,2,"Ellicott City, MD, USA",39.240844,-76.863471,,,,,,,open,false,gps,gps,Amur Carp,Cyprinus rubrofuscus,Amur Carp,Actinopterygii,187316,,
123467807,3dfa6aa3-6c65-4bd1-b054-910227e516fa,2022/06/19 9:00 AM,2022-06-19,2022-06-19 14:00:00 UTC,Central Time (US & Canada),4166066,thespeciesisee,The Species I See,2022-06-26 02:51:13 UTC,2022-11-14 13:57:05 UTC,research,CC-BY-NC,https://www.inaturalist.org/observations/123467807,https://inaturalist-open-data.s3.amazonaws.com/photos/209164655/medium.jpg,,"",,3,0,false,,"Cook County, US-IL, US",41.6128152612,-87.506926147,1501,,,,27754,obscured,open,true,,,Amur Carp,Cyprinus rubrofuscus,Amur Carp,Actinopterygii,187316,,
123467811,4120db1b-53f8-4c28-87c6-256a486e15e2,2022/06/19 9:00 AM,2022-06-19,2022-06-19 14:00:00 UTC,Central Time (US & Canada),4166066,thespeciesisee,The Species I See,2022-06-26 02:51:14 UTC,2022-11-14 13:57:03 UTC,research,CC-BY-NC,https://www.inaturalist.org/observations/123467811,https://inaturalist-open-data.s3.amazonaws.com/photos/209164670/medium.jpg,,"",,3,0,false,,"Cook County, US-IL, US",41.655815511,-87.4036981547,1501,,,,27754,obscured,open,true,,,Amur Carp,Cyprinus rubrofuscus,Amur Carp,Actinopterygii,187316,,
123467812,204b5f77-33bc-430d-9e24-d26a28262d26,2022/06/19 9:00 AM,2022-06-19,2022-06-19 14:00:00 UTC,Central Time (US & Canada),4166066,thespeciesisee,The Species I See,2022-06-26 02:51:14 UTC,2022-11-14 13:57:01 UTC,research,CC-BY-NC,https://www.inaturalist.org/observations/123467812,https://inaturalist-open-data.s3.amazonaws.com/photos/209164691/medium.jpg,,"",,2,0,false,,"Cook County, US-IL, US",41.6320085291,-87.4159704031,1501,,,,27754,obscured,open,true,,,Amur Carp,Cyprinus rubrofuscus,Amur Carp,Actinopterygii,187316,,
123621072,2cc319ff-e321-462f-9c92-91b32fb6fb52,2022/06/24 10:41 AM,2022-06-24,2022-06-24 14:41:00 UTC,Eastern Time (US & Canada),1731209,bughaven,Anne Boyd,2022-06-26 23:57:52 UTC,2023-03-24 22:56:32 UTC,research,CC-BY-NC,https://www.inaturalist.org/observations/123621072,https://inaturalist-open-data.s3.amazonaws.com/photos/209436894/medium.jpg,,"","",1,0,false,,"Norfolk, VA, USA",36.9044231662,-76.1965511887,191,,,,191,,open,false,,,Amur Carp,Cyprinus rubrofuscus,Amur Carp,Actinopterygii,187316,,
123783353,d6e9b88e-f07f-4558-9497-c8d77f27fee0,2022-06-27 14:00:00-04:00,2022-06-27,2022-06-27 18:00:00 UTC,Eastern Time (US & Canada),4969707,adrian622,Adrian Moran,2022-06-28 02:50:53 UTC,2022-06-28 02:56:23 UTC,research,,https://www.inaturalist.org/observations/123783353,https://static.inaturalist.org/photos/209736571/medium.jpg,,"","",1,0,false,3,"Cypress Hills Cemetery, New York, NY, US",40.6917321143,-73.8736663413,16671,,,,16671,,open,false,,,Amur Carp,Cyprinus rubrofuscus,Amur Carp,Actinopterygii,187316,,
123899267,9993d992-e638-4882-a058-3764b5b3c336,Tue Jun 28 2022 08:59:26 GMT-0400 (EDT),2022-06-28,2022-06-28 12:59:26 UTC,Eastern Time (US & Canada),1086366,jludwick,James Ludwick,2022-06-28 23:18:00 UTC,2024-01-12 04:13:07 UTC,research,,https://www.inaturalist.org/observations/123899267,https://static.inaturalist.org/photos/209946556/medium.jpg,,"","",2,0,false,3,"Laurel Brook Way, Lebanon, OH, US",39.4145033333,-84.2188116667,14,,,,14,,open,false,,,Amur Carp,Cyprinus rubrofuscus,Amur Carp,Actinopterygii,187316,,
124124221,a2209104-4c38-477b-8fc0-d55cd2ed9d10,Thu Jun 30 2022 10:31:40 GMT -0600 (MDT),2022-06-30,2022-06-30 16:31:40 UTC,Mountain Time (US & Canada),4718021,juliegrene,,2022-06-30 16:31:59 UTC,2022-07-02 16:52:14 UTC,research,CC-BY-NC,https://www.inaturalist.org/observations/124124221,https://inaturalist-open-data.s3.amazonaws.com/photos/210353776/medium.jpeg,,"",,2,0,false,333,Denver,39.7455825806,-104.9405441284,28,,,,28,,open,false,,,Amur Carp,Cyprinus rubrofuscus,Amur Carp,Actinopterygii,187316,,
124430679,f23cf668-8e29-4d7d-981d-d1fac8b3df38,2022/07/01 1:06 PM,2022-07-01,2022-07-01 18:06:00 UTC,Central Time (US & Canada),3716041,jim668,Jim Dobbins,2022-07-02 18:50:42 UTC,2022-11-15 01:11:06 UTC,research,,https://www.inaturalist.org/observations/124430679,https://static.inaturalist.org/photos/210903593/medium.jpeg,,"",,1,0,false,,"South Dallas, Dallas, TX, USA",32.7778213606,-96.7615338579,6,,,,6,,open,false,,,Amur Carp,Cyprinus rubrofuscus,Amur Carp,Actinopterygii,187316,,
124611616,538ed94a-a79c-451b-9c9f-dc2adae130e2,2022-07-02 19:56:39,2022-07-02,2022-07-02 23:56:39 UTC,Eastern Time (US & Canada),5649490,inretrospect,Ethan Olewnik,2022-07-03 19:46:18 UTC,2022-07-03 22:19:45 UTC,research,CC-BY-NC,https://www.inaturalist.org/observations/124611616,https://inaturalist-open-data.s3.amazonaws.com/photos/211228683/medium.jpeg,,"",,1,0,false,2,"New York, US",42.5195252428,-77.8933808898,,,,,27630,obscured,open,true,gps,gps,Amur Carp,Cyprinus rubrofuscus,Amur Carp,Actinopterygii,187316,,
125151416,ed60352b-5955-4013-b5a2-de154bab9ccd,2020/09/13 4:41 AM,2020-09-13,2020-09-13 08:41:00 UTC,Eastern Time (US & Canada),5861388,xtsang,,2022-07-07 11:57:07 UTC,2022-07-08 19:04:18 UTC,research,CC-BY-NC,https://www.inaturalist.org/observations/125151416,https://inaturalist-open-data.s3.amazonaws.com/photos/212213991/medium.jpeg,,"","",2,1,false,,"Lansdowne Dr &, Horticultural Dr, Philadelphia, PA 19131, USA",39.9813874,-75.2129429,201,,,,201,,open,false,,,Amur Carp,Cyprinus rubrofuscus,Amur Carp,Actinopterygii,187316,,
125319452,f0188e5d-329e-4be5-8d43-927c733e1277,2022-06-10 15:51:16-04:00,2022-06-10,2022-06-10 19:51:16 UTC,Eastern Time (US & Canada),5755369,fmp50,,2022-07-08 16:14:43 UTC,2022-11-15 01:11:27 UTC,research,CC-BY-NC,https://www.inaturalist.org/observations/125319452,https://inaturalist-open-data.s3.amazonaws.com/photos/212511304/medium.jpg,,"","",2,0,false,3,"Fairgrounds Rd, Hamilton, NJ, US",40.2374833333,-74.7163166667,35,,,,35,,open,false,,,Amur Carp,Cyprinus rubrofuscus,Amur Carp,Actinopterygii,187316,,
125534302,e108ca1f-fcf4-4386-8c0f-c96a5277e598,2022-07-09 19:12:21-04:00,2022-07-09,2022-07-09 23:12:21 UTC,Eastern Time (US & Canada),2919317,shin_alpha,Jonathan Middleton,2022-07-10 00:12:32 UTC,2022-08-01 05:55:13 UTC,research,CC-BY-NC,https://www.inaturalist.org/observations/125534302,https://inaturalist-open-data.s3.amazonaws.com/photos/212892670/medium.jpg,,"","",1,0,false,3,"Rockwell Park, Bristol, CT, US",41.6757956139,-72.961476826,395,,,,395,,open,false,,,Amur Carp,Cyprinus rubrofuscus,Amur Carp,Actinopterygii,187316,,
125805054,b9554f7c-f409-467f-87ed-4a299af9209b,Mon Jul 11 2022 09:52:25 GMT-0500 (CDT),2022-07-11,2022-07-11 14:52:25 UTC,Central Time (US & Canada),28364,dan_johnson,Dan Johnson,2022-07-11 17:05:57 UTC,2023-02-15 18:10:16 UTC,research,CC-BY,https://www.inaturalist.org/observations/125805054,https://inaturalist-open-data.s3.amazonaws.com/photos/213383788/medium.jpg,,"","",2,0,false,3,"Buffalo Bayou, Houston, TX, US",29.7564366667,-95.6851883333,6,,,,6,,open,false,,,Amur Carp,Cyprinus rubrofuscus,Amur Carp,Actinopterygii,187316,,
125939835,aa4492ee-507c-40cc-b799-c683941cbe35,2022-07-11 12:40:50-04:00,2022-07-11,2022-07-11 16:40:50 UTC,Eastern Time (US & Canada),5532252,dawn619,Dawn Andresen,2022-07-12 15:42:43 UTC,2022-11-15 01:11:54 UTC,research,,https://www.inaturalist.org/observations/125939835,https://static.inaturalist.org/photos/213630765/medium.jpg,,"","",2,0,false,3,"Porter Reservoir, Manchester, CT, US",41.77638595,-72.48502185,108,,,,108,,open,false,,,Amur Carp,Cyprinus rubrofuscus,Amur Carp,Actinopterygii,187316,,
125955175,ddebf0c5-727e-41a3-8a14-a4233e3594a6,2022/07/12 10:41 AM,2022-07-12,2022-07-12 15:41:00 UTC,Central Time (US & Canada),3616201,johncebula,John Cebula,2022-07-12 17:35:00 UTC,2022-11-28 19:07:06 UTC,research,CC-BY-NC,https://www.inaturalist.org/observations/125955175,https://inaturalist-open-data.s3.amazonaws.com/photos/213656981/medium.jpeg,,"",Probablythe same one I saw last year!,2,0,false,,"Glen Ellyn, IL 60137, USA",41.8401241,-88.0757272,257,,,,257,,open,false,,,Amur Carp,Cyprinus rubrofuscus,Amur Carp,Actinopterygii,187316,,
126134523,36861aaf-69b7-40fd-bbde-f580a22e76be,2022-07-13 17:00:23-05:00,2022-07-13,2022-07-13 22:00:23 UTC,Central Time (US & Canada),4166752,ekwebster,elena,2022-07-13 23:27:45 UTC,2025-01-25 23:12:43 UTC,research,CC-BY-NC,https://www.inaturalist.org/observations/126134523,https://inaturalist-open-data.s3.amazonaws.com/photos/213980366/medium.jpg,,"","",3,0,false,3,"South Pond, Chicago, IL, US",41.919105,-87.6335366667,3,,,,3,,open,false,,,Amur Carp,Cyprinus rubrofuscus,Amur Carp,Actinopterygii,187316,,
126230047,bbfb62b9-9c41-46c6-86d6-e63be0f6872d,2022-07-14 12:58:36-04:00,2022-07-14,2022-07-14 16:58:36 UTC,Eastern Time (US & Canada),5691636,wordedmantis817,,2022-07-14 17:27:11 UTC,2024-01-11 02:33:49 UTC,research,CC-BY-NC,https://www.inaturalist.org/observations/126230047,https://inaturalist-open-data.s3.amazonaws.com/photos/214154801/medium.jpg,,"","",2,0,false,3,"Shofuso, Philadelphia, PA, US",39.9812783333,-75.2129283333,4,,,,4,,open,false,,,Amur Carp,Cyprinus rubrofuscus,Amur Carp,Actinopterygii,187316,,
126382307,88e5d108-95ac-4300-ada9-870be1bda46a,2022-07-14 10:17:31-04:00,2022-07-14,2022-07-14 14:17:31 UTC,Eastern Time (US & Canada),5830868,dodoswamp,dodoswamp,2022-07-15 19:32:36 UTC,2023-12-01 14:53:32 UTC,research,CC-BY-NC,https://www.inaturalist.org/observations/126382307,https://inaturalist-open-data.s3.amazonaws.com/photos/214429302/medium.jpg,,"","",2,0,false,3,"Kaolin Rd, Kennett Square, PA, US",39.8298355339,-75.7104707988,143,,,,143,,open,false,,,Amur Carp,Cyprinus rubrofuscus,Amur Carp,Actinopterygii,187316,,
126478535,338470de-98ce-4b58-845b-cdd978966c3e,2022-07-02 12:19:15,2022-07-02,2022-07-02 17:19:15 UTC,Central Time (US & Canada),2269779,isaac200,Isaac Bingham,2022-07-16 14:10:23 UTC,2022-07-16 17:26:56 UTC,research,,https://www.inaturalist.org/observations/126478535,https://static.inaturalist.org/photos/214604372/medium.jpeg,,"",,1,0,false,2,"Redmont Park, Birmingham, AL, USA",33.4870282997,-86.7753938997,,,,,,,open,false,gps,gps,Amur Carp,Cyprinus rubrofuscus,Amur Carp,Actinopterygii,187316,,
126502616,73288c48-8ca5-4be7-847c-325a1df742f2,Sat Jul 16 2022 12:52:27 GMT -0400 (EDT),2022-07-16,2022-07-16 16:52:27 UTC,Eastern Time (US & Canada),5612166,countrymanusa,,2022-07-16 16:52:54 UTC,2023-03-24 22:56:07 UTC,research,CC-BY-NC,https://www.inaturalist.org/observations/126502616,https://inaturalist-open-data.s3.amazonaws.com/photos/214645540/medium.jpeg,,"",,1,0,false,333,Fair Lawn,40.9548988342,-74.100189209,4,,,,4,,open,false,,,Amur Carp,Cyprinus rubrofuscus,Amur Carp,Actinopterygii,187316,,
126868388,b4906b21-6eae-4ef4-b22e-6dff5893d4ca,Mon Jul 18 2022 14:04:35 GMT -0700 (PDT),2022-07-18,2022-07-18 21:04:35 UTC,Pacific Time (US & Canada),5626168,thefireforge,Giovanni Guild,2022-07-18 21:04:46 UTC,2022-11-22 18:22:57 UTC,research,,https://www.inaturalist.org/observations/126868388,https://static.inaturalist.org/photos/215310925/medium.jpeg,,"",,1,0,false,333,Corona,33.7718772888,-117.4872360229,48,,,,48,,open,false,,,Amur Carp,Cyprinus rubrofuscus,Amur Carp,Actinopterygii,187316,,
127001312,ca703e47-3d10-427b-b931-16bde94a142b,2021/12/04,2021-12-04,,Eastern Time (US & Canada),3286634,billpranty,Bill Pranty,2022-07-19 19:56:59 UTC,2024-12-16 00:56:08 UTC,research,CC-BY-NC,https://www.inaturalist.org/observations/127001312,https://inaturalist-open-data.s3.amazonaws.com/photos/215555138/medium.jpg,,"",With Valeri Ponzo.,1,0,false,,"Florida, Orange, Orlando, Lake Eola Park",28.5440934223,-81.3724769237,163,,,,163,,open,false,,,Amur Carp,Cyprinus rubrofuscus,Amur Carp,Actinopterygii,187316,,
127138299,d6694bfe-827b-4705-816a-3b33f2a6c538,Wed Jul 20 2022 13:20:58 GMT -0700 (PDT),2022-07-20,2022-07-20 20:20:58 UTC,Pacific Time (US & Canada),489828,carolnrick,Carol and Rick,2022-07-20 20:21:20 UTC,2025-04-29 04:20:59 UTC,research,,https://www.inaturalist.org/observations/127138299,https://static.inaturalist.org/photos/215806969/medium.jpeg,,"",,1,0,false,333,San Jose,37.2260665894,-121.7951583862,3,,,,3,,open,false,,,Amur Carp,Cyprinus rubrofuscus,Amur Carp,Actinopterygii,187316,,
127233586,3458d269-d5b1-4ebb-b54e-e27b8d6a9ccc,Thu Jul 21 2022 11:25:17 GMT -0400 (EDT),2022-07-21,2022-07-21 15:25:17 UTC,Eastern Time (US & Canada),4725707,gabrielparsons,,2022-07-21 15:25:23 UTC,2022-07-21 23:49:40 UTC,research,CC-BY-NC,https://www.inaturalist.org/observations/127233586,https://inaturalist-open-data.s3.amazonaws.com/photos/216092959/medium.jpeg,,"",,1,0,false,333,Hamilton,40.237449646,-74.7165374756,11,,,,11,,open,false,,,Amur Carp,Cyprinus rubrofuscus,Amur Carp,Actinopterygii,187316,,
127589008,3d60b3ee-2b45-4d24-a244-b071dd7cdba3,2020-07-24,2020-07-24,,Central Time (US & Canada),5937640,jvrtiska,John Vrtiska,2022-07-23 23:07:09 UTC,2022-10-05 15:18:55 UTC,research,CC-BY-NC,https://www.inaturalist.org/observations/127589008,https://inaturalist-open-data.s3.amazonaws.com/photos/216624150/medium.jpeg,,"",,2,0,false,2,"Omaha, NE 68106, USA",41.2329894108,-96.015349254,117,,,,117,,open,false,,,Amur Carp,Cyprinus rubrofuscus,Amur Carp,Actinopterygii,187316,,
127785482,592a4b77-7c19-4454-817b-aac1833d602c,2022/07/22 3:09 PM,2022-07-22,2022-07-22 20:09:00 UTC,Central Time (US & Canada),3716041,jim668,Jim Dobbins,2022-07-25 02:26:08 UTC,2022-12-22 21:56:16 UTC,research,,https://www.inaturalist.org/observations/127785482,https://static.inaturalist.org/photos/216979152/medium.jpeg,,"",,2,0,false,,"Muskogee, OK, USA",35.7417343402,-95.3591192165,3,,,,3,,open,false,,,Amur Carp,Cyprinus rubrofuscus,Amur Carp,Actinopterygii,187316,,
129859800,2edd1abf-af39-4678-b18b-cba00ef54c4b,Sun Aug 07 2022 14:04:39 GMT -0400 (EDT),2022-08-07,2022-08-07 18:04:39 UTC,Eastern Time (US & Canada),5970282,lilgobbo,,2022-08-07 18:04:51 UTC,2022-09-11 19:18:30 UTC,research,CC-BY-NC,https://www.inaturalist.org/observations/129859800,https://inaturalist-open-data.s3.amazonaws.com/photos/220746038/medium.jpeg,,"",,3,0,false,333,Kernersville,36.1247558594,-80.071647644,1465,,,,1465,,open,false,,,Amur Carp,Cyprinus rubrofuscus,Amur Carp,Actinopterygii,187316,,
130181146,545987a1-2c10-495f-9699-559a03937af1,2022-08-09 19:27:26-04:00,2022-08-09,2022-08-09 23:27:26 UTC,Eastern Time (US & Canada),5647533,kevin_ackerman,Kevin Ackerman,2022-08-10 00:07:16 UTC,2022-08-10 18:31:05 UTC,research,CC-BY-NC,https://www.inaturalist.org/observations/130181146,https://inaturalist-open-data.s3.amazonaws.com/photos/221347922/medium.jpg,,"","",1,0,false,3,"Long Island, Blue Point, NY, US",40.7428491249,-73.0386528126,22,,,,22,,open,false,,,Amur Carp,Cyprinus rubrofuscus,Amur Carp,Actinopterygii,187316,,
130413438,036af305-bc5a-4cdc-a5ce-c6f3009b4fd8,2022/07/31 3:12 PM,2022-07-31,2022-07-31 20:12:00 UTC,Central Time (US & Canada),3678265,johnsfolly2,John Aufderheide,2022-08-11 19:32:43 UTC,2022-11-16 00:59:43 UTC,research,CC-BY-NC,https://www.inaturalist.org/observations/130413438,https://inaturalist-open-data.s3.amazonaws.com/photos/221780646/medium.jpg,,"",,3,0,false,,"Missouri, US",38.5673904584,-90.5970405518,1,,,,28240,obscured,open,true,,,Amur Carp,Cyprinus rubrofuscus,Amur Carp,Actinopterygii,187316,,
130844501,8a2506df-6141-4781-8e6b-c3a517a2dedb,2022/08/14 12:48 PM,2022-08-14,2022-08-14 17:48:00 UTC,Central Time (US & Canada),2080944,andrewdubs1,"",2022-08-14 21:02:06 UTC,2022-12-21 20:23:27 UTC,research,CC-BY-NC,https://www.inaturalist.org/observations/130844501,https://inaturalist-open-data.s3.amazonaws.com/photos/222574292/medium.jpeg,,"","",2,0,false,,"Northwest Oklahoma City, Oklahoma City, OK, USA",35.603716043,-97.6104148459,28,,,,28,,open,false,,,Amur Carp,Cyprinus rubrofuscus,Amur Carp,Actinopterygii,187316,,
131607245,a247a59d-cecb-4701-bfd9-73687b62fd51,2022-08-20 12:15:38-05:00,2022-08-20,2022-08-20 17:15:38 UTC,Central Time (US & Canada),903924,chinto,Jacinto,2022-08-20 17:17:53 UTC,2022-08-21 01:13:50 UTC,research,,https://www.inaturalist.org/observations/131607245,https://static.inaturalist.org/photos/223989291/medium.jpg,,"","Looks like a Koi 
",1,0,false,3,"Winsted Dr, Dallas, TX, US",32.8147367391,-96.7272252359,5,,,,5,,open,false,,,Amur Carp,Cyprinus rubrofuscus,Amur Carp,Actinopterygii,187316,,
132184975,b553a4d4-c5a4-4a52-9cc1-85bbb4f4995a,2022-08-24 15:11:19-05:00,2022-08-24,2022-08-24 20:11:19 UTC,Central Time (US & Canada),4880203,zeroace,,2022-08-24 20:12:03 UTC,2022-09-01 16:10:20 UTC,research,CC-BY-NC,https://www.inaturalist.org/observations/132184975,https://inaturalist-open-data.s3.amazonaws.com/photos/225559838/medium.jpeg,,"","",1,0,false,3,"Mill Creek Streamway Park, Lenexa, KS, US",38.9773858871,-94.8160435218,8,,,,8,,open,false,,,Amur Carp,Cyprinus rubrofuscus,Amur Carp,Actinopterygii,187316,,
132349588,23a848b2-88e2-4bda-82d7-0fbfd01bf7fa,2022/08/25 3:46 PM,2022-08-25,2022-08-25 19:46:00 UTC,Eastern Time (US & Canada),1597696,sc_beetles,Phillip Harpootlian,2022-08-26 00:40:40 UTC,2022-11-15 01:02:48 UTC,research,CC-BY-NC,https://www.inaturalist.org/observations/132349588,https://inaturalist-open-data.s3.amazonaws.com/photos/225370252/medium.jpg,,"",,2,0,false,,"Hatcher Garden & Woodland Preserve, SC, USA",34.930576705,-81.9573207606,69,,,,69,,open,false,,,Amur Carp,Cyprinus rubrofuscus,Amur Carp,Actinopterygii,187316,,
132522235,8bf4bfbd-72aa-48c2-8158-b83ce64bc57a,2022-08-27 19:21:15,2022-08-27,2022-08-28 02:21:15 UTC,Pacific Time (US & Canada),2905561,julialouie,Julia Louie,2022-08-28 07:57:17 UTC,2022-08-28 13:51:53 UTC,research,,https://www.inaturalist.org/observations/132522235,https://static.inaturalist.org/photos/225661865/medium.jpeg,,"",,1,0,false,2,"Golden Gate Park, San Francisco, CA, USA",37.7709416667,-122.5033805556,,,,,,,open,false,gps,gps,Amur Carp,Cyprinus rubrofuscus,Amur Carp,Actinopterygii,187316,,
132606290,e8e091ba-16ec-4a79-bfee-a08c3937bcb7,2022-08-18 10:59:11,2022-08-18,2022-08-18 14:59:11 UTC,Eastern Time (US & Canada),1431820,dyecreekscott,Scott Hardage,2022-08-28 16:04:29 UTC,2022-08-28 18:31:16 UTC,research,CC-BY-NC,https://www.inaturalist.org/observations/132606290,https://inaturalist-open-data.s3.amazonaws.com/photos/225818234/medium.jpeg,,"",,1,0,false,2,"Biltmore Forest, NC 28803, USA",35.5495472222,-82.5369694444,,,,,,,open,false,gps,gps,Amur Carp,Cyprinus rubrofuscus,Amur Carp,Actinopterygii,187316,,
132691136,c5f7fc90-af89-4359-a1ac-2a02199def51,2022-08-26 09:00:43-04:00,2022-08-26,2022-08-26 13:00:43 UTC,Eastern Time (US & Canada),2208665,olive_011,,2022-08-28 21:16:12 UTC,2022-12-23 03:11:56 UTC,research,CC-BY-NC,https://www.inaturalist.org/observations/132691136,https://inaturalist-open-data.s3.amazonaws.com/photos/225935806/medium.jpg,,"","",2,0,false,3,"Westminster College, New Wilmington, PA, US",41.1139195,-80.3270416667,4,,,,4,,open,false,,,Amur Carp,Cyprinus rubrofuscus,Amur Carp,Actinopterygii,187316,,
132965891,606cc97e-7497-4523-a0ec-6ea33f3f4ffb,2022/05/06 7:02 AM,2022-05-06,2022-05-06 12:02:00 UTC,Central Time (US & Canada),4994013,tate_putman,Tate Putman,2022-08-30 16:32:55 UTC,2024-07-05 23:05:53 UTC,research,CC-BY-NC,https://www.inaturalist.org/observations/132965891,https://inaturalist-open-data.s3.amazonaws.com/photos/226414164/medium.jpeg,,"",Amur Carp/Goldfish,2,0,false,,"16700 Pilot Knob Rd, Lakeville, MN 55044, USA",44.7084338,-93.1741353,280,,,,280,,open,false,,,Amur Carp,Cyprinus rubrofuscus,Amur Carp,Actinopterygii,187316,,
133371996,6f4a3d01-fbed-4a6d-b287-d38ffdf8fe5c,2022-09-02 11:11:50,2022-09-02,2022-09-02 17:11:50 UTC,Mountain Time (US & Canada),445053,james180,James Sanders,2022-09-02 19:27:38 UTC,2022-12-27 06:15:11 UTC,research,,https://www.inaturalist.org/observations/133371996,https://static.inaturalist.org/photos/227167998/medium.jpeg,,"",Guessing someone's fish outgrew it's pond,2,0,false,2,"Daybreak, South Jordan, UT 84009, USA",40.5602875845,-112.0007825643,364,,,,364,,open,false,gps,gps,Koi,Cyprinus rubrofuscus,Amur Carp,Actinopterygii,187316,,
134071826,843ef121-ce3d-4425-a8f1-8b81864ec1a3,2022-09-07 14:35:55-04:00,2022-09-07,2022-09-07 18:35:55 UTC,Indiana (East),6101215,gianaramel,,2022-09-07 18:36:43 UTC,2023-03-24 22:52:51 UTC,research,CC-BY-NC,https://www.inaturalist.org/observations/134071826,https://inaturalist-open-data.s3.amazonaws.com/photos/228468955/medium.jpg,,"","",2,0,false,3,"Butler University, Indianapolis, IN, US",39.8420499126,-86.1705189944,9,,,,9,,open,false,,,Amur Carp,Cyprinus rubrofuscus,Amur Carp,Actinopterygii,187316,,
134072083,5012e166-0245-4c7d-a506-eac8fbca8bc2,2022-09-07 14:38:07-04:00,2022-09-07,2022-09-07 18:38:07 UTC,Indiana (East),6100400,iaustinbutler,,2022-09-07 18:38:37 UTC,2023-02-18 01:00:27 UTC,research,CC-BY-NC,https://www.inaturalist.org/observations/134072083,https://inaturalist-open-data.s3.amazonaws.com/photos/228469384/medium.jpg,,"","",2,0,false,3,"Butler University, Indianapolis, IN, US",39.8420033333,-86.1704866667,9,,,,9,,open,false,,,Amur Carp,Cyprinus rubrofuscus,Amur Carp,Actinopterygii,187316,,
134075689,72d8fb0f-ef02-490a-a58f-bfcc34f30d6f,2022-09-07 15:05:21-04:00,2022-09-07,2022-09-07 19:05:21 UTC,Indiana (East),6116912,jack_denny,Jack Denny,2022-09-07 19:05:33 UTC,2023-03-24 22:52:45 UTC,research,,https://www.inaturalist.org/observations/134075689,https://static.inaturalist.org/photos/228477096/medium.jpg,,"","",2,0,false,3,"Butler University, Indianapolis, IN, US",39.8424121365,-86.1710482278,4,,,,4,,open,false,,,Amur Carp,Cyprinus rubrofuscus,Amur Carp,Actinopterygii,187316,,
134075789,f5957733-39ae-44ba-aa53-6387198864e4,2022-09-07 15:05:49-04:00,2022-09-07,2022-09-07 19:05:49 UTC,Indiana (East),6113271,rnorman219,,2022-09-07 19:06:12 UTC,2023-01-12 13:00:44 UTC,research,CC-BY-NC,https://www.inaturalist.org/observations/134075789,https://inaturalist-open-data.s3.amazonaws.com/photos/228476445/medium.jpg,,"","",2,0,false,3,"Butler University, Indianapolis, IN, US",39.842399698,-86.1707733504,5,,,,5,,open,false,,,Amur Carp,Cyprinus rubrofuscus,Amur Carp,Actinopterygii,187316,,
134076073,b9206273-2687-4ba5-9122-0e3b53532847,2022-09-07 15:07:19-04:00,2022-09-07,2022-09-07 19:07:19 UTC,Indiana (East),6112464,abbymckinneyy,,2022-09-07 19:07:51 UTC,2023-02-18 01:00:08 UTC,research,CC-BY-NC,https://www.inaturalist.org/observations/134076073,https://inaturalist-open-data.s3.amazonaws.com/photos/228476844/medium.jpg,,"","",3,0,false,3,"Butler University, Indianapolis, IN, US",39.8422844801,-86.1705925875,7,,,,7,,open,false,,,Amur Carp,Cyprinus rubrofuscus,Amur Carp,Actinopterygii,187316,,
134076210,753713bd-f07b-4f1d-8087-4f9786bda6b1,2022-09-07 15:05:37-04:00,2022-09-07,2022-09-07 19:05:37 UTC,Indiana (East),6115515,kendallconstant,,2022-09-07 19:08:24 UTC,2022-12-08 14:09:29 UTC,research,CC-BY-NC,https://www.inaturalist.org/observations/134076210,https://inaturalist-open-data.s3.amazonaws.com/photos/228476988/medium.jpg,,"","",2,0,false,3,"Butler University, Indianapolis, IN, US",39.8423816671,-86.1707398428,5,,,,5,,open,false,,,Amur Carp,Cyprinus rubrofuscus,Amur Carp,Actinopterygii,187316,,
134076786,9b57f039-c89e-44ee-a534-6445297e362c,2022-09-07 15:12:32-04:00,2022-09-07,2022-09-07 19:12:32 UTC,Indiana (East),6116908,lilycelentano,,2022-09-07 19:12:41 UTC,2023-03-24 22:52:38 UTC,research,CC-BY-NC,https://www.inaturalist.org/observations/134076786,https://inaturalist-open-data.s3.amazonaws.com/photos/228478348/medium.jpg,,"","",2,0,false,3,"Butler University, Indianapolis, IN, US",39.8421396877,-86.1704064706,37,,,,37,,open,false,,,Amur Carp,Cyprinus rubrofuscus,Amur Carp,Actinopterygii,187316,,
134077178,80dcf78e-5c99-4cfd-9360-4fdebc27b9d9,2022-09-07 15:14:09-04:00,2022-09-07,2022-09-07 19:14:09 UTC,Indiana (East),6101215,gianaramel,,2022-09-07 19:14:20 UTC,2023-03-24 22:52:31 UTC,research,CC-BY-NC,https://www.inaturalist.org/observations/134077178,https://inaturalist-open-data.s3.amazonaws.com/photos/228478431/medium.jpg,,"","",2,0,false,3,"Butler University, Indianapolis, IN, US",39.842314993,-86.1706119329,6,,,,6,,open,false,,,Amur Carp,Cyprinus rubrofuscus,Amur Carp,Actinopterygii,187316,,
134122567,73526c4e-77e9-47e7-b077-02469985a46c,2022/09/07 12:17 PM,2022-09-07,2022-09-07 16:17:00 UTC,Eastern Time (US & Canada),100698,lakekoshare,Jim,2022-09-08 02:14:35 UTC,2022-11-11 09:36:29 UTC,research,CC-BY-NC,https://www.inaturalist.org/observations/134122567,https://inaturalist-open-data.s3.amazonaws.com/photos/228565945/medium.jpeg,,"",,1,0,false,,"Maple Lawn, Fulton, MD 20759, USA",39.1491495621,-76.9030025326,15,,,,15,,open,false,,,Amur Carp,Cyprinus rubrofuscus,Amur Carp,Actinopterygii,187316,,
134186608,55971542-61c8-4ff3-a4ca-1bcf918e1ec7,2022-09-08 11:22:48-05:00,2022-09-08,2022-09-08 16:22:48 UTC,Central Time (US & Canada),6096694,lalothechef,,2022-09-08 16:23:52 UTC,2022-11-08 17:10:28 UTC,research,CC-BY-NC,https://www.inaturalist.org/observations/134186608,https://inaturalist-open-data.s3.amazonaws.com/photos/232142032/medium.jpg,,"","",2,0,false,3,"Sugar Grove, IL, US",41.7238357016,-88.4812269071,112567,,,,112567,,open,false,,,Amur Carp,Cyprinus rubrofuscus,Amur Carp,Actinopterygii,187316,,
134638033,4314f4ca-d154-4bf1-b9f8-d94535818803,2022-09-02 17:16:38,2022-09-02,2022-09-02 21:16:38 UTC,Eastern Time (US & Canada),1387011,siobhanprout,Siobhan Prout,2022-09-11 20:45:23 UTC,2022-09-12 13:10:13 UTC,research,,https://www.inaturalist.org/observations/134638033,https://static.inaturalist.org/photos/229524957/medium.jpeg,,"",,2,0,false,2,"Hartford County, US-CT, US",41.7761055556,-72.4838055556,,,,,,,open,false,,,Amur Carp,Cyprinus rubrofuscus,Amur Carp,Actinopterygii,187316,,
135058286,b94f6e9c-c5fb-4249-a59f-85200ae0492b,2022-06-06 15:58:02-04:00,2022-06-06,2022-06-06 19:58:02 UTC,Eastern Time (US & Canada),3263881,kyleserrian,,2022-09-14 23:55:31 UTC,2022-09-19 16:31:09 UTC,research,CC-BY-NC,https://www.inaturalist.org/observations/135058286,https://inaturalist-open-data.s3.amazonaws.com/photos/230305205/medium.jpg,,"","",1,0,false,3,"Norman J. Levy Park & Preserve, Merrick, NY, US",40.646525,-73.5631783333,4,,,,4,,open,false,,,Amur Carp,Cyprinus rubrofuscus,Amur Carp,Actinopterygii,187316,,
135160174,ad2d88e4-91e5-4081-93f4-b3edb9da0a14,2022-09-15 15:41:31-04:00,2022-09-15,2022-09-15 19:41:31 UTC,Eastern Time (US & Canada),6136905,elizabeth2212,Elizabeth Abrams,2022-09-15 19:42:45 UTC,2022-09-16 11:26:32 UTC,research,,https://www.inaturalist.org/observations/135160174,https://static.inaturalist.org/photos/230488042/medium.jpg,,"","",1,0,false,3,"Cedar Creek Parkway, Allentown, PA, US",40.5925216667,-75.5143583333,3,,,,3,,open,false,,,Amur Carp,Cyprinus rubrofuscus,Amur Carp,Actinopterygii,187316,,
135251120,6a2780f8-f133-4958-9804-a2ac72981d13,2022-09-02 10:11:00-05:00,2022-09-02,2022-09-02 15:11:00 UTC,Central Time (US & Canada),5914702,sussybaka219,Sussy Baka,2022-09-16 15:10:45 UTC,2023-12-19 16:05:50 UTC,research,CC-BY-NC,https://www.inaturalist.org/observations/135251120,https://inaturalist-open-data.s3.amazonaws.com/photos/230656572/medium.jpg,,"",Feral Amur carp,2,0,false,3,"Carlson/Oxbow Park, Hammond, IN, US",41.569131,-87.465518,7,,,,7,,open,false,,,Amur Carp,Cyprinus rubrofuscus,Amur Carp,Actinopterygii,187316,,
135799414,1db22079-76a3-441a-aa65-73841730cfe3,2022-09-20 12:03:12-04:00,2022-09-20,2022-09-20 16:03:12 UTC,Eastern Time (US & Canada),5062453,sg1408,,2022-09-20 16:04:20 UTC,2022-09-20 18:37:33 UTC,research,CC-BY-NC,https://www.inaturalist.org/observations/135799414,https://inaturalist-open-data.s3.amazonaws.com/photos/231673169/medium.jpg,,"","",1,0,false,3,"North Hudson Park, North Bergen, NJ, US",40.8026308935,-74.0014638651,68,,,,68,,open,false,,,Amur Carp,Cyprinus rubrofuscus,Amur Carp,Actinopterygii,187316,,
136317871,b24305cf-ab57-49ec-9f6d-31597ed14267,2015/09/09 11:53 AM,2015-09-09,2015-09-09 18:53:00 UTC,Pacific Time (US & Canada),949372,ljr2018,Laurel J. Ramseyer,2022-09-24 18:56:14 UTC,2024-02-02 22:27:59 UTC,research,CC-BY-NC,https://www.inaturalist.org/observations/136317871,https://inaturalist-open-data.s3.amazonaws.com/photos/232628975/medium.jpeg,,"",,2,0,false,,"Point Defiance duck pond, West End, Tacoma, WA, USA",47.3029448273,-122.5168757448,35,,,,35,,open,false,,,Amur Carp,Cyprinus rubrofuscus,Amur Carp,Actinopterygii,187316,,
136318598,c7c09706-1e76-48bc-b667-4d91254d6ddb,Sat Sep 24 2022 15:00:28 GMT -0400 (EDT),2022-09-24,2022-09-24 19:00:28 UTC,Eastern Time (US & Canada),3154844,janetflower24,,2022-09-24 19:01:21 UTC,2022-09-26 10:42:27 UTC,research,CC-BY-NC,https://www.inaturalist.org/observations/136318598,https://inaturalist-open-data.s3.amazonaws.com/photos/232630934/medium.jpeg,,"",,1,0,false,333,Harrisonburg,38.4289855957,-78.8619842529,5,,,,5,,open,false,,,Amur Carp,Cyprinus rubrofuscus,Amur Carp,Actinopterygii,187316,,
136646651,7ad00fa4-40b1-4f17-a117-8a879115a583,2022-09-26 19:08:58-05:00,2022-09-26,2022-09-27 00:08:58 UTC,Central Time (US & Canada),444541,tmn-rita,Rita Wright,2022-09-27 02:01:54 UTC,2025-04-14 03:02:24 UTC,research,CC-BY,https://www.inaturalist.org/observations/136646651,https://inaturalist-open-data.s3.amazonaws.com/photos/233247483/medium.jpg,,"",Saw at least 3 of these in the waters at a park in Atascocita. ,2,0,false,3,"Cuthbert St, Humble, TX, US",29.9743666667,-95.1678466667,3,,,,3,,open,false,,,Amur Carp,Cyprinus rubrofuscus,Amur Carp,Actinopterygii,187316,,
136748185,23d4f84e-d347-4fb3-812d-bfc86f7dc0e9,2022-09-27 19:02:59-04:00,2022-09-27,2022-09-27 23:02:59 UTC,Eastern Time (US & Canada),6194479,ellearmbruster,,2022-09-27 23:03:01 UTC,2022-09-29 19:21:59 UTC,research,CC-BY-NC,https://www.inaturalist.org/observations/136748185,https://inaturalist-open-data.s3.amazonaws.com/photos/233434123/medium.jpg,,"","",1,0,false,3,"Cedar Creek Parkway, Allentown, PA, US",40.5912766686,-75.5152536877,114,,,,114,,open,false,,,Amur Carp,Cyprinus rubrofuscus,Amur Carp,Actinopterygii,187316,,
136961961,baedc30b-68a4-4228-a7f8-388463105b90,2022/09/29 2:50 PM,2022-09-29,2022-09-29 18:50:00 UTC,Eastern Time (US & Canada),1117286,sharonforsyth,Sharon Forsyth,2022-09-29 21:40:03 UTC,2023-07-08 09:42:56 UTC,research,CC-BY-NC,https://www.inaturalist.org/observations/136961961,https://inaturalist-open-data.s3.amazonaws.com/photos/233831321/medium.jpeg,,"","",3,0,false,,"Montgomery, Maryland, United States",39.05676,-77.036995,,,,,,,open,false,,,Amur Carp,Cyprinus rubrofuscus,Amur Carp,Actinopterygii,187316,,
137217280,33c18d4a-ae32-4ac4-a0a5-958bcac3e578,Sat Oct 01 2022 18:46:59 GMT -0500 (CDT),2022-10-01,2022-10-01 23:46:59 UTC,Central Time (US & Canada),5997370,thenry01,,2022-10-01 23:47:18 UTC,2022-12-24 03:17:08 UTC,research,CC-BY-NC,https://www.inaturalist.org/observations/137217280,https://inaturalist-open-data.s3.amazonaws.com/photos/237205730/medium.jpeg,,"",,2,0,false,333,"Shawnee County, US-KS, US",39.0627441406,-95.6819229126,41,,,,41,,open,false,,,Amur Carp,Cyprinus rubrofuscus,Amur Carp,Actinopterygii,187316,,
137351603,0de0eb07-7917-4e16-aeaf-2913931b626a,2022/10/02 2:07 PM,2022-10-02,2022-10-02 19:07:00 UTC,Central Time (US & Canada),2208636,petermarting,Peter Marting,2022-10-02 23:33:42 UTC,2022-11-11 09:34:46 UTC,research,,https://www.inaturalist.org/observations/137351603,https://static.inaturalist.org/photos/234564273/medium.jpg,,"",,1,0,false,,"Auburn, AL, USA",32.5869534876,-85.5424229466,1,,,,1,,open,false,,,Amur Carp,Cyprinus rubrofuscus,Amur Carp,Actinopterygii,187316,,
137792049,4f6e1035-64de-4362-a9fe-e3b34e4cd1cb,2022-10-02 16:50:04-04:00,2022-10-02,2022-10-02 20:50:04 UTC,Eastern Time (US & Canada),2370110,gregmurray9,,2022-10-06 20:43:50 UTC,2022-10-06 22:17:41 UTC,research,CC-BY-NC,https://www.inaturalist.org/observations/137792049,https://inaturalist-open-data.s3.amazonaws.com/photos/235394420/medium.jpg,,"","",2,0,false,3,"Schuylkill River, Phoenixville, PA, US",40.1484107371,-75.5063463156,212,,,,212,,open,false,,,Amur Carp,Cyprinus rubrofuscus,Amur Carp,Actinopterygii,187316,,
138448227,c05cc0e1-41c6-4222-9572-4f7738ae6945,2022-10-11 13:15:34-04:00,2022-10-11,2022-10-11 17:15:34 UTC,Eastern Time (US & Canada),2053130,edropkin,Ethan Dropkin,2022-10-12 00:07:14 UTC,2022-10-12 20:26:22 UTC,research,CC-BY-NC,https://www.inaturalist.org/observations/138448227,https://inaturalist-open-data.s3.amazonaws.com/photos/236637210/medium.jpg,,"","",2,0,false,3,"Finch Rd, North Salem, NY, US",41.3553216667,-73.550895,4,,,,4,,open,false,,,Amur Carp,Cyprinus rubrofuscus,Amur Carp,Actinopterygii,187316,,
138623842,b5a614de-b50e-43d9-a779-0383cc87c6ee,2022/10/09 4:30 PM,2022-10-09,2022-10-09 20:30:00 UTC,Eastern Time (US & Canada),4929732,jacqui_,jacqui,2022-10-13 16:15:25 UTC,2022-11-15 01:06:32 UTC,research,CC-BY-NC,https://www.inaturalist.org/observations/138623842,https://inaturalist-open-data.s3.amazonaws.com/photos/236971714/medium.png,,"",,1,0,false,,"Queens, NY, USA",40.7282239,-73.7948516,12276,,,,12276,,open,false,,,Amur Carp,Cyprinus rubrofuscus,Amur Carp,Actinopterygii,187316,,
138630809,f73a3961-7fd0-4608-a4ea-1659d821c115,2022-10-13 11:34:15,2022-10-13,2022-10-13 16:34:15 UTC,Central Time (US & Canada),5642611,soundofrain,,2022-10-13 17:31:50 UTC,2025-01-20 03:48:43 UTC,research,CC-BY-NC,https://www.inaturalist.org/observations/138630809,https://inaturalist-open-data.s3.amazonaws.com/photos/236984796/medium.jpeg,,"",Found in a cistern. Pretty sure it's not supposed to be there. Can't tell if it's an amur carp or some kind of goldfish.,1,0,false,2,"Rowand-Johnson Hall, Tuscaloosa, AL 35401, USA",33.2135751209,-87.5483271852,9,,,,9,,open,false,,,Amur Carp,Cyprinus rubrofuscus,Amur Carp,Actinopterygii,187316,,
139647547,63afd504-9a5b-455d-bf31-d2fcf0e626ea,Sat Oct 22 2022 13:18:28 GMT -0400 (EDT),2022-10-22,2022-10-22 17:18:28 UTC,Eastern Time (US & Canada),5640142,zarishi,,2022-10-22 17:18:33 UTC,2022-11-08 17:09:46 UTC,research,CC-BY-NC,https://www.inaturalist.org/observations/139647547,https://inaturalist-open-data.s3.amazonaws.com/photos/238889351/medium.jpeg,,"",,1,0,false,333,Rochester,43.1343994141,-77.6067886353,1414,,,,1414,,open,false,,,Amur Carp,Cyprinus rubrofuscus,Amur Carp,Actinopterygii,187316,,
139800114,5a42c57b-93fd-40dd-8f13-2b4e7176b5a2,2022-10-23 16:13:00,2022-10-23,2022-10-23 20:13:00 UTC,Eastern Time (US & Canada),339048,asherlock,Anna Sherlock,2022-10-23 21:24:49 UTC,2022-11-08 17:08:43 UTC,research,CC-BY-NC-SA,https://www.inaturalist.org/observations/139800114,https://inaturalist-open-data.s3.amazonaws.com/photos/239182328/medium.jpeg,,"",,1,0,false,2,"Virginia, US",38.9947987819,-77.0480161205,260,,,,28181,obscured,open,true,gps,gps,Amur Carp,Cyprinus rubrofuscus,Amur Carp,Actinopterygii,187316,,
140203335,0c2f78ac-9bbf-4cf6-b6e3-ecd865096a09,2022-10-26 14:16:46-04:00,2022-10-26,2022-10-26 18:16:46 UTC,Eastern Time (US & Canada),1033231,torgos216,Al. Morgue,2022-10-27 23:46:25 UTC,2022-12-28 16:45:50 UTC,research,,https://www.inaturalist.org/observations/140203335,https://static.inaturalist.org/photos/239958705/medium.jpg,,"","",2,0,false,3,"St Andrews Rd, Irmo, SC, US",34.0848416984,-81.182984017,408,,,,408,,open,false,,,Amur Carp,Cyprinus rubrofuscus,Amur Carp,Actinopterygii,187316,,
140424104,76723d70-0d83-4a79-bad9-9a416c645fcf,2022-10-29 16:33:44,2022-10-29,2022-10-29 20:33:44 UTC,Eastern Time (US & Canada),927208,devinreese,Devin Reese,2022-10-29 20:34:23 UTC,2022-11-11 09:33:57 UTC,research,,https://www.inaturalist.org/observations/140424104,https://static.inaturalist.org/photos/240372251/medium.jpeg,,"",,2,0,false,2,"Wolf Trap, VA, USA",38.93570615,-77.2848702,8,,,,8,,open,false,,,Amur Carp,Cyprinus rubrofuscus,Amur Carp,Actinopterygii,187316,,
140812815,92ee9517-3a9b-4a50-82f8-05de30bd84af,2022-09-16,2022-09-16,,Eastern Time (US & Canada),6295276,catpicone70204,,2022-11-01 20:44:28 UTC,2022-12-10 23:13:11 UTC,research,CC-BY-NC,https://www.inaturalist.org/observations/140812815,https://inaturalist-open-data.s3.amazonaws.com/photos/241096268/medium.jpg,,"","",1,0,false,,Washington Township ,39.756139,-75.072796,7320,,,,7320,,open,false,,,Amur Carp,Cyprinus rubrofuscus,Amur Carp,Actinopterygii,187316,,
140917537,72bbf636-8303-4f0e-bfaf-644819f771c3,2022/11/02 9:30AM,2022-11-02,2022-11-02 13:30:00 UTC,Eastern Time (US & Canada),6281212,ashleybienstock,,2022-11-02 21:53:16 UTC,2023-01-12 12:45:32 UTC,research,CC-BY-NC,https://www.inaturalist.org/observations/140917537,https://inaturalist-open-data.s3.amazonaws.com/photos/241293760/medium.jpeg,,"",,2,0,false,,"116 Goathill Rd, Mooresville, NC 28117, USA",35.5811543,-80.9414442,190,,,,190,,open,false,,,Amur Carp,Cyprinus rubrofuscus,Amur Carp,Actinopterygii,187316,,
140938696,ecde735e-cb2b-4e2d-ade5-3897e947ca98,2022-11-02 13:44:05,2022-11-02,2022-11-02 17:44:05 UTC,Eastern Time (US & Canada),5979413,df84,DJF,2022-11-03 02:24:13 UTC,2023-09-04 16:03:45 UTC,research,,https://www.inaturalist.org/observations/140938696,https://static.inaturalist.org/photos/241335686/medium.jpeg,,"",,3,0,false,2,"Highland Park, Manchester, CT, USA",41.7760916667,-72.4861055556,,,,,,,open,false,gps,gps,Amur Carp,Cyprinus rubrofuscus,Amur Carp,Actinopterygii,187316,,
143218727,2aa59ebc-e53b-41a4-b84b-c5cd79da1795,2022-11-21,2022-11-21,,Central Time (US & Canada),6348722,knott7843,,2022-11-28 23:07:07 UTC,2022-11-29 15:38:38 UTC,research,CC-BY-NC,https://www.inaturalist.org/observations/143218727,https://inaturalist-open-data.s3.amazonaws.com/photos/245595948/medium.jpg,,"","",3,0,false,,"Kinsey, AL, USA",31.2962833214,-85.3704098957,122,,,,122,,open,false,,,Amur Carp,Cyprinus rubrofuscus,Amur Carp,Actinopterygii,187316,,
143383207,bd62d145-f371-4a68-96de-156f5d30ee25,2022-10-04 12:23:09-04:00,2022-10-04,2022-10-04 16:23:09 UTC,Eastern Time (US & Canada),6062581,juana85,Juana VG,2022-11-30 21:42:55 UTC,2022-12-03 10:22:12 UTC,research,,https://www.inaturalist.org/observations/143383207,https://static.inaturalist.org/photos/245890829/medium.jpg,,"","",2,0,false,3,"Barbarossa St, Boca Raton, FL, US",26.3565519458,-80.1525013334,82,,,,82,,open,false,,,Amur Carp,Cyprinus rubrofuscus,Amur Carp,Actinopterygii,187316,,
143436450,1147c79c-6b93-4feb-95bd-a045d96cd2a8,2022-11-02 15:19:02-04:00,2022-11-02,2022-11-02 19:19:02 UTC,Eastern Time (US & Canada),6066498,daeee3,,2022-12-01 16:52:11 UTC,2022-12-01 20:01:21 UTC,research,CC-BY-NC,https://www.inaturalist.org/observations/143436450,https://inaturalist-open-data.s3.amazonaws.com/photos/245988512/medium.jpg,,"","",1,0,false,3,"Bonner St, Due West, SC, US",34.330745,-82.3876116667,25,,,,25,,open,false,,,Amur Carp,Cyprinus rubrofuscus,Amur Carp,Actinopterygii,187316,,
143884567,dda338af-0d57-4d33-8fe2-07bd7daa8b3e,Sat Aug 21 2021 14:34:21 GMT -0700 (PDT),2021-08-21,2021-08-21 21:34:21 UTC,Pacific Time (US & Canada),6201917,aalejandre58420,,2022-12-07 19:32:58 UTC,2022-12-07 20:15:35 UTC,research,CC-BY-NC,https://www.inaturalist.org/observations/143884567,https://inaturalist-open-data.s3.amazonaws.com/photos/246841104/medium.jpeg,,"",,3,0,false,333,Calistoga,38.6029548645,-122.5986022949,,,,,,,open,false,,,Амурский сазан,Cyprinus rubrofuscus,Amur Carp,Actinopterygii,187316,,
144110174,9d79d9eb-afb0-4fe9-b3db-85c06f3c7c08,2022-12-10 16:23:01-06:00,2022-12-10,2022-12-10 22:23:01 UTC,Central Time (US & Canada),747853,toffner,Tia Offner,2022-12-10 23:28:15 UTC,2022-12-12 16:01:16 UTC,research,CC-BY-NC,https://www.inaturalist.org/observations/144110174,https://inaturalist-open-data.s3.amazonaws.com/photos/247273554/medium.jpg,,"","",2,0,false,3,"The Golf Club at Audubon Park, New Orleans, LA, US",29.9293333333,-90.1243666667,4,,,,4,,open,false,,,Amur Carp,Cyprinus rubrofuscus,Amur Carp,Actinopterygii,187316,,
144202599,56b79262-7430-4094-a60a-1d6f334c92e0,2022-12-10 20:37:55-08:00,2022-12-10,2022-12-11 04:37:55 UTC,Pacific Time (US & Canada),6067822,cortiz211,,2022-12-12 02:48:29 UTC,2022-12-24 03:18:07 UTC,research,CC-BY-NC,https://www.inaturalist.org/observations/144202599,https://inaturalist-open-data.s3.amazonaws.com/photos/247451581/medium.jpg,,"","",2,0,false,3,"Westchester Dr, San Jose, CA, US",37.2429868845,-121.9368760496,8691,,,,8691,,open,false,,,Amur Carp,Cyprinus rubrofuscus,Amur Carp,Actinopterygii,187316,,
144417565,c3ad3893-cb30-46ea-9035-d339ed46ee1c,2022/12/03 10:10 AM,2022-12-03,2022-12-03 18:10:00 UTC,Pacific Time (US & Canada),234657,bamm321,Chris W.,2022-12-15 13:44:57 UTC,2024-04-17 20:51:22 UTC,research,CC-BY-NC,https://www.inaturalist.org/observations/144417565,https://inaturalist-open-data.s3.amazonaws.com/photos/247858858/medium.jpg,,"",,4,0,false,,"La Quinta, CA, USA",33.6772527778,-116.2980222222,,,,,,,open,false,,,Amur Carp,Cyprinus rubrofuscus,Amur Carp,Actinopterygii,187316,,
144711937,53f182b0-7f5e-4ae7-ae98-7964f9a6ecfa,2022/12/17 12:47 PM,2022-12-17,2022-12-17 22:47:00 UTC,Hawaii,321317,kevinfaccenda,Kevin Faccenda,2022-12-20 05:04:58 UTC,2024-08-05 19:54:33 UTC,research,CC-BY,https://www.inaturalist.org/observations/144711937,https://inaturalist-open-data.s3.amazonaws.com/photos/248433508/medium.jpg,,"",or large goldfish? Naturalized in stream,1,0,false,,"Honolulu, Hawaii, United States",21.4074899722,-157.801793,,,,,,,open,false,,,Amur Carp,Cyprinus rubrofuscus,Amur Carp,Actinopterygii,187316,,
145147816,fd35a78c-3e0e-4318-9e67-ac85a31223d5,2022-12-26 16:46:06,2022-12-26,2022-12-27 00:46:06 UTC,Pacific Time (US & Canada),2296775,kingmchris,Christopher King,2022-12-27 00:48:43 UTC,2023-03-09 20:01:34 UTC,research,,https://www.inaturalist.org/observations/145147816,https://static.inaturalist.org/photos/249282302/medium.jpeg,,"",,4,0,false,2,"La Quinta, CA, USA",33.6775027778,-116.2974833333,,,,,,,open,false,gps,gps,Amur Carp,Cyprinus rubrofuscus,Amur Carp,Actinopterygii,187316,,
145441134,109f5f03-16b3-41a9-871c-2fe6fb0d22ad,Fri Dec 30 2022 10:29:40 GMT -0800 (PST),2022-12-30,2022-12-30 18:29:40 UTC,Pacific Time (US & Canada),3512076,fitzmom11,Fitzmom11,2022-12-30 18:29:51 UTC,2023-02-18 02:12:37 UTC,research,CC-BY-NC,https://www.inaturalist.org/observations/145441134,https://inaturalist-open-data.s3.amazonaws.com/photos/249817320/medium.jpeg,,"",,2,0,false,333,Paso Robles,35.6505737305,-120.5773620605,3,,,,3,,open,false,,,Amur Carp,Cyprinus rubrofuscus,Amur Carp,Actinopterygii,187316,,
145441256,00ec58a9-8de1-461f-91f2-7407464be0b7,Fri Dec 30 2022 10:31:49 GMT -0800 (PST),2022-12-30,2022-12-30 18:31:49 UTC,Pacific Time (US & Canada),3512076,fitzmom11,Fitzmom11,2022-12-30 18:31:57 UTC,2023-02-18 02:12:29 UTC,research,CC-BY-NC,https://www.inaturalist.org/observations/145441256,https://inaturalist-open-data.s3.amazonaws.com/photos/249817612/medium.jpeg,,"",,2,0,false,333,Paso Robles,35.6505432129,-120.5772247314,35,,,,35,,open,false,,,Amur Carp,Cyprinus rubrofuscus,Amur Carp,Actinopterygii,187316,,
145597025,2754a923-4479-4a5a-a1ed-0132b4ed3a97,2022/12/29 5:07 PM,2022-12-29,2022-12-29 23:07:00 UTC,Central Time (US & Canada),139257,pfau_tarleton,Russell Pfau,2023-01-01 18:55:00 UTC,2023-07-11 13:18:54 UTC,research,CC0,https://www.inaturalist.org/observations/145597025,https://inaturalist-open-data.s3.amazonaws.com/photos/250120296/medium.jpg,,"","",1,0,false,,"Mills County, TX, USA",31.2792267678,-98.6134826883,15,,,,15,,open,false,,,Amur Carp,Cyprinus rubrofuscus,Amur Carp,Actinopterygii,187316,,
145918906,aa0cb3e3-3407-46d4-99d1-ad143497a633,2023/01/05 2:25 PM,2023-01-05,2023-01-05 19:25:00 UTC,Eastern Time (US & Canada),4844842,chosi,Mike Cianciosi,2023-01-05 21:15:21 UTC,2023-01-06 19:27:08 UTC,research,CC-BY-NC,https://www.inaturalist.org/observations/145918906,https://inaturalist-open-data.s3.amazonaws.com/photos/250750084/medium.jpg,,"","",2,0,false,,"Wolf Trap, VA, USA",38.9356550459,-77.2846353724,4,,,,4,,open,false,,,Amur Carp,Cyprinus rubrofuscus,Amur Carp,Actinopterygii,187316,,
146070089,70e82eac-7397-4eaa-8bf7-c362b638eb9f,2022/12/14 12:42 PM,2022-12-14,2022-12-14 17:42:00 UTC,Eastern Time (US & Canada),3213884,chris1929,Chris Dale,2023-01-07 22:02:22 UTC,2023-01-08 16:50:43 UTC,research,,https://www.inaturalist.org/observations/146070089,https://static.inaturalist.org/photos/251046007/medium.jpeg,,"",,3,0,false,,"Polk County, FL, USA",27.9375638889,-81.5760361111,1,,,,1,,open,false,,,Amur Carp,Cyprinus rubrofuscus,Amur Carp,Actinopterygii,187316,,
146227699,1e26084f-ab6e-40a8-8afa-15fde42c7e5f,2023/01/07 5:03 PM,2023-01-07,2023-01-07 23:03:00 UTC,Central Time (US & Canada),24071,bob777,Bob O'Kennon,2023-01-09 21:11:29 UTC,2023-02-21 01:24:51 UTC,research,CC-BY-NC,https://www.inaturalist.org/observations/146227699,https://inaturalist-open-data.s3.amazonaws.com/photos/251355618/medium.jpeg,,"","",2,0,false,,"Fort Worth, TX, USA",32.7346933333,-97.36428,,,,,,,open,false,,,Amur Carp,Cyprinus rubrofuscus,Amur Carp,Actinopterygii,187316,,
146367324,12768cf7-76a2-4456-bab0-47c92274f66d,2023/01/11 6:43 PM,2023-01-11,2023-01-11 23:43:00 UTC,Eastern Time (US & Canada),6423986,aleksy145,Aleksy,2023-01-11 23:49:11 UTC,2023-01-14 04:16:22 UTC,research,CC-BY-NC,https://www.inaturalist.org/observations/146367324,https://inaturalist-open-data.s3.amazonaws.com/photos/251624240/medium.png,,"",,2,0,false,,"1254 Loudon Rd, Cohoes, NY 12047, USA",42.8008894,-73.7339488,190,,,,190,,open,false,,,Amur Carp,Cyprinus rubrofuscus,Amur Carp,Actinopterygii,187316,,
148348027,0c0e94ef-97f0-4a31-9fc4-14f900f7977b,2023-02-07 13:55:35-05:00,2023-02-07,2023-02-07 18:55:35 UTC,Eastern Time (US & Canada),6476726,aneesadenae,,2023-02-08 23:19:03 UTC,2023-02-09 16:53:37 UTC,research,CC-BY-NC,https://www.inaturalist.org/observations/148348027,https://inaturalist-open-data.s3.amazonaws.com/photos/255445719/medium.jpg,,"","",2,0,false,3,"William & Mary, Williamsburg, VA, US",37.269705,-76.7143166667,4,,,,4,,open,false,,,Amur Carp,Cyprinus rubrofuscus,Amur Carp,Actinopterygii,187316,,
148478716,14a3a362-e5ef-49b9-9bcb-0d972f060406,2023-02-05 15:16:00-07:00,2023-02-05,2023-02-05 22:16:00 UTC,Pacific Time (US & Canada),6463005,joshua1538,Joshua Usi,2023-02-10 22:50:04 UTC,2023-02-11 16:11:52 UTC,research,,https://www.inaturalist.org/observations/148478716,https://static.inaturalist.org/photos/255698829/medium.jpg,,"","",2,0,false,3,"Starview Way, San Francisco, CA, US",37.7505021736,-122.4516185251,11664,,,,11664,,open,false,,,Amur Carp,Cyprinus rubrofuscus,Amur Carp,Actinopterygii,187316,,
148515551,bc8be296-e052-4d8a-8663-06e82b4c65f2,2023-02-10 16:55:25-05:00,2023-02-10,2023-02-10 21:55:25 UTC,Eastern Time (US & Canada),250046,ungerlord,"",2023-02-11 13:44:41 UTC,2023-02-11 20:08:17 UTC,research,CC-BY-NC,https://www.inaturalist.org/observations/148515551,https://inaturalist-open-data.s3.amazonaws.com/photos/255770067/medium.jpg,,"","",1,0,false,3,United States,26.2710358938,-80.0310705837,1738,,,,29868,obscured,open,true,,,Amur Carp,Cyprinus rubrofuscus,Amur Carp,Actinopterygii,187316,,
148548439,d645ba89-4952-4509-8064-310980cc867a,2022-12-14 17:01:50-08:00,2022-12-14,2022-12-15 01:01:50 UTC,Pacific Time (US & Canada),6458129,awatkins2026,,2023-02-11 20:55:17 UTC,2023-02-12 21:12:03 UTC,research,CC-BY-NC,https://www.inaturalist.org/observations/148548439,https://inaturalist-open-data.s3.amazonaws.com/photos/255831380/medium.jpg,,"","",3,0,false,3,"Marin Country Mart, Larkspur, CA, US",37.9472616667,-122.5093466667,10,,,,10,,open,false,,,Amur Carp,Cyprinus rubrofuscus,Amur Carp,Actinopterygii,187316,,
148642125,a7e6c277-258a-4204-87da-9ee97b49b4c8,2023-02-12 10:31:51-05:00,2023-02-12,2023-02-12 15:31:51 UTC,Eastern Time (US & Canada),1137662,ctiemann16,Cole Tiemann,2023-02-12 22:11:07 UTC,2023-02-13 13:17:02 UTC,research,CC-BY-NC,https://www.inaturalist.org/observations/148642125,https://inaturalist-open-data.s3.amazonaws.com/photos/256010638/medium.jpg,,"","",3,0,false,3,"Long Leaf Park, Wilmington, NC, US",34.2046616667,-77.885955,4,,,,4,,open,false,,,Amur Carp,Cyprinus rubrofuscus,Amur Carp,Actinopterygii,187316,,
148878583,22ac964b-9bc7-4812-8091-4c7280d45f2a,2023-02-15 20:33:48-05:00,2023-02-15,2023-02-16 01:33:48 UTC,Eastern Time (US & Canada),1299792,cinnamon325,Dimitris Salas,2023-02-16 04:42:37 UTC,2023-02-16 18:51:17 UTC,research,,https://www.inaturalist.org/observations/148878583,https://static.inaturalist.org/photos/256457433/medium.jpg,,"","Saw a few at night in pond, white and orange morphs, seemed feral/unmanaged ",2,0,false,3,"Robert Trent Jones Golf Course Cornell University, Ithaca, NY, US",42.4591854393,-76.4594589821,41,,,,41,,open,false,,,Amur Carp,Cyprinus rubrofuscus,Amur Carp,Actinopterygii,187316,,
149197168,fb39d5c4-1697-4045-bf92-1e47680fd70c,2023/02/17 1:47 PM,2023-02-17,2023-02-17 19:47:00 UTC,Central Time (US & Canada),134944,laurakeene,Laura Keene,2023-02-20 02:20:06 UTC,2024-12-10 21:18:11 UTC,research,CC-BY-NC,https://www.inaturalist.org/observations/149197168,https://inaturalist-open-data.s3.amazonaws.com/photos/257051845/medium.jpg,,"","",2,0,false,,"Medina, Texas, United States",29.34248,-98.8843016667,25,,,,25,,open,false,,"",Amur Carp,Cyprinus rubrofuscus,Amur Carp,Actinopterygii,187316,,
149657287,d10404e7-4df8-4767-aeaa-c638b06ee06a,2023-02-24 11:32:00,2023-02-24,2023-02-24 16:32:00 UTC,Eastern Time (US & Canada),5140737,turkvulture,Jenna Larkins,2023-02-25 19:11:16 UTC,2023-02-25 23:54:02 UTC,research,,https://www.inaturalist.org/observations/149657287,https://static.inaturalist.org/photos/257916611/medium.jpeg,,"",2 large koi seen,1,0,false,2,"Pembroke, NC 28372, USA",34.6862419347,-79.2015180364,24,,,,24,,open,false,,,Amur Carp,Cyprinus rubrofuscus,Amur Carp,Actinopterygii,187316,,
149753797,235964eb-a573-4212-b1e8-0fedf0d33e82,2023/01/24 3:08 PM,2023-01-24,2023-01-24 20:08:00 UTC,Eastern Time (US & Canada),3385878,cathartic_cathartes,sunny tyson,2023-02-26 19:37:04 UTC,2023-02-27 17:24:56 UTC,research,CC0,https://www.inaturalist.org/observations/149753797,https://inaturalist-open-data.s3.amazonaws.com/photos/258095975/medium.jpeg,,"","",2,0,false,,"North Carolina, US",34.252692351,-77.8747091869,189,,,,28846,obscured,open,true,,,Amur Carp,Cyprinus rubrofuscus,Amur Carp,Actinopterygii,187316,,
149753817,c12b7ea2-5159-4171-999f-f9e503632bbc,2023/01/24 3:08 PM,2023-01-24,2023-01-24 20:08:00 UTC,Eastern Time (US & Canada),3385878,cathartic_cathartes,sunny tyson,2023-02-26 19:37:06 UTC,2023-02-27 17:24:55 UTC,research,CC0,https://www.inaturalist.org/observations/149753817,https://inaturalist-open-data.s3.amazonaws.com/photos/258096007/medium.jpeg,,"",,2,0,false,,"North Carolina, US",34.3637279577,-77.8562455778,189,,,,28846,obscured,open,true,,,Amur Carp,Cyprinus rubrofuscus,Amur Carp,Actinopterygii,187316,,
149753829,399596aa-c86a-4b49-b259-5a7ef6cf9046,2023/01/24 3:09 PM,2023-01-24,2023-01-24 20:09:00 UTC,Eastern Time (US & Canada),3385878,cathartic_cathartes,sunny tyson,2023-02-26 19:37:08 UTC,2023-02-27 17:24:55 UTC,research,CC0,https://www.inaturalist.org/observations/149753829,https://inaturalist-open-data.s3.amazonaws.com/photos/258096101/medium.jpeg,,"",,2,0,false,,"North Carolina, US",34.3930477344,-77.8823060278,189,,,,28846,obscured,open,true,,,Amur Carp,Cyprinus rubrofuscus,Amur Carp,Actinopterygii,187316,,
149753834,2a4457de-33e7-45c6-a4d6-ae86ff619cc7,2023/01/24 3:09 PM,2023-01-24,2023-01-24 20:09:00 UTC,Eastern Time (US & Canada),3385878,cathartic_cathartes,sunny tyson,2023-02-26 19:37:09 UTC,2023-02-27 17:24:47 UTC,research,CC0,https://www.inaturalist.org/observations/149753834,https://inaturalist-open-data.s3.amazonaws.com/photos/258096132/medium.jpeg,,"",,2,0,false,,"North Carolina, US",34.3320094222,-77.9771958157,189,,,,28846,obscured,open,true,,,Amur Carp,Cyprinus rubrofuscus,Amur Carp,Actinopterygii,187316,,
149753835,276d9f89-2816-4af2-bd9b-12976a81bc76,2023/01/24 3:09 PM,2023-01-24,2023-01-24 20:09:00 UTC,Eastern Time (US & Canada),3385878,cathartic_cathartes,sunny tyson,2023-02-26 19:37:09 UTC,2023-02-27 17:24:46 UTC,research,CC0,https://www.inaturalist.org/observations/149753835,https://inaturalist-open-data.s3.amazonaws.com/photos/258096146/medium.jpeg,,"",,2,0,false,,"North Carolina, US",34.361871592,-77.9881081533,189,,,,28846,obscured,open,true,,,Amur Carp,Cyprinus rubrofuscus,Amur Carp,Actinopterygii,187316,,
149753841,6211296d-fb84-443e-a474-e061519fa8d0,2023/01/24 3:09 PM,2023-01-24,2023-01-24 20:09:00 UTC,Eastern Time (US & Canada),3385878,cathartic_cathartes,sunny tyson,2023-02-26 19:37:09 UTC,2023-02-27 17:24:45 UTC,research,CC0,https://www.inaturalist.org/observations/149753841,https://inaturalist-open-data.s3.amazonaws.com/photos/258096160/medium.jpeg,,"",,2,0,false,,"North Carolina, US",34.2145252456,-77.9430078303,189,,,,28846,obscured,open,true,,,Amur Carp,Cyprinus rubrofuscus,Amur Carp,Actinopterygii,187316,,
149770651,cdbf8c97-3691-44e5-96c9-31c257239866,2023-02-26 10:38:42-05:00,2023-02-26,2023-02-26 15:38:42 UTC,Eastern Time (US & Canada),1248615,leroytabb,LeRoy Tabb,2023-02-26 22:24:53 UTC,2023-02-27 16:23:04 UTC,research,,https://www.inaturalist.org/observations/149770651,https://static.inaturalist.org/photos/258127558/medium.jpg,,"","",2,0,false,3,"N Military Trail, West Palm Beach, FL, US",26.6853713856,-80.1141905089,4,,,,4,,open,false,,,Amur Carp,Cyprinus rubrofuscus,Amur Carp,Actinopterygii,187316,,
149861333,1946124b-8050-4477-9f31-b359be917fc9,2015/07/25 2:06 PM,2015-07-25,2015-07-25 18:06:00 UTC,Eastern Time (US & Canada),1699432,rkluzco,,2023-02-27 23:16:14 UTC,2024-11-27 16:38:10 UTC,research,CC-BY-NC,https://www.inaturalist.org/observations/149861333,https://inaturalist-open-data.s3.amazonaws.com/photos/258303955/medium.jpg,,"",Apparently released and established in pond. ,2,0,false,,"Wilkes-Barre, PA, USA",41.2459149,-75.8813075,5485,,,,5485,,open,false,,,Amur Carp,Cyprinus rubrofuscus,Amur Carp,Actinopterygii,187316,,
149881650,76b0f03f-ab59-4e2d-b4bb-e74bd793df4b,2019-04-25 19:12:28-04:00,2019-04-25,2019-04-25 23:12:28 UTC,Eastern Time (US & Canada),5798132,dirtyjerz,Mark Schwalm,2023-02-28 04:49:51 UTC,2024-02-11 01:30:58 UTC,research,,https://www.inaturalist.org/observations/149881650,https://static.inaturalist.org/photos/258342651/medium.jpg,,"",Maybe a koi x common carp hybrid. This lake is full of released pet koi / ornamental carp,3,1,false,3,"Glen Lake, Pitman, NJ, US",39.724025,-75.1260138333,5,,,,5,,open,false,,,Amur Carp,Cyprinus rubrofuscus,Amur Carp,Actinopterygii,187316,,
149915962,c77b5bc8-c7b8-4aef-b691-52986736a749,2023-03-01 14:19:00-05:00,2023-03-01,2023-03-01 19:19:00 UTC,Eastern Time (US & Canada),6484950,jic0105,,2023-02-28 17:37:45 UTC,2023-03-01 20:30:21 UTC,research,CC-BY-NC,https://www.inaturalist.org/observations/149915962,https://inaturalist-open-data.s3.amazonaws.com/photos/258406924/medium.jpg,,"","",3,0,false,3,"UNC Pembroke, Pembroke, NC, US",34.68615,-79.2014166667,29,,,,29,,open,false,,,Amur Carp,Cyprinus rubrofuscus,Amur Carp,Actinopterygii,187316,,
149939956,ff5c2fc9-9b5a-41c1-a4ef-835bfd73e7fa,2023-02-27 14:18:58-05:00,2023-02-27,2023-02-27 19:18:58 UTC,Eastern Time (US & Canada),903559,catmaggio,Cat Maggio,2023-02-28 23:28:29 UTC,2023-03-01 17:17:10 UTC,research,,https://www.inaturalist.org/observations/149939956,https://static.inaturalist.org/photos/258451921/medium.jpg,,"","",2,0,false,3,"UNC Pembroke, Pembroke, NC, US",34.6860966667,-79.20143,4,,,,4,,open,false,,,Amur Carp,Cyprinus rubrofuscus,Amur Carp,Actinopterygii,187316,,
150004907,13d90a9c-f09f-465c-906d-0475bc3aa141,2023-03-01 14:18:00-05:00,2023-03-01,2023-03-01 19:18:00 UTC,Eastern Time (US & Canada),6484872,jessicabies,,2023-03-01 20:51:45 UTC,2023-03-01 21:15:56 UTC,research,CC-BY-NC,https://www.inaturalist.org/observations/150004907,https://inaturalist-open-data.s3.amazonaws.com/photos/258576995/medium.jpg,,"","",2,0,false,3,"UNC Pembroke, Pembroke, NC, US",34.6861,-79.20143,7,,,,7,,open,false,,,Amur Carp,Cyprinus rubrofuscus,Amur Carp,Actinopterygii,187316,,
150437488,004bf7db-1039-42f2-a006-92d2f4e6f44b,2023-03-06 16:11:16-05:00,2023-03-06,2023-03-06 21:11:16 UTC,Eastern Time (US & Canada),6526840,phuynh23,,2023-03-06 21:12:00 UTC,2023-05-19 02:08:17 UTC,research,CC-BY-NC,https://www.inaturalist.org/observations/150437488,https://inaturalist-open-data.s3.amazonaws.com/photos/259402641/medium.jpg,,"","",4,0,false,3,"Washingtonian Blvd, Gaithersburg, MD, US",39.1153231984,-77.1964030689,31,,,,31,,open,false,,,Amur Carp,Cyprinus rubrofuscus,Amur Carp,Actinopterygii,187316,,
150445052,d0b72ad3-055e-40a5-9900-0f79f81ad270,2023-03-06 16:49:12-06:00,2023-03-06,2023-03-06 22:49:12 UTC,Central Time (US & Canada),5019962,meganmigues,Megan,2023-03-06 22:49:43 UTC,2023-03-06 23:44:00 UTC,research,CC-BY-NC,https://www.inaturalist.org/observations/150445052,https://inaturalist-open-data.s3.amazonaws.com/photos/259417636/medium.jpg,,"",My mom thinks it might be a catfish?,2,0,false,3,"Martin Park Nature Center, Oklahoma City, OK, US",35.6061264164,-97.6078346091,337,,,,337,,open,false,,,Amur Carp,Cyprinus rubrofuscus,Amur Carp,Actinopterygii,187316,,
150449589,1f9fa461-1c1a-47b1-8b6a-4320e14d70e4,2023-03-06 13:27:33-05:00,2023-03-06,2023-03-06 18:27:33 UTC,Eastern Time (US & Canada),1313335,girliesquirrel,,2023-03-06 23:51:03 UTC,2023-03-07 17:53:20 UTC,research,,https://www.inaturalist.org/observations/150449589,https://static.inaturalist.org/photos/259426349/medium.jpg,,"","",2,0,false,3,"Washington Lake Park, Sewell, NJ, US",39.7428883333,-75.0976555,4,,,,4,,open,false,,,Amur Carp,Cyprinus rubrofuscus,Amur Carp,Actinopterygii,187316,,
150553283,08a28df4-a03a-4ee0-a80b-700172bd4825,2023-03-06 15:50:00-08:00,2023-03-06,2023-03-06 23:50:00 UTC,Pacific Time (US & Canada),6531157,elikingfishin,,2023-03-08 06:20:12 UTC,2023-03-08 16:25:33 UTC,research,CC-BY-NC,https://www.inaturalist.org/observations/150553283,https://inaturalist-open-data.s3.amazonaws.com/photos/259628135/medium.jpg,,"",Rin chin ochiba koi caught at the arboretum ,2,0,false,3,"University of California, Davis, CA, US",38.5300850664,-121.7611984201,21,,,,21,,open,false,,,Amur Carp,Cyprinus rubrofuscus,Amur Carp,Actinopterygii,187316,,
150582233,9ab5dcdb-6ee2-40ea-9cbc-69258abef0e7,2023/03/06 3:26 PM,2023-03-06,2023-03-06 21:26:00 UTC,Central Time (US & Canada),24071,bob777,Bob O'Kennon,2023-03-08 17:04:58 UTC,2023-03-10 20:07:29 UTC,research,CC-BY-NC,https://www.inaturalist.org/observations/150582233,https://inaturalist-open-data.s3.amazonaws.com/photos/259683471/medium.jpeg,,"","",3,0,false,,"Fort Worth, TX, USA",32.736755,-97.3665866667,,,,,,,open,false,,,Amur Carp,Cyprinus rubrofuscus,Amur Carp,Actinopterygii,187316,,
151320495,2d1bc70a-68c1-49f6-9376-9201f7b46c42,2023-03-16 15:00:13-04:00,2023-03-16,2023-03-16 19:00:13 UTC,America/Detroit,5730101,cole232,Cole Sallee,2023-03-16 19:00:50 UTC,2023-07-18 14:18:26 UTC,research,,https://www.inaturalist.org/observations/151320495,https://static.inaturalist.org/photos/261072720/medium.jpg,,"","",3,0,false,3,"Eastern Michigan University, Ypsilanti, MI, US",42.2511117926,-83.6260721096,131,,,,131,,open,false,,,Amur Carp,Cyprinus rubrofuscus,Amur Carp,Actinopterygii,187316,,
151320679,e07563bc-b5b2-4151-9e71-456b13812135,2023-03-16 14:59:46-04:00,2023-03-16,2023-03-16 18:59:46 UTC,America/Detroit,4943856,rstone10,,2023-03-16 19:02:00 UTC,2023-10-07 12:05:23 UTC,research,CC-BY-NC,https://www.inaturalist.org/observations/151320679,https://inaturalist-open-data.s3.amazonaws.com/photos/261072915/medium.jpg,,"","",4,0,false,3,"Eastern Michigan University, Ypsilanti, MI, US",42.2516427655,-83.6255026237,4,,,,4,,open,false,,,Amur Carp,Cyprinus rubrofuscus,Amur Carp,Actinopterygii,187316,,
151400289,e3ff6cf4-56e8-4784-af9f-bb1c47196724,Fri Mar 17 2023 11:46:17 GMT -0500 (GMT-5),2023-03-17,2023-03-17 16:46:17 UTC,Central Time (US & Canada),5507366,dayonnag521,,2023-03-17 16:46:34 UTC,2023-03-17 18:29:44 UTC,research,CC-BY-NC,https://www.inaturalist.org/observations/151400289,https://inaturalist-open-data.s3.amazonaws.com/photos/261224630/medium.jpeg,,"",,2,0,false,333,Coldwater,34.6879768372,-89.9536132813,36,,,,36,,open,false,,,Amur Carp,Cyprinus rubrofuscus,Amur Carp,Actinopterygii,187316,,
151400632,99a17fbb-006d-4852-9753-5f6495bfdabb,Fri Mar 17 2023 11:49:28 GMT -0500 (GMT-5),2023-03-17,2023-03-17 16:49:28 UTC,Central Time (US & Canada),5507366,dayonnag521,,2023-03-17 16:49:37 UTC,2023-03-17 18:29:54 UTC,research,CC-BY-NC,https://www.inaturalist.org/observations/151400632,https://inaturalist-open-data.s3.amazonaws.com/photos/261225120/medium.jpeg,,"",,2,0,false,333,Coldwater,34.6879806519,-89.9536132813,68,,,,68,,open,false,,,Amur Carp,Cyprinus rubrofuscus,Amur Carp,Actinopterygii,187316,,
151505020,bce165c3-0b05-4137-93a4-f5c2e0954fb0,2023-03-18 10:38:43,2023-03-18,2023-03-18 17:38:43 UTC,Pacific Time (US & Canada),6536398,jessica3980,Jessica Krent,2023-03-18 17:40:59 UTC,2023-03-22 13:51:11 UTC,research,,https://www.inaturalist.org/observations/151505020,https://static.inaturalist.org/photos/261421777/medium.jpeg,,"",,2,0,false,2,"Senter & Alma, San Jose, CA 95112, USA",37.3223998,-121.86204777,9,,,,9,,open,false,,,Amur Carp,Cyprinus rubrofuscus,Amur Carp,Actinopterygii,187316,,
151680909,9fc71c48-9bb0-44fd-95e7-ad842e20aa8d,2023-03-19 18:01:21-07:00,2023-03-19,2023-03-20 01:01:21 UTC,Pacific Time (US & Canada),6583536,acortes29,,2023-03-20 01:01:34 UTC,2023-03-22 14:34:22 UTC,research,CC-BY-NC,https://www.inaturalist.org/observations/151680909,https://inaturalist-open-data.s3.amazonaws.com/photos/261749809/medium.jpg,,"","",2,0,false,3,"Mira Loma Ct, Bakersfield, CA, US",35.3648888797,-119.049478174,16,,,,16,,open,false,,,Amur Carp,Cyprinus rubrofuscus,Amur Carp,Actinopterygii,187316,,
152028571,b6fa3584-0804-443e-a576-455772a7623e,2023/03/22 8:59 AM,2023-03-22,2023-03-22 13:59:00 UTC,Central Time (US & Canada),5019962,meganmigues,Megan,2023-03-23 14:06:46 UTC,2023-03-23 17:35:02 UTC,research,CC-BY-NC,https://www.inaturalist.org/observations/152028571,https://inaturalist-open-data.s3.amazonaws.com/photos/262399907/medium.jpg,,"",,5,0,false,,"Martin Park Nature Center, OKC",35.6075225,-97.6096325,193,,,,193,,open,false,,,Amur Carp,Cyprinus rubrofuscus,Amur Carp,Actinopterygii,187316,,
152028580,544ba18f-1ecd-4b27-ac20-c9c14d62979c,2023/03/22 8:59 AM,2023-03-22,2023-03-22 13:59:00 UTC,Central Time (US & Canada),5019962,meganmigues,Megan,2023-03-23 14:06:47 UTC,2023-03-23 17:34:58 UTC,research,CC-BY-NC,https://www.inaturalist.org/observations/152028580,https://inaturalist-open-data.s3.amazonaws.com/photos/262399751/medium.jpg,,"",,4,0,false,,"Martin Park Nature Center, OKC",35.6075225,-97.6096325,193,,,,193,,open,false,,,Amur Carp,Cyprinus rubrofuscus,Amur Carp,Actinopterygii,187316,,
152078436,92e3bb8b-4bcb-47d4-9709-3de60e36834c,2023-03-22 22:07:55,2023-03-22,2023-03-23 02:07:55 UTC,Eastern Time (US & Canada),746781,ethanol_casas,Casas,2023-03-23 22:51:48 UTC,2023-03-24 20:54:41 UTC,research,CC-BY-NC,https://www.inaturalist.org/observations/152078436,https://inaturalist-open-data.s3.amazonaws.com/photos/262486988/medium.jpeg,,"",,1,0,false,2,"Ithaca, NY, USA",42.45904,-76.459878,,,,,,,open,false,gps,gps,Amur Carp,Cyprinus rubrofuscus,Amur Carp,Actinopterygii,187316,,
152103978,0ea3d999-ad8f-4c2f-9e7e-df820cea5536,2023-03-22 19:15:00,2023-03-22,2023-03-22 23:15:00 UTC,America/Detroit,6427740,tenia,"",2023-03-24 04:29:41 UTC,2023-10-07 12:04:55 UTC,research,CC-BY-NC,https://www.inaturalist.org/observations/152103978,https://inaturalist-open-data.s3.amazonaws.com/photos/262536642/medium.jpeg,,"",,4,0,false,2,Eastern Michigan University,42.251612913,-83.6255498976,15,,,,15,,open,false,gps,gps,Amur Carp,Cyprinus rubrofuscus,Amur Carp,Actinopterygii,187316,,
152270559,daec0369-d69e-45eb-b3ea-0fd7119227c6,2023-03-25 14:02:52,2023-03-25,2023-03-25 18:02:52 UTC,Eastern Time (US & Canada),3544028,southernnature,"",2023-03-25 18:09:29 UTC,2023-03-26 01:36:46 UTC,research,CC-BY-NC,https://www.inaturalist.org/observations/152270559,https://inaturalist-open-data.s3.amazonaws.com/photos/262839968/medium.jpeg,,"",,2,0,false,2,"Seven Oaks, SC, USA",34.0856501358,-81.1806506664,8,,,,8,,open,false,gps,gps,Amur Carp,Cyprinus rubrofuscus,Amur Carp,Actinopterygii,187316,,
152284977,09ea4d92-70d4-4109-a0d5-2947fe8c9c37,2023/03/22 1:39 PM,2023-03-22,2023-03-22 18:39:00 UTC,Central Time (US & Canada),24071,bob777,Bob O'Kennon,2023-03-25 20:10:12 UTC,2023-03-25 21:18:53 UTC,research,CC-BY-NC,https://www.inaturalist.org/observations/152284977,https://inaturalist-open-data.s3.amazonaws.com/photos/262866430/medium.jpeg,,"","",1,0,false,,"Fort Worth, TX, USA",32.7347683333,-97.3641616667,,,,,,,open,false,,,Amur Carp,Cyprinus rubrofuscus,Amur Carp,Actinopterygii,187316,,
152320091,d441667d-db86-4781-a55c-de909055ecfa,2023/03/07 9:42 PM,2023-03-07,2023-03-08 02:42:00 UTC,Eastern Time (US & Canada),6593769,johncomfort,,2023-03-26 01:43:38 UTC,2023-05-24 13:56:28 UTC,research,CC-BY-NC,https://www.inaturalist.org/observations/152320091,https://inaturalist-open-data.s3.amazonaws.com/photos/262932479/medium.png,,"",,2,0,false,,"74 King St, St. Augustine, FL 32084, USA",29.8932072,-81.3155866,474,,,,474,,open,false,,,Amur Carp,Cyprinus rubrofuscus,Amur Carp,Actinopterygii,187316,,
152337960,4a661c6a-1d1e-4888-b6d1-c47d84318028,2023-03-24 06:09:23,2023-03-24,2023-03-24 11:09:23 UTC,Central Time (US & Canada),6422455,dakota200,Dakota Underwood,2023-03-26 05:49:10 UTC,2023-03-26 15:31:34 UTC,research,,https://www.inaturalist.org/observations/152337960,https://static.inaturalist.org/photos/262966965/medium.jpeg,,"",,1,0,false,2,"Alabama, US",33.6410949015,-85.8725817529,12343,,,,28930,obscured,open,true,gps,gps,Amur Carp,Cyprinus rubrofuscus,Amur Carp,Actinopterygii,187316,,
152401140,ecebaee1-8a73-45fd-a292-99cbfe786a47,2023/03/24 3:41 PM,2023-03-24,2023-03-24 20:41:00 UTC,Central Time (US & Canada),24071,bob777,Bob O'Kennon,2023-03-26 18:26:36 UTC,2023-03-27 14:12:20 UTC,research,CC-BY-NC,https://www.inaturalist.org/observations/152401140,https://inaturalist-open-data.s3.amazonaws.com/photos/263083473/medium.jpeg,,"","",1,0,false,,"Fort Worth, TX, USA",32.73722,-97.3657066667,,,,,,,open,false,,,Amur Carp,Cyprinus rubrofuscus,Amur Carp,Actinopterygii,187316,,
152616975,7bb0108c-add3-4159-9104-9b12ba6df162,2023/03/26 2:30 PM,2023-03-26,2023-03-26 19:30:00 UTC,Central Time (US & Canada),6052372,emily3085,Emily Charles,2023-03-28 13:30:03 UTC,2023-03-28 14:39:13 UTC,research,CC-BY-NC,https://www.inaturalist.org/observations/152616975,https://inaturalist-open-data.s3.amazonaws.com/photos/263483518/medium.jpeg,,"",,3,0,false,,"Fort Worth, TX, USA",32.7357333333,-97.3664388889,8,,,,8,,open,false,,,Amur Carp,Cyprinus rubrofuscus,Amur Carp,Actinopterygii,187316,,
152836323,79c37e15-fef0-4c21-8eec-846500b88847,2023-02-23 14:16:53-05:00,2023-02-23,2023-02-23 19:16:53 UTC,Eastern Time (US & Canada),6422125,wittenbornm20,,2023-03-30 15:22:51 UTC,2023-03-31 02:41:14 UTC,research,CC-BY-NC,https://www.inaturalist.org/observations/152836323,https://inaturalist-open-data.s3.amazonaws.com/photos/263889596/medium.jpg,,"","",5,0,false,3,"Vidant - Medical Center, Greenville, NC, US",35.6123369911,-77.4033791966,134,,,,134,,open,false,,,Amur Carp,Cyprinus rubrofuscus,Amur Carp,Actinopterygii,187316,,
152856389,1d39e7a8-5353-4155-b106-54ba33374cbe,Thu Mar 30 2023 14:50:36 GMT -0400 (EDT),2023-03-30,2023-03-30 18:50:36 UTC,Eastern Time (US & Canada),6606178,xulex999,,2023-03-30 19:00:48 UTC,2023-03-31 13:05:20 UTC,research,CC-BY-NC,https://www.inaturalist.org/observations/152856389,https://inaturalist-open-data.s3.amazonaws.com/photos/263925446/medium.jpeg,,"",,4,0,false,333,West Palm Beach,26.6851806641,-80.1143798828,9,,,,9,,open,false,,,Amur Carp,Cyprinus rubrofuscus,Amur Carp,Actinopterygii,187316,,
153263234,f9508f2a-6696-49d0-b6d6-8925ae2402b3,2023-04-02 19:30:20-05:00,2023-04-02,2023-04-03 00:30:20 UTC,Central Time (US & Canada),2994190,asdfqwer,Jared Clifton-Lee,2023-04-03 00:32:00 UTC,2023-04-30 20:04:39 UTC,research,CC-BY-NC,https://www.inaturalist.org/observations/153263234,https://inaturalist-open-data.s3.amazonaws.com/photos/264691363/medium.jpg,,"","",1,0,false,3,"Whitfield St, Sugar Land, TX, US",29.5891760052,-95.6415190399,372,,,,372,,open,false,,,Amur Carp,Cyprinus rubrofuscus,Amur Carp,Actinopterygii,187316,,
153375757,94f0b4d2-d922-4b54-b140-e7d8e889557b,2023-04-03 14:24:30-04:00,2023-04-03,2023-04-03 18:24:30 UTC,Eastern Time (US & Canada),6200664,chrisstlawrence,Chris St Lawrence,2023-04-03 21:56:54 UTC,2023-04-18 03:10:11 UTC,research,,https://www.inaturalist.org/observations/153375757,https://static.inaturalist.org/photos/264895876/medium.jpg,,"","",2,0,false,3,"Central Park, New York, NY, US",40.7661116667,-73.9759133333,64,,,,64,,open,false,,,Amur Carp,Cyprinus rubrofuscus,Amur Carp,Actinopterygii,187316,,
153488026,ba66bb5b-bb66-4933-93ba-aabde49f6470,2023/04/04 2:36 PM,2023-04-04,2023-04-04 18:36:00 UTC,Eastern Time (US & Canada),1805291,geosesarma,"",2023-04-04 20:50:25 UTC,2023-04-05 18:18:08 UTC,research,CC-BY,https://www.inaturalist.org/observations/153488026,https://inaturalist-open-data.s3.amazonaws.com/photos/265102151/medium.jpeg,,"",,4,0,false,,"New Brunswick, NJ, USA",40.4828438468,-74.4368315383,4,,,,4,,open,false,,,Amur Carp,Cyprinus rubrofuscus,Amur Carp,Actinopterygii,187316,,
153647374,5d4d027a-5287-4095-afe3-c405e99d1ef8,2023-04-05 20:16:42-04:00,2023-04-05,2023-04-06 00:16:42 UTC,Eastern Time (US & Canada),165767,huyct,Huy Chi Truong,2023-04-06 03:18:27 UTC,2023-04-11 04:03:52 UTC,research,CC-BY-NC,https://www.inaturalist.org/observations/153647374,https://inaturalist-open-data.s3.amazonaws.com/photos/265400154/medium.jpg,,"","",1,0,false,3,"New York, US",42.5898467109,-76.5132364824,45,,,,27630,obscured,open,true,,,Amur Carp,Cyprinus rubrofuscus,Amur Carp,Actinopterygii,187316,,
153730525,7c34064d-b435-4cb9-a558-36a8f4002424,2023/04/06 11:34 AM,2023-04-06,2023-04-06 15:34:00 UTC,Eastern Time (US & Canada),549674,clarkegreen,CAGksq,2023-04-06 20:46:37 UTC,2023-11-27 03:31:09 UTC,research,,https://www.inaturalist.org/observations/153730525,https://static.inaturalist.org/photos/265551631/medium.jpg,,"",,2,0,false,,"Chester County, PA, USA",39.8531983333,-75.709705,,,,,,,open,false,,,Amur Carp,Cyprinus rubrofuscus,Amur Carp,Actinopterygii,187316,,
153755143,c7140467-dda7-4c4e-bf1d-fbc3230f8287,2023-04-06 20:47:23,2023-04-06,2023-04-07 00:47:23 UTC,Indiana (East),2875317,daniel2057,Daniel Riggins,2023-04-07 00:49:27 UTC,2023-04-07 16:02:15 UTC,research,,https://www.inaturalist.org/observations/153755143,https://static.inaturalist.org/photos/265597458/medium.jpeg,,"",,2,0,false,2,"Upper Canal, Indianapolis, IN 46202, USA",39.7809630994,-86.1658941954,13,,,,13,,open,false,gps,gps,Amur Carp,Cyprinus rubrofuscus,Amur Carp,Actinopterygii,187316,,
153765942,778b4392-94f9-4736-a952-b592e8dc897b,2023-03-28 12:45:55-04:00,2023-03-28,2023-03-28 16:45:55 UTC,Eastern Time (US & Canada),6150155,madison607,Madison Elizabeth,2023-04-07 02:44:28 UTC,2023-04-07 16:01:06 UTC,research,,https://www.inaturalist.org/observations/153765942,https://static.inaturalist.org/photos/265619212/medium.jpg,,"","",2,0,false,3,"Museum Rd, Winterthur, DE, US",39.80663,-75.5999666667,4,,,,4,,open,false,,,Amur Carp,Cyprinus rubrofuscus,Amur Carp,Actinopterygii,187316,,
153946081,041725ec-f7fb-42cd-8bed-94e9c073e0d2,2023-04-08 11:14:53-04:00,2023-04-08,2023-04-08 15:14:53 UTC,Eastern Time (US & Canada),1830657,blubrowniz,,2023-04-08 15:15:07 UTC,2023-04-10 15:17:10 UTC,research,CC-BY-NC,https://www.inaturalist.org/observations/153946081,https://inaturalist-open-data.s3.amazonaws.com/photos/265950786/medium.jpg,,"","",2,0,false,3,"Gleneagles Country Club, Delray Beach, FL, US",26.4283446047,-80.1578592118,9,,,,9,,open,false,,,Amur Carp,Cyprinus rubrofuscus,Amur Carp,Actinopterygii,187316,,
154127902,92fa0b36-14fd-4b81-b438-b4f276af5048,Sun Apr 09 2023 13:13:18 GMT -0400 (EDT),2023-04-09,2023-04-09 17:13:18 UTC,Eastern Time (US & Canada),5992642,tttay,,2023-04-09 17:13:41 UTC,2023-04-09 19:54:07 UTC,research,CC-BY-NC,https://www.inaturalist.org/observations/154127902,https://inaturalist-open-data.s3.amazonaws.com/photos/266284340/medium.jpeg,,"",,1,0,false,333,Merrick,40.646484375,-73.563293457,115,,,,115,,open,false,,,Amur Carp,Cyprinus rubrofuscus,Amur Carp,Actinopterygii,187316,,
154323428,eefef1bc-08a4-4ae7-97c4-942bcd5b9e5d,2023-04-10 12:49:43-06:00,2023-04-10,2023-04-10 18:49:43 UTC,Mountain Time (US & Canada),2627158,artylm,Lisa Michot,2023-04-10 20:10:33 UTC,2023-04-11 14:24:32 UTC,research,CC-BY-NC,https://www.inaturalist.org/observations/154323428,https://inaturalist-open-data.s3.amazonaws.com/photos/266640251/medium.jpg,,"","",4,0,false,3,"N Stratford Lakes Dr, Westminster, CO, US",39.9028383333,-105.0339583333,4,,,,4,,open,false,,,Amur Carp,Cyprinus rubrofuscus,Amur Carp,Actinopterygii,187316,,
154325201,adbc5247-e473-4c52-8365-8f8668ac65f7,2023-04-10 16:10:25-04:00,2023-04-10,2023-04-10 20:10:25 UTC,Eastern Time (US & Canada),6337772,mc2489,Mary Castellani,2023-04-10 20:21:28 UTC,2023-04-10 20:33:25 UTC,research,,https://www.inaturalist.org/observations/154325201,https://static.inaturalist.org/photos/266643070/medium.jpg,,"","",2,0,false,3,"Rutgers University, New Brunswick, NJ, US",40.4829666667,-74.436705,6,,,,6,,open,false,,,Amur Carp,Cyprinus rubrofuscus,Amur Carp,Actinopterygii,187316,,
154356795,7f76f3d1-12f7-4049-9fe5-afcc29f20cc1,2023/04/10 5:19 PM,2023-04-10,2023-04-10 21:19:00 UTC,Eastern Time (US & Canada),5647533,kevin_ackerman,Kevin Ackerman,2023-04-11 00:35:11 UTC,2023-04-11 03:18:05 UTC,research,CC-BY-NC,https://www.inaturalist.org/observations/154356795,https://inaturalist-open-data.s3.amazonaws.com/photos/266700195/medium.jpeg,,"",,1,0,false,,"Blue Point, NY, USA",40.7427861109,-73.0386052151,2,,,,2,,open,false,,,Amur Carp,Cyprinus rubrofuscus,Amur Carp,Actinopterygii,187316,,
154379618,ef88865e-ebce-428d-9d16-b67628afc96c,2023/04/10 4:27 PM,2023-04-10,2023-04-10 21:27:00 UTC,Central Time (US & Canada),3270487,tefetro,Woldu Araya,2023-04-11 04:31:11 UTC,2024-03-13 00:56:38 UTC,research,,https://www.inaturalist.org/observations/154379618,https://static.inaturalist.org/photos/266739339/medium.jpeg,,"","",2,0,false,,"Hennepin County, MN, USA",45.0208911,-93.5094574,36182,,,,36182,,open,false,,,Amur Carp,Cyprinus rubrofuscus,Amur Carp,Actinopterygii,187316,,
154421840,316862df-978d-4ada-aba9-9301a2fdf3b8,2023/04/09 3:27 PM,2023-04-09,2023-04-09 19:27:00 UTC,Eastern Time (US & Canada),3385878,cathartic_cathartes,sunny tyson,2023-04-11 14:20:40 UTC,2023-04-11 16:03:56 UTC,research,CC0,https://www.inaturalist.org/observations/154421840,https://inaturalist-open-data.s3.amazonaws.com/photos/266811965/medium.jpeg,,"","",2,0,false,,"North Carolina, US",34.253060654,-77.8201745723,189,,,,28846,obscured,open,true,,,Amur Carp,Cyprinus rubrofuscus,Amur Carp,Actinopterygii,187316,,
154421841,c9c7cec6-fac4-4840-8141-641ec52eb1c0,2023/04/09 3:27 PM,2023-04-09,2023-04-09 19:27:00 UTC,Eastern Time (US & Canada),3385878,cathartic_cathartes,sunny tyson,2023-04-11 14:20:40 UTC,2023-04-11 16:03:55 UTC,research,CC0,https://www.inaturalist.org/observations/154421841,https://inaturalist-open-data.s3.amazonaws.com/photos/266811976/medium.jpeg,,"","",2,0,false,,"North Carolina, US",34.3164129373,-77.9102602184,189,,,,28846,obscured,open,true,,,Amur Carp,Cyprinus rubrofuscus,Amur Carp,Actinopterygii,187316,,
154421850,b44ca8e7-eb48-47e8-8899-86a11a7fc7ad,2023/04/09 3:28 PM,2023-04-09,2023-04-09 19:28:00 UTC,Eastern Time (US & Canada),3385878,cathartic_cathartes,sunny tyson,2023-04-11 14:20:43 UTC,2023-04-11 16:03:54 UTC,research,CC0,https://www.inaturalist.org/observations/154421850,https://inaturalist-open-data.s3.amazonaws.com/photos/266812117/medium.jpeg,,"","",2,0,false,,"North Carolina, US",34.37839278,-77.9951551901,189,,,,28846,obscured,open,true,,,Amur Carp,Cyprinus rubrofuscus,Amur Carp,Actinopterygii,187316,,
154421861,9a46590b-6a1a-49c2-97b9-736572be6e9c,2023/04/09 3:28 PM,2023-04-09,2023-04-09 19:28:00 UTC,Eastern Time (US & Canada),3385878,cathartic_cathartes,sunny tyson,2023-04-11 14:20:45 UTC,2023-04-11 14:48:25 UTC,research,CC0,https://www.inaturalist.org/observations/154421861,https://inaturalist-open-data.s3.amazonaws.com/photos/266812205/medium.jpeg,,"","",1,0,false,,"North Carolina, US",34.3562214452,-77.8286237826,189,,,,28846,obscured,open,true,,,Amur Carp,Cyprinus rubrofuscus,Amur Carp,Actinopterygii,187316,,
154444035,8249ffd8-2030-470c-86d9-bd7f9f551281,Tue Apr 11 2023 12:10:46 GMT -0500 (GMT-5),2023-04-11,2023-04-11 17:10:46 UTC,Central Time (US & Canada),6657566,cynsanders100,,2023-04-11 17:11:04 UTC,2023-04-11 20:15:57 UTC,research,CC-BY-NC,https://www.inaturalist.org/observations/154444035,https://inaturalist-open-data.s3.amazonaws.com/photos/266861799/medium.jpeg,,"",,1,0,false,333,Piney,34.5127296448,-93.1160354614,1500,,,,1500,,open,false,,,Amur Carp,Cyprinus rubrofuscus,Amur Carp,Actinopterygii,187316,,
154463253,579266db-5cff-4bf4-83ed-145dbe785996,2023-04-11 15:34:50-04:00,2023-04-11,2023-04-11 19:34:50 UTC,Eastern Time (US & Canada),6426911,leensawas,,2023-04-11 19:37:16 UTC,2025-04-04 18:33:08 UTC,research,CC-BY-NC,https://www.inaturalist.org/observations/154463253,https://inaturalist-open-data.s3.amazonaws.com/photos/266895582/medium.jpg,,"","",3,0,false,3,"Cox Arboretum Park, Dayton, OH, US",39.6551632584,-84.2248537847,8,,,,8,,open,false,,,Amur Carp,Cyprinus rubrofuscus,Amur Carp,Actinopterygii,187316,,
154644996,9e2a0624-e1fe-4d91-8535-38f63c26f1a6,2023-04-12 13:46:29,2023-04-12,2023-04-12 19:46:29 UTC,Mountain Time (US & Canada),6669448,swamp_monster,,2023-04-13 01:36:59 UTC,2023-04-13 20:18:26 UTC,research,CC-BY-NC,https://www.inaturalist.org/observations/154644996,https://inaturalist-open-data.s3.amazonaws.com/photos/267229755/medium.jpeg,,"",,3,0,false,2,"Evans, CO 80634, USA",40.404219759,-104.7323283926,33,,,,33,,open,false,gps,gps,Amur Carp,Cyprinus rubrofuscus,Amur Carp,Actinopterygii,187316,,
154669106,7e050acb-3a16-43a7-b1f8-7d825e24fcef,2023/04/10 1:30 PM,2023-04-10,2023-04-10 20:30:00 UTC,Pacific Time (US & Canada),3407564,ken_mateik,Ken Mateik,2023-04-13 06:59:11 UTC,2023-04-13 21:15:53 UTC,research,CC-BY-NC,https://www.inaturalist.org/observations/154669106,https://inaturalist-open-data.s3.amazonaws.com/photos/267276357/medium.jpeg,,Photo,El Dorado Hills Village Green Pond; this large Amur Carp probably weighs about 7 or 8 pounds or so. It seems that the Carp may be getting ready to spawn in the warm shallow water along the edges of the Pond. ,3,0,false,,"El Dorado Hills, CA, USA",38.6717693175,-121.0638588448,8,,,,8,,open,false,,,Amur Carp,Cyprinus rubrofuscus,Amur Carp,Actinopterygii,187316,,
154750304,77595659-5332-46e3-af6d-26640559b86c,2023-04-12 17:17:58,2023-04-12,2023-04-12 21:17:58 UTC,Eastern Time (US & Canada),5068428,buggypickles,"",2023-04-13 21:18:48 UTC,2023-10-23 13:20:22 UTC,research,,https://www.inaturalist.org/observations/154750304,https://static.inaturalist.org/photos/267419780/medium.jpeg,,"",,1,0,false,2,"University Circle, Cleveland, OH, USA",41.5056388889,-81.6106416667,,,,,,,open,false,gps,gps,Amur Carp,Cyprinus rubrofuscus,Amur Carp,Actinopterygii,187316,,
154760538,a2b127f6-8690-4203-9903-6f84c45197cc,2023-04-13 17:00:11-04:00,2023-04-13,2023-04-13 21:00:11 UTC,Eastern Time (US & Canada),6482310,someowletmoth221,Jayden Ward,2023-04-13 22:46:22 UTC,2023-04-14 15:18:48 UTC,research,CC-BY-NC,https://www.inaturalist.org/observations/154760538,https://inaturalist-open-data.s3.amazonaws.com/photos/267438592/medium.jpg,,"","I’m not so sure what the black fish is, but the orange one is an Amur carp",2,0,false,3,"Maple Lawn Blvd, Fulton, MD, US",39.1493497158,-76.9031360264,18,,,,18,,open,false,,,Amur Carp,Cyprinus rubrofuscus,Amur Carp,Actinopterygii,187316,,
154861282,9bccac2d-1213-44b1-a9ca-ca6054ec75d7,Thu Apr 13 2023 15:15:45 GMT-0400 (EDT),2023-04-13,2023-04-13 19:15:45 UTC,Eastern Time (US & Canada),4943376,cs1651,,2023-04-14 19:30:29 UTC,2023-04-18 22:43:18 UTC,research,CC-BY-NC,https://www.inaturalist.org/observations/154861282,https://inaturalist-open-data.s3.amazonaws.com/photos/267622126/medium.jpg,,"",Or released goldfish?,1,0,false,3,"Grantham Rd, Mechanicsburg, PA, US",40.1569416667,-76.99945,4,,,,4,,open,false,,,Amur Carp,Cyprinus rubrofuscus,Amur Carp,Actinopterygii,187316,,
154895578,19d90846-a90c-43c4-8df6-7b3d239f5a89,2023/04/14 6:31 PM,2023-04-14,2023-04-14 22:31:00 UTC,Eastern Time (US & Canada),5647533,kevin_ackerman,Kevin Ackerman,2023-04-15 00:04:28 UTC,2023-04-18 03:07:05 UTC,research,CC-BY-NC,https://www.inaturalist.org/observations/154895578,https://inaturalist-open-data.s3.amazonaws.com/photos/267685863/medium.jpeg,,"",,1,0,false,,"Blue Point, NY, USA",40.7427898672,-73.0386071491,2,,,,2,,open,false,,,Amur Carp,Cyprinus rubrofuscus,Amur Carp,Actinopterygii,187316,,
154949562,2e3348f9-2e51-47c3-8324-64b209e1a2e3,2023/04/15 1:10 PM,2023-04-15,2023-04-15 17:10:00 UTC,Eastern Time (US & Canada),742723,dwcliu,,2023-04-15 11:17:36 UTC,2023-04-16 17:16:11 UTC,research,,https://www.inaturalist.org/observations/154949562,https://static.inaturalist.org/photos/267787476/medium.jpg,,"",,1,0,false,,"Tompkins County, NY, USA",42.4589905536,-76.4593549014,31,,,,31,,open,false,,,Amur Carp,Cyprinus rubrofuscus,Amur Carp,Actinopterygii,187316,,
155166972,d40de0bb-a676-46cb-97f0-8e4210643fe3,Sun Apr 16 2023 11:06:07 GMT -0500 (CDT),2023-04-16,2023-04-16 16:06:07 UTC,Central Time (US & Canada),4897953,dgriffith62,,2023-04-16 16:06:14 UTC,2023-04-16 23:52:38 UTC,research,CC-BY-NC,https://www.inaturalist.org/observations/155166972,https://inaturalist-open-data.s3.amazonaws.com/photos/268183171/medium.jpeg,,"",,1,0,false,333,Oklahoma City,35.4654541016,-97.5188827515,4,,,,4,,open,false,,,Amur Carp,Cyprinus rubrofuscus,Amur Carp,Actinopterygii,187316,,
155323084,341e8f81-0f36-4870-994b-93681f7f945f,2023/04/16 3:17 PM,2023-04-16,2023-04-16 19:17:00 UTC,Eastern Time (US & Canada),6535780,westonkaelin,,2023-04-17 14:00:44 UTC,2023-04-17 19:12:37 UTC,research,CC-BY-NC,https://www.inaturalist.org/observations/155323084,https://inaturalist-open-data.s3.amazonaws.com/photos/268475082/medium.jpg,,"",,1,0,false,,"Wolf Trap, VA, USA",38.9357473569,-77.2845516366,8,,,,8,,open,false,,,Amur Carp,Cyprinus rubrofuscus,Amur Carp,Actinopterygii,187316,,
155544348,a0fa9e04-c814-425a-a5ed-319e4bc4bdd7,2020-10-05 14:21:18-05:00,2020-10-05,2020-10-05 19:21:18 UTC,Central Time (US & Canada),6612599,gwynleeall,Gwyneth,2023-04-19 00:07:14 UTC,2023-04-19 13:41:42 UTC,research,CC-BY-NC,https://www.inaturalist.org/observations/155544348,https://inaturalist-open-data.s3.amazonaws.com/photos/268883182/medium.jpg,,"","",3,0,false,3,"University of South Alabama, Mobile, AL, US",30.6931583333,-88.1886133333,7,,,,7,,open,false,,,Amur Carp,Cyprinus rubrofuscus,Amur Carp,Actinopterygii,187316,,
155951774,84db2a2c-e0c2-4781-9b62-cd43d1f4ab13,Fri Apr 21 2023 16:09:07 GMT -0500 (CDT),2023-04-21,2023-04-21 21:09:07 UTC,Central Time (US & Canada),4514142,tavindotson,Tavin Dotson,2023-04-21 21:09:13 UTC,2023-04-22 14:13:51 UTC,research,CC-BY-NC,https://www.inaturalist.org/observations/155951774,https://inaturalist-open-data.s3.amazonaws.com/photos/269620219/medium.jpeg,,"",,2,0,false,333,Amarillo,35.1976928711,-101.9155883789,95,,,,95,,open,false,,,Amur Carp,Cyprinus rubrofuscus,Amur Carp,Actinopterygii,187316,,
156109707,7161abba-2f8a-437c-965f-4513161ffe5f,2023-03-22 15:27:42-05:00,2023-03-22,2023-03-22 20:27:42 UTC,Central Time (US & Canada),6452974,kira_jones,Kira Jones,2023-04-22 19:46:24 UTC,2023-04-23 12:21:40 UTC,research,,https://www.inaturalist.org/observations/156109707,https://static.inaturalist.org/photos/269902671/medium.jpg,,"","",2,0,false,3,"Dallas Arboretum and Botanical Garden, Dallas, TX, US",32.8225974848,-96.7180512372,33,,,,33,,open,false,,,Amur Carp,Cyprinus rubrofuscus,Amur Carp,Actinopterygii,187316,,
156301135,8ab747de-a2a8-426a-bea9-52346611efd4,2023-04-23 16:13:31-04:00,2023-04-23,2023-04-23 20:13:31 UTC,Eastern Time (US & Canada),6677932,shaylinmarinelli,,2023-04-23 20:20:52 UTC,2023-04-27 14:59:11 UTC,research,CC-BY-NC,https://www.inaturalist.org/observations/156301135,https://inaturalist-open-data.s3.amazonaws.com/photos/270255442/medium.jpg,,"","",2,0,false,3,"E Second Ave, Tarentum, PA, US",40.6016966667,-79.7507383333,4,,,,4,,open,false,,,Amur Carp,Cyprinus rubrofuscus,Amur Carp,Actinopterygii,187316,,
156765126,149275a4-a831-4144-a2df-15181fcf8dba,2023/04/08 10:08 AM,2023-04-08,2023-04-08 14:08:00 UTC,Eastern Time (US & Canada),6484961,akm031,,2023-04-26 17:50:54 UTC,2023-04-27 14:38:40 UTC,research,CC-BY-NC,https://www.inaturalist.org/observations/156765126,https://inaturalist-open-data.s3.amazonaws.com/photos/271106516/medium.jpg,,"",,3,0,false,,"Darlington, SC 29532, USA",34.3003526,-79.8757116,4649,,,,4649,,open,false,,,Amur Carp,Cyprinus rubrofuscus,Amur Carp,Actinopterygii,187316,,
156906090,3c82e2c4-8a1b-4239-b1a5-fececae5c883,2023/04/24 5:27 PM,2023-04-24,2023-04-24 21:27:00 UTC,Indiana (East),6668065,jaimecardoza2472,,2023-04-27 16:31:04 UTC,2023-12-31 20:30:25 UTC,research,CC-BY-NC,https://www.inaturalist.org/observations/156906090,https://inaturalist-open-data.s3.amazonaws.com/photos/271357892/medium.jpg,,"","",2,0,false,,"Upper Canal, Indianapolis, IN 46202, USA",39.7816402761,-86.1661792469,50,,,,50,,open,false,,,Amur Carp,Cyprinus rubrofuscus,Amur Carp,Actinopterygii,187316,,
156953776,952da184-67a5-4d65-b5bc-cbf412a5c562,2023-04-27 17:54:41-04:00,2023-04-27,2023-04-27 21:54:41 UTC,Eastern Time (US & Canada),6186374,matthew_chin,Matthew Chin,2023-04-27 21:55:01 UTC,2023-05-14 01:55:14 UTC,research,,https://www.inaturalist.org/observations/156953776,https://static.inaturalist.org/photos/271442382/medium.jpg,,"","",2,0,false,3,"York Rd, Cockeysville, MD, US",39.4901874962,-76.6468844316,9,,,,9,,open,false,,,Amur Carp,Cyprinus rubrofuscus,Amur Carp,Actinopterygii,187316,,
157345848,b6b44f97-386a-4378-bfda-142e3fd671df,2023-04-28 19:07:26-04:00,2023-04-28,2023-04-28 23:07:26 UTC,Eastern Time (US & Canada),4931406,daytonm1111,Mike Dayton,2023-04-28 23:08:33 UTC,2024-09-22 18:03:34 UTC,research,,https://www.inaturalist.org/observations/157345848,https://static.inaturalist.org/photos/272064323/medium.jpg,,"","",1,0,false,3,"Lake Ella Dr, Tallahassee, FL, US",30.4620916667,-84.279075,6,,,,6,,open,false,,,Amur Carp,Cyprinus rubrofuscus,Amur Carp,Actinopterygii,187316,,
157352732,1bff8f7b-fdad-4d65-a95f-0d222c2e3e6c,2023-04-28 18:28:43-05:00,2023-04-28,2023-04-28 23:28:43 UTC,Central Time (US & Canada),4163161,nannie75,,2023-04-28 23:28:46 UTC,2023-12-31 20:28:55 UTC,research,CC-BY-NC,https://www.inaturalist.org/observations/157352732,https://inaturalist-open-data.s3.amazonaws.com/photos/272075516/medium.jpg,,"","",3,0,false,3,"Nicholas Conservatory & Gardens, Rockford, IL, US",42.2824366441,-89.0700321114,4,,,,4,,open,false,,,Amur Carp,Cyprinus rubrofuscus,Amur Carp,Actinopterygii,187316,,
157626409,52403db2-1495-4b51-b116-52168296f4e6,Sat Apr 29 2023 11:00:48 GMT -0400 (EDT),2023-04-29,2023-04-29 15:00:48 UTC,Eastern Time (US & Canada),4814062,aschlarb,Adam Schlarb,2023-04-29 15:38:54 UTC,2025-04-16 12:23:22 UTC,research,,https://www.inaturalist.org/observations/157626409,https://static.inaturalist.org/photos/272510818/medium.jpeg,,"","As of the date of this post, I counted +30 foot long or bigger Carp/Koi fish that have been introduced into the pond. Subsurface Vegetation  is all but eliminated, and many species of reptiles can no longer be found here",1,0,false,333,Copley,41.0966110229,-81.6326522827,81,,,,81,,open,false,,,Amur Carp,Cyprinus rubrofuscus,Amur Carp,Actinopterygii,187316,,
157697905,921542c3-3b4c-4c26-815e-72c79c5d7861,2023/04/29 1:40 PM,2023-04-29,2023-04-29 17:40:00 UTC,Eastern Time (US & Canada),1386139,brandonh1,"",2023-04-29 18:02:14 UTC,2025-04-04 18:33:02 UTC,research,,https://www.inaturalist.org/observations/157697905,https://static.inaturalist.org/photos/272612227/medium.jpg,,"",,3,0,false,,"Montgomery County, OH, USA",39.6543523,-84.2254865607,29,,,,29,,open,false,,,Amur Carp,Cyprinus rubrofuscus,Amur Carp,Actinopterygii,187316,,
158322671,7cbe6470-63d7-4ddc-b129-395d2090f37b,2023-04-28,2023-04-28,,Eastern Time (US & Canada),6810851,natrichards10,,2023-04-30 21:45:37 UTC,2023-05-02 20:56:01 UTC,research,CC-BY-NC,https://www.inaturalist.org/observations/158322671,https://inaturalist-open-data.s3.amazonaws.com/photos/273631091/medium.jpeg,,"",Koi fish!,2,1,false,,"West Philadelphia, Philadelphia, PA, USA",39.9822587464,-75.2168246872,122,,,,122,,open,false,,,Amur Carp,Cyprinus rubrofuscus,Amur Carp,Actinopterygii,187316,,
158753159,8241016b-9d72-4880-b687-0f56d4674c6f,2023-05-01 12:48:49-05:00,2023-05-01,2023-05-01 17:48:49 UTC,Central Time (US & Canada),6112001,oskarskogman,,2023-05-01 17:49:04 UTC,2023-05-03 12:23:12 UTC,research,CC-BY-NC,https://www.inaturalist.org/observations/158753159,https://inaturalist-open-data.s3.amazonaws.com/photos/274323417/medium.jpg,,"","",2,0,false,3,"Sixth St, Bettendorf, IA, US",41.5327954106,-90.524258623,3,,,,3,,open,false,,,Amur Carp,Cyprinus rubrofuscus,Amur Carp,Actinopterygii,187316,,
158963403,487c738b-6efe-4899-a733-f73228490aa5,2023-05-01 13:35:14-06:00,2023-05-01,2023-05-01 19:35:14 UTC,America/Boise,1639619,spiderviking,,2023-05-02 00:38:52 UTC,2023-05-03 11:49:09 UTC,research,CC-BY-NC,https://www.inaturalist.org/observations/158963403,https://inaturalist-open-data.s3.amazonaws.com/photos/274650354/medium.jpg,,"","",2,0,false,3,"N Decatur Dr, Boise, ID, US",43.6505783333,-116.2996533333,40,,,,40,,open,false,,,Amur Carp,Cyprinus rubrofuscus,Amur Carp,Actinopterygii,187316,,
158963497,594e653d-01cf-4d3b-90a2-b17c9213588b,2023-05-01 13:35:22-06:00,2023-05-01,2023-05-01 19:35:22 UTC,America/Boise,1639619,spiderviking,,2023-05-02 00:39:08 UTC,2023-05-03 11:49:13 UTC,research,CC-BY-NC,https://www.inaturalist.org/observations/158963497,https://inaturalist-open-data.s3.amazonaws.com/photos/274650555/medium.jpg,,"","",2,0,false,3,"Hyatt Hidden Lakes Reserve, Boise, ID, US",43.6512083333,-116.298575,8,,,,8,,open,false,,,Amur Carp,Cyprinus rubrofuscus,Amur Carp,Actinopterygii,187316,,
159588038,61a1d63c-ae14-4a0c-af2c-2fd91dd090da,2023/05/03 11:16 PM,2023-05-03,2023-05-04 04:16:00 UTC,Central Time (US & Canada),5019962,meganmigues,Megan,2023-05-04 04:26:32 UTC,2023-10-09 23:18:11 UTC,research,CC-BY-NC,https://www.inaturalist.org/observations/159588038,https://inaturalist-open-data.s3.amazonaws.com/photos/275736286/medium.jpg,,"",,2,0,false,,"Martin Park Nature Center, OKC",35.6075225,-97.6096325,193,,,,193,,open,false,,,Amur Carp,Cyprinus rubrofuscus,Amur Carp,Actinopterygii,187316,,
160449024,64945763-49a2-4dde-9fe7-3a9ba19a8714,2023-04-27 12:28:07-05:00,2023-04-27,2023-04-27 17:28:07 UTC,Central Time (US & Canada),6851709,bvgm,,2023-05-07 23:37:04 UTC,2023-05-08 11:48:49 UTC,research,CC-BY-NC,https://www.inaturalist.org/observations/160449024,https://inaturalist-open-data.s3.amazonaws.com/photos/277255569/medium.jpg,,"","",2,0,false,3,"Oak Island Dr, Tomball, TX, US",30.0075027833,-95.5998083333,4,,,,4,,open,false,,,Amur Carp,Cyprinus rubrofuscus,Amur Carp,Actinopterygii,187316,,
160462167,325e60f2-9825-4b56-abf6-b154be6cfd79,2023-05-07 13:08:55,2023-05-07,2023-05-07 20:08:55 UTC,Pacific Time (US & Canada),1458483,jayparoline,Jay Paroline,2023-05-08 00:45:23 UTC,2023-10-09 23:17:43 UTC,research,CC-BY,https://www.inaturalist.org/observations/160462167,https://inaturalist-open-data.s3.amazonaws.com/photos/279165008/medium.jpeg,,"",,2,0,false,2,"Golden Gate Park, San Francisco, CA, USA",37.7710111111,-122.5017333333,,,,,,,open,false,gps,gps,Amur Carp,Cyprinus rubrofuscus,Amur Carp,Actinopterygii,187316,,
160469011,07a8a6e5-e7d8-45ca-af50-ddeb53350c4a,2023-04-28 12:08:51,2023-04-28,2023-04-28 16:08:51 UTC,Eastern Time (US & Canada),2506003,mradik,Melanie,2023-05-08 01:25:34 UTC,2023-05-08 02:16:19 UTC,research,CC-BY-NC,https://www.inaturalist.org/observations/160469011,https://inaturalist-open-data.s3.amazonaws.com/photos/277292024/medium.jpeg,,"",Probably from an introduced pet - not sure how many generations ago.,1,0,false,2,"Integrative Learning Center, Amherst, MA 01002, USA",42.3904399722,-72.526008,,,,,,,open,false,gps,gps,Amur Carp,Cyprinus rubrofuscus,Amur Carp,Actinopterygii,187316,,
160616403,6d8cff36-227b-41cb-b35a-83c5ea855893,2023-05-08 11:52:58-06:00,2023-05-08,2023-05-08 17:52:58 UTC,Mountain Time (US & Canada),4713552,happylori88,Lori Huntsman,2023-05-08 19:32:47 UTC,2023-05-09 13:26:46 UTC,research,,https://www.inaturalist.org/observations/160616403,https://static.inaturalist.org/photos/277557510/medium.jpg,,"","",2,0,false,3,"Oquirrh Lake Loop Trail, South Jordan, UT, US",40.5498583333,-112.0035083333,4,,,,4,,open,false,,,Amur Carp,Cyprinus rubrofuscus,Amur Carp,Actinopterygii,187316,,
160665324,4315f40a-63ca-4573-b77b-7fb3fe698d6c,2023-05-05 15:13:00-04:00,2023-05-05,2023-05-05 19:13:00 UTC,Eastern Time (US & Canada),6471114,minimphan,,2023-05-09 01:04:16 UTC,2023-05-09 13:13:21 UTC,research,CC-BY-NC,https://www.inaturalist.org/observations/160665324,https://inaturalist-open-data.s3.amazonaws.com/photos/277648456/medium.jpg,,"","",2,0,false,3,"Veterans Memorial Park, Newton, MA, US",42.3548149248,-71.1946627124,1905,,,,1905,,open,false,,,Amur Carp,Cyprinus rubrofuscus,Amur Carp,Actinopterygii,187316,,
160677860,d93b5499-5f8f-47c7-b9a2-c181d73d8841,2023-05-08 22:41:41-04:00,2023-05-08,2023-05-09 02:41:41 UTC,Eastern Time (US & Canada),6244681,leahp0802,,2023-05-09 02:44:41 UTC,2023-10-09 23:17:29 UTC,research,CC-BY-NC,https://www.inaturalist.org/observations/160677860,https://inaturalist-open-data.s3.amazonaws.com/photos/277672610/medium.jpg,,"","",2,0,false,3,"Broad Sound, Revere, MA, US",42.4420177835,-70.9597251107,363,,,,363,,open,false,,,Amur Carp,Cyprinus rubrofuscus,Amur Carp,Actinopterygii,187316,,
160923384,9fca05f4-6222-4249-9a57-92bec8b8dc2f,2023-05-10 11:53:04,2023-05-10,2023-05-10 15:53:04 UTC,Eastern Time (US & Canada),2137623,cw10,C W,2023-05-10 15:56:28 UTC,2023-06-27 22:43:16 UTC,research,"",https://www.inaturalist.org/observations/160923384,https://static.inaturalist.org/photos/278116521/medium.jpeg,,"",,1,0,false,2,"Jefferson Manor, VA 22303, USA",38.808477416,-77.1148683876,6,,,,6,,open,false,,,Amur Carp,Cyprinus rubrofuscus,Amur Carp,Actinopterygii,187316,,
161075773,13c07d7f-0a5d-4cfb-8394-9097cac440e8,2023/04/14 5:37 PM,2023-04-14,2023-04-14 21:37:00 UTC,Eastern Time (US & Canada),2595012,bcur155,"",2023-05-11 14:19:02 UTC,2023-12-31 18:04:30 UTC,research,CC-BY-NC,https://www.inaturalist.org/observations/161075773,https://inaturalist-open-data.s3.amazonaws.com/photos/278393421/medium.jpeg,,"",,2,0,false,,"Lancaster County, PA, USA",40.0575055556,-76.343125,4,,,,4,,open,false,,,Amur Carp,Cyprinus rubrofuscus,Amur Carp,Actinopterygii,187316,,
161110724,3e81ba13-daed-4ef2-935c-3e777443210e,2023/05/10 1:09 PM,2023-05-10,2023-05-10 17:09:00 UTC,Eastern Time (US & Canada),549674,clarkegreen,CAGksq,2023-05-11 18:19:10 UTC,2023-05-12 12:58:18 UTC,research,,https://www.inaturalist.org/observations/161110724,https://static.inaturalist.org/photos/278453475/medium.jpg,,"",,2,0,false,,"Chester County, PA, USA",39.85295,-75.71027,,,,,,,open,false,,,Amur Carp,Cyprinus rubrofuscus,Amur Carp,Actinopterygii,187316,,
161291226,d982e97d-26a9-4e11-a268-54ea972f893a,2023-05-10 15:01:10-04:00,2023-05-10,2023-05-10 19:01:10 UTC,Eastern Time (US & Canada),6476729,achong123,,2023-05-12 20:38:19 UTC,2023-05-12 22:45:36 UTC,research,CC-BY-NC,https://www.inaturalist.org/observations/161291226,https://inaturalist-open-data.s3.amazonaws.com/photos/278778955/medium.jpg,,"","",2,1,false,3,"William & Mary, Williamsburg, VA, US",37.2696456671,-76.7143647569,41,,,,41,,open,false,,,Amur Carp,Cyprinus rubrofuscus,Amur Carp,Actinopterygii,187316,,
161300913,0b25b916-5e21-4d59-8c15-905c68d70036,2023-05-12 14:14:18-07:00,2023-05-12,2023-05-12 21:14:18 UTC,Pacific Time (US & Canada),6847516,braydenk,,2023-05-12 21:41:45 UTC,2023-05-13 14:47:53 UTC,research,CC-BY-NC,https://www.inaturalist.org/observations/161300913,https://inaturalist-open-data.s3.amazonaws.com/photos/278796433/medium.jpg,,"","",3,0,false,3,"W Arrow Hwy, Upland, CA, US",34.0990528333,-117.6715466667,40,,,,40,,open,false,,,Amur Carp,Cyprinus rubrofuscus,Amur Carp,Actinopterygii,187316,,
161652036,116cdd60-5729-4211-95a5-1d170ca4db64,2023/05/14 11:20 AM,2023-05-14,2023-05-14 17:20:00 UTC,Mountain Time (US & Canada),1956773,jgbirds,Jordan🌻,2023-05-14 18:26:50 UTC,2023-08-03 06:10:20 UTC,research,CC-BY-NC,https://www.inaturalist.org/observations/161652036,https://inaturalist-open-data.s3.amazonaws.com/photos/279428314/medium.jpg,,"","",2,0,false,,"Belmar Park, Lakewood, CO, USA",39.705801,-105.086601,5,,,,5,,open,false,,,Amur Carp,Cyprinus rubrofuscus,Amur Carp,Actinopterygii,187316,,
161664110,472edc2b-c428-46f2-a512-c2f6f2a7ebde,Sun May 14 2023 12:18:58 GMT -0700 (PDT),2023-05-14,2023-05-14 19:18:58 UTC,Pacific Time (US & Canada),6670167,justarandomsapphic,justarandomsapphic,2023-05-14 19:27:11 UTC,2023-05-15 17:24:25 UTC,research,,https://www.inaturalist.org/observations/161664110,https://static.inaturalist.org/photos/279451207/medium.jpeg,,"",,2,0,false,333,Saratoga,37.2523498535,-122.0415115356,45,,,,45,,open,false,,,Amur Carp,Cyprinus rubrofuscus,Amur Carp,Actinopterygii,187316,,
161689965,c4fde22d-89d4-4c36-83ee-6de7cc739fa0,2023-05-14 17:28:44-04:00,2023-05-14,2023-05-14 21:28:44 UTC,Eastern Time (US & Canada),6732928,natureiscalming,,2023-05-14 21:35:33 UTC,2023-07-23 01:27:19 UTC,research,CC-BY-NC,https://www.inaturalist.org/observations/161689965,https://inaturalist-open-data.s3.amazonaws.com/photos/279589070/medium.jpg,,"","",1,0,false,3,"Virginia, US",38.858882631,-77.2143063688,16,,,,28181,obscured,open,true,,,Amur Carp,Cyprinus rubrofuscus,Amur Carp,Actinopterygii,187316,,
161890703,e6fb76ac-1b9d-43cf-b4c3-a6d13761a79d,2023-05-04 14:44:16-10:00,2023-05-04,2023-05-05 00:44:16 UTC,Hawaii,2571501,chalon9,Chalon Boesel,2023-05-15 23:32:27 UTC,2024-05-26 17:12:42 UTC,research,CC-BY-NC,https://www.inaturalist.org/observations/161890703,https://inaturalist-open-data.s3.amazonaws.com/photos/279865193/medium.jpg,,"","",1,0,false,3,"Kauaʻi, Lihue, HI, US",21.9606133333,-159.35237,,,,,,,open,false,,,Amur Carp,Cyprinus rubrofuscus,Amur Carp,Actinopterygii,187316,,
162786536,3fe062a1-42fc-4086-a2b0-49f44045a7f4,2023-05-20 19:17:53,2023-05-20,2023-05-20 23:17:53 UTC,Eastern Time (US & Canada),5108810,fishbruh,Drew,2023-05-21 00:45:22 UTC,2023-05-21 20:56:15 UTC,research,CC-BY-NC,https://www.inaturalist.org/observations/162786536,https://inaturalist-open-data.s3.amazonaws.com/photos/281500334/medium.jpeg,,"",Lateral scale count and dorsal fin ray count confirm this as a Koi,4,0,false,2,"New Jersey, US",39.8639844644,-74.8259866497,,,,,28030,obscured,open,true,,,Amur Carp,Cyprinus rubrofuscus,Amur Carp,Actinopterygii,187316,,
162853166,9d90a106-79ae-4a4d-ab0c-021fc2c19bde,2023-05-21 06:45:20-04:00,2023-05-21,2023-05-21 10:45:20 UTC,Eastern Time (US & Canada),6186374,matthew_chin,Matthew Chin,2023-05-21 10:47:46 UTC,2023-05-22 20:10:46 UTC,research,,https://www.inaturalist.org/observations/162853166,https://static.inaturalist.org/photos/281621633/medium.jpg,,"","",3,0,false,3,"Prettyboy Reservoir, Parkton, MD, US",39.6519128349,-76.7421552663,589,,,,589,,open,false,,,Amur Carp,Cyprinus rubrofuscus,Amur Carp,Actinopterygii,187316,,
162856417,898c9240-a61f-483c-b1da-23907fcec7c9,2023-05-21 07:12:49-04:00,2023-05-21,2023-05-21 11:12:49 UTC,Eastern Time (US & Canada),6186374,matthew_chin,Matthew Chin,2023-05-21 11:13:36 UTC,2023-06-06 13:02:36 UTC,research,,https://www.inaturalist.org/observations/162856417,https://static.inaturalist.org/photos/281627184/medium.jpg,,"","",1,0,false,3,"Prettyboy Reservoir Park, Parkton, MD, US",39.6519400297,-76.7421295187,206,,,,206,,open,false,,,Amur Carp,Cyprinus rubrofuscus,Amur Carp,Actinopterygii,187316,,
162963778,b4612f68-dae3-4f65-9e4c-5a4459b98fde,2023/05/21 12:20 PM,2023-05-21,2023-05-21 17:20:00 UTC,Central Time (US & Canada),24071,bob777,Bob O'Kennon,2023-05-21 19:34:39 UTC,2024-12-25 00:46:17 UTC,research,CC-BY-NC,https://www.inaturalist.org/observations/162963778,https://inaturalist-open-data.s3.amazonaws.com/photos/281814090/medium.jpeg,,"","",2,0,false,,"Fort Worth, TX, USA",32.7367233333,-97.3660016667,,,,,,,open,false,,,Amur Carp,Cyprinus rubrofuscus,Amur Carp,Actinopterygii,187316,,
163168100,e9747cdd-8553-4116-99dd-550192019868,2023-05-19 15:43:42-05:00,2023-05-19,2023-05-19 20:43:42 UTC,Central Time (US & Canada),4326790,coopersmom,Susan K,2023-05-22 18:34:32 UTC,2023-05-23 01:11:01 UTC,research,CC-BY-NC,https://www.inaturalist.org/observations/163168100,https://inaturalist-open-data.s3.amazonaws.com/photos/282184383/medium.jpg,,"","",2,0,false,3,"East Rockford, Rockford, IL, US",42.2901583333,-89.0586166667,4,,,,4,,open,false,,,Amur Carp,Cyprinus rubrofuscus,Amur Carp,Actinopterygii,187316,,
163187652,08e5e087-3aa5-4952-93d2-2c6e37bb027b,2023/05/22 3:21 PM,2023-05-22,2023-05-22 19:21:00 UTC,Eastern Time (US & Canada),1871474,dhochadel,David Hochadel,2023-05-22 20:21:05 UTC,2023-05-23 12:54:36 UTC,research,CC-BY-NC,https://www.inaturalist.org/observations/163187652,https://inaturalist-open-data.s3.amazonaws.com/photos/282219117/medium.jpeg,,"",,3,0,false,,"Medina County, OH, USA",41.2040583507,-81.7257290826,15,,,,15,,open,false,,,Amur Carp,Cyprinus rubrofuscus,Amur Carp,Actinopterygii,187316,,
163507391,a7080cee-3902-4885-be76-2be927d28b17,2023-05-22 18:04:36,2023-05-22,2023-05-22 22:04:36 UTC,Eastern Time (US & Canada),6891546,melody245,Melody Baez,2023-05-24 16:45:29 UTC,2023-11-08 00:48:08 UTC,research,,https://www.inaturalist.org/observations/163507391,https://static.inaturalist.org/photos/282805417/medium.jpeg,,"",,2,0,false,2,"Allentown, PA, USA",40.5924837,-75.5146697997,,,,,,,open,false,gps,gps,Amur Carp,Cyprinus rubrofuscus,Amur Carp,Actinopterygii,187316,,
163516432,698fbfad-f89b-42af-bb0c-89ac3b6c2f5f,2023-05-24 12:03:08,2023-05-24,2023-05-24 17:03:08 UTC,Central Time (US & Canada),2080330,stonehorton,"",2023-05-24 17:43:20 UTC,2023-11-08 00:48:13 UTC,research,,https://www.inaturalist.org/observations/163516432,https://inaturalist-open-data.s3.amazonaws.com/photos/282821631/medium.jpeg,,"",,2,0,false,2,"Wichita, KS 67209, USA",37.6469527778,-97.4516055556,,,,,,,open,false,gps,gps,Amur Carp,Cyprinus rubrofuscus,Amur Carp,Actinopterygii,187316,,
164310811,d57f80f8-ac84-4f2b-9c03-efe9cd810b67,2023/05/28 1:26 PM,2023-05-28,2023-05-28 18:26:00 UTC,Central Time (US & Canada),2941704,carrie287,Carrie,2023-05-28 22:38:05 UTC,2023-05-29 15:43:35 UTC,research,,https://www.inaturalist.org/observations/164310811,https://static.inaturalist.org/photos/284279188/medium.jpeg,,"",,2,0,false,,"3400 NW 36th St, Oklahoma City, OK 73112, USA",35.5069202,-97.5772239,204,,,,204,,open,false,,,Amur Carp,Cyprinus rubrofuscus,Amur Carp,Actinopterygii,187316,,
164436232,50d6a268-83ec-4306-abc2-268c7aaf4e4f,2023-05-29 10:01:27-04:00,2023-05-29,2023-05-29 14:01:27 UTC,Eastern Time (US & Canada),6701671,carnegiecoop,William Abney,2023-05-29 15:28:19 UTC,2023-06-02 12:43:06 UTC,research,CC-BY-NC,https://www.inaturalist.org/observations/164436232,https://inaturalist-open-data.s3.amazonaws.com/photos/284512525/medium.jpg,,"","",1,0,false,3,"Pennypacker Park, Haddonfield, NJ, US",39.90568,-75.0271,4,,,,4,,open,false,,,Amur Carp,Cyprinus rubrofuscus,Amur Carp,Actinopterygii,187316,,
164997010,3f5bbfa7-4c5b-4e39-8351-4da3a15fc1be,2023-06-01 12:15:22-04:00,2023-06-01,2023-06-01 16:15:22 UTC,Eastern Time (US & Canada),6966214,phylicia02,,2023-06-01 16:26:05 UTC,2023-06-01 19:11:01 UTC,research,CC-BY-NC,https://www.inaturalist.org/observations/164997010,https://inaturalist-open-data.s3.amazonaws.com/photos/285553623/medium.jpg,,"","",1,0,false,3,"Wells Japaneses Garden, Newberry, SC, US",34.2782466667,-81.6193866667,4,,,,4,,open,false,,,Amur Carp,Cyprinus rubrofuscus,Amur Carp,Actinopterygii,187316,,
165314186,30837a77-7782-41f9-8182-e1ea18bfe866,2023-06-03 09:48:56-05:00,2023-06-03,2023-06-03 14:48:56 UTC,Central Time (US & Canada),334113,irmela,Irmela Levin,2023-06-03 14:53:43 UTC,2025-01-25 23:13:00 UTC,research,CC-BY-NC,https://www.inaturalist.org/observations/165314186,https://inaturalist-open-data.s3.amazonaws.com/photos/286149982/medium.jpg,,"","",2,0,false,3,"Lincoln Park Zoo, Chicago, IL, US",41.9171873141,-87.6329237808,4,,,,4,,open,false,,,Amur Carp,Cyprinus rubrofuscus,Amur Carp,Actinopterygii,187316,,
165488709,427c4489-bc57-4635-90d8-1b16a2745ab7,2023-06-03 14:50:14-04:00,2023-06-03,2023-06-03 18:50:14 UTC,Eastern Time (US & Canada),5612960,girwin2013,,2023-06-04 12:24:36 UTC,2023-12-10 15:35:35 UTC,research,CC-BY-NC,https://www.inaturalist.org/observations/165488709,https://inaturalist-open-data.s3.amazonaws.com/photos/286471163/medium.jpg,,"","",1,0,false,3,"Bloomsburg Town Park, Bloomsburg, PA, US",40.992205,-76.44645,4,,,,4,,open,false,,,Amur Carp,Cyprinus rubrofuscus,Amur Carp,Actinopterygii,187316,,
165534924,4d69426e-05e4-49d0-9f0d-e6aeab797a32,2023-06-02 17:25:36,2023-06-02,2023-06-02 21:25:36 UTC,Eastern Time (US & Canada),2256124,dendrol,"",2023-06-04 16:25:57 UTC,2023-06-04 16:32:53 UTC,research,CC-BY-NC,https://www.inaturalist.org/observations/165534924,https://inaturalist-open-data.s3.amazonaws.com/photos/286551220/medium.jpeg,,"",,2,0,false,2,Essex County,40.7946476112,-74.2648828402,18026,,,,18026,,open,false,,,Amur Carp,Cyprinus rubrofuscus,Amur Carp,Actinopterygii,187316,,
165551703,6af377ff-0d60-48a9-86c1-a5c87d9fab15,2023/06/04 6:55 AM,2023-06-04,2023-06-04 10:55:00 UTC,Eastern Time (US & Canada),11792,kylejones,Kyle Jones,2023-06-04 17:42:08 UTC,2024-12-05 21:33:48 UTC,research,CC-BY-NC,https://www.inaturalist.org/observations/165551703,https://inaturalist-open-data.s3.amazonaws.com/photos/286658323/medium.jpeg,,"",,2,0,false,,"Wilder, Hartford, VT, USA",43.6696850311,-72.3049418083,65,,,,65,,open,false,,,Amur Carp,Cyprinus rubrofuscus,Amur Carp,Actinopterygii,187316,,
165673148,d4e05d21-8bca-4ec2-ba5e-21ff314cb374,2023-06-03 16:57:30,2023-06-03,2023-06-03 20:57:30 UTC,Eastern Time (US & Canada),4155292,jennypro,Jenny,2023-06-05 06:26:36 UTC,2023-06-05 06:52:22 UTC,research,CC-BY-NC,https://www.inaturalist.org/observations/165673148,https://inaturalist-open-data.s3.amazonaws.com/photos/286812805/medium.jpeg,,"",,1,0,false,2,"Mercerville-Hamilton Square, Hamilton Township, NJ, USA",40.2373982,-74.7158818997,,,,,,,open,false,gps,gps,Amur Carp,Cyprinus rubrofuscus,Amur Carp,Actinopterygii,187316,,
166163377,277ac905-0be2-4a87-862d-1f5292ef806d,2023-05-28 11:38:00-04:00,2023-05-28,2023-05-28 15:38:00 UTC,Eastern Time (US & Canada),6087121,will15z,,2023-06-08 00:29:58 UTC,2023-06-08 13:40:45 UTC,research,CC-BY-NC,https://www.inaturalist.org/observations/166163377,https://inaturalist-open-data.s3.amazonaws.com/photos/287717022/medium.jpg,,"","",2,0,false,3,"Penn Park, Philadelphia, PA, US",39.9497570221,-75.1873390464,1414,,,,1414,,open,false,,,Amur Carp,Cyprinus rubrofuscus,Amur Carp,Actinopterygii,187316,,
166260019,2d3c5c56-eff4-49e2-9b00-ecd09e2fa406,Thu Jun 08 2023 12:01:42 GMT -0400 (EDT),2023-06-08,2023-06-08 17:01:42 UTC,Central Time (US & Canada),7004321,jjwbragg,,2023-06-08 16:02:00 UTC,2023-11-06 23:45:05 UTC,research,CC-BY-NC,https://www.inaturalist.org/observations/166260019,https://inaturalist-open-data.s3.amazonaws.com/photos/287909305/medium.jpeg,,"",,2,0,false,333,"Garland County, US-AR, US",34.4337768555,-93.0470199585,4,,,,4,,open,false,,,Amur Carp,Cyprinus rubrofuscus,Amur Carp,Actinopterygii,187316,,
166335499,8f9592cd-a81b-4653-8c56-6f2ab5ef519b,2023-06-08 20:15:57-04:00,2023-06-08,2023-06-09 00:15:57 UTC,Central Time (US & Canada),2706756,kendalmerrill,Kendal Merrill,2023-06-09 00:16:11 UTC,2023-09-27 14:42:26 UTC,research,,https://www.inaturalist.org/observations/166335499,https://static.inaturalist.org/photos/288033454/medium.jpg,,"","",2,0,false,3,"Tims Ford Lake, Winchester, TN, US",35.1944728647,-86.1312107201,19,,,,19,,open,false,,,Amur Carp,Cyprinus rubrofuscus,Amur Carp,Actinopterygii,187316,,
167210081,1189f5b3-b7bf-4262-a5c4-b3f481dfd503,2023-06-13 12:10:50-04:00,2023-06-13,2023-06-13 16:10:50 UTC,Eastern Time (US & Canada),6647484,dberenty22,,2023-06-13 16:11:34 UTC,2023-12-27 18:07:41 UTC,research,CC-BY-NC,https://www.inaturalist.org/observations/167210081,https://inaturalist-open-data.s3.amazonaws.com/photos/289635808/medium.jpg,,"","",2,0,false,3,"Delaware River, Upper Black Eddy, PA, US",40.5261166667,-75.0667195,4,,,,4,,open,false,,,Amur Carp,Cyprinus rubrofuscus,Amur Carp,Actinopterygii,187316,,
167425175,a959ca4d-303e-4d04-b5b0-ef7ba6a21cff,Wed Jun 14 2023 13:51:28 GMT -0700 (PDT),2023-06-14,2023-06-14 20:51:28 UTC,Pacific Time (US & Canada),5780753,infinitespirals,,2023-06-14 20:51:34 UTC,2023-06-14 22:52:18 UTC,research,,https://www.inaturalist.org/observations/167425175,https://static.inaturalist.org/photos/290032414/medium.jpeg,,"",,1,0,false,333,Santa Rosa,38.435760498,-122.7116317749,3,,,,3,,open,false,,,Amur Carp,Cyprinus rubrofuscus,Amur Carp,Actinopterygii,187316,,
167623875,c0f9a34f-be2f-490e-8071-76d3ce657648,Thu Jun 15 2023 20:41:43 GMT-0400 (EDT),2023-06-15,2023-06-16 00:41:43 UTC,Eastern Time (US & Canada),739372,steveg2,Steve G,2023-06-16 00:44:10 UTC,2024-02-29 23:10:59 UTC,research,,https://www.inaturalist.org/observations/167623875,https://static.inaturalist.org/photos/290398539/medium.jpg,,"",,1,0,false,3,"Lakeside Dr, Larchmont, NY, US",40.9434828445,-73.7519922067,22,,,,22,,open,false,,,Amur Carp,Cyprinus rubrofuscus,Amur Carp,Actinopterygii,187316,,
167988462,def1455b-2fad-4230-b57a-06c385f38eba,2023-06-17 19:43:22-04:00,2023-06-17,2023-06-17 23:43:22 UTC,Eastern Time (US & Canada),3064171,fernsibley,Fern Wexler,2023-06-17 23:53:56 UTC,2023-06-27 15:15:41 UTC,research,CC-BY-NC,https://www.inaturalist.org/observations/167988462,https://inaturalist-open-data.s3.amazonaws.com/photos/291074317/medium.jpg,,"","",1,0,false,3,"Rio, Gaithersburg, MD, US",39.1162333333,-77.1970833333,4,,,,4,,open,false,,,Amur Carp,Cyprinus rubrofuscus,Amur Carp,Actinopterygii,187316,,
167988528,91469fc3-ca9d-4287-8fe6-ac77fb1d877a,2023-06-17 19:47:18-04:00,2023-06-17,2023-06-17 23:47:18 UTC,Eastern Time (US & Canada),3064171,fernsibley,Fern Wexler,2023-06-17 23:54:16 UTC,2023-10-28 15:51:34 UTC,research,CC-BY-NC,https://www.inaturalist.org/observations/167988528,https://inaturalist-open-data.s3.amazonaws.com/photos/291074408/medium.jpg,,"","",2,0,false,3,"Rio, Gaithersburg, MD, US",39.1154361667,-77.1967383333,4,,,,4,,open,false,,,Amur Carp,Cyprinus rubrofuscus,Amur Carp,Actinopterygii,187316,,
168096397,4662f066-00ba-47ba-9a54-7572aa36db33,2023/06/17 9:09 AM,2023-06-17,2023-06-17 13:09:00 UTC,Eastern Time (US & Canada),3772234,dezclar,Frankie,2023-06-18 15:03:56 UTC,2024-09-06 03:24:58 UTC,research,CC-BY-NC,https://www.inaturalist.org/observations/168096397,https://inaturalist-open-data.s3.amazonaws.com/photos/291262606/medium.jpg,,"",easily 2 feet long,2,0,false,,"Groesbeck, OH, USA",39.2332036654,-84.5926316198,5,,,,5,,open,false,,,Amur Carp,Cyprinus rubrofuscus,Amur Carp,Actinopterygii,187316,,
168733916,482671f6-4e6d-4488-8a47-184794919eab,2023-06-18 15:13:20-04:00,2023-06-18,2023-06-18 19:13:20 UTC,Eastern Time (US & Canada),6986989,mukesh_sinhak517,,2023-06-21 22:29:42 UTC,2023-06-22 02:31:06 UTC,research,CC-BY-NC,https://www.inaturalist.org/observations/168733916,https://inaturalist-open-data.s3.amazonaws.com/photos/292461653/medium.jpg,,"","",2,0,false,3,"Shofuso, Philadelphia, PA, US",39.981395,-75.21267,4,,,,4,,open,false,,,Amur Carp,Cyprinus rubrofuscus,Amur Carp,Actinopterygii,187316,,
168933787,6b3b7c1a-333c-4455-ac2f-1c5cd32e83bb,2023-04-17 11:56:25-04:00,2023-04-17,2023-04-17 15:56:25 UTC,Eastern Time (US & Canada),6023475,brenden324,Brenden Ramiz,2023-06-23 02:32:32 UTC,2023-06-23 10:14:32 UTC,research,,https://www.inaturalist.org/observations/168933787,https://static.inaturalist.org/photos/292831397/medium.jpg,,"","",1,0,false,3,"Walden Lakes Park, Pembroke Pines, FL, US",26.006200847,-80.4209388614,118,,,,118,,open,false,,,Amur Carp,Cyprinus rubrofuscus,Amur Carp,Actinopterygii,187316,,
169013754,3882456c-8fc7-4783-8bb9-c7fb26f4923c,Fri Jun 23 2023 11:55:30 GMT -0400 (EDT),2023-06-23,2023-06-23 15:55:30 UTC,Eastern Time (US & Canada),4035814,slundstrom,,2023-06-23 15:55:36 UTC,2023-06-23 16:22:24 UTC,research,CC-BY-NC,https://www.inaturalist.org/observations/169013754,https://inaturalist-open-data.s3.amazonaws.com/photos/292980697/medium.jpeg,,"",,1,0,false,333,Lake Wales,27.9354705811,-81.5776748657,4,,,,4,,open,false,,,Amur Carp,Cyprinus rubrofuscus,Amur Carp,Actinopterygii,187316,,
169353730,8da31cfd-f37e-49ef-81f7-5f23a7d4acc0,Sun Jun 11 2023 14:39:24 GMT -0400 (EDT),2023-06-11,2023-06-11 19:39:24 UTC,Central Time (US & Canada),3670608,eckstein81,,2023-06-25 10:41:03 UTC,2023-11-06 23:44:07 UTC,research,CC-BY-NC,https://www.inaturalist.org/observations/169353730,https://inaturalist-open-data.s3.amazonaws.com/photos/293600712/medium.jpeg,,"",,2,0,false,333,Birmingham,33.4919319153,-86.7769393921,42,,,,42,,open,false,,,Amur Carp,Cyprinus rubrofuscus,Amur Carp,Actinopterygii,187316,,
169435009,78f49b1b-3689-40ca-bacf-6731adc6aec8,2023/06/05 4:24 PM,2023-06-05,2023-06-05 20:24:00 UTC,Eastern Time (US & Canada),226406,sebpardo,Sebastián Pardo,2023-06-25 18:43:12 UTC,2023-06-25 19:17:17 UTC,research,CC-BY-NC,https://www.inaturalist.org/observations/169435009,https://inaturalist-open-data.s3.amazonaws.com/photos/293746268/medium.jpg,,"",,1,0,false,,"Manhattan, New York, NY, USA",40.7660666667,-73.973735,,,,,,,open,false,,,Amur Carp,Cyprinus rubrofuscus,Amur Carp,Actinopterygii,187316,,
169963681,2164b36d-ab6f-4a2b-996f-4c418dc287ed,2023-06-28 11:19:31-04:00,2023-06-28,2023-06-28 15:19:31 UTC,Eastern Time (US & Canada),7082022,julia_mendillo,,2023-06-28 16:11:08 UTC,2023-07-05 20:12:57 UTC,research,CC-BY-NC,https://www.inaturalist.org/observations/169963681,https://inaturalist-open-data.s3.amazonaws.com/photos/294718785/medium.jpg,,"","",1,0,false,3,"Buhl Park, Hermitage, PA, US",41.2433883333,-80.48397,5,,,,5,,open,false,,,Amur Carp,Cyprinus rubrofuscus,Amur Carp,Actinopterygii,187316,,
170198046,49f0c8f9-7dfd-4793-9e04-f78bb9a4d2c4,2023/06/28 1:24 PM,2023-06-28,2023-06-28 17:24:00 UTC,Eastern Time (US & Canada),3286634,billpranty,Bill Pranty,2023-06-29 23:51:04 UTC,2023-07-05 20:12:50 UTC,research,CC-BY-NC,https://www.inaturalist.org/observations/170198046,https://inaturalist-open-data.s3.amazonaws.com/photos/295149993/medium.jpg,,"","A solo visit after iNatting Green Swamp East with Don Fraser and Clint Gibson. I walked most of the ponds clockwise from the northwestern corner, Most ponds were fully filled but one was just graded and being filled, and that pond had most of the birds in it. The weather at the start was post-shower, overcast and mild with a light breeze. I left at 1452 and headed home.

All these photographs were taken with a Panasonic Lumix FZ200 (with 24x zoom) on loan from Don Fraser until my damaged FZ80 (with 60x zoom) is replaced.

The camera had no real reference point on which to focus. This is the best image!",2,0,false,,"Florida, Sumter, Green Swamp Wilderness Preserve, Bass Conservation Center",28.4799742345,-82.0434661178,191,,,,191,,open,false,,,Amur Carp,Cyprinus rubrofuscus,Amur Carp,Actinopterygii,187316,,
170202304,87f0d30d-272c-4868-a413-a7e02aac1577,2023-06-26 07:43:15,2023-06-26,2023-06-26 14:43:15 UTC,Pacific Time (US & Canada),2296775,kingmchris,Christopher King,2023-06-30 00:28:26 UTC,2023-07-01 19:33:56 UTC,research,,https://www.inaturalist.org/observations/170202304,https://static.inaturalist.org/photos/295169803/medium.jpeg,,"",,4,0,false,2,"La Quinta, CA, USA",33.6770333333,-116.2979777778,,,,,,,open,false,gps,gps,Amur Carp,Cyprinus rubrofuscus,Amur Carp,Actinopterygii,187316,,
170217678,ad5a2c39-a3d4-4fbd-a28e-eb7bf27591b5,2023-06-02 13:15:11-05:00,2023-06-02,2023-06-02 18:15:11 UTC,Central Time (US & Canada),1664829,treemagination,Griffen and Nicole,2023-06-30 02:51:37 UTC,2023-07-04 18:59:58 UTC,research,,https://www.inaturalist.org/observations/170217678,https://static.inaturalist.org/photos/295199971/medium.jpg,,"","",1,0,false,3,"Black Waxy Rd, Taylor, TX, US",30.533234984,-97.41217636,15,,,,15,,open,false,,,Amur Carp,Cyprinus rubrofuscus,Amur Carp,Actinopterygii,187316,,
170259688,3c425388-ac07-4cba-af3e-a32d88bfb4f9,2023-06-18 13:23:52-04:00,2023-06-18,2023-06-18 17:23:52 UTC,Eastern Time (US & Canada),528076,cspeech,Caroline S,2023-06-30 11:56:49 UTC,2023-07-03 17:38:22 UTC,research,,https://www.inaturalist.org/observations/170259688,https://static.inaturalist.org/photos/295278869/medium.jpg,,"",Under the pier 6/harbor east footbridge,2,0,false,3,"Fleet St, Baltimore, MD, US",39.2843533333,-76.60363,49,,,,49,,open,false,,,Amur Carp,Cyprinus rubrofuscus,Amur Carp,Actinopterygii,187316,,
170335418,a982db81-9ad9-4611-8f42-8917fe2e02c3,Fri Jun 30 2023 13:33:13 GMT -0700 (PDT),2023-06-30,2023-06-30 20:33:13 UTC,Pacific Time (US & Canada),4044981,untrainednaturalist,,2023-06-30 20:33:20 UTC,2023-07-04 03:27:11 UTC,research,CC-BY-NC,https://www.inaturalist.org/observations/170335418,https://inaturalist-open-data.s3.amazonaws.com/photos/295415483/medium.jpeg,,"",,3,0,false,333,San Jose,37.3340148926,-121.9244232178,226,,,,226,,open,false,,,Amur Carp,Cyprinus rubrofuscus,Amur Carp,Actinopterygii,187316,,
171067552,409dff4d-7365-4ea1-b485-9a1cf0ab0426,2023-07-04 13:53:24-04:00,2023-07-04,2023-07-04 17:53:24 UTC,Eastern Time (US & Canada),3722518,nuh_cheema,,2023-07-04 18:28:51 UTC,2023-07-04 22:18:29 UTC,research,CC-BY-NC,https://www.inaturalist.org/observations/171067552,https://inaturalist-open-data.s3.amazonaws.com/photos/296800799/medium.jpg,,"","",1,0,false,3,"W Afton Ave, Yardley, PA, US",40.2424166667,-74.8416833333,79,,,,79,,open,false,,,Amur Carp,Cyprinus rubrofuscus,Amur Carp,Actinopterygii,187316,,
171104356,daad598c-0143-47b0-8cf2-feeb7097d9b2,2023-07-04 13:27:29-04:00,2023-07-04,2023-07-04 17:27:29 UTC,Eastern Time (US & Canada),2400405,carey926,Caroline Evans,2023-07-04 21:57:18 UTC,2023-07-04 22:10:52 UTC,research,,https://www.inaturalist.org/observations/171104356,https://static.inaturalist.org/photos/296869247/medium.jpg,,"","",1,0,false,3,"Swift Creek, Chesterfield, VA, US",37.3933133333,-77.579225,4,,,,4,,open,false,,,Amur Carp,Cyprinus rubrofuscus,Amur Carp,Actinopterygii,187316,,
171362748,b8b97577-2669-4d27-90d0-33cb030cdb07,Thu Jul 06 2023 07:46:46 GMT -0400 (EDT),2023-07-06,2023-07-06 11:46:46 UTC,Eastern Time (US & Canada),4698190,cindymoon,,2023-07-06 11:47:06 UTC,2023-07-06 13:48:29 UTC,research,CC-BY-NC,https://www.inaturalist.org/observations/171362748,https://inaturalist-open-data.s3.amazonaws.com/photos/297352455/medium.jpeg,,"",,2,0,false,333,Virginia Beach,36.8695068359,-76.031211853,14,,,,14,,open,false,,,Amur Carp,Cyprinus rubrofuscus,Amur Carp,Actinopterygii,187316,,
171505442,3024bbbf-eeb7-4931-a0c6-edd4f5bd9b6a,2022/07/01 4:51 PM,2022-07-01,2022-07-01 23:51:00 UTC,Pacific Time (US & Canada),8706,howardfriedman1,Howard Friedman,2023-07-07 04:33:59 UTC,2023-07-07 20:30:21 UTC,research,CC-BY-NC,https://www.inaturalist.org/observations/171505442,https://inaturalist-open-data.s3.amazonaws.com/photos/297612308/medium.jpeg,,"","",3,0,false,,"Tuolumne County, CA, USA",37.8801402069,-119.8553840483,15,,,,15,,open,false,,,Amur Carp,Cyprinus rubrofuscus,Amur Carp,Actinopterygii,187316,,
172191177,74e835f1-7201-4516-ae78-f18cc5c70f95,2023-06-21 10:27:59-07:00,2023-06-21,2023-06-21 17:27:59 UTC,Pacific Time (US & Canada),6283637,hokuu,,2023-07-10 17:40:21 UTC,2023-11-02 15:11:09 UTC,research,CC-BY-NC,https://www.inaturalist.org/observations/172191177,https://inaturalist-open-data.s3.amazonaws.com/photos/298884508/medium.jpg,,"","",2,0,false,3,"Central Park and Japanese Garden, San Mateo, CA, US",37.5620616667,-122.3216783333,18,,,,18,,open,false,,,Amur Carp,Cyprinus rubrofuscus,Amur Carp,Actinopterygii,187316,,
172353657,430e35ec-f1ad-4fdb-862e-e7b35245046d,2023/07/10 7:36 PM,2023-07-10,2023-07-11 02:36:00 UTC,Pacific Time (US & Canada),3290,temminicki,Jeremiah Degenhardt,2023-07-11 16:12:25 UTC,2024-08-29 23:34:50 UTC,research,CC-BY-NC,https://www.inaturalist.org/observations/172353657,https://inaturalist-open-data.s3.amazonaws.com/photos/299189900/medium.jpg,,"",,1,0,false,,"El Granada, CA, USA",37.5058325484,-122.461037704,351,,,,351,,open,false,,,Amur Carp,Cyprinus rubrofuscus,Amur Carp,Actinopterygii,187316,,
172729172,ce0aa81c-e978-4247-8a8d-4d25066f2d94,Thu Jul 13 2023 12:22:53 GMT -0700 (PDT),2023-07-13,2023-07-13 19:22:53 UTC,Pacific Time (US & Canada),6800070,emilyk518,,2023-07-13 19:28:39 UTC,2023-07-14 20:45:52 UTC,research,CC-BY-NC,https://www.inaturalist.org/observations/172729172,https://inaturalist-open-data.s3.amazonaws.com/photos/300012641/medium.jpeg,,"",,2,0,false,333,Bass Lake,37.3289794922,-119.57081604,110,,,,110,,open,false,,,Amur Carp,Cyprinus rubrofuscus,Amur Carp,Actinopterygii,187316,,
173081430,6113a470-904a-4826-987b-d7bdc96e4ef7,2023-05-25 15:27:56-05:00,2023-05-25,2023-05-25 20:27:56 UTC,Central Time (US & Canada),3806910,nthumphrey,,2023-07-15 20:07:16 UTC,2023-07-16 02:17:50 UTC,research,CC-BY-NC,https://www.inaturalist.org/observations/173081430,https://inaturalist-open-data.s3.amazonaws.com/photos/300538906/medium.jpg,,"","",2,0,false,3,"Susan Moore, AL, US",34.1040761271,-86.4265778866,23,,,,23,,open,false,,,Amur Carp,Cyprinus rubrofuscus,Amur Carp,Actinopterygii,187316,,
173288486,e0e7563d-bb93-457e-957e-9d839496d2b2,Sun Jul 16 2023 16:41:30 GMT -0400 (EDT),2023-07-16,2023-07-16 20:41:30 UTC,Eastern Time (US & Canada),5018968,thequinton,,2023-07-16 20:41:39 UTC,2023-12-14 18:49:31 UTC,research,CC-BY-NC,https://www.inaturalist.org/observations/173288486,https://inaturalist-open-data.s3.amazonaws.com/photos/300919045/medium.jpeg,,"",,3,0,false,333,Smyrna,39.3233337402,-75.6190032959,7,,,,7,,open,false,,,Amur Carp,Cyprinus rubrofuscus,Amur Carp,Actinopterygii,187316,,
173881756,a42e08d2-0e85-4d2a-ba48-1ecb48eeed4c,2023-07-19 16:11:32,2023-07-19,2023-07-19 21:11:32 UTC,Central Time (US & Canada),2472016,markg123,Mark G,2023-07-20 03:28:17 UTC,2025-03-01 15:32:57 UTC,research,CC0,https://www.inaturalist.org/observations/173881756,https://inaturalist-open-data.s3.amazonaws.com/photos/302018938/medium.jpeg,,"",,1,0,false,2,"Oklahoma City, OK 73142, USA",35.6045116667,-97.6096116667,,,,,,,open,false,,,Amur Carp,Cyprinus rubrofuscus,Amur Carp,Actinopterygii,187316,,
174401471,18628196-1e89-4e0f-af8a-80b0158ce463,2023-07-22 16:47:58-04:00,2023-07-22,2023-07-22 20:47:58 UTC,Eastern Time (US & Canada),310129,azgeo,Geo H Melville,2023-07-23 02:29:05 UTC,2023-07-23 16:51:43 UTC,research,,https://www.inaturalist.org/observations/174401471,https://static.inaturalist.org/photos/302980489/medium.jpg,,"","",2,0,false,3,"Morning St, Worthington, OH, US",40.0853221667,-83.0137472167,4,,,,4,,open,false,,,Amur Carp,Cyprinus rubrofuscus,Amur Carp,Actinopterygii,187316,,
174987467,57c93eb2-0aeb-4599-b2e4-b0359b4ef120,2023-07-21 02:51:23,2023-07-21,2023-07-21 06:51:23 UTC,Eastern Time (US & Canada),2170591,eastcoastbirds,Jasmine P,2023-07-26 04:57:55 UTC,2024-07-20 16:56:42 UTC,research,CC-BY-NC,https://www.inaturalist.org/observations/174987467,https://inaturalist-open-data.s3.amazonaws.com/photos/304068504/medium.jpeg,,"",,1,0,false,2,"New York, NY 10019, USA",40.7658763996,-73.9752770215,99,,,,99,,open,false,gps,gps,Amur Carp,Cyprinus rubrofuscus,Amur Carp,Actinopterygii,187316,,
175773746,80d04ac4-3990-4f8f-9bff-016c965f7e3d,2023-07-30 12:46:55,2023-07-30,2023-07-30 17:46:55 UTC,Central Time (US & Canada),7204711,sara9576,Sara Stoner,2023-07-30 17:47:49 UTC,2023-07-30 20:49:25 UTC,research,,https://www.inaturalist.org/observations/175773746,https://static.inaturalist.org/photos/305507059/medium.jpeg,,"",,2,0,false,2,"Rockford, IL 61107, USA",42.2897377,-89.05827942,8,,,,8,,open,false,,,Amur Carp,Cyprinus rubrofuscus,Amur Carp,Actinopterygii,187316,,
175812188,abcf6341-2c98-412c-b742-e176bb82d021,Sun Jul 30 2023 17:01:55 GMT -0400 (EDT),2023-07-30,2023-07-30 21:01:55 UTC,Eastern Time (US & Canada),7147041,naka867,,2023-07-30 21:02:00 UTC,2023-07-31 01:41:55 UTC,research,CC-BY-NC,https://www.inaturalist.org/observations/175812188,https://inaturalist-open-data.s3.amazonaws.com/photos/305578915/medium.jpeg,,"",,2,0,false,333,Blacksburg,37.219543457,-80.4245223999,23,,,,23,,open,false,,,Amur Carp,Cyprinus rubrofuscus,Amur Carp,Actinopterygii,187316,,
176856904,b16370d0-cd08-4ca3-b783-efe2d36a5747,2023-08-05 11:59:52-07:00,2023-08-05,2023-08-05 18:59:52 UTC,Pacific Time (US & Canada),1125668,wildlife_adventures,Parsa Fard,2023-08-05 22:01:40 UTC,2025-04-29 04:25:04 UTC,research,CC-BY,https://www.inaturalist.org/observations/176856904,https://inaturalist-open-data.s3.amazonaws.com/photos/307521733/medium.jpg,,"","",1,0,false,3,"Lakeview Ct, San Jose, CA, US",37.3189466726,-121.7739333333,20,,,,20,,open,false,,,Amur Carp,Cyprinus rubrofuscus,Amur Carp,Actinopterygii,187316,,
176873433,c1943220-3af8-4583-b96b-b04dd8a839f1,2023-08-05 19:00:12-04:00,2023-08-05,2023-08-05 23:00:12 UTC,America/Detroit,4393453,urtica-gracilis,,2023-08-05 23:54:25 UTC,2023-08-06 04:00:59 UTC,research,CC-BY-NC,https://www.inaturalist.org/observations/176873433,https://inaturalist-open-data.s3.amazonaws.com/photos/307552979/medium.jpg,,"","",2,0,false,3,"Fidelity Rd, Lansing, MI, US",42.7171466667,-84.51162,4,,,,4,,open,false,,,Amur Carp,Cyprinus rubrofuscus,Amur Carp,Actinopterygii,187316,,
176893682,c56f29d7-c455-49fd-b82a-20e6203809cf,2020-08-07 14:02:43,2020-08-07,2020-08-07 18:02:43 UTC,Eastern Time (US & Canada),5852220,ben1497,Ben Machesky,2023-08-06 02:18:17 UTC,2023-08-06 13:14:09 UTC,research,,https://www.inaturalist.org/observations/176893682,https://static.inaturalist.org/photos/307591156/medium.jpeg,,"",,2,0,false,2,"Beverly, Toledo, OH, USA",41.6168309722,-83.581123,,,,,,,open,false,gps,gps,Amur Carp,Cyprinus rubrofuscus,Amur Carp,Actinopterygii,187316,,
177802563,aa1f4ef3-f216-4997-b9e0-f41e9c90286c,2023-08-10 10:38:16-04:00,2023-08-10,2023-08-10 14:38:16 UTC,Eastern Time (US & Canada),5852096,chelloanne,,2023-08-11 10:40:45 UTC,2023-08-11 18:01:51 UTC,research,CC-BY-NC,https://www.inaturalist.org/observations/177802563,https://inaturalist-open-data.s3.amazonaws.com/photos/309293190/medium.jpg,,"","",3,0,false,3,"Northwest Harbor, Baltimore, MD, US",39.284245,-76.6038283333,9,,,,9,,open,false,,,Amur Carp,Cyprinus rubrofuscus,Amur Carp,Actinopterygii,187316,,
178013926,4c80a1b0-63af-42ea-a5af-9ac525fb4055,2023/08/12 8:28 AM,2023-08-12,2023-08-12 13:28:00 UTC,Central Time (US & Canada),24071,bob777,Bob O'Kennon,2023-08-12 16:21:11 UTC,2024-12-25 00:21:18 UTC,research,CC-BY-NC,https://www.inaturalist.org/observations/178013926,https://inaturalist-open-data.s3.amazonaws.com/photos/309685823/medium.jpeg,,"","",3,0,false,,"Fort Worth, TX, USA",32.7358783333,-97.36649,,,,,,,open,false,,,Amur Carp,Cyprinus rubrofuscus,Amur Carp,Actinopterygii,187316,,
178014819,9243b2e6-4d42-495f-bdef-f56e1a4c956f,Sat Aug 12 2023 11:25:20 GMT -0500 (CDT),2023-08-12,2023-08-12 16:25:20 UTC,Central Time (US & Canada),7201794,oneobserver,,2023-08-12 16:25:27 UTC,2023-08-13 00:50:36 UTC,research,CC-BY-NC,https://www.inaturalist.org/observations/178014819,https://inaturalist-open-data.s3.amazonaws.com/photos/309687578/medium.jpeg,,"",,2,0,false,333,Rockford,42.2902526855,-89.0564422607,65,,,,65,,open,false,,,Amur Carp,Cyprinus rubrofuscus,Amur Carp,Actinopterygii,187316,,
178270485,bf4862f3-ce53-42bc-8ac9-af2c091ec2dc,2023/07/20 1:46 PM,2023-07-20,2023-07-20 20:46:00 UTC,Pacific Time (US & Canada),7255784,ryanlll,,2023-08-13 22:32:52 UTC,2023-08-15 02:43:08 UTC,research,CC-BY-NC,https://www.inaturalist.org/observations/178270485,https://inaturalist-open-data.s3.amazonaws.com/photos/310177011/medium.jpeg,,"",,2,0,false,,"50 E 5th Ave, San Mateo, CA 94401",37.561975,-122.3215988,214,,,,214,,open,false,,,Amur Carp,Cyprinus rubrofuscus,Amur Carp,Actinopterygii,187316,,
178285966,db950d1e-5dfe-4888-9b6e-d5519e45049f,2023/08/12 6:56 PM,2023-08-12,2023-08-13 01:56:00 UTC,Pacific Time (US & Canada),8706,howardfriedman1,Howard Friedman,2023-08-14 00:21:04 UTC,2023-08-15 02:41:43 UTC,research,CC-BY-NC,https://www.inaturalist.org/observations/178285966,https://inaturalist-open-data.s3.amazonaws.com/photos/310206628/medium.jpeg,,"","",1,0,false,,"Cascade, Anderson, CA, USA",40.4681073649,-122.2711032785,15,,,,15,,open,false,,,Amur Carp,Cyprinus rubrofuscus,Amur Carp,Actinopterygii,187316,,
178349183,8b590c77-509d-4b61-95bb-6af0244b73d2,2023-08-14 07:36:32-04:00,2023-08-14,2023-08-14 11:36:32 UTC,Eastern Time (US & Canada),7148814,akoutavas,,2023-08-14 11:36:36 UTC,2025-01-01 00:38:36 UTC,research,CC-BY-NC,https://www.inaturalist.org/observations/178349183,https://inaturalist-open-data.s3.amazonaws.com/photos/310331097/medium.jpg,,"","",2,0,false,3,"The Pond, New York, NY, US",40.7663563107,-73.9735250704,167,,,,167,,open,false,,,Amur Carp,Cyprinus rubrofuscus,Amur Carp,Actinopterygii,187316,,
178762889,9069c78d-17ca-45af-9d3f-ad61222b4f69,2023-08-16 16:57:08-04:00,2023-08-16,2023-08-16 20:57:08 UTC,Eastern Time (US & Canada),5852096,chelloanne,,2023-08-16 23:27:52 UTC,2023-10-25 01:08:54 UTC,research,CC-BY-NC,https://www.inaturalist.org/observations/178762889,https://inaturalist-open-data.s3.amazonaws.com/photos/311118936/medium.jpg,,"","",2,0,false,3,"Northwest Harbor, Baltimore, MD, US",39.2842716667,-76.6037616667,11,,,,11,,open,false,,,Amur Carp,Cyprinus rubrofuscus,Amur Carp,Actinopterygii,187316,,
179213606,9c23e31f-ab50-4e4b-8fc4-720e1b4de541,Wed Aug 09 2023 13:35:42 GMT -0500 (CDT),2023-08-09,2023-08-09 18:35:42 UTC,Central Time (US & Canada),6255004,dandcgruener,,2023-08-19 20:01:52 UTC,2023-12-22 19:31:33 UTC,research,CC-BY-NC,https://www.inaturalist.org/observations/179213606,https://inaturalist-open-data.s3.amazonaws.com/photos/311971711/medium.jpeg,,"",,1,0,false,333,"Stone County, US-MO, US",36.5119094849,-93.4719238281,122,,,,122,,open,false,,,Amur Carp,Cyprinus rubrofuscus,Amur Carp,Actinopterygii,187316,,
179837087,973fe163-4e18-4ed2-8e09-9c3c5c4949bf,Wed Aug 23 2023 11:24:23 GMT -0400 (GMT-4),2023-08-23,2023-08-23 15:24:23 UTC,Eastern Time (US & Canada),5552477,web_tucker,Web Tucker,2023-08-23 15:24:42 UTC,2025-03-29 12:50:38 UTC,research,CC-BY-NC,https://www.inaturalist.org/observations/179837087,https://inaturalist-open-data.s3.amazonaws.com/photos/313159683/medium.jpeg,,"","",1,0,false,333,"Moore County, US-NC, US",35.170541,-79.381968,18,,,,18,,open,false,,,Amur Carp,Cyprinus rubrofuscus,Amur Carp,Actinopterygii,187316,,
179892312,3180b7bc-413f-4e49-8c89-e9f65599ff00,2023/08/19 4:07 PM,2023-08-19,2023-08-19 21:07:00 UTC,Central Time (US & Canada),796701,c_birds,Eric Cormier,2023-08-23 22:38:36 UTC,2025-01-01 00:37:42 UTC,research,CC-BY-NC,https://www.inaturalist.org/observations/179892312,https://inaturalist-open-data.s3.amazonaws.com/photos/313261454/medium.jpeg,,"","",2,0,false,,"2612 Lane Park Rd, Birmingham, AL 35223",33.4917153,-86.7744869,196,,,,196,,open,false,,,Amur Carp,Cyprinus rubrofuscus,Amur Carp,Actinopterygii,187316,,
180565770,31ff6395-a00d-495f-a39b-a3df164de3be,2022/05/05 1:30 PM,2022-05-05,2022-05-05 20:30:00 UTC,Arizona,6066893,alex20az,,2023-08-28 03:09:15 UTC,2024-06-13 20:30:47 UTC,research,CC-BY-NC,https://www.inaturalist.org/observations/180565770,https://inaturalist-open-data.s3.amazonaws.com/photos/314553771/medium.jpg,,"","",2,0,false,,"Santa Cruz County, AZ, USA",31.4938246335,-110.8581577789,1634,,,,1634,,open,false,,,Amur Carp,Cyprinus rubrofuscus,Amur Carp,Actinopterygii,187316,,
180629556,aff0f5d4-3c24-4eb5-9a2d-80fdaa11aa93,2023-08-28 11:30:45-04:00,2023-08-28,2023-08-28 15:30:45 UTC,Eastern Time (US & Canada),7110557,avasis,,2023-08-28 15:30:57 UTC,2024-03-26 23:17:35 UTC,research,CC-BY-NC,https://www.inaturalist.org/observations/180629556,https://inaturalist-open-data.s3.amazonaws.com/photos/314678029/medium.jpg,,"","",2,0,false,3,"Biltmore, Asheville, NC, US",35.5397906567,-82.5517372923,7,,,,7,,open,false,,,Amur Carp,Cyprinus rubrofuscus,Amur Carp,Actinopterygii,187316,,
180632699,546b1c15-1772-47a0-b519-c4c88c230083,2023-08-28 11:34:32-04:00,2023-08-28,2023-08-28 15:34:32 UTC,Eastern Time (US & Canada),7110557,avasis,,2023-08-28 15:50:15 UTC,2023-08-29 14:46:21 UTC,research,CC-BY-NC,https://www.inaturalist.org/observations/180632699,https://inaturalist-open-data.s3.amazonaws.com/photos/314686027/medium.jpg,,"","",2,0,false,3,"Biltmore, Asheville, NC, US",35.5399576722,-82.5526540744,8,,,,8,,open,false,,,Amur Carp,Cyprinus rubrofuscus,Amur Carp,Actinopterygii,187316,,
180700911,0fdbfe80-0de8-4ad2-98d3-490970ab6f3b,2023-08-28 19:11:58-04:00,2023-08-28,2023-08-28 23:11:58 UTC,Eastern Time (US & Canada),5682421,bgrunniens,,2023-08-29 00:13:44 UTC,2023-08-29 14:37:55 UTC,research,CC-BY-NC,https://www.inaturalist.org/observations/180700911,https://inaturalist-open-data.s3.amazonaws.com/photos/314812947/medium.jpg,,"","",3,0,false,3,"Heckscher Park, Huntington, NY, US",40.87647,-73.4214166667,3,,,,3,,open,false,,,Amur Carp,Cyprinus rubrofuscus,Amur Carp,Actinopterygii,187316,,
181198454,1f3a148a-fbbd-4529-a84a-57abea62a653,2023-09-01 09:56:02-04:00,2023-09-01,2023-09-01 13:56:02 UTC,Eastern Time (US & Canada),7323700,ashton_scott06,,2023-09-01 13:57:31 UTC,2023-10-24 13:45:13 UTC,research,CC-BY-NC,https://www.inaturalist.org/observations/181198454,https://inaturalist-open-data.s3.amazonaws.com/photos/315765215/medium.jpg,,"","",2,0,false,3,"UNC Pembroke, Pembroke, NC, US",34.68623,-79.201425,4,,,,4,,open,false,,,Amur Carp,Cyprinus rubrofuscus,Amur Carp,Actinopterygii,187316,,
181198692,d59964c5-1d03-418e-9dce-082d42267806,2023-09-01 09:58:43,2023-09-01,2023-09-01 13:58:43 UTC,Eastern Time (US & Canada),7323683,rafael72313,Rafael Batalla,2023-09-01 13:59:18 UTC,2023-10-24 13:45:15 UTC,research,,https://www.inaturalist.org/observations/181198692,https://static.inaturalist.org/photos/315765680/medium.jpeg,,"",,2,0,false,2,"Pembroke, NC 28372, USA",34.68598868,-79.20144432,8,,,,8,,open,false,,,Amur Carp,Cyprinus rubrofuscus,Amur Carp,Actinopterygii,187316,,
181308730,34095fc5-356d-4e1f-a842-cdff0a75b408,2023-08-31 14:21:21,2023-08-31,2023-08-31 18:21:21 UTC,Eastern Time (US & Canada),5979413,df84,DJF,2023-09-02 04:12:14 UTC,2023-09-04 16:01:49 UTC,research,,https://www.inaturalist.org/observations/181308730,https://static.inaturalist.org/photos/315966467/medium.jpeg,,"",,2,0,false,2,"Highland Park, Manchester, CT, USA",41.7762333333,-72.4859138889,,,,,,,open,false,gps,gps,Amur Carp,Cyprinus rubrofuscus,Amur Carp,Actinopterygii,187316,,
181537379,6f7b3b22-e5d5-4b80-80f8-0c75f6464279,2023-07-10 12:04:07-05:00,2023-07-10,2023-07-10 17:04:07 UTC,Central Time (US & Canada),3135146,iacomaner,"",2023-09-03 11:11:33 UTC,2023-09-15 20:44:29 UTC,research,CC-BY-NC,https://www.inaturalist.org/observations/181537379,https://inaturalist-open-data.s3.amazonaws.com/photos/316358516/medium.jpg,,"","",2,0,false,3,"Cantrell Rd, Little Rock, AR, US",34.801145,-92.4454116667,3,,,,3,,open,false,,,Amur Carp,Cyprinus rubrofuscus,Amur Carp,Actinopterygii,187316,,
181664614,d9b2680b-e0b4-4d58-a72a-a50c8124f66e,Sun Sep 03 2023 19:41:57 GMT -0500 (GMT-5),2023-09-03,2023-09-04 00:41:57 UTC,Central Time (US & Canada),5030233,geodenny,Denny George,2023-09-04 00:42:08 UTC,2023-09-04 22:37:15 UTC,research,,https://www.inaturalist.org/observations/181664614,https://static.inaturalist.org/photos/316596947/medium.jpeg,,"",,1,0,false,333,Oklahoma City,35.5587730408,-97.6374511719,2587,,,,2587,,open,false,,,Amur Carp,Cyprinus rubrofuscus,Amur Carp,Actinopterygii,187316,,
181667158,a6fa3d83-6668-4400-a2e3-040e6985760c,Sun Sep 03 2023 19:59:26 GMT -0500 (GMT-5),2023-09-03,2023-09-04 00:59:26 UTC,Central Time (US & Canada),5030233,geodenny,Denny George,2023-09-04 00:59:54 UTC,2023-09-04 22:36:53 UTC,research,,https://www.inaturalist.org/observations/181667158,https://static.inaturalist.org/photos/316601770/medium.jpeg,,"",,2,0,false,333,Oklahoma City,35.5049781799,-97.5823745728,116,,,,116,,open,false,,,Amur Carp,Cyprinus rubrofuscus,Amur Carp,Actinopterygii,187316,,
181925683,25d4ebaf-172b-4b98-9d3d-a7392bfe52f8,2023-09-05 09:31:11-07:00,2023-09-05,2023-09-05 16:31:11 UTC,Pacific Time (US & Canada),6533291,joshuarosen1234,,2023-09-05 16:31:27 UTC,2023-09-05 19:15:27 UTC,research,CC-BY-NC,https://www.inaturalist.org/observations/181925683,https://inaturalist-open-data.s3.amazonaws.com/photos/317102431/medium.jpg,,"","",2,0,false,3,"San Francisco State University, San Francisco, CA, US",37.7225290093,-122.479200528,11,,,,11,,open,false,,,Amur Carp,Cyprinus rubrofuscus,Amur Carp,Actinopterygii,187316,,
181962519,3664ab33-5bd7-44fa-b445-ab0831bb1448,2023-08-05 13:25:57-04:00,2023-08-05,2023-08-05 17:25:57 UTC,Eastern Time (US & Canada),451282,sasha11,Sasha De Silva,2023-09-05 20:46:15 UTC,2023-09-26 03:40:14 UTC,research,,https://www.inaturalist.org/observations/181962519,https://static.inaturalist.org/photos/317171848/medium.jpg,,"","",2,0,false,3,"Fairgrounds Rd, Hamilton, NJ, US",40.2373866667,-74.7159716667,4,,,,4,,open,false,,,Amur Carp,Cyprinus rubrofuscus,Amur Carp,Actinopterygii,187316,,
182228134,847fa1e6-c09b-4eab-8011-6e08902cc877,2023-09-07 15:31:38-04:00,2023-09-07,2023-09-07 19:31:38 UTC,Indiana (East),7367785,meganmckinney,,2023-09-07 19:32:08 UTC,2023-09-07 19:44:57 UTC,research,CC-BY-NC,https://www.inaturalist.org/observations/182228134,https://inaturalist-open-data.s3.amazonaws.com/photos/317683716/medium.jpg,,"","",2,0,false,3,"Butler University, Indianapolis, IN, US",39.8424328491,-86.1710736497,4,,,,4,,open,false,,,Amur Carp,Cyprinus rubrofuscus,Amur Carp,Actinopterygii,187316,,
182228269,a47b0faf-bc7d-4c78-bf22-0d7d75480c6f,2023-09-07 15:32:27-04:00,2023-09-07,2023-09-07 19:32:27 UTC,Indiana (East),7367786,hstine,,2023-09-07 19:33:11 UTC,2023-09-21 18:41:23 UTC,research,CC-BY-NC,https://www.inaturalist.org/observations/182228269,https://inaturalist-open-data.s3.amazonaws.com/photos/317683946/medium.jpg,,"","",2,0,false,3,"Butler University, Indianapolis, IN, US",39.8422925497,-86.1711473339,4,,,,4,,open,false,,,Amur Carp,Cyprinus rubrofuscus,Amur Carp,Actinopterygii,187316,,
182229076,131710b3-60c8-4869-8f27-a15445cb979b,2023-09-07 15:39:01-04:00,2023-09-07,2023-09-07 19:39:01 UTC,Indiana (East),7367780,taylorlowry,,2023-09-07 19:39:34 UTC,2023-12-08 23:57:13 UTC,research,CC-BY-NC,https://www.inaturalist.org/observations/182229076,https://inaturalist-open-data.s3.amazonaws.com/photos/317685491/medium.jpg,,"","",2,0,false,3,"Butler University, Indianapolis, IN, US",39.8424466309,-86.1708055181,4,,,,4,,open,false,,,Amur Carp,Cyprinus rubrofuscus,Amur Carp,Actinopterygii,187316,,
182229110,ec7f229a-75bf-436a-89b4-13686f1fa10c,2023-09-07 15:39:02-04:00,2023-09-07,2023-09-07 19:39:02 UTC,Indiana (East),7367788,hmoore1,,2023-09-07 19:39:51 UTC,2023-09-07 19:55:29 UTC,research,CC-BY-NC,https://www.inaturalist.org/observations/182229110,https://inaturalist-open-data.s3.amazonaws.com/photos/317685575/medium.jpg,,"","",2,0,false,3,"Butler University, Indianapolis, IN, US",39.8423900997,-86.1708756571,5,,,,5,,open,false,,,Amur Carp,Cyprinus rubrofuscus,Amur Carp,Actinopterygii,187316,,
182229740,73879c57-d178-49a8-ac03-0802bb29332f,2023-09-07 15:43:02-04:00,2023-09-07,2023-09-07 19:43:02 UTC,Indiana (East),7367808,kschnack,,2023-09-07 19:45:04 UTC,2025-01-01 00:37:38 UTC,research,CC-BY-NC,https://www.inaturalist.org/observations/182229740,https://inaturalist-open-data.s3.amazonaws.com/photos/317686919/medium.jpg,,"","",2,0,false,3,"Butler University, Indianapolis, IN, US",39.8424119733,-86.1708616569,4,,,,4,,open,false,,,Amur Carp,Cyprinus rubrofuscus,Amur Carp,Actinopterygii,187316,,
182229954,e4604c22-ae77-40c1-9421-296deb7fcec5,2023-09-07 15:46:08-04:00,2023-09-07,2023-09-07 19:46:08 UTC,Indiana (East),7367810,magnolia_lily,,2023-09-07 19:47:03 UTC,2025-01-01 00:37:36 UTC,research,CC-BY-NC,https://www.inaturalist.org/observations/182229954,https://inaturalist-open-data.s3.amazonaws.com/photos/317687392/medium.jpg,,"","",2,0,false,3,"Butler University, Indianapolis, IN, US",39.8424437459,-86.1708445762,4,,,,4,,open,false,,,Amur Carp,Cyprinus rubrofuscus,Amur Carp,Actinopterygii,187316,,
182230079,9308d73c-4ddf-42ae-a5d8-286881409ec8,2023-09-07 15:47:09-04:00,2023-09-07,2023-09-07 19:47:09 UTC,Indiana (East),7367808,kschnack,,2023-09-07 19:48:18 UTC,2023-09-21 18:44:21 UTC,research,CC-BY-NC,https://www.inaturalist.org/observations/182230079,https://inaturalist-open-data.s3.amazonaws.com/photos/317687706/medium.jpg,,"","",3,0,false,3,"Butler University, Indianapolis, IN, US",39.8423776192,-86.1707700796,9,,,,9,,open,false,,,Amur Carp,Cyprinus rubrofuscus,Amur Carp,Actinopterygii,187316,,
182231359,0e22720e-1670-4269-9dd0-c2ba3295c50e,2023-09-07 15:57:19-04:00,2023-09-07,2023-09-07 19:57:19 UTC,Indiana (East),7367704,oliviaolsonn,,2023-09-07 19:57:31 UTC,2023-12-08 23:57:04 UTC,research,CC-BY-NC,https://www.inaturalist.org/observations/182231359,https://inaturalist-open-data.s3.amazonaws.com/photos/317690159/medium.jpg,,"","",2,0,false,3,"Butler University, Indianapolis, IN, US",39.8417642992,-86.1704928429,12,,,,12,,open,false,,,Amur Carp,Cyprinus rubrofuscus,Amur Carp,Actinopterygii,187316,,
182231368,4ad76f21-855d-41b4-8742-48244e6e9fd7,2023-09-07 15:57:15-04:00,2023-09-07,2023-09-07 19:57:15 UTC,Indiana (East),7367814,byrne16,,2023-09-07 19:57:33 UTC,2023-12-08 23:57:03 UTC,research,CC-BY-NC,https://www.inaturalist.org/observations/182231368,https://inaturalist-open-data.s3.amazonaws.com/photos/317690165/medium.jpg,,"","",2,0,false,3,"Butler University, Indianapolis, IN, US",39.8419126058,-86.1705868295,5,,,,5,,open,false,,,Amur Carp,Cyprinus rubrofuscus,Amur Carp,Actinopterygii,187316,,
182231468,23cc8afa-708d-4dc9-b991-9551097967c0,2023-09-07 15:58:01-04:00,2023-09-07,2023-09-07 19:58:01 UTC,Indiana (East),7367814,byrne16,,2023-09-07 19:58:13 UTC,2023-09-08 16:22:01 UTC,research,CC-BY-NC,https://www.inaturalist.org/observations/182231468,https://inaturalist-open-data.s3.amazonaws.com/photos/317690345/medium.jpg,,"","",2,0,false,3,"Butler University, Indianapolis, IN, US",39.8419999525,-86.1705618948,5,,,,5,,open,false,,,Amur Carp,Cyprinus rubrofuscus,Amur Carp,Actinopterygii,187316,,
182231469,9bdae060-44bc-49f7-9fb4-7c73e2f52948,2023-09-07 15:57:59-04:00,2023-09-07,2023-09-07 19:57:59 UTC,Indiana (East),7367704,oliviaolsonn,,2023-09-07 19:58:14 UTC,2023-09-08 00:53:05 UTC,research,CC-BY-NC,https://www.inaturalist.org/observations/182231469,https://inaturalist-open-data.s3.amazonaws.com/photos/317690330/medium.jpg,,"","",2,0,false,3,"Butler University, Indianapolis, IN, US",39.8417964019,-86.1705939286,8,,,,8,,open,false,,,Amur Carp,Cyprinus rubrofuscus,Amur Carp,Actinopterygii,187316,,
182231682,3a7524df-c234-43e4-bdf7-6b78adab19e6,2023-09-07 15:59:52-04:00,2023-09-07,2023-09-07 19:59:52 UTC,Indiana (East),7367814,byrne16,,2023-09-07 20:00:02 UTC,2023-09-08 16:57:57 UTC,research,CC-BY-NC,https://www.inaturalist.org/observations/182231682,https://inaturalist-open-data.s3.amazonaws.com/photos/317690771/medium.jpg,,"","",3,0,false,3,"Butler University, Indianapolis, IN, US",39.8423982307,-86.1708504046,5,,,,5,,open,false,,,Amur Carp,Cyprinus rubrofuscus,Amur Carp,Actinopterygii,187316,,
182231867,3c0ea5c6-8a03-4790-8107-2dce07fd7b63,2023-09-07 16:00:51-04:00,2023-09-07,2023-09-07 20:00:51 UTC,Indiana (East),7367704,oliviaolsonn,,2023-09-07 20:01:20 UTC,2023-09-21 18:41:02 UTC,research,CC-BY-NC,https://www.inaturalist.org/observations/182231867,https://inaturalist-open-data.s3.amazonaws.com/photos/317691684/medium.jpg,,"","",3,0,false,3,"Butler University, Indianapolis, IN, US",39.8424680857,-86.1710251775,6,,,,6,,open,false,,,Amur Carp,Cyprinus rubrofuscus,Amur Carp,Actinopterygii,187316,,
182236467,298608fc-9f37-4f4d-aef9-6e295a732b5c,2023-09-07 15:33:46-04:00,2023-09-07,2023-09-07 19:33:46 UTC,Indiana (East),7367799,taylorbyrdd,,2023-09-07 20:38:14 UTC,2023-12-08 23:56:58 UTC,research,CC-BY-NC,https://www.inaturalist.org/observations/182236467,https://inaturalist-open-data.s3.amazonaws.com/photos/317700379/medium.jpg,,"","",2,0,false,3,"Butler University, Indianapolis, IN, US",39.841267297,-86.1714254653,182,,,,182,,open,false,,,Amur Carp,Cyprinus rubrofuscus,Amur Carp,Actinopterygii,187316,,
182253046,b8625f6d-7fa2-45da-b4f1-4d22df9c4bcf,2023-09-07 16:32:39-03:00,2023-09-07,2023-09-07 19:32:39 UTC,Indiana (East),7367792,hannah7230,,2023-09-07 23:05:53 UTC,2024-11-23 20:18:35 UTC,research,CC-BY-NC,https://www.inaturalist.org/observations/182253046,https://inaturalist-open-data.s3.amazonaws.com/photos/317734175/medium.jpg,,"","",2,0,false,3,"Butler University, Indianapolis, IN, US",39.8418435,-86.1704261,1159,,,,1159,,open,false,,,Amur Carp,Cyprinus rubrofuscus,Amur Carp,Actinopterygii,187316,,
182268768,bc45c667-c027-4569-bef5-960eaba84073,2023-09-07 15:32:11-04:00,2023-09-07,2023-09-07 19:32:11 UTC,Indiana (East),7367796,billycronkhite,,2023-09-08 01:53:07 UTC,2024-06-02 23:05:25 UTC,research,CC-BY-NC,https://www.inaturalist.org/observations/182268768,https://inaturalist-open-data.s3.amazonaws.com/photos/317766319/medium.jpg,,"","",3,0,false,3,"Butler University, Indianapolis, IN, US",39.842255,-86.171145,4,,,,4,,open,false,,,Amur Carp,Cyprinus rubrofuscus,Amur Carp,Actinopterygii,187316,,
182321563,bc3b994c-bbc1-4d9b-9488-008b5e789fa2,2022-10-15 14:13:05,2022-10-15,2022-10-15 18:13:05 UTC,Eastern Time (US & Canada),7370840,katerinapena1,Katerina,2023-09-08 14:20:26 UTC,2023-10-03 16:22:30 UTC,research,,https://www.inaturalist.org/observations/182321563,https://static.inaturalist.org/photos/317868230/medium.jpeg,,"",,3,0,false,2,"South Elmwood, Providence, RI, USA",41.7827002,-71.407571,,,,,,,open,false,,,Amur Carp,Cyprinus rubrofuscus,Amur Carp,Actinopterygii,187316,,
182516994,e80cc2ae-0083-4396-a91e-f2a255e53ccc,Sat Sep 09 2023 14:15:37 GMT -0500 (GMT-5),2023-09-09,2023-09-09 19:15:37 UTC,Central Time (US & Canada),5946048,dustyscarole,,2023-09-09 19:15:55 UTC,2023-11-01 17:46:25 UTC,research,CC-BY-NC,https://www.inaturalist.org/observations/182516994,https://inaturalist-open-data.s3.amazonaws.com/photos/318241541/medium.jpeg,,"",,2,0,false,333,Beaumont,30.0814533234,-94.1030197144,85,,,,85,,open,false,,,Amur Carp,Cyprinus rubrofuscus,Amur Carp,Actinopterygii,187316,,
182666781,fc93fa00-108c-428b-beeb-30fe8cf1efcb,2023-09-10 10:22:26-07:00,2023-09-10,2023-09-10 17:22:26 UTC,Pacific Time (US & Canada),7330851,nnorvell89,,2023-09-10 17:22:53 UTC,2024-02-14 00:21:22 UTC,research,CC-BY-NC,https://www.inaturalist.org/observations/182666781,https://inaturalist-open-data.s3.amazonaws.com/photos/318533242/medium.jpg,,"","",1,0,false,3,"Avenue 9, Madera, CA, US",36.8794830846,-119.9182558755,4,,,,4,,open,false,,,Amur Carp,Cyprinus rubrofuscus,Amur Carp,Actinopterygii,187316,,
182822240,62d1bb41-168b-46ff-99fa-08b6f848c35a,2023-09-09 18:09:42-04:00,2023-09-09,2023-09-09 22:09:42 UTC,America/Detroit,145312,lmkento,Laura MK,2023-09-11 16:10:47 UTC,2024-11-23 20:18:16 UTC,research,CC-BY-NC,https://www.inaturalist.org/observations/182822240,https://inaturalist-open-data.s3.amazonaws.com/photos/318835795/medium.jpg,,"","",3,0,false,3,"Eastern Michigan University, Ypsilanti, MI, US",42.2516366667,-83.6255633333,8,,,,8,,open,false,,,Amur Carp,Cyprinus rubrofuscus,Amur Carp,Actinopterygii,187316,,
183169403,06e8682c-6f50-4526-b364-ceb530a0fb57,2023/08/21 12:29 PM,2023-08-21,2023-08-21 19:29:00 UTC,Arizona,159910,mlodinow,Steven Mlodinow,2023-09-14 03:10:13 UTC,2023-09-16 03:55:53 UTC,research,CC-BY-NC,https://www.inaturalist.org/observations/183169403,https://inaturalist-open-data.s3.amazonaws.com/photos/319518649/medium.jpg,,"",,1,0,false,,"St David, AZ 85630, USA",31.8777171191,-110.2135331083,47,,,,47,,open,false,,,Amur Carp,Cyprinus rubrofuscus,Amur Carp,Actinopterygii,187316,,
183372816,ac7d27ed-bcda-4b0f-b45c-b198c90415cb,2023-09-15 12:18:05-04:00,2023-09-15,2023-09-15 16:18:05 UTC,Eastern Time (US & Canada),7400661,cwells26,,2023-09-15 16:19:52 UTC,2023-12-21 17:31:10 UTC,research,CC-BY-NC,https://www.inaturalist.org/observations/183372816,https://inaturalist-open-data.s3.amazonaws.com/photos/319906926/medium.jpg,,"","",3,0,false,3,"Edith J. Carrier Arboretum, Harrisonburg, VA, US",38.42919447,-78.8616879378,751,,,,751,,open,false,,,Amur Carp,Cyprinus rubrofuscus,Amur Carp,Actinopterygii,187316,,
183400404,361828b7-be13-408a-a72b-c96eff6f5e26,Fri Sep 15 2023 14:36:51 GMT -0500 (CDT),2023-09-15,2023-09-15 19:36:51 UTC,Central Time (US & Canada),80174,dankplant,Dankplant,2023-09-15 19:36:57 UTC,2023-12-21 17:28:31 UTC,research,,https://www.inaturalist.org/observations/183400404,https://static.inaturalist.org/photos/321068593/medium.jpeg,,"",,3,0,false,333,Dallas,32.8240356445,-96.7170791626,14,,,,14,,open,false,,,Amur Carp,Cyprinus rubrofuscus,Amur Carp,Actinopterygii,187316,,
183520943,43f20681-6db2-4bc8-8b7c-700014141bf8,2023-09-16 12:21:02-04:00,2023-09-16,2023-09-16 16:21:02 UTC,Eastern Time (US & Canada),7387229,kylie_hilborne,Kylie Hilborne,2023-09-16 16:21:26 UTC,2023-11-01 17:46:06 UTC,research,,https://www.inaturalist.org/observations/183520943,https://static.inaturalist.org/photos/320189468/medium.jpg,,"","",2,0,false,3,"The Crossings of Colonie, Albany, NY, US",42.7179706609,-73.7921500393,4,,,,4,,open,false,,,Amur Carp,Cyprinus rubrofuscus,Amur Carp,Actinopterygii,187316,,
183712847,f08ba7b0-aee3-4282-aca2-23080f73ba23,2023-09-16 17:34:00,2023-09-16,2023-09-16 21:34:00 UTC,Eastern Time (US & Canada),6942613,ccthevampire,CC,2023-09-17 18:41:49 UTC,2023-10-17 01:42:08 UTC,research,,https://www.inaturalist.org/observations/183712847,https://static.inaturalist.org/photos/320556105/medium.jpeg,,"",,2,0,false,2,"North Carolina, US",36.0693569966,-81.6482512059,4,,,,28592,obscured,open,true,gps,gps,Amur Carp,Cyprinus rubrofuscus,Amur Carp,Actinopterygii,187316,,
184057638,d39f06d8-b5f5-4e76-bde7-06aea67d57ea,2023/09/19 6:22 PM,2023-09-19,2023-09-19 23:22:00 UTC,Central Time (US & Canada),2187158,jhousephotos,Joe,2023-09-20 00:24:20 UTC,2023-09-26 22:59:59 UTC,research,CC-BY-NC,https://www.inaturalist.org/observations/184057638,https://inaturalist-open-data.s3.amazonaws.com/photos/321219098/medium.jpeg,,"",These might have been released fairly recently. ,2,0,false,,"Jonesboro, AR, USA",35.778503368,-90.7095039527,2,,,,2,,open,false,,,Amur Carp,Cyprinus rubrofuscus,Amur Carp,Actinopterygii,187316,,
184881654,032b8e09-c87f-41a0-8b8a-327115e9c315,2023-09-25 12:22:18-04:00,2023-09-25,2023-09-25 16:22:18 UTC,Eastern Time (US & Canada),6701610,bcleathero24,,2023-09-25 16:23:33 UTC,2023-09-26 03:38:33 UTC,research,CC-BY-NC,https://www.inaturalist.org/observations/184881654,https://inaturalist-open-data.s3.amazonaws.com/photos/322784820/medium.jpg,,"","",2,0,false,3,"Edith J. Carrier Arboretum, Harrisonburg, VA, US",38.4292707576,-78.8618641929,4,,,,4,,open,false,,,Amur Carp,Cyprinus rubrofuscus,Amur Carp,Actinopterygii,187316,,
185472299,6ad12d46-ff03-4141-abe2-6ce26c53654b,2023-09-29 12:39:59-07:00,2023-09-29,2023-09-29 19:39:59 UTC,Pacific Time (US & Canada),7271634,phong70161,Phong Huynh,2023-09-29 19:42:05 UTC,2023-09-29 20:43:34 UTC,research,,https://www.inaturalist.org/observations/185472299,https://static.inaturalist.org/photos/323923474/medium.jpg,,"",koi,2,0,false,3,"McLaren Park, San Francisco, CA, US",37.7214919991,-122.4224690411,8,,,,8,,open,false,,,Amur Carp,Cyprinus rubrofuscus,Amur Carp,Actinopterygii,187316,,
185615155,3b74d6fa-7a24-4d71-af02-77be6c50d72e,2023-09-30 14:02:07-05:00,2023-09-30,2023-09-30 19:02:07 UTC,Central Time (US & Canada),7321435,mweede,,2023-09-30 19:07:26 UTC,2023-10-02 13:48:07 UTC,research,,https://www.inaturalist.org/observations/185615155,https://static.inaturalist.org/photos/324198549/medium.jpg,,"","",2,0,false,3,"W Curtis Square, Geneva, IL, US",41.879505,-88.3837366667,3,,,,3,,open,false,,,Amur Carp,Cyprinus rubrofuscus,Amur Carp,Actinopterygii,187316,,
185730932,ff0d536f-2d79-461b-b7b4-dfcd7bcc5067,2023-10-01 09:38:46-04:00,2023-10-01,2023-10-01 13:38:46 UTC,Eastern Time (US & Canada),4138351,airsickspace,,2023-10-01 13:45:19 UTC,2023-10-08 01:18:38 UTC,research,CC-BY-NC,https://www.inaturalist.org/observations/185730932,https://inaturalist-open-data.s3.amazonaws.com/photos/324425137/medium.jpg,,"","",1,0,false,3,"Ben Brenman Park, Alexandria, VA, US",38.8085533333,-77.1134721667,3,,,,3,,open,false,,,Amur Carp,Cyprinus rubrofuscus,Amur Carp,Actinopterygii,187316,,
185824286,afeb84c9-18fc-455c-91cb-08857fd522c8,2023-08-26 16:11:25-07:00,2023-08-26,2023-08-26 23:11:25 UTC,Pacific Time (US & Canada),7316268,bxhu,,2023-10-01 23:22:34 UTC,2023-10-02 00:04:04 UTC,research,CC-BY-NC,https://www.inaturalist.org/observations/185824286,https://inaturalist-open-data.s3.amazonaws.com/photos/324605713/medium.jpg,,"","",2,0,false,3,"Naglee Ave, San Jose, CA, US",37.3344083333,-121.9225833333,3,,,,3,,open,false,,,Amur Carp,Cyprinus rubrofuscus,Amur Carp,Actinopterygii,187316,,
186327005,46a3c9fe-f058-4259-a8dc-408f42dd2f62,2023/10/05 10:34 AM,2023-10-05,2023-10-05 17:34:00 UTC,Pacific Time (US & Canada),650714,joseph103,Joseph Morlan,2023-10-05 20:35:14 UTC,2023-10-05 23:45:02 UTC,research,CC-BY-NC,https://www.inaturalist.org/observations/186327005,https://inaturalist-open-data.s3.amazonaws.com/photos/325597406/medium.jpg,,"",,2,0,false,,"Golden Gate Park, San Francisco, CA, USA",37.77029,-122.5024033333,,,,,,,open,false,,,Amur Carp,Cyprinus rubrofuscus,Amur Carp,Actinopterygii,187316,,
186627477,3ab14102-7c0f-4c94-aca7-1dac2a6724a9,2023-10-07 14:11:00,2023-10-07,2023-10-07 19:11:00 UTC,Central Time (US & Canada),7258311,sidlayieg,,2023-10-08 00:46:21 UTC,2023-10-08 01:17:09 UTC,research,CC-BY-NC,https://www.inaturalist.org/observations/186627477,https://inaturalist-open-data.s3.amazonaws.com/photos/326185838/medium.jpeg,,"",,2,0,false,2,"Tulsa, OK 74126, USA",36.2068295759,-96.0621450841,551,,,,551,,open,false,gps,gps,Carpa china,Cyprinus rubrofuscus,Amur Carp,Actinopterygii,187316,,
187053336,9fae0bb3-4f1d-41cd-a792-df7f9243fa95,2023-10-10 15:43:54-07:00,2023-10-10,2023-10-10 22:43:54 UTC,Pacific Time (US & Canada),687915,deehimes,Dee Shea Himes,2023-10-10 22:45:39 UTC,2023-10-14 14:24:46 UTC,research,CC-BY,https://www.inaturalist.org/observations/187053336,https://inaturalist-open-data.s3.amazonaws.com/photos/327033648/medium.jpg,,"","",2,0,false,3,"Los Gatos Creek Trail, Campbell, CA, US",37.294125,-121.9328866667,4,,,,4,,open,false,,,Amur Carp,Cyprinus rubrofuscus,Amur Carp,Actinopterygii,187316,,
187638206,8051b5ab-93a0-4f63-976e-cfc6ba0aba00,2023-10-14 13:28:27-04:00,2023-10-14,2023-10-14 17:28:27 UTC,America/Kentucky/Louisville,7148017,nabsiegel,Nicholas Siegel,2023-10-15 14:57:05 UTC,2023-11-05 20:14:19 UTC,research,,https://www.inaturalist.org/observations/187638206,https://static.inaturalist.org/photos/328187840/medium.jpg,,"","",2,0,false,3,"Huber Rd, Borden, IN, US",38.4230833333,-85.92688,6,,,,6,,open,false,,,Amur Carp,Cyprinus rubrofuscus,Amur Carp,Actinopterygii,187316,,
187715387,5942b98b-f0af-4b09-9bf1-d2cf65a8309c,Sun Oct 15 2023 20:15:19 GMT -0400 (EDT),2023-10-15,2023-10-16 00:15:19 UTC,Eastern Time (US & Canada),3007079,poook,,2023-10-16 00:15:25 UTC,2023-11-05 20:08:06 UTC,research,CC-BY-NC,https://www.inaturalist.org/observations/187715387,https://inaturalist-open-data.s3.amazonaws.com/photos/328343989/medium.jpeg,,"",,3,0,false,333,New York,40.7592773438,-73.832321167,35,,,,35,,open,false,,,Amur Carp,Cyprinus rubrofuscus,Amur Carp,Actinopterygii,187316,,
188171747,cdacde8f-2c47-4f94-98ec-286db5a9e480,Thu Oct 19 2023 13:55:18 GMT -0500 (GMT-5),2023-10-19,2023-10-19 18:55:18 UTC,Central Time (US & Canada),7338527,bobbie88144,Bobbie Gaudette,2023-10-19 18:56:14 UTC,2023-10-24 13:44:10 UTC,research,,https://www.inaturalist.org/observations/188171747,https://static.inaturalist.org/photos/329259736/medium.jpeg,,"",,2,0,false,333,Dallas,32.823802948,-96.7164535522,1000,,,,1000,,open,false,,,Amur Carp,Cyprinus rubrofuscus,Amur Carp,Actinopterygii,187316,,
188301204,f1f1e2db-5635-4205-81eb-40487bacecae,2023-10-20 15:48:32-05:00,2023-10-20,2023-10-20 20:48:32 UTC,Central Time (US & Canada),6494226,shelby375,Shelby R,2023-10-20 20:54:12 UTC,2024-07-09 20:14:37 UTC,research,,https://www.inaturalist.org/observations/188301204,https://static.inaturalist.org/photos/329529998/medium.jpg,,"","",1,0,false,3,"Discovery Center at Murfree Spring, Murfreesboro, TN, US",35.8384083333,-86.38758,4,,,,4,,open,false,,,Amur Carp,Cyprinus rubrofuscus,Amur Carp,Actinopterygii,187316,,
188566854,d564a850-2ebb-44cf-91d0-29dfddf01769,2023/10/22 1:32 PM,2023-10-22,2023-10-22 18:32:00 UTC,Central Time (US & Canada),24071,bob777,Bob O'Kennon,2023-10-22 20:04:05 UTC,2023-11-06 19:34:47 UTC,research,CC-BY-NC,https://www.inaturalist.org/observations/188566854,https://inaturalist-open-data.s3.amazonaws.com/photos/330073473/medium.jpeg,,"","",2,0,false,,"Tarrant County, US-TX, US",32.734685,-97.364178,37,,,,37,,open,false,,,Amur Carp,Cyprinus rubrofuscus,Amur Carp,Actinopterygii,187316,,
188641662,d6768e0a-4858-49d2-a5d8-d0e82bf8aab5,2023-05-23 16:47:40,2023-05-23,2023-05-23 23:47:40 UTC,Pacific Time (US & Canada),7430724,riley95793,Riley,2023-10-23 09:08:27 UTC,2024-02-02 22:27:29 UTC,research,,https://www.inaturalist.org/observations/188641662,https://static.inaturalist.org/photos/330230983/medium.jpeg,,"",,2,0,false,2,"Washington, US",47.2364401609,-122.4358274999,,,,,26871,obscured,open,true,gps,gps,Amur Carp,Cyprinus rubrofuscus,Amur Carp,Actinopterygii,187316,,
188814938,e4646723-4e16-445c-939f-db9cda198661,2023-04-04 19:09:58-07:00,2023-04-04,2023-04-05 02:09:58 UTC,Pacific Time (US & Canada),7549667,tommysalami1,Tommy,2023-10-24 19:27:06 UTC,2023-10-25 14:28:31 UTC,research,,https://www.inaturalist.org/observations/188814938,https://static.inaturalist.org/photos/330581989/medium.jpg,,"","",1,0,false,3,"Hakone Estate and Gardens, Saratoga, CA, US",37.25233,-122.0416195,3,,,,3,,open,false,,,Amur Carp,Cyprinus rubrofuscus,Amur Carp,Actinopterygii,187316,,
188821619,dbff751b-3aea-4bd8-bdfc-6aa5c3bc613b,2023-10-24 12:56:36,2023-10-24,2023-10-24 19:56:36 UTC,Pacific Time (US & Canada),1720202,artzyology,Kim Brown,2023-10-24 20:22:12 UTC,2023-11-28 01:26:14 UTC,research,,https://www.inaturalist.org/observations/188821619,https://static.inaturalist.org/photos/330595037/medium.jpeg,,"",,1,0,false,2,"Davis, CA 95616, USA",38.5289581997,-121.7610717997,,,,,,,open,false,,,Amur Carp,Cyprinus rubrofuscus,Amur Carp,Actinopterygii,187316,,
189124025,890fedba-e328-44b3-9daa-040a0d3ed2d8,2023-10-27 10:15:08-04:00,2023-10-27,2023-10-27 14:15:08 UTC,Eastern Time (US & Canada),4788811,jennamarie022,,2023-10-27 15:28:44 UTC,2023-11-02 15:09:58 UTC,research,CC-BY-NC,https://www.inaturalist.org/observations/189124025,https://inaturalist-open-data.s3.amazonaws.com/photos/332400975/medium.jpg,,"","",2,0,false,3,"The Crossings of Colonie, Loudonville, NY, US",42.718955,-73.7910166667,120,,,,120,,open,false,,,Amur Carp,Cyprinus rubrofuscus,Amur Carp,Actinopterygii,187316,,
189232744,4d1a979f-3ccf-4d4d-b025-5e78a8a435b3,2023-10-28 11:11:10-04:00,2023-10-28,2023-10-28 15:11:10 UTC,Eastern Time (US & Canada),4109796,josh778,Josh Hughes,2023-10-28 15:14:36 UTC,2023-10-28 16:30:56 UTC,research,,https://www.inaturalist.org/observations/189232744,https://static.inaturalist.org/photos/331434670/medium.jpg,,"","",2,0,false,3,"Kernersville, NC, US",36.1168471667,-80.0275111667,4,,,,4,,open,false,,,Amur Carp,Cyprinus rubrofuscus,Amur Carp,Actinopterygii,187316,,
189238144,d24645fb-ebf0-46b1-a196-abebfdc60e5a,2023-10-26 14:34:05,2023-10-26,2023-10-26 18:34:05 UTC,Eastern Time (US & Canada),5752416,hazelfern,Hannah,2023-10-28 15:58:31 UTC,2023-10-28 16:28:51 UTC,research,CC-BY-NC,https://www.inaturalist.org/observations/189238144,https://inaturalist-open-data.s3.amazonaws.com/photos/331444461/medium.jpeg,,"",,1,0,false,2,"Germantown, MD, USA",39.1888541,-77.2784347,,,,,,,open,false,gps,gps,Amur Carp,Cyprinus rubrofuscus,Amur Carp,Actinopterygii,187316,,
189250569,b6037bb6-da3d-4db3-b52f-5882c03232f3,2023-10-28 10:40:00-04:00,2023-10-28,2023-10-28 14:40:00 UTC,Eastern Time (US & Canada),7523084,mindfully_watchen,SpartanCreeper T,2023-10-28 17:43:48 UTC,2023-11-01 17:45:51 UTC,research,,https://www.inaturalist.org/observations/189250569,https://static.inaturalist.org/photos/331469235/medium.jpg,,"","Amur Carp or Goldfish? Has long fins, but some comet goldfish also have long fins...",2,0,false,3,"River Rd, Poolesville, MD, US",39.0817155869,-77.3828729393,23,,,,23,,open,false,,,Amur Carp,Cyprinus rubrofuscus,Amur Carp,Actinopterygii,187316,,
189419652,a3e3b09f-8a62-45d0-b362-f0a37b376b6f,2023-10-14 11:54:35-04:00,2023-10-14,2023-10-14 15:54:35 UTC,Eastern Time (US & Canada),7273185,cartasia,,2023-10-30 00:13:52 UTC,2023-10-30 00:43:29 UTC,research,CC-BY-NC,https://www.inaturalist.org/observations/189419652,https://inaturalist-open-data.s3.amazonaws.com/photos/331817649/medium.jpg,,"","",1,0,false,3,"NE 180th Ave, Williston, FL, US",29.40327235,-82.4784464,123,,,,123,,open,false,,,Amur Carp,Cyprinus rubrofuscus,Amur Carp,Actinopterygii,187316,,
189706653,97738bc3-4807-4cec-b461-015d7065d4eb,2023-11-01 15:24:19,2023-11-01,2023-11-01 19:24:19 UTC,Eastern Time (US & Canada),5724832,will565,Will Thompson,2023-11-01 22:02:53 UTC,2023-11-02 18:08:29 UTC,research,,https://www.inaturalist.org/observations/189706653,https://static.inaturalist.org/photos/332398149/medium.jpeg,,"",,3,0,false,2,"Harrisonburg, VA 22801, USA",38.3911611111,-78.9169222222,,,,,,,open,false,gps,gps,Amur Carp,Cyprinus rubrofuscus,Amur Carp,Actinopterygii,187316,,
189858777,6a136ae1-53a6-472d-b313-9517617b227a,2023-11-03 11:01:38-04:00,2023-11-03,2023-11-03 15:01:38 UTC,Eastern Time (US & Canada),7360034,kayleem29,,2023-11-03 15:08:46 UTC,2024-05-26 17:14:10 UTC,research,CC-BY-NC,https://www.inaturalist.org/observations/189858777,https://inaturalist-open-data.s3.amazonaws.com/photos/333703457/medium.jpg,,"","",1,0,false,3,"Massachusetts, US",41.7028882906,-70.3388496521,23,,,,27754,obscured,open,true,,,Amur Carp,Cyprinus rubrofuscus,Amur Carp,Actinopterygii,187316,,
190135783,4fd61ca7-a433-4616-a8f6-3d31b37ea5a1,2023-10-19 18:59:40-04:00,2023-10-19,2023-10-19 22:59:40 UTC,Indiana (East),7288709,liliu,,2023-11-05 23:12:50 UTC,2023-11-06 23:37:53 UTC,research,CC-BY-NC,https://www.inaturalist.org/observations/190135783,https://inaturalist-open-data.s3.amazonaws.com/photos/333244901/medium.jpg,,"","",1,0,false,3,"White River State Park, 印第安纳波利斯, IN, US",39.7677,-86.1711883333,2,,,,2,,open,false,,,华南鲤,Cyprinus rubrofuscus,Amur Carp,Actinopterygii,187316,,
190730476,698c00b5-847c-476c-8f38-ae5838fe5535,Sat Nov 11 2023 15:12:51 GMT -0800 (PST),2023-11-11,2023-11-11 23:12:51 UTC,Pacific Time (US & Canada),7212047,sevblooms,,2023-11-11 23:12:58 UTC,2023-11-22 15:13:50 UTC,research,CC-BY-NC,https://www.inaturalist.org/observations/190730476,https://inaturalist-open-data.s3.amazonaws.com/photos/334423542/medium.jpeg,,"",,3,0,false,333,Cherry Valley,33.9905700684,-116.9635238647,50,,,,50,,open,false,,,Amur Carp,Cyprinus rubrofuscus,Amur Carp,Actinopterygii,187316,,
191143506,06e68164-aab4-4c2d-afa6-ef8f3110f8a2,2023-11-15 14:58:33-08:00,2023-11-15,2023-11-15 22:58:33 UTC,Pacific Time (US & Canada),3113939,dalemeister,,2023-11-16 02:23:53 UTC,2024-07-08 11:13:01 UTC,research,CC-BY-NC,https://www.inaturalist.org/observations/191143506,https://inaturalist-open-data.s3.amazonaws.com/photos/335250415/medium.jpg,,"","",6,0,false,3,"College of the Desert, Palm Desert, CA, US",33.7344864156,-116.3862929178,58,,,,58,,open,false,,,Amur Carp,Cyprinus rubrofuscus,Amur Carp,Actinopterygii,187316,,
191187080,0a338c0f-554b-4475-9906-7b2480e978f4,2023-11-16 10:18:48-06:00,2023-11-16,2023-11-16 16:18:48 UTC,Central Time (US & Canada),7607039,kateleeth,,2023-11-16 16:18:53 UTC,2023-11-27 18:29:24 UTC,research,CC-BY-NC,https://www.inaturalist.org/observations/191187080,https://inaturalist-open-data.s3.amazonaws.com/photos/335337327/medium.jpg,,"","",4,0,false,3,"W Shugart Ridge Rd, Gardendale, AL, US",33.6517826015,-86.8337504391,97745,,,,97745,,open,false,,,Amur Carp,Cyprinus rubrofuscus,Amur Carp,Actinopterygii,187316,,
192215432,49140983-6369-4f1d-8bb9-98261efbbf58,2023-11-26 08:11:43-08:00,2023-11-26,2023-11-26 16:11:43 UTC,Pacific Time (US & Canada),4116989,kevin_jauregui,Kevin Jauregui,2023-11-26 16:12:47 UTC,2023-11-26 20:17:42 UTC,research,,https://www.inaturalist.org/observations/192215432,https://static.inaturalist.org/photos/337383099/medium.jpg,,"","",1,0,false,3,"Los Gatos Creek Trail, Campbell, CA, US",37.2936166667,-121.9328083333,4,,,,4,,open,false,,,Amur Carp,Cyprinus rubrofuscus,Amur Carp,Actinopterygii,187316,,
192369881,3540b974-4bf0-4ece-a986-bb97cce7700a,2023-09-09 14:24:38-04:00,2023-09-09,2023-09-09 18:24:38 UTC,Eastern Time (US & Canada),7639166,kelceygreene,,2023-11-27 19:49:56 UTC,2023-12-03 18:45:10 UTC,research,CC-BY-NC,https://www.inaturalist.org/observations/192369881,https://inaturalist-open-data.s3.amazonaws.com/photos/337683199/medium.jpg,,"","",4,0,false,3,"Shofuso, Philadelphia, PA, US",39.981425,-75.2125783333,4,,,,4,,open,false,,,Amur Carp,Cyprinus rubrofuscus,Amur Carp,Actinopterygii,187316,,
192467362,baade039-5d04-4912-9fc7-568927ac230e,2023-11-28 12:14:10-05:00,2023-11-28,2023-11-28 17:14:10 UTC,Eastern Time (US & Canada),7578076,kearkm,,2023-11-28 17:17:29 UTC,2023-11-29 13:46:22 UTC,research,CC-BY-NC,https://www.inaturalist.org/observations/192467362,https://inaturalist-open-data.s3.amazonaws.com/photos/337879721/medium.jpg,,"","",5,0,false,3,"College of Charleston, Charleston, SC, US",32.7820745569,-79.9375757723,40,,,,40,,open,false,,,Amur Carp,Cyprinus rubrofuscus,Amur Carp,Actinopterygii,187316,,
192469613,f2dc5264-e8af-4aa8-acea-a5826e2b10d5,2023-11-28 12:50:36-05:00,2023-11-28,2023-11-28 17:50:36 UTC,Eastern Time (US & Canada),7577903,annacjenkins1,,2023-11-28 17:50:57 UTC,2023-11-29 13:45:34 UTC,research,CC-BY-NC,https://www.inaturalist.org/observations/192469613,https://inaturalist-open-data.s3.amazonaws.com/photos/337883908/medium.jpg,,"","",3,1,false,3,"College of Charleston, Charleston, SC, US",32.7823291794,-79.937628166,4,,,,4,,open,false,,,Amur Carp,Cyprinus rubrofuscus,Amur Carp,Actinopterygii,187316,,
192486969,05498c0b-1e79-4c9a-b13c-aa1b90389a88,2023-09-28 14:02:20-04:00,2023-09-28,2023-09-28 18:02:20 UTC,Eastern Time (US & Canada),7578077,alexbarron04,,2023-11-28 21:10:31 UTC,2023-11-29 13:40:45 UTC,research,CC-BY-NC,https://www.inaturalist.org/observations/192486969,https://inaturalist-open-data.s3.amazonaws.com/photos/337916643/medium.jpg,,"","",4,0,false,3,"College of Charleston, Charleston, SC, US",32.782400703,-79.9375282989,23,,,,23,,open,false,,,Amur Carp,Cyprinus rubrofuscus,Amur Carp,Actinopterygii,187316,,
192496370,fb9b2cb4-646a-4dc4-8646-ce22d56b29e9,2023-11-28 18:01:04-05:00,2023-11-28,2023-11-28 23:01:04 UTC,Eastern Time (US & Canada),7578046,mayo_goes_outside,Maya Mylott,2023-11-28 23:01:13 UTC,2023-11-29 13:38:22 UTC,research,,https://www.inaturalist.org/observations/192496370,https://static.inaturalist.org/photos/337934592/medium.jpg,,"","",4,0,false,3,"College of Charleston, Charleston, SC, US",32.781961208,-79.9357273009,78,,,,78,,open,false,,,Amur Carp,Cyprinus rubrofuscus,Amur Carp,Actinopterygii,187316,,
192498829,30b3dabc-87fe-4ef0-9020-f01fb7cfe1d6,2023-11-28 10:03:00-06:00,2023-11-28,2023-11-28 16:03:00 UTC,Central Time (US & Canada),7223833,emma_rose_davis,,2023-11-28 23:40:24 UTC,2023-11-29 13:38:06 UTC,research,CC-BY-NC,https://www.inaturalist.org/observations/192498829,https://inaturalist-open-data.s3.amazonaws.com/photos/337939438/medium.jpg,,"","",4,0,false,3,"Alabama, US",34.7083784385,-86.7554025056,14830,,,,28790,obscured,open,true,,,Amur Carp,Cyprinus rubrofuscus,Amur Carp,Actinopterygii,187316,,
192508115,d3086180-0e2f-405e-9dfa-16afc7f97bd3,2023/11/27 2:56 PM,2023-11-27,2023-11-27 22:56:00 UTC,Pacific Time (US & Canada),3290,temminicki,Jeremiah Degenhardt,2023-11-29 01:47:39 UTC,2024-08-29 23:45:13 UTC,research,CC-BY-NC,https://www.inaturalist.org/observations/192508115,https://inaturalist-open-data.s3.amazonaws.com/photos/337957956/medium.jpg,,"",,4,0,false,,"Pruneyard / Dry Creek, Campbell, CA, USA",37.2908083333,-121.9345416667,,,,,,,open,false,,,Amur Carp,Cyprinus rubrofuscus,Amur Carp,Actinopterygii,187316,,
192641454,aee0d094-54b4-4d41-8cce-3b3b7ba55996,2023-11-24 15:16:39-05:00,2023-11-24,2023-11-24 20:16:39 UTC,Eastern Time (US & Canada),7339040,ariesnation,,2023-11-30 15:06:47 UTC,2023-12-01 21:51:40 UTC,research,CC-BY-NC,https://www.inaturalist.org/observations/192641454,https://inaturalist-open-data.s3.amazonaws.com/photos/338227480/medium.jpg,,"","",3,0,false,3,"Riverside Regional Medical Center, Newport News, VA, US",37.0649333333,-76.4831083333,4,,,,4,,open,false,,,Amur Carp,Cyprinus rubrofuscus,Amur Carp,Actinopterygii,187316,,
192641467,89bb323d-0143-4857-8023-f474ecf29533,2023-11-24 15:16:35-05:00,2023-11-24,2023-11-24 20:16:35 UTC,Eastern Time (US & Canada),7339040,ariesnation,,2023-11-30 15:07:13 UTC,2023-12-01 14:13:58 UTC,research,CC-BY-NC,https://www.inaturalist.org/observations/192641467,https://inaturalist-open-data.s3.amazonaws.com/photos/338227519/medium.jpg,,"","",4,0,false,3,"Riverside Regional Medical Center, Newport News, VA, US",37.0650055,-76.4831616667,5,,,,5,,open,false,,,Amur Carp,Cyprinus rubrofuscus,Amur Carp,Actinopterygii,187316,,
192641478,087efff9-e135-4b96-862c-02352f7a8b94,2023-11-24 15:16:31-05:00,2023-11-24,2023-11-24 20:16:31 UTC,Eastern Time (US & Canada),7339040,ariesnation,,2023-11-30 15:07:22 UTC,2023-12-01 14:13:52 UTC,research,CC-BY-NC,https://www.inaturalist.org/observations/192641478,https://inaturalist-open-data.s3.amazonaws.com/photos/338227534/medium.jpg,,"","",3,0,false,3,"Riverside Regional Medical Center, Newport News, VA, US",37.0649916667,-76.48317,4,,,,4,,open,false,,,Amur Carp,Cyprinus rubrofuscus,Amur Carp,Actinopterygii,187316,,
192641489,a9f176dc-0d62-4041-ae39-e8e5951f4b4f,2023-11-24 15:16:30-05:00,2023-11-24,2023-11-24 20:16:30 UTC,Eastern Time (US & Canada),7339040,ariesnation,,2023-11-30 15:07:39 UTC,2023-12-01 14:13:33 UTC,research,CC-BY-NC,https://www.inaturalist.org/observations/192641489,https://inaturalist-open-data.s3.amazonaws.com/photos/338227565/medium.jpg,,"","",5,0,false,3,"Riverside Regional Medical Center, Newport News, VA, US",37.0649916667,-76.48317,4,,,,4,,open,false,,,Amur Carp,Cyprinus rubrofuscus,Amur Carp,Actinopterygii,187316,,
192767678,fe57c85e-fdec-4dd9-bd29-986adead6d65,2023/11/27 3:56 PM,2023-11-27,2023-11-27 23:56:00 UTC,Pacific Time (US & Canada),2314302,aniedes,Oonagh,2023-12-02 00:06:19 UTC,2023-12-16 06:47:55 UTC,research,CC-BY-NC,https://www.inaturalist.org/observations/192767678,https://inaturalist-open-data.s3.amazonaws.com/photos/338476725/medium.jpg,,"",,4,0,false,,"California, US",37.3507204758,-121.8970065932,167,,,,28417,obscured,open,true,,,Amur Carp,Cyprinus rubrofuscus,Amur Carp,Actinopterygii,187316,,
192773608,52e90e5e-b40c-4293-9e03-dda891d50232,2023-12-01 13:33:42-08:00,2023-12-01,2023-12-01 21:33:42 UTC,Pacific Time (US & Canada),3113939,dalemeister,,2023-12-02 01:32:52 UTC,2023-12-02 14:11:05 UTC,research,CC-BY-NC,https://www.inaturalist.org/observations/192773608,https://inaturalist-open-data.s3.amazonaws.com/photos/338489557/medium.jpg,,"","",5,0,false,3,"N Palm Canyon Dr, Palm Springs, CA, US",33.8460539508,-116.5463757641,25,,,,25,,open,false,,,Amur Carp,Cyprinus rubrofuscus,Amur Carp,Actinopterygii,187316,,
193005876,e56abb0c-6092-47d0-8d15-1de91b3130d3,2023-10-10,2023-10-10,,Pacific Time (US & Canada),7459499,minh_kha,Minh-Kha Pham,2023-12-04 04:34:50 UTC,2025-01-01 00:36:46 UTC,research,,https://www.inaturalist.org/observations/193005876,https://static.inaturalist.org/photos/338954056/medium.jpeg,,"","These koi fish all swarm around the edge of the pond when being fed ""fish food."" Because of their beautiful features and pattern, koi fish are often preserved in private gardens and lakes rather than being consumed or cooked, likely to highlight their significance in east Asian cultures. Fish like these coexistence in harmony with one another and do not compete for survival. I don't observe any aggression with each other as they swim very peacefully and calmly. This species also possessed high diversification as the skin pattern is different and unique for every fish.  No koi fish looks alike, very similar to humans and our diversity. ",1,0,false,2,"Downtown, San Mateo, CA, USA",37.56205,-122.3216916667,,,,,,,open,false,,,Amur Carp,Cyprinus rubrofuscus,Amur Carp,Actinopterygii,187316,,
193149994,ad39cb24-e470-4902-8ac8-5fec98513331,2023-12-05 14:05:10-06:00,2023-12-05,2023-12-05 20:05:10 UTC,Central Time (US & Canada),7366775,crchambers,Cameron Chambers,2023-12-05 20:11:01 UTC,2025-01-25 23:13:45 UTC,research,CC-BY-NC,https://www.inaturalist.org/observations/193149994,https://inaturalist-open-data.s3.amazonaws.com/photos/339252696/medium.jpg,,"",Koi/Carp hybrid,6,0,false,3,"Belmont Harbor, Chicago, IL, US",41.9406211462,-87.6355881359,1735,,,,1735,,open,false,,,Amur Carp,Cyprinus rubrofuscus,Amur Carp,Actinopterygii,187316,,
193213666,40787782-3237-4305-b042-7302bbf505f4,2017-06-25 20:42:25-05:00,2017-06-25,2017-06-26 01:42:25 UTC,America/Detroit,6582650,mi_fishes,,2023-12-06 14:37:55 UTC,2023-12-07 01:28:16 UTC,research,CC-BY-NC,https://www.inaturalist.org/observations/193213666,https://inaturalist-open-data.s3.amazonaws.com/photos/339381530/medium.jpg,,"","",2,0,false,3,"Elderberry Dr, Okemos, MI, US",42.690845,-84.4496383333,5,,,,5,,open,false,,,Amur Carp,Cyprinus rubrofuscus,Amur Carp,Actinopterygii,187316,,
193263367,2edd65f7-db51-43f3-8cbe-a64098046760,2023-12-06 12:32:37-08:00,2023-12-06,2023-12-06 20:32:37 UTC,Pacific Time (US & Canada),3113939,dalemeister,,2023-12-07 02:23:28 UTC,2023-12-13 17:42:57 UTC,research,CC-BY-NC,https://www.inaturalist.org/observations/193263367,https://inaturalist-open-data.s3.amazonaws.com/photos/339477380/medium.jpg,,"","",4,0,false,3,"College of the Desert, Palm Desert, CA, US",33.734434189,-116.3863018002,25,,,,25,,open,false,,,Amur Carp,Cyprinus rubrofuscus,Amur Carp,Actinopterygii,187316,,
193269236,d0168f6a-7d4e-45f6-b87f-1ea7591f5d88,2023-12-06 19:54:23-08:00,2023-12-06,2023-12-07 03:54:23 UTC,Pacific Time (US & Canada),7458299,marylinr,,2023-12-07 03:57:02 UTC,2023-12-13 16:14:15 UTC,research,CC-BY-NC,https://www.inaturalist.org/observations/193269236,https://inaturalist-open-data.s3.amazonaws.com/photos/339489313/medium.jpg,,"","",3,0,false,3,"Salinas, CA, US",36.6867315,-121.630462,3642,,,,3642,,open,false,,,Amur Carp,Cyprinus rubrofuscus,Amur Carp,Actinopterygii,187316,,
193332387,beeecdd5-583d-4949-a8b8-e8d9f5ff4546,2023-09-20 15:19:29-04:00,2023-09-20,2023-09-20 19:19:29 UTC,Eastern Time (US & Canada),7641823,pipermorgan3,,2023-12-07 21:47:52 UTC,2023-12-07 23:08:06 UTC,research,CC-BY-NC,https://www.inaturalist.org/observations/193332387,https://inaturalist-open-data.s3.amazonaws.com/photos/339609734/medium.jpg,,"","",1,0,false,3,"Endicott College, Beverly, MA, US",42.5526166667,-70.84168,19,,,,19,,open,false,,,Amur Carp,Cyprinus rubrofuscus,Amur Carp,Actinopterygii,187316,,
193410981,c6643fba-1908-43e8-bdb8-f68861312696,2023-07-24 11:12:18-05:00,2023-07-24,2023-07-24 16:12:18 UTC,Central Time (US & Canada),7662195,loycesj1,,2023-12-08 19:41:12 UTC,2023-12-09 04:55:01 UTC,research,CC-BY-NC,https://www.inaturalist.org/observations/193410981,https://inaturalist-open-data.s3.amazonaws.com/photos/339758223/medium.jpg,,"","",3,0,false,3,"Fort Worth Botanic Garden, Fort Worth, TX, US",32.7361216667,-97.3665783333,4,,,,4,,open,false,,,Amur Carp,Cyprinus rubrofuscus,Amur Carp,Actinopterygii,187316,,
193739981,39b9d6ca-2796-45ab-9b59-905b057d581e,2023-12-07 11:45:00-05:00,2023-12-07,2023-12-07 16:45:00 UTC,Eastern Time (US & Canada),7365965,dannyyoumans,,2023-12-11 21:42:26 UTC,2023-12-13 23:13:12 UTC,research,CC-BY-NC,https://www.inaturalist.org/observations/193739981,https://inaturalist-open-data.s3.amazonaws.com/photos/340368825/medium.jpg,,"","",1,0,false,3,"Endicott College, Beverly, MA, US",42.5526972528,-70.8421247874,24,,,,24,,open,false,,,Amur Carp,Cyprinus rubrofuscus,Amur Carp,Actinopterygii,187316,,
193985318,2c7e0d6c-c16a-40b2-a02a-ee4811e25c34,2021-12-27 13:09:16,2021-12-27,2021-12-27 19:09:16 UTC,Central Time (US & Canada),7533287,mikeshands,MikeShands,2023-12-15 00:25:00 UTC,2023-12-15 14:48:45 UTC,research,,https://www.inaturalist.org/observations/193985318,https://static.inaturalist.org/photos/340865649/medium.jpeg,,"",,3,0,false,2,"South Lake Worth, Fort Worth, TX 76108, USA",32.7856408384,-97.4732991681,2696,,,,2696,,open,false,gps,gps,Amur Carp,Cyprinus rubrofuscus,Amur Carp,Actinopterygii,187316,,
194375733,6241425a-a30e-484d-8b3f-71f739ca0f32,2015/07/24 5:51 PM,2015-07-24,2015-07-24 21:51:00 UTC,Eastern Time (US & Canada),1699432,rkluzco,,2023-12-19 19:48:00 UTC,2024-01-01 07:27:23 UTC,research,CC-BY-NC,https://www.inaturalist.org/observations/194375733,https://inaturalist-open-data.s3.amazonaws.com/photos/341656093/medium.jpg,,"",,5,0,false,,"Wilkes-Barre, PA, USA",41.2509651888,-75.888936797,94,,,,94,,open,false,,,Amur Carp,Cyprinus rubrofuscus,Amur Carp,Actinopterygii,187316,,
194398288,b87abae9-3890-4100-be7e-f906c40af2a1,2016/04/19 8:28 PM,2016-04-19,2016-04-20 00:28:00 UTC,Eastern Time (US & Canada),1699432,rkluzco,,2023-12-20 02:15:30 UTC,2024-01-01 07:12:31 UTC,research,CC-BY-NC,https://www.inaturalist.org/observations/194398288,https://inaturalist-open-data.s3.amazonaws.com/photos/341701992/medium.jpeg,,"",,4,0,false,,"Wilkes-Barre, PA, USA",41.2511671355,-75.8891297605,31,,,,31,,open,false,,,Amur Carp,Cyprinus rubrofuscus,Amur Carp,Actinopterygii,187316,,
194679781,0c22d53c-74a8-49d5-8a8b-d4adb72fa829,2023-12-23 14:21:16,2023-12-23,2023-12-23 20:21:16 UTC,Central Time (US & Canada),2855210,allisonx,Allison T,2023-12-23 20:40:21 UTC,2024-06-30 00:42:16 UTC,research,,https://www.inaturalist.org/observations/194679781,https://static.inaturalist.org/photos/342276518/medium.jpeg,,"",,2,0,false,2,"Countryside, Kansas City, MO, USA",39.0316805556,-94.5918861111,,,,,,,open,false,gps,gps,Amur Carp,Cyprinus rubrofuscus,Amur Carp,Actinopterygii,187316,,
194768062,f04430d2-d654-48ac-b89f-7319de022185,2023-12-24 15:57:01,2023-12-24,2023-12-24 20:57:01 UTC,Eastern Time (US & Canada),1000345,trueforester,Forest,2023-12-24 21:11:50 UTC,2024-06-30 00:42:07 UTC,research,,https://www.inaturalist.org/observations/194768062,https://static.inaturalist.org/photos/342451700/medium.jpeg,,"",,3,0,false,2,"Cleveland, FL, USA",26.9665403472,-81.9890142194,,,,,,,open,false,gps,gps,Amur Carp,Cyprinus rubrofuscus,Amur Carp,Actinopterygii,187316,,
195207928,5973d465-f592-41a6-bb8e-98bf41810c51,2023-12-29 17:05:26-05:00,2023-12-29,2023-12-29 22:05:26 UTC,Eastern Time (US & Canada),7302050,gvaleskat,Valeska Torres,2023-12-29 22:06:16 UTC,2024-01-02 12:31:02 UTC,research,,https://www.inaturalist.org/observations/195207928,https://static.inaturalist.org/photos/343353952/medium.jpg,,"",yellow coi fish,7,0,false,3,"George Busbee Pkwy NW, Kennesaw, GA, US",34.0127333333,-84.5661,8,,,,8,,open,false,,,Amur Carp,Cyprinus rubrofuscus,Amur Carp,Actinopterygii,187316,,
195207936,d64b059b-2e48-41c3-8846-8646e5e4d129,2023-12-29 17:05:28-05:00,2023-12-29,2023-12-29 22:05:28 UTC,Eastern Time (US & Canada),7302050,gvaleskat,Valeska Torres,2023-12-29 22:06:31 UTC,2024-01-02 12:30:55 UTC,research,,https://www.inaturalist.org/observations/195207936,https://static.inaturalist.org/photos/343353996/medium.jpg,,"",black and orange coi fish,7,0,false,3,"George Busbee Pkwy NW, Kennesaw, GA, US",34.0127333333,-84.5661083333,3,,,,3,,open,false,,,Amur Carp,Cyprinus rubrofuscus,Amur Carp,Actinopterygii,187316,,
195222167,f178786b-4847-40a1-a0f2-f58f1c18b9ba,2023-12-29 15:03:35-08:00,2023-12-29,2023-12-29 23:03:35 UTC,Pacific Time (US & Canada),3113939,dalemeister,,2023-12-30 00:54:46 UTC,2024-01-10 16:41:54 UTC,research,CC-BY-NC,https://www.inaturalist.org/observations/195222167,https://inaturalist-open-data.s3.amazonaws.com/photos/343383679/medium.jpg,,"","",8,0,false,3,"College of the Desert, Palm Desert, CA, US",33.7344250847,-116.3862912288,25,,,,25,,open,false,,,Amur Carp,Cyprinus rubrofuscus,Amur Carp,Actinopterygii,187316,,
195401500,ce69c50c-fefe-42d1-9d12-398dd550a605,Sun Dec 31 2023 14:49:57 GMT -0600 (CST),2023-12-31,2023-12-31 20:49:57 UTC,Central Time (US & Canada),7302664,shivikaagg,Shivika Aggrawal,2023-12-31 20:50:03 UTC,2024-01-10 16:42:04 UTC,research,CC-BY-NC,https://www.inaturalist.org/observations/195401500,https://inaturalist-open-data.s3.amazonaws.com/photos/343750000/medium.jpeg,,"",,5,0,false,333,New Braunfels,29.6557769775,-98.1870880127,61,,,,61,,open,false,,,Amur Carp,Cyprinus rubrofuscus,Amur Carp,Actinopterygii,187316,,
195401518,a3a74d9f-eff7-46a0-afa8-41e28326f88a,Sun Dec 31 2023 14:50:12 GMT -0600 (CST),2023-12-31,2023-12-31 20:50:12 UTC,Central Time (US & Canada),7302664,shivikaagg,Shivika Aggrawal,2023-12-31 20:50:18 UTC,2024-05-16 16:10:41 UTC,research,CC-BY-NC,https://www.inaturalist.org/observations/195401518,https://inaturalist-open-data.s3.amazonaws.com/photos/343839215/medium.jpeg,,"",,3,0,false,333,New Braunfels,29.655670166,-98.1870346069,40,,,,40,,open,false,,,Amur Carp,Cyprinus rubrofuscus,Amur Carp,Actinopterygii,187316,,
195404053,f1a57a14-62db-45f6-94f9-6e58354b0006,2023-12-31 15:58:29,2023-12-31,2023-12-31 20:58:29 UTC,Eastern Time (US & Canada),4311031,e_damm,Emma Damm,2023-12-31 21:16:45 UTC,2024-01-01 21:19:23 UTC,research,,https://www.inaturalist.org/observations/195404053,https://static.inaturalist.org/photos/343754787/medium.jpeg,,"","This thing is massive, about 2 feet long. ",3,0,false,2,"Tallahassee, FL 32304, USA",30.4584271583,-84.3224704694,,,,,,,open,false,gps,gps,Amur Carp,Cyprinus rubrofuscus,Amur Carp,Actinopterygii,187316,,
195789736,406e7c5e-64d0-4b2e-b191-125814741fc4,2024-01-04 11:20:39-08:00,2024-01-04,2024-01-04 19:20:39 UTC,Pacific Time (US & Canada),3113939,dalemeister,,2024-01-04 23:02:39 UTC,2024-01-10 16:38:22 UTC,research,CC-BY-NC,https://www.inaturalist.org/observations/195789736,https://inaturalist-open-data.s3.amazonaws.com/photos/344535522/medium.jpg,,"","",6,0,false,3,"N Palm Canyon Dr, Palm Springs, CA, US",33.8461444932,-116.5463436403,25,,,,25,,open,false,,,Amur Carp,Cyprinus rubrofuscus,Amur Carp,Actinopterygii,187316,,
196069959,f1d8c2b7-9655-4032-8500-812ce13a2f24,2024-01-07 12:38:17-08:00,2024-01-07,2024-01-07 20:38:17 UTC,Pacific Time (US & Canada),3113939,dalemeister,,2024-01-07 23:05:31 UTC,2024-01-10 16:41:39 UTC,research,CC-BY-NC,https://www.inaturalist.org/observations/196069959,https://inaturalist-open-data.s3.amazonaws.com/photos/345099312/medium.jpg,,"","",4,0,false,3,"Desert Springs Golf Club, Palm Desert, CA, US",33.7550282151,-116.3640793114,25,,,,25,,open,false,,,Amur Carp,Cyprinus rubrofuscus,Amur Carp,Actinopterygii,187316,,
196190701,3cae8977-1dff-4700-b7a6-c53c96900d2f,2024/01/08 8:44 AM,2024-01-08,2024-01-08 13:44:00 UTC,Eastern Time (US & Canada),386843,alice_herden,Alice Herden,2024-01-09 09:00:48 UTC,2024-01-10 16:41:29 UTC,research,CC-BY-NC,https://www.inaturalist.org/observations/196190701,https://inaturalist-open-data.s3.amazonaws.com/photos/345341441/medium.jpg,,"",,6,0,false,,"Cedar Lakes Woods and Gardens, 4990 NE 180th Ave, Williston, FL 32696, USA",29.4033706,-82.4776751,199,,,,199,,open,false,,,Amur Carp,Cyprinus rubrofuscus,Amur Carp,Actinopterygii,187316,,
196397343,f47091f6-2935-48e3-a098-18e5af19c701,2024-01-11 13:15:18-08:00,2024-01-11,2024-01-11 21:15:18 UTC,Pacific Time (US & Canada),3113939,dalemeister,,2024-01-12 03:01:38 UTC,2024-01-13 11:49:19 UTC,research,CC-BY-NC,https://www.inaturalist.org/observations/196397343,https://inaturalist-open-data.s3.amazonaws.com/photos/345762348/medium.jpg,,"","",3,0,false,3,"N Palm Canyon Dr, Palm Springs, CA, US",33.8460484234,-116.5463571856,25,,,,25,,open,false,,,Amur Carp,Cyprinus rubrofuscus,Amur Carp,Actinopterygii,187316,,
196717011,bc5e5695-4dfb-4505-b253-66d68d0fa5b6,2024-01-14 13:18:00-08:00,2024-01-14,2024-01-14 21:18:00 UTC,Pacific Time (US & Canada),3113939,dalemeister,,2024-01-15 01:16:41 UTC,2024-01-15 13:35:56 UTC,research,CC-BY-NC,https://www.inaturalist.org/observations/196717011,https://inaturalist-open-data.s3.amazonaws.com/photos/346282233/medium.jpg,,"","",4,0,false,3,"N Palm Canyon Dr, Palm Springs, CA, US",33.8460474679,-116.5463465174,25,,,,25,,open,false,,,Amur Carp,Cyprinus rubrofuscus,Amur Carp,Actinopterygii,187316,,
196795400,13bfb115-671f-466d-a92a-db8d254d0575,2024-01-14 13:28:58-08:00,2024-01-14,2024-01-14 21:28:58 UTC,Pacific Time (US & Canada),6360917,archdukegordy,,2024-01-15 23:28:30 UTC,2024-01-15 23:44:58 UTC,research,CC-BY-NC,https://www.inaturalist.org/observations/196795400,https://inaturalist-open-data.s3.amazonaws.com/photos/346440132/medium.jpg,,"","",1,0,false,3,"Bell Canyon Rd, Bell Canyon, CA, US",34.2031217432,-118.6740646367,22,,,,22,,open,false,,,Amur Carp,Cyprinus rubrofuscus,Amur Carp,Actinopterygii,187316,,
196966593,b6785cf4-4d93-4a6c-aefc-1ca56a57047d,2024-01-16 13:00:18-08:00,2024-01-16,2024-01-16 21:00:18 UTC,Pacific Time (US & Canada),3113939,dalemeister,,2024-01-18 04:31:49 UTC,2024-05-16 16:09:58 UTC,research,CC-BY-NC,https://www.inaturalist.org/observations/196966593,https://inaturalist-open-data.s3.amazonaws.com/photos/346789897/medium.jpg,,"",Goldfish also in photo,4,0,false,3,"N Palm Canyon Dr, Palm Springs, CA, US",33.8460491292,-116.5463995276,25,,,,25,,open,false,,,Amur Carp,Cyprinus rubrofuscus,Amur Carp,Actinopterygii,187316,,
197314253,59b18431-c516-42a5-9e34-f976d5ab6819,2024-01-13 09:52:00-05:00,2024-01-13,2024-01-13 14:52:00 UTC,Eastern Time (US & Canada),7719183,cluartem,,2024-01-22 15:18:36 UTC,2024-01-22 15:21:44 UTC,research,CC-BY-NC,https://www.inaturalist.org/observations/197314253,https://inaturalist-open-data.s3.amazonaws.com/photos/347493719/medium.jpg,,"","",1,0,false,3,"East Carolina University, Greenville, NC, US",35.6128985302,-77.4029377669,57,,,,57,,open,false,,,Amur Carp,Cyprinus rubrofuscus,Amur Carp,Actinopterygii,187316,,
197640043,49e603dd-e101-4517-8763-1c7c0a1fdd31,2024-01-26 16:25:45-05:00,2024-01-26,2024-01-26 21:25:45 UTC,Eastern Time (US & Canada),2900959,laurayates,Laura Yates,2024-01-26 22:05:08 UTC,2025-03-30 17:17:36 UTC,research,CC-BY-NC,https://www.inaturalist.org/observations/197640043,https://inaturalist-open-data.s3.amazonaws.com/photos/348150092/medium.jpg,,"","",1,0,false,3,"Echo Lake Park, Glen Allen, VA, US",37.67443,-77.5478533333,3,,,,3,,open,false,,,Amur Carp,Cyprinus rubrofuscus,Amur Carp,Actinopterygii,187316,,
198079522,b2e7c243-189f-425e-82c5-eca9bf6b7b94,2023/12/09 4:57 AM,2023-12-09,2023-12-09 10:57:00 UTC,Central Time (US & Canada),6676388,lindsayl,Lindsay,2024-01-31 20:34:55 UTC,2024-01-31 20:47:40 UTC,research,CC-BY-NC,https://www.inaturalist.org/observations/198079522,https://inaturalist-open-data.s3.amazonaws.com/photos/349037371/medium.jpeg,,"",,2,0,false,,"Las Colinas, Irving, TX, USA",32.8957715371,-96.9361267085,2239,,,,2239,,open,false,,,Amur Carp,Cyprinus rubrofuscus,Amur Carp,Actinopterygii,187316,,
198425349,e09af36b-12d7-48e9-bd92-70648e43e597,2024-02-04 15:45:29,2024-02-04,2024-02-04 20:45:29 UTC,Eastern Time (US & Canada),6075050,boy8,Beepman,2024-02-04 20:48:05 UTC,2024-04-23 17:12:42 UTC,research,CC-BY,https://www.inaturalist.org/observations/198425349,https://inaturalist-open-data.s3.amazonaws.com/photos/349731779/medium.jpeg,,"",,4,0,false,2,"Mahoning County, US-OH, US",41.0889337663,-80.6798802316,14,,,,14,,open,false,gps,gps,Amur Carp,Cyprinus rubrofuscus,Amur Carp,Actinopterygii,187316,,
198690805,e0c10c65-639d-43f8-be42-b93881a6d193,2024-02-07 15:27:47-08:00,2024-02-07,2024-02-07 23:27:47 UTC,Pacific Time (US & Canada),3113939,dalemeister,,2024-02-08 00:48:30 UTC,2024-02-12 19:15:55 UTC,research,CC-BY-NC,https://www.inaturalist.org/observations/198690805,https://inaturalist-open-data.s3.amazonaws.com/photos/350254389/medium.jpg,,"","",5,0,false,3,"College of the Desert, Palm Desert, CA, US",33.7344286175,-116.3863225027,25,,,,25,,open,false,,,Amur Carp,Cyprinus rubrofuscus,Amur Carp,Actinopterygii,187316,,
198830062,750b0ef5-5900-4bf6-8df3-25e0c0a515f2,2023-02-19 09:55:05-08:00,2023-02-19,2023-02-19 17:55:05 UTC,Pacific Time (US & Canada),7703768,maxc69,,2024-02-09 19:45:54 UTC,2024-05-16 16:09:45 UTC,research,CC-BY-NC,https://www.inaturalist.org/observations/198830062,https://inaturalist-open-data.s3.amazonaws.com/photos/350797753/medium.jpg,,"","",2,0,false,3,"Brea Creek, Fullerton, CA, US",33.9066916667,-117.9153666667,8,,,,8,,open,false,,,Amur Carp,Cyprinus rubrofuscus,Amur Carp,Actinopterygii,187316,,
198850226,6b822247-7e03-4e06-9875-35d0e8fa285d,2024-02-09 14:37:01-08:00,2024-02-09,2024-02-09 22:37:01 UTC,Pacific Time (US & Canada),3113939,dalemeister,,2024-02-10 00:22:03 UTC,2024-02-10 17:37:28 UTC,research,CC-BY-NC,https://www.inaturalist.org/observations/198850226,https://inaturalist-open-data.s3.amazonaws.com/photos/350562198/medium.jpg,,"","",4,0,false,3,"College of the Desert, Palm Desert, CA, US",33.7344106793,-116.3862611108,25,,,,25,,open,false,,,Amur Carp,Cyprinus rubrofuscus,Amur Carp,Actinopterygii,187316,,
198896582,7256eee8-3e02-490f-8976-0eda234e6abb,2024-02-10 07:10:10-05:00,2024-02-10,2024-02-10 12:10:10 UTC,Eastern Time (US & Canada),4686373,zakqaryroy,Zakqary Roy,2024-02-10 14:34:31 UTC,2024-11-14 14:23:52 UTC,research,CC-BY,https://www.inaturalist.org/observations/198896582,https://inaturalist-open-data.s3.amazonaws.com/photos/350653765/medium.jpg,,"","",8,0,false,3,"New Jersey, US",39.7044324019,-75.0364701795,4,,,,28060,obscured,open,true,,,Amur Carp,Cyprinus rubrofuscus,Amur Carp,Actinopterygii,187316,,
198896608,a663966e-993b-4649-b458-af2a5d623532,2024-02-10 07:47:32-05:00,2024-02-10,2024-02-10 12:47:32 UTC,Eastern Time (US & Canada),4686373,zakqaryroy,Zakqary Roy,2024-02-10 14:34:51 UTC,2024-11-14 14:23:52 UTC,research,CC-BY,https://www.inaturalist.org/observations/198896608,https://inaturalist-open-data.s3.amazonaws.com/photos/350653812/medium.jpg,,"","",8,0,false,3,"New Jersey, US",39.6425821287,-75.1237324388,4,,,,28060,obscured,open,true,,,Amur Carp,Cyprinus rubrofuscus,Amur Carp,Actinopterygii,187316,,
198935771,b3ead177-2971-41d7-baaa-0e73525e2561,2024-02-10 14:47:08,2024-02-10,2024-02-10 21:47:08 UTC,Arizona,7730318,themajesticcoot,,2024-02-10 21:56:59 UTC,2025-03-31 22:25:11 UTC,research,CC-BY-NC,https://www.inaturalist.org/observations/198935771,https://inaturalist-open-data.s3.amazonaws.com/photos/350728123/medium.jpeg,,"","This fish in particular scares me. It's one of the four big carp that swim in the front lake of the Phoenix Zoo, but it's not a collection animal. It's about 1-2 feet long, I've only seen it from a distance above though. These are the best pictures I could get, it didn't get too close to the surface",2,0,false,2,"Phoenix, AZ 85008, USA",33.4518458256,-111.9484379143,74,,,,74,,open,false,,,Amur Carp,Cyprinus rubrofuscus,Amur Carp,Actinopterygii,187316,,
198947117,66a49516-8e71-4fb4-bc26-dd2ffba5c205,2024-02-10 07:10:27-05:00,2024-02-10,2024-02-10 12:10:27 UTC,Eastern Time (US & Canada),5798132,dirtyjerz,Mark Schwalm,2024-02-10 23:54:22 UTC,2024-02-11 18:54:19 UTC,research,,https://www.inaturalist.org/observations/198947117,https://static.inaturalist.org/photos/350749345/medium.jpg,,"","",4,0,false,3,"Arbutus Ave, Pitman, NJ, US",39.7347799055,-75.1302233283,26,,,,26,,open,false,,,Amur Carp,Cyprinus rubrofuscus,Amur Carp,Actinopterygii,187316,,
199122519,8fd2ba33-4473-4341-aaa1-243a7713ea1f,2024-02-09 11:54:51-06:00,2024-02-09,2024-02-09 17:54:51 UTC,Central Time (US & Canada),6057156,hermosuram,,2024-02-12 18:55:09 UTC,2024-02-12 23:17:14 UTC,research,CC-BY-NC,https://www.inaturalist.org/observations/199122519,https://inaturalist-open-data.s3.amazonaws.com/photos/351100053/medium.jpg,,"","Natural neighborhood pond, saw colorful orange fish",1,0,false,3,"Calaveras Dr, Austin, TX, US",30.49643,-97.76973,56,,,,56,,open,false,,,Amur Carp,Cyprinus rubrofuscus,Amur Carp,Actinopterygii,187316,,
199297006,16db14b8-0414-448d-9c89-1a68f9f56719,2024-02-14 12:48:08-06:00,2024-02-14,2024-02-14 18:48:08 UTC,Central Time (US & Canada),7282219,furrykidmom,Jean Allen,2024-02-14 18:48:51 UTC,2024-02-14 21:30:54 UTC,research,CC-BY-NC,https://www.inaturalist.org/observations/199297006,https://inaturalist-open-data.s3.amazonaws.com/photos/351447040/medium.jpg,,"","",3,0,false,3,"Fort Worth Botanic Garden, Fort Worth, TX, US",32.740145722,-97.3654101533,9,,,,9,,open,false,,,Amur Carp,Cyprinus rubrofuscus,Amur Carp,Actinopterygii,187316,,
199455923,7ab9c5b7-9d7a-4bf1-a30e-d0d392774f1a,2019-04-22 10:37:00-04:00,2019-04-22,2019-04-22 14:37:00 UTC,Eastern Time (US & Canada),1815222,elephantspop,,2024-02-16 13:37:45 UTC,2024-11-23 20:17:24 UTC,research,,https://www.inaturalist.org/observations/199455923,https://inaturalist-open-data.s3.amazonaws.com/photos/351749984/medium.jpg,,"","",2,0,false,3,"The Willows Park, Newtown Square, PA, US",40.0203992719,-75.3945043664,65,,,,65,,open,false,,,Amur Carp,Cyprinus rubrofuscus,Amur Carp,Actinopterygii,187316,,
199714279,3c00ab90-85df-4673-a2ed-080bed328de5,2023/05/08 4:25 PM,2023-05-08,2023-05-08 22:25:00 UTC,Mountain Time (US & Canada),6381503,berensbugsnbeast,Beren Erkan (herper/photographer),2024-02-18 20:33:04 UTC,2024-02-19 23:46:58 UTC,research,CC-BY-NC,https://www.inaturalist.org/observations/199714279,https://inaturalist-open-data.s3.amazonaws.com/photos/352243077/medium.jpeg,,"",,2,0,false,,"Colorado, US",40.1578607896,-105.2337253191,8,,,,28000,obscured,open,true,,,Amur Carp,Cyprinus rubrofuscus,Amur Carp,Actinopterygii,187316,,
199731073,757dffa2-8ac1-4731-96ba-311f06d8437a,2024-02-18 15:03:44-08:00,2024-02-18,2024-02-18 23:03:44 UTC,Pacific Time (US & Canada),7738786,fu4956,Fu Yongli,2024-02-18 23:03:47 UTC,2024-02-19 23:45:30 UTC,research,,https://www.inaturalist.org/observations/199731073,https://static.inaturalist.org/photos/352275714/medium.jpg,,"","",1,0,false,3,"English Springs Park, Chino Hills, CA, US",33.9955737043,-117.7570668635,4,,,,4,,open,false,,,Amur Carp,Cyprinus rubrofuscus,Amur Carp,Actinopterygii,187316,,
199731105,c1188035-105b-47fa-a782-25dee3bd9bea,2024-02-18 15:03:55-08:00,2024-02-18,2024-02-18 23:03:55 UTC,Pacific Time (US & Canada),7738786,fu4956,Fu Yongli,2024-02-18 23:04:08 UTC,2024-02-19 23:45:28 UTC,research,,https://www.inaturalist.org/observations/199731105,https://static.inaturalist.org/photos/352275807/medium.jpg,,"","",2,0,false,3,"English Springs Park, Chino Hills, CA, US",33.995576946,-117.757064009,4,,,,4,,open,false,,,Amur Carp,Cyprinus rubrofuscus,Amur Carp,Actinopterygii,187316,,
199812037,f9802dc7-13bb-42ed-a959-5e28b12233db,2024-02-19 11:37:48-06:00,2024-02-19,2024-02-19 17:37:48 UTC,Central Time (US & Canada),7807729,colearmistead,,2024-02-19 17:38:43 UTC,2024-04-20 03:56:13 UTC,research,CC-BY-NC,https://www.inaturalist.org/observations/199812037,https://inaturalist-open-data.s3.amazonaws.com/photos/352421682/medium.jpg,,"","",2,0,false,3,"Birmingham Botanical Gardens, Birmingham, AL, US",33.4868990706,-86.7750228527,5,,,,5,,open,false,,,Amur Carp,Cyprinus rubrofuscus,Amur Carp,Actinopterygii,187316,,
199856468,82fcf7f5-4dc2-409f-a3be-9be497221779,2024-02-19 10:45:30-08:00,2024-02-19,2024-02-19 18:45:30 UTC,Pacific Time (US & Canada),3113939,dalemeister,,2024-02-20 02:09:44 UTC,2024-02-22 03:51:17 UTC,research,CC-BY-NC,https://www.inaturalist.org/observations/199856468,https://inaturalist-open-data.s3.amazonaws.com/photos/352508991/medium.jpg,,"","",2,0,false,3,"Desert Springs Golf Club, Palm Desert, CA, US",33.7550257499,-116.3640384475,25,,,,25,,open,false,,,Amur Carp,Cyprinus rubrofuscus,Amur Carp,Actinopterygii,187316,,
199929252,e11024dc-bd39-4fc3-a24d-2a6cebbabbd5,2024-02-19 13:52:48-08:00,2024-02-19,2024-02-19 21:52:48 UTC,Pacific Time (US & Canada),3113939,dalemeister,,2024-02-20 20:47:20 UTC,2024-02-22 03:49:21 UTC,research,CC-BY-NC,https://www.inaturalist.org/observations/199929252,https://inaturalist-open-data.s3.amazonaws.com/photos/352643217/medium.jpg,,"","",4,0,false,3,"College of the Desert, Palm Desert, CA, US",33.7344230594,-116.3863093591,25,,,,25,,open,false,,,Amur Carp,Cyprinus rubrofuscus,Amur Carp,Actinopterygii,187316,,
200148524,8bd04214-eae8-4cf9-9645-354545628fed,2024/02/22 5:41 PM,2024-02-22,2024-02-22 22:41:00 UTC,Eastern Time (US & Canada),2943241,laurenlyon20,Lyon-Wallace,2024-02-23 03:07:48 UTC,2024-02-24 00:15:46 UTC,research,CC-BY-NC,https://www.inaturalist.org/observations/200148524,https://static.inaturalist.org/photos/353068714/medium.jpeg,,"",Can we please have these removed from the city duck pond?? Be responsible pet owners folks,2,0,false,,"Erwin, TN 37650, USA",36.1526786159,-82.4136204379,356,,,,356,,open,false,,,Amur Carp,Cyprinus rubrofuscus,Amur Carp,Actinopterygii,187316,,
200586199,13a2b590-a9c9-4755-8fd8-74520f2233c1,2023/10/03 4:58 PM,2023-10-03,2023-10-03 22:58:00 UTC,Mountain Time (US & Canada),5932064,gothhobbit,Becca Lee,2024-02-27 04:30:11 UTC,2024-03-20 00:33:46 UTC,research,CC-BY-NC,https://www.inaturalist.org/observations/200586199,https://inaturalist-open-data.s3.amazonaws.com/photos/353925852/medium.jpeg,,"","To my knowledge, the carp in the pond are wild by iNat's definition. There are multiple generations, and the Gardens doesn't feed or tend them; they're mosquito control, and on their own for survival and repopulation.",4,0,false,,"Denver Botanic Gardens, Denver, CO, USA",39.7316447489,-104.9635710605,1,,,,1,,open,false,,,Amur Carp,Cyprinus rubrofuscus,Amur Carp,Actinopterygii,187316,,
200654661,9fb72b4c-565e-489e-9e0f-abee7d9b0bab,2024-02-27 14:38:50-05:00,2024-02-27,2024-02-27 19:38:50 UTC,Eastern Time (US & Canada),3575110,erricane,Erick Magyar,2024-02-27 21:07:14 UTC,2024-02-28 16:13:36 UTC,research,,https://www.inaturalist.org/observations/200654661,https://static.inaturalist.org/photos/354056826/medium.jpg,,"","",3,0,false,3,"West Palm Beach, FL, US",26.7226366667,-80.0776888333,4,,,,4,,open,false,,,Amur Carp,Cyprinus rubrofuscus,Amur Carp,Actinopterygii,187316,,
200775059,462a6258-06c4-429f-b66f-6120bf0ff9fd,2021-09-04 10:02:21-04:00,2021-09-04,2021-09-04 14:02:21 UTC,Eastern Time (US & Canada),7637415,bobux,Fishemcamel,2024-02-29 01:05:05 UTC,2024-04-16 23:52:24 UTC,research,,https://www.inaturalist.org/observations/200775059,https://static.inaturalist.org/photos/354291329/medium.jpg,,"","",6,0,false,3,"Samuel Nelkin County Park, Wallington, NJ, US",40.849105,-74.1082916667,10,,,,10,,open,false,,,Amur Carp,Cyprinus rubrofuscus,Amur Carp,Actinopterygii,187316,,
201155444,fd7f5474-247e-4847-961b-3cdbf86a0dfc,2024-03-03 13:23:34,2024-03-03,2024-03-03 18:23:34 UTC,Eastern Time (US & Canada),927795,kpwest,"Dennis Tarnay, Jr.",2024-03-03 18:25:29 UTC,2024-03-04 18:53:20 UTC,research,CC-BY-NC-ND,https://www.inaturalist.org/observations/201155444,https://inaturalist-open-data.s3.amazonaws.com/photos/355036915/medium.jpeg,,"",,2,0,false,2,"Wolf Trap, VA, USA",38.9360283333,-77.284825,8,,,,8,,open,false,,,Amur Carp,Cyprinus rubrofuscus,Amur Carp,Actinopterygii,187316,,
201174318,3a2fd384-2b45-496c-91a5-ac75d26c4af0,2024/03/03 1:28 PM,2024-03-03,2024-03-03 18:28:00 UTC,Eastern Time (US & Canada),2140856,srgcook,Samantha R Grimmer,2024-03-03 20:51:57 UTC,2024-03-03 22:15:03 UTC,research,CC-BY-NC,https://www.inaturalist.org/observations/201174318,https://inaturalist-open-data.s3.amazonaws.com/photos/355072924/medium.jpeg,,"","",1,0,false,,"Virginia, US",38.8199339979,-77.3355393004,,,,,28181,obscured,open,true,,,Amur Carp,Cyprinus rubrofuscus,Amur Carp,Actinopterygii,187316,,
201274690,14b221ea-9ac6-418d-a11a-f57edc6ebd89,2024/03/03 2:02 PM,2024-03-03,2024-03-03 19:02:00 UTC,Eastern Time (US & Canada),729625,raynaturalist,,2024-03-04 17:18:27 UTC,2024-05-02 18:15:05 UTC,research,CC-BY-NC,https://www.inaturalist.org/observations/201274690,https://inaturalist-open-data.s3.amazonaws.com/photos/355273189/medium.jpeg,,"",,3,0,false,,"Lily Pond, Mill Creek Park, Lily Pond Circle Trail, Youngstown, OH 44509, USA",41.0887027,-80.6808553,74,,,,74,,open,false,,,Amur Carp,Cyprinus rubrofuscus,Amur Carp,Actinopterygii,187316,,
201616053,f8d7af8b-0de3-4239-ba71-66614dd0be26,Thu Mar 07 2024 16:54:50 GMT -0500 (EST),2024-03-07,2024-03-07 21:54:50 UTC,Eastern Time (US & Canada),6051772,yellowpowr,YellowpowR,2024-03-07 21:54:01 UTC,2024-03-08 19:48:03 UTC,research,,https://www.inaturalist.org/observations/201616053,https://static.inaturalist.org/photos/355935554/medium.jpg,,"","",2,0,false,333,Amherst,42.3904724121,-72.5267181396,67,,,,67,,open,false,,,Amur Carp,Cyprinus rubrofuscus,Amur Carp,Actinopterygii,187316,,
201706785,70ff23a8-f59e-4540-a34f-0ab5521a1855,2024-03-07 16:53:26-05:00,2024-03-07,2024-03-07 21:53:26 UTC,Eastern Time (US & Canada),6051772,yellowpowr,YellowpowR,2024-03-08 19:38:26 UTC,2024-03-08 19:52:35 UTC,research,,https://www.inaturalist.org/observations/201706785,https://static.inaturalist.org/photos/356104845/medium.jpg,,"","",1,0,false,3,"Massachusetts, US",42.233538001,-72.446133837,7935,,,,27661,obscured,open,true,,,Amur Carp,Cyprinus rubrofuscus,Amur Carp,Actinopterygii,187316,,
202029134,a51bf86a-98df-4d7f-86a1-52400081511c,2024-03-07 12:34:36-05:00,2024-03-07,2024-03-07 17:34:36 UTC,Eastern Time (US & Canada),3745338,palmerjohnson8,,2024-03-11 08:13:11 UTC,2024-03-11 20:38:43 UTC,research,CC-BY-NC,https://www.inaturalist.org/observations/202029134,https://inaturalist-open-data.s3.amazonaws.com/photos/356733914/medium.jpg,,"","",2,0,false,3,"Biltmore House, Asheville, NC, US",35.54063,-82.5522616667,76,,,,76,,open,false,,,Amur Carp,Cyprinus rubrofuscus,Amur Carp,Actinopterygii,187316,,
202077773,cbe9e04e-cf51-4a3f-8eec-e4da29206240,2023-08-27 13:47:03-04:00,2023-08-27,2023-08-27 17:47:03 UTC,Eastern Time (US & Canada),2762831,xriccardi,xriccardi,2024-03-11 19:18:59 UTC,2024-03-12 16:08:58 UTC,research,CC-BY-NC,https://www.inaturalist.org/observations/202077773,https://inaturalist-open-data.s3.amazonaws.com/photos/356827764/medium.jpg,,"","",2,0,false,3,"Delaware County, US-PA, US",40.0308470428,-75.3936781828,35,,,,35,,open,false,,,Amur Carp,Cyprinus rubrofuscus,Amur Carp,Actinopterygii,187316,,
202406173,86a85f88-5ed0-4eab-bb7b-8a3da71d11c9,2020-05-03 17:50:00-04:00,2020-05-03,2020-05-03 21:50:00 UTC,America/Detroit,5230193,bugcore,,2024-03-14 14:44:19 UTC,2024-03-14 20:54:03 UTC,research,,https://www.inaturalist.org/observations/202406173,https://static.inaturalist.org/photos/357468333/medium.jpg,,"",about 2ft long,2,0,false,3,"Van Dyke Ave, Shelby Township, MI, US",42.6828321728,-83.0291218583,97,,,,97,,open,false,,,Amur Carp,Cyprinus rubrofuscus,Amur Carp,Actinopterygii,187316,,
202436415,7bb05755-fa7e-4c1e-831e-077101c89589,2024-03-14 14:36:27-04:00,2024-03-14,2024-03-14 18:36:27 UTC,Eastern Time (US & Canada),7374518,mayab2135,,2024-03-14 19:18:31 UTC,2024-03-15 04:43:06 UTC,research,CC-BY-NC,https://www.inaturalist.org/observations/202436415,https://inaturalist-open-data.s3.amazonaws.com/photos/357525075/medium.jpg,,"",When did they put these in the campus pond???,3,0,false,3,"University of Massachusetts Amherst, Amherst, MA, US",42.390595,-72.5263216667,4,,,,4,,open,false,,,Amur Carp,Cyprinus rubrofuscus,Amur Carp,Actinopterygii,187316,,
202437191,dbe94f1a-0a09-4529-943f-c0d0ae6c020b,2024-03-14 12:24:16-07:00,2024-03-14,2024-03-14 19:24:16 UTC,Pacific Time (US & Canada),7872777,ofishaloceanenthusiast,selah irwin,2024-03-14 19:24:37 UTC,2024-03-15 13:34:32 UTC,research,,https://www.inaturalist.org/observations/202437191,https://static.inaturalist.org/photos/357526387/medium.jpg,,"","",5,0,false,3,"Continental Cir, Mountain View, CA, US",37.3740409362,-122.0647202154,4,,,,4,,open,false,,,Amur Carp,Cyprinus rubrofuscus,Amur Carp,Actinopterygii,187316,,
202455251,4a8ee06a-68b8-4fd6-96e2-cf3f85d0f653,2024-03-14 13:31:01-07:00,2024-03-14,2024-03-14 20:31:01 UTC,Arizona,4215269,theearthworm,Emilio Romero,2024-03-14 21:47:16 UTC,2024-03-15 23:59:56 UTC,research,CC-BY-NC,https://www.inaturalist.org/observations/202455251,https://inaturalist-open-data.s3.amazonaws.com/photos/357560258/medium.jpg,,"",Giant,4,0,false,3,"Lakeside Lake – City of Tucson, Tucson, AZ, US",32.1860666667,-110.81578,4,,,,4,,open,false,,,Amur Carp,Cyprinus rubrofuscus,Amur Carp,Actinopterygii,187316,,
202699598,6a735db8-47d1-4070-b96f-714e30dd1fbd,2024-03-15 11:52:09-05:00,2024-03-15,2024-03-15 16:52:09 UTC,Eastern Time (US & Canada),4057871,thedailybyrd,TheDailyByrd,2024-03-16 19:20:55 UTC,2024-03-16 20:05:57 UTC,research,,https://www.inaturalist.org/observations/202699598,https://static.inaturalist.org/photos/358022293/medium.jpg,,"","",1,0,false,3,"Echo Lake, Glen Allen, VA, US",37.6734618148,-77.5481494618,357,,,,357,,open,false,,,Amur Carp,Cyprinus rubrofuscus,Amur Carp,Actinopterygii,187316,,
202699701,f05f873f-3112-414a-b787-3101820b9d20,2024-03-15 11:51:23-05:00,2024-03-15,2024-03-15 16:51:23 UTC,Eastern Time (US & Canada),4057871,thedailybyrd,TheDailyByrd,2024-03-16 19:21:34 UTC,2024-05-08 22:32:05 UTC,research,,https://www.inaturalist.org/observations/202699701,https://static.inaturalist.org/photos/358022477/medium.jpg,,"","",2,0,false,3,"Echo Lake, Glen Allen, VA, US",37.6732718944,-77.5483534605,357,,,,357,,open,false,,,Amur Carp,Cyprinus rubrofuscus,Amur Carp,Actinopterygii,187316,,
202717067,ec6bd490-4c81-435d-a7fb-5ff63da1eafe,2024-03-16 12:09:54-05:00,2024-03-16,2024-03-16 17:09:54 UTC,Eastern Time (US & Canada),7630137,kaimurphy,Kai Murphy,2024-03-16 21:10:15 UTC,2024-03-16 21:12:19 UTC,research,CC-BY-NC,https://www.inaturalist.org/observations/202717067,https://inaturalist-open-data.s3.amazonaws.com/photos/358055558/medium.jpg,,"","",1,0,false,3,"Morikami Museum and Japanese Gardens, Delray Beach, FL, US",26.4294364079,-80.1571654247,25,,,,25,,open,false,,,Amur Carp,Cyprinus rubrofuscus,Amur Carp,Actinopterygii,187316,,
202723474,503ac43d-9c64-4576-9f12-0bfa5cc829bd,2024-03-16 17:51:53-04:00,2024-03-16,2024-03-16 21:51:53 UTC,Eastern Time (US & Canada),7825583,jacemchale,,2024-03-16 21:54:19 UTC,2024-03-17 00:35:20 UTC,research,CC-BY-NC,https://www.inaturalist.org/observations/202723474,https://inaturalist-open-data.s3.amazonaws.com/photos/358067623/medium.jpg,,"","",2,0,false,3,"Park Grove Ln, Lewisburg, WV, US",37.8136200529,-80.4785929048,4,,,,4,,open,false,,,Amur Carp,Cyprinus rubrofuscus,Amur Carp,Actinopterygii,187316,,
202773650,1828625f-8e9d-4a32-a859-806ba97414e3,2024-03-16 17:07:15-05:00,2024-03-16,2024-03-16 22:07:15 UTC,Central Time (US & Canada),7720306,reesehouck,,2024-03-17 05:21:33 UTC,2024-03-21 21:44:28 UTC,research,CC-BY-NC,https://www.inaturalist.org/observations/202773650,https://inaturalist-open-data.s3.amazonaws.com/photos/358168447/medium.jpg,,"","",2,0,false,3,"Birmingham Botanical Gardens, Birmingham, AL, US",33.48695,-86.7751383333,4,,,,4,,open,false,,,Amur Carp,Cyprinus rubrofuscus,Amur Carp,Actinopterygii,187316,,
203111296,499f99ad-edd2-4b6d-89b5-acb70d5d9228,2024-03-12 14:08:28-07:00,2024-03-12,2024-03-12 21:08:28 UTC,Pacific Time (US & Canada),264009,ck2az,CK2AZ,2024-03-19 15:27:11 UTC,2024-03-23 01:52:13 UTC,research,CC-BY,https://www.inaturalist.org/observations/203111296,https://inaturalist-open-data.s3.amazonaws.com/photos/358812315/medium.jpg,,"","",2,0,false,3,"Rogers Spring, Overton, NV, US",36.3776133333,-114.44362,4,,,,4,,open,false,,,Amur Carp,Cyprinus rubrofuscus,Amur Carp,Actinopterygii,187316,,
203169962,bdbf6477-4a05-4a8f-8616-c9ef32df0be1,2024-03-19 16:30:57-07:00,2024-03-19,2024-03-19 23:30:57 UTC,Pacific Time (US & Canada),4687202,bjlmt,,2024-03-19 23:33:11 UTC,2024-06-14 16:09:59 UTC,research,,https://www.inaturalist.org/observations/203169962,https://static.inaturalist.org/photos/358921277/medium.jpg,,"","",4,0,false,3,"Riverside County, US-CA, US",33.7060667977,-116.7925885257,4,,,,28930,obscured,open,true,,,Amur Carp,Cyprinus rubrofuscus,Amur Carp,Actinopterygii,187316,,
203303286,98b580ba-616c-4786-8252-b36abb5bbde7,2024/03/19 12:18 PM,2024-03-19,2024-03-19 19:18:00 UTC,Arizona,1705504,dutchjohn,John Van Veldhuizen,2024-03-21 01:24:37 UTC,2024-03-25 18:09:43 UTC,research,CC-BY-NC,https://www.inaturalist.org/observations/203303286,https://inaturalist-open-data.s3.amazonaws.com/photos/359178491/medium.jpeg,,"",,5,0,false,,"Amado, AZ, USA",31.7229999701,-111.05831364,4,,,,4,,open,false,,,Amur Carp,Cyprinus rubrofuscus,Amur Carp,Actinopterygii,187316,,
203383700,f421d522-d918-401c-9910-3e036c1e0dc8,2024-03-19 14:48:17-05:00,2024-03-19,2024-03-19 19:48:17 UTC,Central Time (US & Canada),2322112,backyard_conservancy,John Tharp,2024-03-21 19:13:33 UTC,2024-03-25 15:56:27 UTC,research,,https://www.inaturalist.org/observations/203383700,https://static.inaturalist.org/photos/359332837/medium.jpg,,"","",2,0,false,3,"Joe Pool Lake, Grand Prairie, TX, US",32.6307141557,-97.0402478845,23,,,,23,,open,false,,,Amur Carp,Cyprinus rubrofuscus,Amur Carp,Actinopterygii,187316,,
203759073,57c2a44b-1d86-45fa-b766-0a51867f4bb4,2024-03-24 11:09:47-05:00,2024-03-24,2024-03-24 16:09:47 UTC,Central Time (US & Canada),7289180,austiinfrankliin,,2024-03-24 16:48:35 UTC,2024-03-25 15:46:11 UTC,research,CC-BY-NC,https://www.inaturalist.org/observations/203759073,https://inaturalist-open-data.s3.amazonaws.com/photos/360052329/medium.jpg,,"","",3,0,false,3,"Martin Park Nature Center, Oklahoma City, OK, US",35.6045,-97.6097633333,11,,,,11,,open,false,,,Amur Carp,Cyprinus rubrofuscus,Amur Carp,Actinopterygii,187316,,
203796835,13092c89-824c-4dc0-a4fb-a1d8abeb6aad,Sun Mar 24 2024 15:59:16 GMT -0500 (CDT),2024-03-24,2024-03-24 20:59:16 UTC,Central Time (US & Canada),3729410,asharhigh,,2024-03-24 21:01:13 UTC,2024-03-25 15:44:56 UTC,research,CC-BY-NC,https://www.inaturalist.org/observations/203796835,https://inaturalist-open-data.s3.amazonaws.com/photos/360123239/medium.jpeg,,"",,2,0,false,333,Mobile,30.708404541,-88.1514129639,61,,,,61,,open,false,,,Amur Carp,Cyprinus rubrofuscus,Amur Carp,Actinopterygii,187316,,
204453906,1b2dc7be-3c2e-460c-b3e2-9c0e432a28c6,2024-03-29 15:07:13-04:00,2024-03-29,2024-03-29 19:07:13 UTC,Indiana (East),7892692,madison85486,Madison Shinkle,2024-03-29 21:12:40 UTC,2024-03-29 21:28:20 UTC,research,,https://www.inaturalist.org/observations/204453906,https://static.inaturalist.org/photos/361387304/medium.jpg,,"","",1,0,false,3,"Indianapolis Cultural Trail, Indianapolis, IN, US",39.7769866667,-86.165,21,,,,21,,open,false,,,Amur Carp,Cyprinus rubrofuscus,Amur Carp,Actinopterygii,187316,,
204933370,de9fe283-aac0-4765-b59d-1c4a9c4a7457,2024-03-31 15:15:00-04:00,2024-03-31,2024-03-31 19:15:00 UTC,Eastern Time (US & Canada),7714506,jaelynh01,,2024-04-01 15:09:50 UTC,2024-04-01 17:37:56 UTC,research,CC-BY-NC,https://www.inaturalist.org/observations/204933370,https://inaturalist-open-data.s3.amazonaws.com/photos/362288344/medium.jpg,,"","",1,0,false,3,"Seventh St, North Beach, MD, US",38.7098289238,-76.5457715635,11513,,,,11513,,open,false,,,Amur Carp,Cyprinus rubrofuscus,Amur Carp,Actinopterygii,187316,,
204951395,ac18bea0-85cc-46bf-8ec9-5311fc7d5262,2024-04-01 13:10:04-04:00,2024-04-01,2024-04-01 17:10:04 UTC,Eastern Time (US & Canada),7915965,nick_sorce,Nick Sorce,2024-04-01 17:10:37 UTC,2024-04-01 17:27:19 UTC,research,,https://www.inaturalist.org/observations/204951395,https://static.inaturalist.org/photos/362324481/medium.jpg,,"","",1,0,false,3,"Washington Lake Park, Sewell, NJ, US",39.7424331377,-75.0978326391,20,,,,20,,open,false,,,Amur Carp,Cyprinus rubrofuscus,Amur Carp,Actinopterygii,187316,,
205116578,60fc9ef9-b0c8-4900-8dd9-67e76fde6304,2024-03-28 12:27:36-05:00,2024-03-28,2024-03-28 17:27:36 UTC,Central Time (US & Canada),87778,cedarhillbilly1,,2024-04-02 17:35:49 UTC,2024-04-02 17:48:55 UTC,research,,https://www.inaturalist.org/observations/205116578,https://static.inaturalist.org/photos/362634674/medium.jpg,,"","There used to be three koi fish in this pond.  One was mostly orange.  One was mostly white.  The other was half white and half orange.  This is the only one we have seen lately, but it appears to be well-nourished.  We first saw the koi over ten years ago and they were smaller.",1,0,false,3,"Lake Ridge Pkwy, Cedar Hill, TX, US",32.5657782518,-97.0027567986,45,,,,45,,open,false,,,Amur Carp,Cyprinus rubrofuscus,Amur Carp,Actinopterygii,187316,,
205131068,21fa9d78-5b15-42d7-a036-8c81d244c22b,2024-03-31 11:53:14-04:00,2024-03-31,2024-03-31 15:53:14 UTC,Eastern Time (US & Canada),1737632,heyitslj,London,2024-04-02 19:15:57 UTC,2024-05-08 22:22:36 UTC,research,,https://www.inaturalist.org/observations/205131068,https://static.inaturalist.org/photos/362661734/medium.jpg,,"","",2,0,false,3,"Sunrise Garden, North Beach, MD, US",38.70528,-76.5323116667,12,,,,12,,open,false,,,Amur Carp,Cyprinus rubrofuscus,Amur Carp,Actinopterygii,187316,,
205134423,3bf4e236-f256-43a9-a152-5e58edecdc57,2024-04-02 13:02:46-05:00,2024-04-02,2024-04-02 18:02:46 UTC,Central Time (US & Canada),1410337,richardthecrittercatcher,Richard the Critter Catcher,2024-04-02 19:39:56 UTC,2024-04-02 20:08:11 UTC,research,,https://www.inaturalist.org/observations/205134423,https://static.inaturalist.org/photos/362668519/medium.jpg,,"","",1,0,false,3,"Chadwick Ln, Auburn, AL, US",32.5871366667,-85.5426033333,3,,,,3,,open,false,,,Amur Carp,Cyprinus rubrofuscus,Amur Carp,Actinopterygii,187316,,
205675651,61147106-186a-44ba-a596-ab06c6c3ac70,2024-04-06 09:43:26-05:00,2024-04-06,2024-04-06 14:43:26 UTC,Central Time (US & Canada),7803281,shahran,,2024-04-06 15:08:13 UTC,2024-04-07 16:48:02 UTC,research,CC-BY-NC,https://www.inaturalist.org/observations/205675651,https://inaturalist-open-data.s3.amazonaws.com/photos/363700246/medium.jpg,,"","",2,0,false,3,"Birmingham Botanical Gardens, Birmingham, AL, US",33.4869633333,-86.7753366667,5,,,,5,,open,false,,,Amur Carp,Cyprinus rubrofuscus,Amur Carp,Actinopterygii,187316,,
205762640,f4a60281-117b-4153-92c8-8dce635ea909,2024-04-06 15:47:00,2024-04-06,2024-04-06 20:47:00 UTC,Central Time (US & Canada),7730066,sarah_nunn,"",2024-04-06 22:57:39 UTC,2024-04-09 16:19:49 UTC,research,,https://www.inaturalist.org/observations/205762640,https://static.inaturalist.org/photos/363860397/medium.jpeg,,"",,2,0,false,2,"Oklahoma City, OK 73142, USA",35.607626375,-97.6079326496,1786,,,,1786,,open,false,,,Amur Carp,Cyprinus rubrofuscus,Amur Carp,Actinopterygii,187316,,
205909530,498e896c-e58a-4b00-b12b-aab9dfdae71d,2024-04-07 13:18:22-04:00,2024-04-07,2024-04-07 17:18:22 UTC,Eastern Time (US & Canada),5002216,kadeemgilbert,,2024-04-07 18:00:39 UTC,2024-04-08 00:23:18 UTC,research,CC-BY-NC,https://www.inaturalist.org/observations/205909530,https://inaturalist-open-data.s3.amazonaws.com/photos/364136682/medium.jpg,,"","",1,0,false,3,"The Arnold Arboretum of Harvard University, Boston, MA, US",42.3018364935,-71.119146701,3,,,,3,,open,false,,,Amur Carp,Cyprinus rubrofuscus,Amur Carp,Actinopterygii,187316,,
205937718,296b4fc2-87b9-48c4-ae1b-b6c9df63d222,2024-04-07 13:29:50-06:00,2024-04-07,2024-04-07 19:29:50 UTC,Mountain Time (US & Canada),2660581,dogbite142,dogbite142,2024-04-07 20:11:52 UTC,2024-04-08 00:49:15 UTC,research,CC-BY-NC,https://www.inaturalist.org/observations/205937718,https://inaturalist-open-data.s3.amazonaws.com/photos/364188667/medium.jpg,,"","",1,0,false,3,"Winter Rd, Espanola, NM, US",35.9781,-106.0977083333,4,,,,4,,open,false,,,Amur Carp,Cyprinus rubrofuscus,Amur Carp,Actinopterygii,187316,,
205944489,af484ccd-258c-44d2-a775-30f0a5a888a5,2024-04-07 14:47:42,2024-04-07,2024-04-07 18:47:42 UTC,Eastern Time (US & Canada),3293779,brendaconnolly,Brenda Connolly,2024-04-07 20:44:21 UTC,2024-04-08 14:47:28 UTC,research,CC-BY-NC,https://www.inaturalist.org/observations/205944489,https://inaturalist-open-data.s3.amazonaws.com/photos/364200364/medium.jpeg,,"",,1,0,false,2,"Montgomery Village, MD 20886, USA",39.1662829722,-77.2026999722,,,,,,,open,false,gps,gps,Amur Carp,Cyprinus rubrofuscus,Amur Carp,Actinopterygii,187316,,
205985839,729b686b-b115-4aa3-8ec5-05ea795d5b50,2024-04-07 14:01:18-04:00,2024-04-07,2024-04-07 18:01:18 UTC,Eastern Time (US & Canada),7862550,captainwoomboom,Stephen Hansen,2024-04-08 00:27:16 UTC,2024-05-08 22:31:08 UTC,research,,https://www.inaturalist.org/observations/205985839,https://static.inaturalist.org/photos/364278995/medium.jpg,,"","",2,0,false,3,"City Park, Hagerstown, MD, US",39.6377133333,-77.73072,4,,,,4,,open,false,,,Amur Carp,Cyprinus rubrofuscus,Amur Carp,Actinopterygii,187316,,
206000631,c7b1e9fb-cf14-4137-9088-d683706a5c18,2024-04-07 21:06:45-05:00,2024-04-07,2024-04-08 02:06:45 UTC,Central Time (US & Canada),7718959,kss0064,,2024-04-08 02:13:30 UTC,2024-05-15 23:38:48 UTC,research,CC-BY-NC,https://www.inaturalist.org/observations/206000631,https://inaturalist-open-data.s3.amazonaws.com/photos/364308612/medium.jpg,,"","",3,0,false,3,"Indian Springs Village, AL, US",33.36974311,-86.7135671793,244,,,,244,,open,false,,,Amur Carp,Cyprinus rubrofuscus,Amur Carp,Actinopterygii,187316,,
206168903,ef126174-3aee-4dea-b3b5-7c7f546f9976,2024-04-08 13:18:55+01:00,2024-04-08,2024-04-08 12:18:55 UTC,Eastern Time (US & Canada),5513309,turtleboy92,,2024-04-09 00:16:12 UTC,2024-04-09 05:37:50 UTC,research,CC-BY-NC,https://www.inaturalist.org/observations/206168903,https://inaturalist-open-data.s3.amazonaws.com/photos/364622136/medium.jpg,,"","",2,0,false,3,"Huntley Meadows Park, Alexandria, VA, US",38.754421371,-77.1053928775,23,,,,23,,open,false,,,Amur Carp,Cyprinus rubrofuscus,Amur Carp,Actinopterygii,187316,,
206283930,ec64c8ec-e399-4fef-bbc1-59d8627b10e4,2024-04-08 16:06:52-04:00,2024-04-08,2024-04-08 20:06:52 UTC,Eastern Time (US & Canada),5172708,tacocat1147,,2024-04-09 18:08:58 UTC,2024-04-09 18:51:13 UTC,research,CC-BY-NC,https://www.inaturalist.org/observations/206283930,https://inaturalist-open-data.s3.amazonaws.com/photos/364836515/medium.jpg,,"","",1,0,false,3,"Rutgers University, New Brunswick, NJ, US",40.4829548481,-74.4369438192,23,,,,23,,open,false,,,Amur Carp,Cyprinus rubrofuscus,Amur Carp,Actinopterygii,187316,,
206297707,18c5056f-8564-4a6b-af8e-462f741ed774,2024-04-09 12:40:15,2024-04-09,2024-04-09 16:40:15 UTC,Eastern Time (US & Canada),6441034,carly777,Carly Green,2024-04-09 19:32:26 UTC,2024-05-08 22:21:40 UTC,research,,https://www.inaturalist.org/observations/206297707,https://static.inaturalist.org/photos/364862116/medium.jpeg,,"",,2,0,false,2,"New Brunswick, NJ 08901, USA",40.4830017,-74.4369291997,,,,,,,open,false,gps,gps,Amur Carp,Cyprinus rubrofuscus,Amur Carp,Actinopterygii,187316,,
206526032,1f6b58eb-67c1-4818-8b48-9a884ad23722,2023-06-21 11:06:09-04:00,2023-06-21,2023-06-21 15:06:09 UTC,Eastern Time (US & Canada),692686,miriamhlt,Miriam Herrera Leon,2024-04-11 01:51:26 UTC,2024-09-01 22:54:13 UTC,research,CC-BY-NC,https://www.inaturalist.org/observations/206526032,https://inaturalist-open-data.s3.amazonaws.com/photos/365276279/medium.jpg,,"","",2,0,false,3,"Central Park, New York, NY, US",40.7959533333,-73.9505166667,6,,,,6,,open,false,,,Amur Carp,Cyprinus rubrofuscus,Amur Carp,Actinopterygii,187316,,
206526382,f961edf7-82c6-4117-860a-1a7353c0b418,2023-06-20 14:26:53-04:00,2023-06-20,2023-06-20 18:26:53 UTC,Eastern Time (US & Canada),692686,miriamhlt,Miriam Herrera Leon,2024-04-11 01:54:16 UTC,2024-09-01 22:54:13 UTC,research,CC-BY-NC,https://www.inaturalist.org/observations/206526382,https://inaturalist-open-data.s3.amazonaws.com/photos/365277096/medium.jpg,,"","",2,0,false,3,"Central Park, New York, NY, US",40.7663833333,-73.9735716667,3,,,,3,,open,false,,,Amur Carp,Cyprinus rubrofuscus,Amur Carp,Actinopterygii,187316,,
206695099,d64d2499-e9cf-48c6-8988-409c4f94154c,2023-12-27 14:21:09-05:00,2023-12-27,2023-12-27 19:21:09 UTC,Eastern Time (US & Canada),5425700,campbellskelton,,2024-04-11 22:57:48 UTC,2024-10-10 20:53:39 UTC,research,CC-BY-NC,https://www.inaturalist.org/observations/206695099,https://inaturalist-open-data.s3.amazonaws.com/photos/365526444/medium.jpg,,"","",2,0,false,3,"Merritt Island, Merritt Island, FL, US",28.3740479969,-80.7017821772,14603,,,,14603,,open,false,,,Amur Carp,Cyprinus rubrofuscus,Amur Carp,Actinopterygii,187316,,
206814137,f6c29b5c-77d7-479b-9e0f-66a5d2549035,2024-04-12 12:22:24,2024-04-12,2024-04-12 17:22:24 UTC,Central Time (US & Canada),6676388,lindsayl,Lindsay,2024-04-12 18:00:57 UTC,2024-05-07 13:24:36 UTC,research,CC-BY-NC,https://www.inaturalist.org/observations/206814137,https://inaturalist-open-data.s3.amazonaws.com/photos/365746916/medium.jpeg,,"",,2,0,false,2,"Irving, TX 75039, USA",32.8951689778,-96.9298055023,2980,,,,2980,,open,false,gps,gps,Amur Carp,Cyprinus rubrofuscus,Amur Carp,Actinopterygii,187316,,
207021974,f7fa1a80-bab3-4cff-ae42-0ff45e9c741d,2024-04-13 12:51:00-05:00,2024-04-13,2024-04-13 17:51:00 UTC,Central Time (US & Canada),7717555,sor_cerer,,2024-04-13 19:48:59 UTC,2024-05-15 23:38:10 UTC,research,CC-BY-NC,https://www.inaturalist.org/observations/207021974,https://inaturalist-open-data.s3.amazonaws.com/photos/366138369/medium.jpg,,"","",3,0,false,3,"Hot Springs National Park, AR, US",34.4551095717,-92.984226546,9953,,,,9953,,open,false,,,Amur Carp,Cyprinus rubrofuscus,Amur Carp,Actinopterygii,187316,,
207075715,ff305162-ef86-495b-a237-807fda369451,2024-04-13 13:01:32-07:00,2024-04-13,2024-04-13 20:01:32 UTC,Pacific Time (US & Canada),7835250,tahshaaaaa,,2024-04-14 00:39:10 UTC,2024-04-14 19:09:01 UTC,research,CC-BY-NC,https://www.inaturalist.org/observations/207075715,https://inaturalist-open-data.s3.amazonaws.com/photos/366240195/medium.jpg,,"","",3,0,false,3,"Ventura County, US-CA, US",34.3270872025,-119.2833354512,38096,,,,38096,obscured,open,true,,,Amur Carp,Cyprinus rubrofuscus,Amur Carp,Actinopterygii,187316,,
207797853,561945ba-6a47-4aa8-a314-de3386572ca3,Wed Apr 17 2024 13:21:21 GMT -0500 (CDT),2024-04-17,2024-04-17 18:21:21 UTC,Central Time (US & Canada),5277798,dburford21,,2024-04-17 18:30:50 UTC,2024-04-18 01:24:19 UTC,research,CC-BY-NC,https://www.inaturalist.org/observations/207797853,https://inaturalist-open-data.s3.amazonaws.com/photos/367596507/medium.jpeg,,"",,2,0,false,333,Pikeville,35.6862792969,-85.3364639282,5,,,,5,,open,false,,,Amur Carp,Cyprinus rubrofuscus,Amur Carp,Actinopterygii,187316,,
207966922,5d6a4ed1-5d13-42f2-9dca-b7d9fa62b8a9,2024-04-16 13:20:00,2024-04-16,2024-04-16 18:20:00 UTC,Central Time (US & Canada),5658906,nindustla,"",2024-04-18 18:38:44 UTC,2024-08-16 17:38:56 UTC,research,CC-BY-NC,https://www.inaturalist.org/observations/207966922,https://inaturalist-open-data.s3.amazonaws.com/photos/368590944/medium.jpeg,,"","This little guy was so finicky.
Kept acting like he was gona eat my bait and then suddenly turning away! I was so surprised he actually went for my bait when I started bouncing it up and down xD ",3,0,false,2,"Texas, US",29.9856815619,-95.0576132939,206,,,,29433,obscured,open,true,,,Amur Carp,Cyprinus rubrofuscus,Amur Carp,Actinopterygii,187316,,
207978953,80649986-c4e2-4222-a1b7-d6b7703d77a5,2024-04-18 14:21:00-04:00,2024-04-18,2024-04-18 18:21:00 UTC,Eastern Time (US & Canada),6938044,jonesy5,,2024-04-18 19:45:34 UTC,2024-04-19 00:43:23 UTC,research,CC-BY-NC,https://www.inaturalist.org/observations/207978953,https://inaturalist-open-data.s3.amazonaws.com/photos/367934953/medium.jpg,,"","",1,0,false,3,"Alabama Ave SW, Dundee, OH, US",40.6703133333,-81.6412716667,4,,,,4,,open,false,,,Amur Carp,Cyprinus rubrofuscus,Amur Carp,Actinopterygii,187316,,
208086278,6d698537-8cde-443e-af0c-51659e5d5976,2024-03-10 14:17:41-05:00,2024-03-10,2024-03-10 19:17:41 UTC,Central Time (US & Canada),7854657,arodriguez_23,Annette Rodriguez,2024-04-19 13:21:43 UTC,2024-05-08 22:21:11 UTC,research,,https://www.inaturalist.org/observations/208086278,https://static.inaturalist.org/photos/368137950/medium.jpg,,"","",3,0,false,3,"Fort Worth Botanic Garden, Fort Worth, TX, US",32.7406281686,-97.3626897225,120,,,,120,,open,false,,,Amur Carp,Cyprinus rubrofuscus,Amur Carp,Actinopterygii,187316,,
208143199,e4108469-d396-4f04-ac17-500214c209c6,2024-03-16 12:18:36-05:00,2024-03-16,2024-03-16 17:18:36 UTC,Central Time (US & Canada),7271010,chelsr1996,,2024-04-19 19:29:36 UTC,2024-05-08 14:33:12 UTC,research,CC-BY-NC,https://www.inaturalist.org/observations/208143199,https://inaturalist-open-data.s3.amazonaws.com/photos/368237869/medium.jpg,,"",Dumped in a neighborhood pond,2,0,false,3,"Oklahoma, US",36.0712460537,-95.8742625137,15987,,,,28592,obscured,open,true,,,Amur Carp,Cyprinus rubrofuscus,Amur Carp,Actinopterygii,187316,,
208146167,859c7cfb-3f35-46a8-8c9a-9512764db40e,2024-04-19 13:10:57-06:00,2024-04-19,2024-04-19 19:10:57 UTC,America/Boise,6006481,worldtraveler27,,2024-04-19 19:48:08 UTC,2024-04-19 22:42:42 UTC,research,CC-BY-NC,https://www.inaturalist.org/observations/208146167,https://inaturalist-open-data.s3.amazonaws.com/photos/368243762/medium.jpg,,"","",2,0,false,3,"Hulls Gulch Reserve, Boise, ID, US",43.6425883333,-116.1865533333,4,,,,4,,open,false,,,Amur Carp,Cyprinus rubrofuscus,Amur Carp,Actinopterygii,187316,,
208379113,07a76943-2d1a-46c4-9628-4f20b802ecaa,2024-04-20 18:59:48-04:00,2024-04-20,2024-04-20 22:59:48 UTC,Eastern Time (US & Canada),8011149,aagardner1,,2024-04-20 23:15:30 UTC,2024-04-21 17:08:30 UTC,research,CC-BY-NC,https://www.inaturalist.org/observations/208379113,https://inaturalist-open-data.s3.amazonaws.com/photos/368679439/medium.jpg,,"","",2,0,false,3,"N Shorewood Ln, Caryville, TN, US",36.2823661905,-84.1731096012,93,,,,93,,open,false,,,Amur Carp,Cyprinus rubrofuscus,Amur Carp,Actinopterygii,187316,,
208564486,069ddade-cfab-43c8-b4e1-4f3f22cbebe9,2024-04-21 13:38:13-05:00,2024-04-21,2024-04-21 18:38:13 UTC,Central Time (US & Canada),7718626,cicizhang,,2024-04-21 20:26:36 UTC,2024-04-21 20:54:21 UTC,research,CC-BY-NC,https://www.inaturalist.org/observations/208564486,https://inaturalist-open-data.s3.amazonaws.com/photos/369025756/medium.jpg,,"","",1,0,false,3,"Chadwick Ln, Auburn, AL, US",32.58712,-85.5425416667,3,,,,3,,open,false,,,Amur Carp,Cyprinus rubrofuscus,Amur Carp,Actinopterygii,187316,,
208582941,ffaefb84-8017-4c0b-9609-7a5fb8e83435,2024-04-21 17:46:52-04:00,2024-04-21,2024-04-21 21:46:52 UTC,Eastern Time (US & Canada),5779973,michael_zambardino,,2024-04-21 21:50:01 UTC,2024-06-02 23:04:20 UTC,research,CC-BY-NC,https://www.inaturalist.org/observations/208582941,https://inaturalist-open-data.s3.amazonaws.com/photos/369060005/medium.jpg,,"","",2,0,false,3,"Edith J. Carrier Arboretum, Harrisonburg, VA, US",38.4289067551,-78.8652793789,115,,,,115,,open,false,,,Amur Carp,Cyprinus rubrofuscus,Amur Carp,Actinopterygii,187316,,
208740230,b736642c-db47-439e-b130-09c32778433f,2024-04-21 13:58:54-07:00,2024-04-21,2024-04-21 20:58:54 UTC,Pacific Time (US & Canada),7767243,cl0ud,,2024-04-22 17:55:59 UTC,2024-06-02 23:04:21 UTC,research,CC-BY-NC,https://www.inaturalist.org/observations/208740230,https://inaturalist-open-data.s3.amazonaws.com/photos/369352196/medium.jpg,,"","",3,0,false,3,"Central Park and Japanese Garden, San Mateo, CA, US",37.56212,-122.3216866667,4,,,,4,,open,false,,,Amur Carp,Cyprinus rubrofuscus,Amur Carp,Actinopterygii,187316,,
208812327,809e1bb1-4154-4c80-a40a-48c00c41937f,2024-04-22 19:53:58,2024-04-22,2024-04-22 23:53:58 UTC,America/Detroit,1529678,sci_punk,Ethan Rose,2024-04-23 00:22:39 UTC,2024-04-23 05:41:08 UTC,research,CC-BY,https://www.inaturalist.org/observations/208812327,https://inaturalist-open-data.s3.amazonaws.com/photos/369483071/medium.jpeg,,"",,2,0,false,2,"Lansing, MI 48910, USA",42.7187,-84.5097333333,,,,,,,open,false,gps,gps,Amur Carp,Cyprinus rubrofuscus,Amur Carp,Actinopterygii,187316,,
208816773,92669fee-e8f1-41c7-a9cf-1cf2650ff4c2,2024-04-22 16:56:15,2024-04-22,2024-04-22 21:56:15 UTC,Central Time (US & Canada),5562200,cubbies1727,Kyle Keenan,2024-04-23 00:55:12 UTC,2024-04-23 18:13:41 UTC,research,CC-BY-NC,https://www.inaturalist.org/observations/208816773,https://inaturalist-open-data.s3.amazonaws.com/photos/369492013/medium.jpeg,,"",,3,0,false,2,Whalon Lake,41.7155333197,-88.0926496536,187,,,,187,,open,false,gps,gps,Amur Carp,Cyprinus rubrofuscus,Amur Carp,Actinopterygii,187316,,
208905089,a4fcfa86-3a36-48fb-860a-7ac485b1b884,2024-04-15 14:03:26-04:00,2024-04-15,2024-04-15 18:03:26 UTC,Eastern Time (US & Canada),7811319,enabatic,,2024-04-23 15:29:30 UTC,2024-04-23 19:34:55 UTC,research,CC-BY-NC,https://www.inaturalist.org/observations/208905089,https://inaturalist-open-data.s3.amazonaws.com/photos/369660337/medium.jpg,,"","",2,0,false,3,"Fellsmere Pond, Malden, MA, US",42.42767,-71.0849528333,3,,,,3,,open,false,,,Amur Carp,Cyprinus rubrofuscus,Amur Carp,Actinopterygii,187316,,
208919442,2238d16d-610a-4752-b446-62659aeb1c25,2024-04-23 12:51:13-04:00,2024-04-23,2024-04-23 16:51:13 UTC,Eastern Time (US & Canada),8027055,briannac204,,2024-04-23 16:52:57 UTC,2024-05-26 17:15:46 UTC,research,CC-BY-NC,https://www.inaturalist.org/observations/208919442,https://inaturalist-open-data.s3.amazonaws.com/photos/369685492/medium.jpg,,"","",1,0,false,3,"Rowan University, Glassboro, NJ, US",39.7113800196,-75.1222772489,35,,,,35,,open,false,,,Amur Carp,Cyprinus rubrofuscus,Amur Carp,Actinopterygii,187316,,
209075387,5c9c3ed1-e440-48b1-b312-58d189b2dfae,2024-04-24 10:02:50-04:00,2024-04-24,2024-04-24 14:02:50 UTC,Eastern Time (US & Canada),7941129,sheilajerr,,2024-04-24 14:04:47 UTC,2024-04-25 14:28:59 UTC,research,CC-BY-NC,https://www.inaturalist.org/observations/209075387,https://inaturalist-open-data.s3.amazonaws.com/photos/369975254/medium.jpg,,"","",3,0,false,3,"College of Charleston, Charleston, SC, US",32.7825589531,-79.9374664776,9,,,,9,,open,false,,,Amur Carp,Cyprinus rubrofuscus,Amur Carp,Actinopterygii,187316,,
209743262,43b67074-56d3-479f-8c4c-7adcfab1fd52,2024-04-26 14:40:13-05:00,2024-04-26,2024-04-26 19:40:13 UTC,Central Time (US & Canada),8054596,sadiepreppygurl312,,2024-04-26 19:40:25 UTC,2024-11-04 23:50:31 UTC,research,CC-BY-NC,https://www.inaturalist.org/observations/209743262,https://inaturalist-open-data.s3.amazonaws.com/photos/371102475/medium.jpg,,"","",1,0,false,3,"N Division St, Lake Charles, LA, US",30.2309238785,-93.2090461552,35,,,,35,,open,false,,,Amur Carp,Cyprinus rubrofuscus,Amur Carp,Actinopterygii,187316,,
209760730,59fc1d2b-5176-419f-995b-019495c609d7,2024-04-26 13:08:21-07:00,2024-04-26,2024-04-26 20:08:21 UTC,Pacific Time (US & Canada),7950482,jmenzie,,2024-04-26 20:09:16 UTC,2024-04-26 23:22:50 UTC,research,CC-BY-NC,https://www.inaturalist.org/observations/209760730,https://inaturalist-open-data.s3.amazonaws.com/photos/371130558/medium.jpg,,"","",2,0,false,3,"UCR Botanic Gardens, Riverside, CA, US",33.9698466752,-117.3187129666,100,,,,100,,open,false,,,Amur Carp,Cyprinus rubrofuscus,Amur Carp,Actinopterygii,187316,,
209762217,a3a5d961-b88e-49b2-bdc5-a852e63a8f11,2024-04-26 13:11:35-07:00,2024-04-26,2024-04-26 20:11:35 UTC,Pacific Time (US & Canada),8054382,epoul002,,2024-04-26 20:11:51 UTC,2024-05-06 17:42:04 UTC,research,CC-BY-NC,https://www.inaturalist.org/observations/209762217,https://inaturalist-open-data.s3.amazonaws.com/photos/371132898/medium.jpg,,"","",2,0,false,3,"UCR Botanic Gardens, Riverside, CA, US",33.969870897,-117.318669752,65,,,,65,,open,false,,,Amur Carp,Cyprinus rubrofuscus,Amur Carp,Actinopterygii,187316,,
209974261,3ec1229b-ba27-48ff-a62e-fc9c8b6d8033,2024-04-23 15:15:02-04:00,2024-04-23,2024-04-23 19:15:02 UTC,Eastern Time (US & Canada),1527912,dianneconner,,2024-04-27 04:44:19 UTC,2024-08-29 17:24:18 UTC,research,CC-BY,https://www.inaturalist.org/observations/209974261,https://inaturalist-open-data.s3.amazonaws.com/photos/371484285/medium.jpg,,"","",2,0,false,3,"Yantacaw Brook Park, Montclair, NJ, US",40.8405833333,-74.1908633333,5,,,,5,,open,false,,,Amur Carp,Cyprinus rubrofuscus,Amur Carp,Actinopterygii,187316,,
210344880,3c6853eb-fd22-4a6f-ac18-e9417c13611f,2024/04/26 10:49 AM,2024-04-26,2024-04-26 17:49:00 UTC,Pacific Time (US & Canada),3925694,lostworldmountain,Alexander,2024-04-27 18:59:02 UTC,2024-06-01 01:22:22 UTC,research,CC-BY-NC,https://www.inaturalist.org/observations/210344880,https://inaturalist-open-data.s3.amazonaws.com/photos/372054092/medium.jpeg,,"","",3,0,false,,"Boulder City, NV, USA",35.9550772182,-114.8471905202,2,,,,2,,open,false,,,Amur Carp,Cyprinus rubrofuscus,Amur Carp,Actinopterygii,187316,,
210432795,a6a52e69-b33b-488d-b06d-02aa309a91aa,2024-04-27 14:53:59-05:00,2024-04-27,2024-04-27 19:53:59 UTC,Central Time (US & Canada),7606959,zadtbarela,,2024-04-27 21:23:37 UTC,2024-05-08 14:32:32 UTC,research,CC-BY-NC,https://www.inaturalist.org/observations/210432795,https://inaturalist-open-data.s3.amazonaws.com/photos/372199825/medium.jpg,,"","",2,0,false,3,"Fort Worth Botanic Garden, Fort Worth, TX, US",32.7372966667,-97.3654333333,4,,,,4,,open,false,,,Amur Carp,Cyprinus rubrofuscus,Amur Carp,Actinopterygii,187316,,
210443144,bcd9982b-cd97-4c2c-9f3a-8779e7ad8e3f,2019-09-17 05:44:30-05:00,2019-09-17,2019-09-17 10:44:30 UTC,Central Time (US & Canada),8052889,zach75018,zach,2024-04-27 21:42:03 UTC,2024-05-08 14:32:32 UTC,research,,https://www.inaturalist.org/observations/210443144,https://static.inaturalist.org/photos/372216295/medium.jpg,,"","",2,0,false,3,"Highcrest Ave, Fort Worth, TX, US",32.7998765,-97.316959,18203,,,,18203,,open,false,,,Amur Carp,Cyprinus rubrofuscus,Amur Carp,Actinopterygii,187316,,
210444126,1ce1fa54-02e2-4a45-965e-4fd67379b878,2019-09-17 05:54:31-05:00,2019-09-17,2019-09-17 10:54:31 UTC,Central Time (US & Canada),8052889,zach75018,zach,2024-04-27 21:43:26 UTC,2024-06-01 01:22:17 UTC,research,,https://www.inaturalist.org/observations/210444126,https://static.inaturalist.org/photos/372217597/medium.jpg,,"","",3,0,false,3,"Highcrest Ave, Fort Worth, TX, US",32.7998765,-97.316959,18203,,,,18203,,open,false,,,Amur Carp,Cyprinus rubrofuscus,Amur Carp,Actinopterygii,187316,,
210448938,f73b4567-8457-4a12-b76a-0a087a933500,2024-04-27 17:51:49-04:00,2024-04-27,2024-04-27 21:51:49 UTC,Eastern Time (US & Canada),7721110,ashlyngrubb,,2024-04-27 21:52:05 UTC,2024-06-01 01:22:15 UTC,research,CC-BY-NC,https://www.inaturalist.org/observations/210448938,https://inaturalist-open-data.s3.amazonaws.com/photos/372225877/medium.jpg,,"","",2,0,false,3,"Hobbs Rd, Greensboro, NC, US",36.0930633825,-79.8431823124,6,,,,6,,open,false,,,Amur Carp,Cyprinus rubrofuscus,Amur Carp,Actinopterygii,187316,,
210902660,2008badc-46fc-4391-9182-ed8719dc76eb,2024-04-22 08:00:00-04:00,2024-04-22,2024-04-22 12:00:00 UTC,Eastern Time (US & Canada),7925676,dunnerr,,2024-04-28 16:00:08 UTC,2024-04-29 17:00:33 UTC,research,CC-BY-NC,https://www.inaturalist.org/observations/210902660,https://inaturalist-open-data.s3.amazonaws.com/photos/372957066/medium.jpg,,"","",2,0,false,3,"PA-408, Townville, PA, US",41.7126,-79.9411616667,14,,,,14,,open,false,,,Amur Carp,Cyprinus rubrofuscus,Amur Carp,Actinopterygii,187316,,
210974452,ff40f979-3c94-4104-9fef-66c26dd7bd24,2024-04-11,2024-04-11,,Eastern Time (US & Canada),7776541,ddcc0871560,"",2024-04-28 17:44:37 UTC,2024-05-30 13:03:44 UTC,research,CC-BY-NC,https://www.inaturalist.org/observations/210974452,https://inaturalist-open-data.s3.amazonaws.com/photos/373069811/medium.jpeg,,"",,3,0,false,2,"Lexington, NC, USA",35.824020237,-80.2533838525,4968,,,,4968,,open,false,gps,gps,Amur Carp,Cyprinus rubrofuscus,Amur Carp,Actinopterygii,187316,,
211120807,bc817479-e7fd-4ff5-92a0-fb0b1c6844e6,2024-04-28 17:19:24-04:00,2024-04-28,2024-04-28 21:19:24 UTC,Eastern Time (US & Canada),5172708,tacocat1147,,2024-04-28 21:19:38 UTC,2024-05-08 22:30:32 UTC,research,CC-BY-NC,https://www.inaturalist.org/observations/211120807,https://inaturalist-open-data.s3.amazonaws.com/photos/373302922/medium.jpg,,"","",2,0,false,3,"Rutgers University, New Brunswick, NJ, US",40.48287977,-74.4366795012,4,,,,4,,open,false,,,Amur Carp,Cyprinus rubrofuscus,Amur Carp,Actinopterygii,187316,,
212089352,9aa1b9bd-a216-4871-8da7-3ea7e642226a,2024/04/29 5:25 PM,2024-04-29,2024-04-29 21:25:00 UTC,Eastern Time (US & Canada),1805291,geosesarma,"",2024-04-30 03:13:59 UTC,2024-05-08 14:32:05 UTC,research,CC-BY,https://www.inaturalist.org/observations/212089352,https://inaturalist-open-data.s3.amazonaws.com/photos/374822443/medium.jpeg,,"","",2,0,false,,"New Brunswick, NJ, USA",40.4827664865,-74.4367276906,8,,,,8,,open,false,,,Amur Carp,Cyprinus rubrofuscus,Amur Carp,Actinopterygii,187316,,
212241096,6700da3a-8f2c-4c1c-941e-fbf8b0562907,2024-04-27 12:17:54,2024-04-27,2024-04-27 16:17:54 UTC,Eastern Time (US & Canada),8085277,nikki24658,Nikki Arthur,2024-04-30 13:25:49 UTC,2024-05-15 20:26:57 UTC,research,,https://www.inaturalist.org/observations/212241096,https://static.inaturalist.org/photos/375077954/medium.jpeg,,"",,3,0,false,2,"Hampstead, NC, USA",34.3675882993,-77.710548453,4605,,,,4605,,open,false,gps,gps,Amur Carp,Cyprinus rubrofuscus,Amur Carp,Actinopterygii,187316,,
212241914,822cb7dc-9e4d-40ba-9d0f-2632788a7d1b,2024-04-27 12:19:51,2024-04-27,2024-04-27 16:19:51 UTC,Eastern Time (US & Canada),8085277,nikki24658,Nikki Arthur,2024-04-30 13:29:23 UTC,2024-04-30 16:09:01 UTC,research,,https://www.inaturalist.org/observations/212241914,https://static.inaturalist.org/photos/375079568/medium.jpeg,,"",,3,0,false,2,"Hampstead, NC, USA",34.3675882993,-77.710548453,4605,,,,4605,,open,false,gps,gps,Amur Carp,Cyprinus rubrofuscus,Amur Carp,Actinopterygii,187316,,
212440853,e00a006d-0fe5-4554-9cb4-b3d41a9a05d8,2024/03/06 8:38 PM,2024-03-06,2024-03-07 01:38:00 UTC,Eastern Time (US & Canada),8086706,hcarlisle,,2024-05-01 00:39:06 UTC,2024-05-08 14:31:18 UTC,research,CC-BY-NC,https://www.inaturalist.org/observations/212440853,https://inaturalist-open-data.s3.amazonaws.com/photos/375424620/medium.jpeg,,"",,2,0,false,,"North Carolina, USA",35.7595731,-79.0192997,337643,,,,337643,,open,false,,,Amur Carp,Cyprinus rubrofuscus,Amur Carp,Actinopterygii,187316,,
212446647,eef1bd8f-b6c6-4d0f-89d2-221b4e598a84,2024-04-30 13:38:26-07:00,2024-04-30,2024-04-30 20:38:26 UTC,Pacific Time (US & Canada),3113939,dalemeister,,2024-05-01 01:03:21 UTC,2024-05-02 06:47:20 UTC,research,CC-BY-NC,https://www.inaturalist.org/observations/212446647,https://inaturalist-open-data.s3.amazonaws.com/photos/375436154/medium.jpg,,"","",3,0,false,3,"N Palm Canyon Dr, Palm Springs, CA, US",33.8460465415,-116.5463389895,26,,,,26,,open,false,,,Amur Carp,Cyprinus rubrofuscus,Amur Carp,Actinopterygii,187316,,
212688927,ffeedc8a-a05c-48e9-9ff6-7005c8587e6b,2024/04/28 6:21 PM,2024-04-28,2024-04-28 22:21:00 UTC,Eastern Time (US & Canada),927795,kpwest,"Dennis Tarnay, Jr.",2024-05-01 19:23:06 UTC,2024-05-08 14:31:12 UTC,research,CC-BY-NC-ND,https://www.inaturalist.org/observations/212688927,https://inaturalist-open-data.s3.amazonaws.com/photos/375855539/medium.jpg,,"","",2,0,false,,"Meadowlark Botanical Gardens, Fairfax VA, USA",38.935965,-77.284632,18,,,,18,,open,false,,,Amur Carp,Cyprinus rubrofuscus,Amur Carp,Actinopterygii,187316,,
212688929,35c63eb1-e304-4a5f-844f-df511dc5312e,2024/04/28 6:21 PM,2024-04-28,2024-04-28 22:21:00 UTC,Eastern Time (US & Canada),927795,kpwest,"Dennis Tarnay, Jr.",2024-05-01 19:23:06 UTC,2024-05-01 20:23:38 UTC,research,CC-BY-NC-ND,https://www.inaturalist.org/observations/212688929,https://inaturalist-open-data.s3.amazonaws.com/photos/375855534/medium.jpg,,"","",2,0,false,,"Meadowlark Botanical Gardens, Fairfax VA, USA",38.935931,-77.284585,72,,,,72,,open,false,,,Amur Carp,Cyprinus rubrofuscus,Amur Carp,Actinopterygii,187316,,
212749103,b6bb395e-da6a-40a6-a843-2903b3708b73,2024-05-01 17:04:03,2024-05-01,2024-05-01 22:04:03 UTC,Central Time (US & Canada),3053713,bradleynotermann,Bradley Notermann,2024-05-01 23:18:21 UTC,2024-11-21 14:46:51 UTC,research,,https://www.inaturalist.org/observations/212749103,https://static.inaturalist.org/photos/375966842/medium.jpeg,,"",,3,1,false,2,"Chaska, MN 55318, USA",44.8458270177,-93.6035320535,8,,,,8,,open,false,gps,gps,Amur Carp,Cyprinus rubrofuscus,Amur Carp,Actinopterygii,187316,,
213010744,268ef16a-6c8b-4f3d-8db1-64b339d39ec3,Thu May 02 2024 13:29:01 GMT -0400 (EDT),2024-05-02,2024-05-02 17:29:01 UTC,Eastern Time (US & Canada),8011802,reeniebeanie,,2024-05-02 22:53:59 UTC,2024-05-03 05:37:57 UTC,research,CC-BY-NC,https://www.inaturalist.org/observations/213010744,https://inaturalist-open-data.s3.amazonaws.com/photos/376432258/medium.jpeg,,"",,2,0,false,333,Albany,42.6579666138,-73.7738189697,,,,,,,open,false,,,Amur Carp,Cyprinus rubrofuscus,Amur Carp,Actinopterygii,187316,,
213472333,a02069bb-7500-4f34-9809-e4828dde234b,2024-05-04 11:08:30-07:00,2024-05-04,2024-05-04 18:08:30 UTC,Pacific Time (US & Canada),7760621,brycethebug,,2024-05-04 18:09:01 UTC,2024-05-08 14:30:34 UTC,research,CC-BY-NC,https://www.inaturalist.org/observations/213472333,https://inaturalist-open-data.s3.amazonaws.com/photos/377265750/medium.jpg,,"","",2,0,false,3,"The Park at River Walk, Bakersfield, CA, US",35.3511550545,-119.1239950265,8,,,,8,,open,false,,,Amur Carp,Cyprinus rubrofuscus,Amur Carp,Actinopterygii,187316,,
213788909,8e65010f-49e9-4855-aea6-63cb2b3c8a55,2024-04-13 12:50:03-04:00,2024-04-13,2024-04-13 16:50:03 UTC,Eastern Time (US & Canada),413027,nniu,,2024-05-05 20:07:14 UTC,2024-05-08 14:29:08 UTC,research,,https://www.inaturalist.org/observations/213788909,https://static.inaturalist.org/photos/377838030/medium.jpg,,"","",2,0,false,3,"Fairgrounds Rd, Trenton, NJ, US",40.23745,-74.7159366667,4,,,,4,,open,false,,,Amur Carp,Cyprinus rubrofuscus,Amur Carp,Actinopterygii,187316,,
214011498,b0cd900c-b8a2-4a83-bbe0-f33665c3e892,2024-04-13 16:00:15-05:00,2024-04-13,2024-04-13 21:00:15 UTC,Central Time (US & Canada),3975451,tyler_irvin,Tyler Irvin,2024-05-06 16:57:16 UTC,2024-05-06 17:50:18 UTC,research,,https://www.inaturalist.org/observations/214011498,https://static.inaturalist.org/photos/378235525/medium.jpg,,"","",2,0,false,3,"Joe Pool Lake, Grand Prairie, TX, US",32.6307716667,-97.0402305,16,,,,16,,open,false,,,Amur Carp,Cyprinus rubrofuscus,Amur Carp,Actinopterygii,187316,,
214019469,36228db8-b64d-4fe3-8a55-1f80593dcce0,2018-02-11 22:28:00-06:00,2018-02-11,2018-02-12 04:28:00 UTC,Central Time (US & Canada),7663152,garrettfrye1,,2024-05-06 17:38:33 UTC,2024-05-07 20:15:46 UTC,research,CC-BY-NC,https://www.inaturalist.org/observations/214019469,https://inaturalist-open-data.s3.amazonaws.com/photos/378250428/medium.jpg,,"","",3,0,false,3,"Parker County, US-TX, US",32.7805252782,-97.6852041271,1359,,,,1359,,open,false,,,Amur Carp,Cyprinus rubrofuscus,Amur Carp,Actinopterygii,187316,,
214438048,d4045135-852f-46be-897c-255980a030f4,2024-05-08 14:52:52,2024-05-08,2024-05-08 18:52:52 UTC,Eastern Time (US & Canada),7996555,mikedrew,"",2024-05-08 18:53:20 UTC,2024-05-24 02:53:00 UTC,research,CC-BY-NC,https://www.inaturalist.org/observations/214438048,https://inaturalist-open-data.s3.amazonaws.com/photos/379030947/medium.jpeg,,"",,2,0,false,2,"New Jersey, US",40.8718158565,-74.3463267281,7,,,,27877,obscured,open,true,,,Amur Carp,Cyprinus rubrofuscus,Amur Carp,Actinopterygii,187316,,
214594071,86bc08b5-be16-4e95-b12e-aa74d003e9bb,2024-05-09 09:53:13-05:00,2024-05-09,2024-05-09 14:53:13 UTC,Central Time (US & Canada),7676007,marinaturalist2,,2024-05-09 14:53:30 UTC,2024-05-30 13:02:49 UTC,research,CC-BY-NC,https://www.inaturalist.org/observations/214594071,https://inaturalist-open-data.s3.amazonaws.com/photos/379321175/medium.jpg,,"","",3,0,false,3,"Lake Worth, Fort Worth, TX, US",32.7845419809,-97.4551103047,773,,,,773,,open,false,,,Amur Carp,Cyprinus rubrofuscus,Amur Carp,Actinopterygii,187316,,
214887182,03d1d07f-ad22-4b83-a58b-e5988d6cc4a4,2024-05-10 18:45:53,2024-05-10,2024-05-10 22:45:53 UTC,America/Detroit,8129446,asianobserver,,2024-05-10 22:49:49 UTC,2024-05-17 22:16:41 UTC,research,,https://www.inaturalist.org/observations/214887182,https://static.inaturalist.org/photos/379868758/medium.jpeg,,"",,1,0,false,2,"Holland Historic District, Holland, MI 49423, USA",42.7872016667,-86.1080516667,8,,,,8,,open,false,,,Amur Carp,Cyprinus rubrofuscus,Amur Carp,Actinopterygii,187316,,
215632435,d59faa21-f083-4c29-9b44-f50dcb4cbc6e,2024-05-13 17:28:25-06:00,2024-05-13,2024-05-13 23:28:25 UTC,America/Boise,5644617,sciencewithsam,Sam Anderton,2024-05-14 02:42:53 UTC,2024-05-15 20:26:15 UTC,research,,https://www.inaturalist.org/observations/215632435,https://static.inaturalist.org/photos/381261258/medium.jpg,,"","",2,0,false,3,"Hyatt Hidden Lakes Reserve, Boise, ID, US",43.6498116667,-116.2966466667,58,,,,58,,open,false,,,Amur Carp,Cyprinus rubrofuscus,Amur Carp,Actinopterygii,187316,,
215905580,d5b20363-7668-4eeb-a97e-f32136257d79,2024-05-15 08:13:55-04:00,2024-05-15,2024-05-15 12:13:55 UTC,Eastern Time (US & Canada),7715114,pheber,,2024-05-15 13:42:39 UTC,2024-05-15 20:26:07 UTC,research,CC-BY-NC,https://www.inaturalist.org/observations/215905580,https://inaturalist-open-data.s3.amazonaws.com/photos/381777966/medium.jpg,,"","",2,0,false,3,"Fortress Obetz, Obetz, OH, US",39.8851529388,-82.9435414401,5224,,,,5224,,open,false,,,Amur Carp,Cyprinus rubrofuscus,Amur Carp,Actinopterygii,187316,,
215964118,da764961-3f86-4a75-90cf-a82f6568c415,2023-06-04 15:14:44-06:00,2023-06-04,2023-06-04 21:14:44 UTC,America/Boise,7872582,amadeolu,,2024-05-15 18:53:32 UTC,2024-10-21 14:29:02 UTC,research,CC-BY-NC,https://www.inaturalist.org/observations/215964118,https://inaturalist-open-data.s3.amazonaws.com/photos/381886217/medium.jpg,,"","",2,0,false,3,"Indian Springs Rd, American Falls, ID, US",42.7252152578,-112.8735905163,14,,,,14,,open,false,,,Amur Carp,Cyprinus rubrofuscus,Amur Carp,Actinopterygii,187316,,
215964430,bb1b5aad-4f61-42a0-a33e-6aa827597f3f,2023-06-04 15:14:44-06:00,2023-06-04,2023-06-04 21:14:44 UTC,America/Boise,7872582,amadeolu,,2024-05-15 18:55:40 UTC,2024-10-21 14:28:58 UTC,research,CC-BY-NC,https://www.inaturalist.org/observations/215964430,https://inaturalist-open-data.s3.amazonaws.com/photos/381886239/medium.jpg,,"","",2,0,false,3,"Indian Springs Rd, American Falls, ID, US",42.7252247369,-112.8736051042,25,,,,25,,open,false,,,Amur Carp,Cyprinus rubrofuscus,Amur Carp,Actinopterygii,187316,,
216103292,8d57e9db-28d4-42af-b3e8-30a55bb5e49f,2024/04/25 11:58 AM,2024-04-25,2024-04-25 17:58:00 UTC,America/Boise,3610149,naturejeanne,Sandy Thomas,2024-05-16 13:23:26 UTC,2024-05-16 19:08:22 UTC,research,CC-BY-NC,https://www.inaturalist.org/observations/216103292,https://inaturalist-open-data.s3.amazonaws.com/photos/382152027/medium.jpg,,"",Amur Carp??,2,0,false,,"Hyatt Hidden Lakes Reserve, Boise, ID, USA",43.6518935022,-116.2958451641,2,,,,2,,open,false,,,Amur Carp,Cyprinus rubrofuscus,Amur Carp,Actinopterygii,187316,,
216192092,d3965be7-236f-47a9-8518-96c1f98b4e18,2024-05-02 16:27:14-04:00,2024-05-02,2024-05-02 20:27:14 UTC,Eastern Time (US & Canada),6091456,arich27,,2024-05-16 21:35:36 UTC,2024-06-10 03:53:11 UTC,research,CC-BY-NC,https://www.inaturalist.org/observations/216192092,https://inaturalist-open-data.s3.amazonaws.com/photos/382318518/medium.jpg,,"","",2,0,false,3,"Buckingham Lake Park, Albany, NY, US",42.6640633333,-73.8079916667,3,,,,3,,open,false,,,Amur Carp,Cyprinus rubrofuscus,Amur Carp,Actinopterygii,187316,,
216323471,7a7adf93-f2f4-46b0-b727-e8217ad2b029,2024/02/11 1:41 PM,2024-02-11,2024-02-11 20:41:00 UTC,Arizona,3631207,operculum_ben,operculum_ben,2024-05-17 15:34:28 UTC,2025-04-27 06:58:19 UTC,research,CC-BY-NC,https://www.inaturalist.org/observations/216323471,https://static.inaturalist.org/photos/382559311/medium.jpg,,"freshwater, lifelist","Caught sightfishing with a small piece of Wonderbread. 

I had gone to this pond 3-4 times to carp fish without issue, but my last trip I was angrily approached and told to stop fishing by a resident. There were no ""No fishing"" signs around this park unlike the other ponds in this area. The resident claimed that ""No fishing allowed"" signs had been stolen. Whether they were telling the truth or not I don't know, but I decided it wasn't worth being harassed and never returned. Location obscured.",4,0,false,,"Maricopa County, US-AZ, US",33.6961317858,-112.0626663549,79,,,,28930,obscured,open,true,,,Amur Carp,Cyprinus rubrofuscus,Amur Carp,Actinopterygii,187316,,
217214867,2e24822b-b090-4509-b155-20c85d376f07,2024-05-17 19:41:19-05:00,2024-05-17,2024-05-18 00:41:19 UTC,Central Time (US & Canada),8173156,candicebonner,,2024-05-21 03:17:21 UTC,2024-05-21 17:40:18 UTC,research,CC-BY-NC,https://www.inaturalist.org/observations/217214867,https://inaturalist-open-data.s3.amazonaws.com/photos/384243329/medium.jpg,,"","",2,0,false,3,"Mudd St, Ohatchee, AL, US",33.7291866667,-86.0442195,4,,,,4,,open,false,,,Amur Carp,Cyprinus rubrofuscus,Amur Carp,Actinopterygii,187316,,
217814693,eb6dc253-5a01-452c-b402-3c2e7c5e7277,2024-05-23 18:10:25,2024-05-23,2024-05-23 23:10:25 UTC,Central Time (US & Canada),175524,hydrophilus,Eric C. Maxwell,2024-05-24 02:06:27 UTC,2024-05-28 13:10:51 UTC,research,CC-BY-NC-ND,https://www.inaturalist.org/observations/217814693,https://inaturalist-open-data.s3.amazonaws.com/photos/385372979/medium.jpeg,,"",,3,0,false,2,"Huntsville, AL 35805, USA",34.7218935,-86.6426797,,,,,,,open,false,gps,gps,Amur Carp,Cyprinus rubrofuscus,Amur Carp,Actinopterygii,187316,,
217942233,b4b64e4f-07eb-4401-962e-b4d4c36cf79b,2024-05-24 12:53:40-04:00,2024-05-24,2024-05-24 16:53:40 UTC,Eastern Time (US & Canada),5615815,benmayle,,2024-05-24 18:09:49 UTC,2024-05-24 22:40:17 UTC,research,CC-BY-NC,https://www.inaturalist.org/observations/217942233,https://inaturalist-open-data.s3.amazonaws.com/photos/385611361/medium.jpg,,"","",3,0,false,3,"South Bass Island, Put in Bay, OH, US",41.6536333333,-82.8184666667,5,,,,5,,open,false,,,Amur Carp,Cyprinus rubrofuscus,Amur Carp,Actinopterygii,187316,,
218254613,86afefef-08ad-451c-a116-de1d5d29d1b1,2024-05-24 06:16:05Z,2024-05-24,2024-05-24 06:16:05 UTC,Central Time (US & Canada),7684159,finch_binch,Kale,2024-05-26 00:34:02 UTC,2024-07-23 07:47:08 UTC,research,,https://www.inaturalist.org/observations/218254613,https://static.inaturalist.org/photos/386192101/medium.jpg,,"","",2,0,false,3,"Martin Park Nature Center, Oklahoma City, OK, US",35.6072052157,-97.60943066,23,,,,23,,open,false,,,Amur Carp,Cyprinus rubrofuscus,Amur Carp,Actinopterygii,187316,,
218622633,90bea91a-fa70-45bf-8e0b-5558dc9e17c6,2024-05-27 08:23:39-04:00,2024-05-27,2024-05-27 12:23:39 UTC,Eastern Time (US & Canada),6186374,matthew_chin,Matthew Chin,2024-05-27 12:28:13 UTC,2024-11-16 19:53:53 UTC,research,,https://www.inaturalist.org/observations/218622633,https://static.inaturalist.org/photos/386884022/medium.jpg,,"","",2,0,false,3,"Prettyboy Reservoir Park, Parkton, MD, US",39.6519842232,-76.7418507301,9,,,,9,,open,false,,,Amur Carp,Cyprinus rubrofuscus,Amur Carp,Actinopterygii,187316,,
218772868,216c65d2-7d45-4d39-bb86-b0722e1fe985,2024/05/27 3:09 PM,2024-05-27,2024-05-27 19:09:00 UTC,Eastern Time (US & Canada),5703184,fubb4257,Liam Stevens,2024-05-27 23:24:47 UTC,2024-05-28 20:03:31 UTC,research,CC-BY-NC,https://www.inaturalist.org/observations/218772868,https://inaturalist-open-data.s3.amazonaws.com/photos/387146549/medium.jpeg,,"","Just a straight up koi in the lake, not captive, city did not place this here, I actually know they guy who released it and it is not taken care of just munching on whatever it finds. Idk why this was released here :{",3,0,false,,"Lake Davis/Greenwood, Orlando, FL, USA",28.5355787961,-81.3622572266,1,,,,1,,open,false,,,Amur Carp,Cyprinus rubrofuscus,Amur Carp,Actinopterygii,187316,,
219300742,5d8d2e0f-b17f-4477-9152-f8ede2d2a99f,2024-05-27 14:01:02-04:00,2024-05-27,2024-05-27 18:01:02 UTC,Eastern Time (US & Canada),8208318,chase39707,Chase Campbell,2024-05-30 11:46:59 UTC,2024-05-30 12:11:39 UTC,research,,https://www.inaturalist.org/observations/219300742,https://static.inaturalist.org/photos/388153979/medium.jpg,,"","",1,0,false,3,"Linesville, PA, US",41.6436842751,-80.4250753233,495,,,,495,,open,false,,,Amur Carp,Cyprinus rubrofuscus,Amur Carp,Actinopterygii,187316,,
219633339,5d4e3397-9b09-48c0-94d1-a0b2e5b4350d,Fri May 31 2024 19:30:10 GMT -0400 (EDT),2024-05-31,2024-05-31 23:30:10 UTC,Eastern Time (US & Canada),8022468,mxnoe,,2024-05-31 23:30:22 UTC,2024-06-01 02:25:15 UTC,research,CC-BY-NC,https://www.inaturalist.org/observations/219633339,https://inaturalist-open-data.s3.amazonaws.com/photos/388772381/medium.jpeg,,"",,1,0,false,333,Sewell,39.7426452637,-75.097946167,1414,,,,1414,,open,false,,,Amur Carp,Cyprinus rubrofuscus,Amur Carp,Actinopterygii,187316,,
221252516,e97185dc-a26d-4296-93a5-c35152c0b9ef,2024-06-07 17:23:57,2024-06-07,2024-06-08 00:23:57 UTC,Pacific Time (US & Canada),7430724,riley95793,Riley,2024-06-08 06:58:51 UTC,2024-06-08 14:17:35 UTC,research,,https://www.inaturalist.org/observations/221252516,https://static.inaturalist.org/photos/391814953/medium.jpeg,,"",,1,0,false,2,"Washington, US",47.2436060153,-122.4425833786,657,,,,26871,obscured,open,true,gps,gps,Amur Carp,Cyprinus rubrofuscus,Amur Carp,Actinopterygii,187316,,
221602491,2e109581-e5fa-45ec-a88b-e3f769335d01,2024/06/08 12:31 PM,2024-06-08,2024-06-08 16:31:00 UTC,Eastern Time (US & Canada),5647533,kevin_ackerman,Kevin Ackerman,2024-06-09 16:33:09 UTC,2025-04-12 14:53:53 UTC,research,CC-BY-NC,https://www.inaturalist.org/observations/221602491,https://inaturalist-open-data.s3.amazonaws.com/photos/392438864/medium.jpeg,,"",,3,0,false,,"Blue Point, NY, USA",40.7427892722,-73.038617116,4,,,,4,,open,false,,,Amur Carp,Cyprinus rubrofuscus,Amur Carp,Actinopterygii,187316,,
221886378,5c589acb-895e-4e95-82b2-f1e232aba5c8,2024-06-10 14:54:59,2024-06-10,2024-06-10 18:54:59 UTC,Eastern Time (US & Canada),1846316,yona_yama,Yona Britto,2024-06-10 20:02:41 UTC,2024-06-11 00:07:57 UTC,research,,https://www.inaturalist.org/observations/221886378,https://static.inaturalist.org/photos/392986979/medium.jpeg,,"",,1,0,false,2,"Cross Junction, VA 22625, USA",39.31,-78.3299999997,,,,,,,open,false,gps,gps,Amur Carp,Cyprinus rubrofuscus,Amur Carp,Actinopterygii,187316,,
222524966,aa81e106-6538-4ac8-847f-7addf069f5d3,2024-06-13 17:26:00-04:00,2024-06-13,2024-06-13 21:26:00 UTC,Eastern Time (US & Canada),6160976,average_adam,Adam Leisenring,2024-06-13 21:29:14 UTC,2024-06-16 16:28:02 UTC,research,,https://www.inaturalist.org/observations/222524966,https://static.inaturalist.org/photos/394188232/medium.jpg,,"",Not totally sure if these are goldfish or koi. ,2,0,false,3,"Cedar Grove Rd, Conshohocken, PA, US",40.0890169149,-75.285603331,7,,,,7,,open,false,,,Amur Carp,Cyprinus rubrofuscus,Amur Carp,Actinopterygii,187316,,
222985086,472579b8-9de7-4302-b7b0-07053ae4ee8f,2024-06-15 16:53:39-04:00,2024-06-15,2024-06-15 20:53:39 UTC,Eastern Time (US & Canada),4762684,team_bingebirder,Nikhil Reddy,2024-06-16 00:26:49 UTC,2024-06-30 00:40:13 UTC,research,CC-BY-NC,https://www.inaturalist.org/observations/222985086,https://inaturalist-open-data.s3.amazonaws.com/photos/395049838/medium.jpg,,"","",2,0,false,3,"NE 172nd Ct, Williston, FL, US",29.3879689005,-82.486472352,23,,,,23,,open,false,,,Amur Carp,Cyprinus rubrofuscus,Amur Carp,Actinopterygii,187316,,
222996447,7755f496-52ac-4a5d-a993-c4bf596c5f25,2024-06-15 16:44:26-04:00,2024-06-15,2024-06-15 20:44:26 UTC,Eastern Time (US & Canada),3026110,johnnyradicool,,2024-06-16 01:38:48 UTC,2024-06-19 13:21:21 UTC,research,CC-BY-NC,https://www.inaturalist.org/observations/222996447,https://inaturalist-open-data.s3.amazonaws.com/photos/395071551/medium.jpg,,"","",2,0,false,3,"Syria, VA, US",38.49063,-78.336045,36,,,,36,,open,false,,,Amur Carp,Cyprinus rubrofuscus,Amur Carp,Actinopterygii,187316,,
223190379,b45f7f3f-e0f6-45e9-8083-72bd35f23ab6,2024-06-16 13:27:44,2024-06-16,2024-06-16 19:27:44 UTC,Mountain Time (US & Canada),3713252,christiandabomb,Christian Furness,2024-06-16 20:35:39 UTC,2024-06-18 15:24:16 UTC,research,,https://www.inaturalist.org/observations/223190379,https://static.inaturalist.org/photos/395431034/medium.jpeg,,"",,1,0,false,2,"Daybreak, South Jordan, UT, USA",40.5605442,-112.0023853,,,,,,,open,false,gps,gps,Amur Carp,Cyprinus rubrofuscus,Amur Carp,Actinopterygii,187316,,
223567131,e5b2619d-e1c2-4418-bbdc-d0b3fda03442,2024-06-18 11:43:37-04:00,2024-06-18,2024-06-18 15:43:37 UTC,Eastern Time (US & Canada),6346197,oliver_g_jones,Oliver g jones,2024-06-18 15:59:51 UTC,2024-06-19 13:21:17 UTC,research,CC-BY-NC,https://www.inaturalist.org/observations/223567131,https://inaturalist-open-data.s3.amazonaws.com/photos/396145978/medium.jpg,,"","",2,0,false,3,"Bridgewater Plaza, Moneta, VA, US",37.1432583333,-79.6703116667,18,,,,18,,open,false,,,Amur Carp,Cyprinus rubrofuscus,Amur Carp,Actinopterygii,187316,,
223764212,b7f07803-8f69-4082-87e5-a4c82b0964bb,2024-06-17 12:42:51-06:00,2024-06-17,2024-06-17 18:42:51 UTC,Mountain Time (US & Canada),7911358,jonah_c,,2024-06-19 15:03:09 UTC,2024-12-12 00:30:52 UTC,research,CC-BY-NC,https://www.inaturalist.org/observations/223764212,https://inaturalist-open-data.s3.amazonaws.com/photos/396520532/medium.jpg,,"","",2,0,false,3,"E Riverbend St, Superior, CO, US",39.939105,-105.1474528333,4,,,,4,,open,false,,,Amur Carp,Cyprinus rubrofuscus,Amur Carp,Actinopterygii,187316,,
224056187,3c51a5cb-9c0d-4c2f-9495-eea6b43657e8,Thu Jun 20 2024 16:53:33 GMT -0400 (EDT),2024-06-20,2024-06-20 20:53:33 UTC,Eastern Time (US & Canada),7699238,thealphashard,Liam Summey,2024-06-20 20:53:47 UTC,2024-06-20 21:19:29 UTC,research,CC-BY-NC,https://www.inaturalist.org/observations/224056187,https://inaturalist-open-data.s3.amazonaws.com/photos/397063120/medium.jpeg,,"",,1,0,false,333,Spartanburg,34.9307556152,-81.9566726685,35,,,,35,,open,false,,,Amur Carp,Cyprinus rubrofuscus,Amur Carp,Actinopterygii,187316,,
224428021,f431aedf-e976-4d6d-83f1-11b4ced2f284,2024-06-17 14:52:43-04:00,2024-06-17,2024-06-17 18:52:43 UTC,Eastern Time (US & Canada),2213434,jameslafo,James-LaFontaine,2024-06-22 16:43:01 UTC,2025-04-26 05:16:45 UTC,research,CC-BY,https://www.inaturalist.org/observations/224428021,https://inaturalist-open-data.s3.amazonaws.com/photos/397764252/medium.jpg,,lifelist,Specimen caught on hook and line ,2,0,false,3,"Suffolk County, US-NY, US",40.9481619582,-72.9384140048,1221,,,,27877,obscured,open,true,,"",Amur Carp,Cyprinus rubrofuscus,Amur Carp,Actinopterygii,187316,,
225753331,a399ae30-89d4-485c-bc1d-9efcff481c17,2024/06/28 1:24 PM,2024-06-28,2024-06-28 17:24:00 UTC,Eastern Time (US & Canada),5178278,mabuva2021,,2024-06-28 17:26:21 UTC,2024-06-30 00:39:02 UTC,research,CC-BY-NC,https://www.inaturalist.org/observations/225753331,https://inaturalist-open-data.s3.amazonaws.com/photos/400290379/medium.jpg,,"",Photo taken by my brother,2,0,false,,"Lattingtown, NY 11560, USA",40.8890817498,-73.5849203182,109,,,,109,,open,false,,,Amur Carp,Cyprinus rubrofuscus,Amur Carp,Actinopterygii,187316,,
226359771,556d1e31-b02a-46f7-a50e-55bf0b429571,2024/06/29 9:41 AM,2024-06-29,2024-06-29 14:41:00 UTC,Central Time (US & Canada),5032410,ben_b41,,2024-07-01 03:35:52 UTC,2024-07-07 18:43:07 UTC,research,CC-BY-NC,https://www.inaturalist.org/observations/226359771,https://inaturalist-open-data.s3.amazonaws.com/photos/401436316/medium.jpeg,,"","",2,0,false,,"Fort Worth, TX, USA",32.7374546619,-97.3646727069,463,,,,463,,open,false,,"",Amur Carp,Cyprinus rubrofuscus,Amur Carp,Actinopterygii,187316,,
226668724,a2a4ab55-47e0-44a1-bb59-9f6a9bd9457f,2024-07-01 13:47:26-05:00,2024-07-01,2024-07-01 18:47:26 UTC,Central Time (US & Canada),7999568,leslieshook,Leslie S.,2024-07-02 12:53:05 UTC,2024-07-07 18:42:37 UTC,research,CC-BY-NC,https://www.inaturalist.org/observations/226668724,https://inaturalist-open-data.s3.amazonaws.com/photos/402029942/medium.jpg,,"","",2,0,false,3,"Greers Ferry Lake, Higden, AR, US",35.5465883333,-92.27507,4,,,,4,,open,false,,,Amur Carp,Cyprinus rubrofuscus,Amur Carp,Actinopterygii,187316,,
226945098,13bd243c-51fd-4948-b161-61db308564e3,2024-07-01 12:11:52-05:00,2024-07-01,2024-07-01 17:11:52 UTC,Central Time (US & Canada),6210460,melinaaa,melina !!,2024-07-03 18:35:27 UTC,2025-01-25 23:12:34 UTC,research,CC-BY-NC,https://www.inaturalist.org/observations/226945098,https://inaturalist-open-data.s3.amazonaws.com/photos/402544096/medium.jpg,,"","",1,0,false,3,"Lincoln Park, Chicago, IL, US",41.9189383333,-87.6336833333,4,,,,4,,open,false,,,Amur Carp,Cyprinus rubrofuscus,Amur Carp,Actinopterygii,187316,,
227377163,b07089dc-a214-43f2-bc2f-7511e67e35d9,Fri Jul 05 2024 16:39:00 GMT -0400 (EDT),2024-07-05,2024-07-05 20:39:00 UTC,Eastern Time (US & Canada),8214786,ssb1990,,2024-07-05 20:39:07 UTC,2024-08-05 01:16:33 UTC,research,CC-BY-NC,https://www.inaturalist.org/observations/227377163,https://inaturalist-open-data.s3.amazonaws.com/photos/403362212/medium.jpeg,,"",,1,0,false,333,Middletown,41.5599060059,-72.6685409546,52,,,,52,,open,false,,,Amur Carp,Cyprinus rubrofuscus,Amur Carp,Actinopterygii,187316,,
227584090,4ddef005-95ef-457a-a81f-e1d25a3b37f4,2024-07-02 13:04:07-07:00,2024-07-02,2024-07-02 20:04:07 UTC,Pacific Time (US & Canada),1849099,sparrowhawkk,tori,2024-07-06 18:48:34 UTC,2024-07-06 20:50:26 UTC,research,CC-BY-NC,https://www.inaturalist.org/observations/227584090,https://inaturalist-open-data.s3.amazonaws.com/photos/403754315/medium.jpg,,"","",1,0,false,3,"Lake Arrowhead Village, Lake Arrowhead, CA, US",34.2516783333,-117.1884383333,40,,,,40,,open,false,,,Amur Carp,Cyprinus rubrofuscus,Amur Carp,Actinopterygii,187316,,
227853354,50050f5b-604a-48be-a7ef-98005abeb948,2024/07/07 2:20 PM,2024-07-07,2024-07-07 18:20:00 UTC,Eastern Time (US & Canada),4601962,landfrog,David Matevosian,2024-07-07 19:51:16 UTC,2024-07-07 19:53:39 UTC,research,CC-BY-NC,https://www.inaturalist.org/observations/227853354,https://inaturalist-open-data.s3.amazonaws.com/photos/404261495/medium.jpeg,,"","",1,0,false,,"Amherst Center, Amherst, MA, USA",42.3887434757,-72.5263406279,24,,,,24,,open,false,,,Amur Carp,Cyprinus rubrofuscus,Amur Carp,Actinopterygii,187316,,
228170984,c93e55d3-e24c-4dcb-b80c-955912921537,2024-07-08 07:47:04-08:00,2024-07-08,2024-07-08 15:47:04 UTC,Pacific Time (US & Canada),160274,camerondeckert,Cameron Eckert,2024-07-09 03:47:43 UTC,2024-07-09 14:33:38 UTC,research,CC-BY-NC,https://www.inaturalist.org/observations/228170984,https://inaturalist-open-data.s3.amazonaws.com/photos/404870128/medium.jpg,,"","",1,0,false,3,"Butte County, US-CA, US",39.9032916667,-121.5241383333,,,,,,,open,false,,,Amur Carp,Cyprinus rubrofuscus,Amur Carp,Actinopterygii,187316,,
230300206,21336223-0ad1-465e-ae3b-90852d687a46,Fri Jul 19 2024 10:49:24 GMT -0400 (EDT),2024-07-19,2024-07-19 14:49:24 UTC,Eastern Time (US & Canada),4785221,littorinalaura,Laura Page,2024-07-19 14:49:34 UTC,2024-07-28 03:04:37 UTC,research,,https://www.inaturalist.org/observations/230300206,https://static.inaturalist.org/photos/408909523/medium.jpeg,,"",,2,0,false,333,Manchester,41.775604248,-72.4859237671,14,,,,14,,open,false,,,Amur Carp,Cyprinus rubrofuscus,Amur Carp,Actinopterygii,187316,,
230643564,32337fa8-fb5d-4c3b-9564-b2b48217d055,2024-07-20 06:50:44-04:00,2024-07-20,2024-07-20 10:50:44 UTC,Eastern Time (US & Canada),3310898,macnoot,,2024-07-21 01:53:20 UTC,2025-01-17 03:10:29 UTC,research,,https://www.inaturalist.org/observations/230643564,https://static.inaturalist.org/photos/409553366/medium.jpeg,,"","",1,0,false,3,"Boston Post Rd, Larchmont, NY, US",40.92303,-73.7611083333,4,,,,4,,open,false,,,Amur Carp,Cyprinus rubrofuscus,Amur Carp,Actinopterygii,187316,,
230646088,400461ea-6777-469d-b1e4-d089e5147196,2021-09-28 14:20:58-04:00,2021-09-28,2021-09-28 18:20:58 UTC,Eastern Time (US & Canada),8378673,pattata,,2024-07-21 02:11:36 UTC,2024-07-21 15:06:20 UTC,research,CC-BY-NC,https://www.inaturalist.org/observations/230646088,https://inaturalist-open-data.s3.amazonaws.com/photos/409559109/medium.jpeg,,"","",1,0,false,3,"Suffolk County, US-NY, US",40.8309152836,-73.1607700891,4,,,,27877,obscured,open,true,,,Amur Carp,Cyprinus rubrofuscus,Amur Carp,Actinopterygii,187316,,
230866720,12bb6448-2327-4a0f-9435-ef84680328af,2022-08-23 12:18:18-04:00,2022-08-23,2022-08-23 16:18:18 UTC,Eastern Time (US & Canada),8378673,pattata,,2024-07-21 22:41:29 UTC,2024-07-21 23:08:56 UTC,research,CC-BY-NC,https://www.inaturalist.org/observations/230866720,https://inaturalist-open-data.s3.amazonaws.com/photos/409966997/medium.jpeg,,"",Multiple individuals sighted,1,0,false,3,"Suffolk County, US-NY, US",40.9313492661,-73.0128714593,4,,,,27877,obscured,open,true,,,Amur Carp,Cyprinus rubrofuscus,Amur Carp,Actinopterygii,187316,,
230867479,96c8181a-5582-4de3-94ea-4c198cb30d26,2022-08-25 11:38:24-04:00,2022-08-25,2022-08-25 15:38:24 UTC,Eastern Time (US & Canada),8378673,pattata,,2024-07-21 22:45:46 UTC,2024-07-21 23:09:08 UTC,research,CC-BY-NC,https://www.inaturalist.org/observations/230867479,https://inaturalist-open-data.s3.amazonaws.com/photos/409967916/medium.jpeg,,"",Multiple individuals sighted,1,0,false,3,"Suffolk County, US-NY, US",40.9956343747,-73.1696836198,4,,,,27877,obscured,open,true,,,Amur Carp,Cyprinus rubrofuscus,Amur Carp,Actinopterygii,187316,,
231074607,2a14ef7b-b051-431e-bc5c-13e9986f05e4,2023-09-19 14:35:00-04:00,2023-09-19,2023-09-19 18:35:00 UTC,Eastern Time (US & Canada),8378673,pattata,,2024-07-22 21:13:56 UTC,2024-08-04 22:18:21 UTC,research,CC-BY-NC,https://www.inaturalist.org/observations/231074607,https://inaturalist-open-data.s3.amazonaws.com/photos/410360054/medium.jpeg,,"","",1,0,false,3,"Suffolk County, US-NY, US",40.8936514925,-73.00094288,2643,,,,27877,obscured,open,true,,,Amur Carp,Cyprinus rubrofuscus,Amur Carp,Actinopterygii,187316,,
231078514,51b3d7de-0de9-4ee4-9906-2e2ecc9ce126,2023-10-05 15:21:00-04:00,2023-10-05,2023-10-05 19:21:00 UTC,Eastern Time (US & Canada),8378673,pattata,,2024-07-22 21:32:38 UTC,2024-07-29 23:20:39 UTC,research,CC-BY-NC,https://www.inaturalist.org/observations/231078514,https://inaturalist-open-data.s3.amazonaws.com/photos/410367260/medium.jpeg,,"",Found dead outside of pond,1,0,false,3,"Suffolk County, US-NY, US",40.8080815359,-73.0193035008,4,,,,27877,obscured,open,true,,,Amur Carp,Cyprinus rubrofuscus,Amur Carp,Actinopterygii,187316,,
231854199,10bda6af-f7c1-4e66-a49a-2ea1fecdb116,2024-07-26 12:59:46-04:00,2024-07-26,2024-07-26 16:59:46 UTC,Eastern Time (US & Canada),7285415,dancroninn,,2024-07-26 17:00:34 UTC,2024-10-06 19:02:11 UTC,research,CC-BY-NC,https://www.inaturalist.org/observations/231854199,https://inaturalist-open-data.s3.amazonaws.com/photos/411842419/medium.jpeg,,"","",2,0,false,3,"Wave Hill, New York, NY, US",40.8994048884,-73.9113529126,4,,,,4,,open,false,,,Amur Carp,Cyprinus rubrofuscus,Amur Carp,Actinopterygii,187316,,
232388351,608359db-4298-4289-8e2d-8c25f86bcd5c,2024-07-28 14:46:48-05:00,2024-07-28,2024-07-28 19:46:48 UTC,Central Time (US & Canada),5650340,cadendc,Caden Carlson,2024-07-28 23:50:12 UTC,2025-04-02 15:25:46 UTC,research,CC-BY-NC,https://www.inaturalist.org/observations/232388351,https://inaturalist-open-data.s3.amazonaws.com/photos/412851947/medium.jpeg,,"","",3,1,false,3,"Loring Lake, Minneapolis, MN, US",44.9685083333,-93.2843166667,3,,,,3,,open,false,,,Amur Carp,Cyprinus rubrofuscus,Amur Carp,Actinopterygii,187316,,
234000503,e4f69cfb-4070-4466-9ef0-81036caafadf,2024/07/27 5:19 PM,2024-07-27,2024-07-28 00:19:00 UTC,Arizona,5206812,littleredbird,Marleigh Fletcher,2024-08-05 19:24:38 UTC,2024-08-12 01:43:33 UTC,research,CC-BY-NC,https://www.inaturalist.org/observations/234000503,https://inaturalist-open-data.s3.amazonaws.com/photos/415926724/medium.jpg,,"",,3,0,false,,"Tanque Verde, AZ, USA",32.2816923236,-110.7331967321,404,,,,404,,open,false,,,Amur Carp,Cyprinus rubrofuscus,Amur Carp,Actinopterygii,187316,,
234014089,f9e57f74-aa82-47aa-9f83-ea0a5b26bc27,2024-08-05 13:07:49-04:00,2024-08-05,2024-08-05 17:07:49 UTC,Eastern Time (US & Canada),2519612,paudak_photography,Benjamin Koser,2024-08-05 20:33:03 UTC,2024-08-05 22:58:35 UTC,research,,https://www.inaturalist.org/observations/234014089,https://static.inaturalist.org/photos/415956452/medium.jpeg,,"",Is this a goldfish or a koi?,3,1,false,3,"Oregon Rd, Mohnton, PA, US",40.2821383333,-75.9635866667,18,,,,18,,open,false,,,Amur Carp,Cyprinus rubrofuscus,Amur Carp,Actinopterygii,187316,,
234129305,9923ec21-ee0a-41de-8c8d-7745bb4d87dd,2024-08-05 14:39:21-04:00,2024-08-05,2024-08-05 18:39:21 UTC,Eastern Time (US & Canada),8373153,lillianmarie99,,2024-08-06 12:24:13 UTC,2024-08-07 02:37:20 UTC,research,CC-BY-NC,https://www.inaturalist.org/observations/234129305,https://inaturalist-open-data.s3.amazonaws.com/photos/416175375/medium.jpeg,,"","",1,0,false,3,"Hartstown Rd, Linesville, PA, US",41.6298716667,-80.441405,4,,,,4,,open,false,,,Amur Carp,Cyprinus rubrofuscus,Amur Carp,Actinopterygii,187316,,
234210009,686970e5-f279-49a2-83ff-72a78e53371d,2024-08-06 12:18:37-07:00,2024-08-06,2024-08-06 19:18:37 UTC,Pacific Time (US & Canada),168117,zachfrat,Zach Fratello,2024-08-06 20:16:59 UTC,2024-08-06 20:55:37 UTC,research,CC-BY-NC,https://www.inaturalist.org/observations/234210009,https://inaturalist-open-data.s3.amazonaws.com/photos/416326361/medium.jpeg,,"","",1,0,false,3,"California, US",37.0452614153,-122.1876378455,4201,,,,28447,obscured,open,true,,,Amur Carp,Cyprinus rubrofuscus,Amur Carp,Actinopterygii,187316,,
235184478,45f05e77-36c0-4987-9515-da0709958abe,2024-08-10 14:09:54-07:00,2024-08-10,2024-08-10 21:09:54 UTC,Pacific Time (US & Canada),1417803,irinamitine,Irina Mitine,2024-08-11 19:48:25 UTC,2024-08-12 17:18:23 UTC,research,CC-BY,https://www.inaturalist.org/observations/235184478,https://inaturalist-open-data.s3.amazonaws.com/photos/418217753/medium.jpeg,,"","",2,0,false,3,"Sharon Park, Menlo Park, CA, US",37.4241716667,-122.2104866667,4,,,,4,,open,false,,,Amur Carp,Cyprinus rubrofuscus,Amur Carp,Actinopterygii,187316,,
236022394,d5fe8381-f981-4b2f-8438-a3f7e2075275,Thu Aug 15 2024 23:04:41 GMT -0400 (EDT),2024-08-15,2024-08-16 03:04:41 UTC,Eastern Time (US & Canada),3843608,adamweissman,Adam Weissman,2024-08-16 03:04:50 UTC,2024-11-23 20:13:35 UTC,research,CC-BY-NC,https://www.inaturalist.org/observations/236022394,https://inaturalist-open-data.s3.amazonaws.com/photos/420137368/medium.jpeg,,"",,2,0,false,333,Baltimore,39.284362793,-76.603187561,51,,,,51,,open,false,,,Amur Carp,Cyprinus rubrofuscus,Amur Carp,Actinopterygii,187316,,
237174530,efb31295-4f07-4baf-a479-9b286c3095d6,2024-07-02 17:57:55-04:00,2024-07-02,2024-07-02 21:57:55 UTC,Eastern Time (US & Canada),8471536,naturenick07,,2024-08-21 21:19:26 UTC,2024-10-22 23:53:38 UTC,research,CC-BY-NC,https://www.inaturalist.org/observations/237174530,https://inaturalist-open-data.s3.amazonaws.com/photos/422054720/medium.jpeg,,"","",2,0,false,3,"Heckscher Park, Huntington, NY, US",40.875195861,-73.4205610054,135,,,,135,,open,false,,,Amur Carp,Cyprinus rubrofuscus,Amur Carp,Actinopterygii,187316,,
238364879,9ecd3234-694f-4ea8-aa89-a10cf11dcda9,2024-08-27 18:34:29,2024-08-27,2024-08-27 22:34:29 UTC,Eastern Time (US & Canada),2456096,cameranlloyd,Cameran Lloyd,2024-08-28 04:33:23 UTC,2024-08-28 06:51:27 UTC,research,CC-BY-NC,https://www.inaturalist.org/observations/238364879,https://inaturalist-open-data.s3.amazonaws.com/photos/424359661/medium.jpeg,,"","This was the only orange carp in the river, with the rest of them being a typical muddy gray or brown with a rusty orange tail",2,0,false,2,United States,34.826571479,-83.937133559,526,,,,28762,obscured,open,true,gps,gps,Amur Carp,Cyprinus rubrofuscus,Amur Carp,Actinopterygii,187316,,
238693395,c96ac745-7a12-4aef-bf8a-187b48318d15,2024-08-29 18:16:34-05:00,2024-08-29,2024-08-29 23:16:34 UTC,Central Time (US & Canada),8192341,mabry1,Mabry Webb,2024-08-30 00:36:46 UTC,2025-04-07 12:13:24 UTC,research,,https://www.inaturalist.org/observations/238693395,https://static.inaturalist.org/photos/424991639/medium.jpeg,,"","",1,0,false,3,"South Pond, Chicago, IL, US",41.9188883333,-87.633475,35,,,,35,,open,false,,,Amur Carp,Cyprinus rubrofuscus,Amur Carp,Actinopterygii,187316,,
238863219,e7d5b34d-9373-42dc-bb94-436679ebcbf8,2024-08-28 19:05:35-04:00,2024-08-28,2024-08-28 23:05:35 UTC,Eastern Time (US & Canada),6563471,karenwaters,,2024-08-30 23:01:54 UTC,2024-08-30 23:37:46 UTC,research,CC-BY-NC,https://www.inaturalist.org/observations/238863219,https://inaturalist-open-data.s3.amazonaws.com/photos/425321261/medium.jpeg,,"",Big koi boi,1,0,false,3,"Mill Pond, Bellmore, NY, US",40.6696083333,-73.516045,4,,,,4,,open,false,,,Amur Carp,Cyprinus rubrofuscus,Amur Carp,Actinopterygii,187316,,
239226957,31ad51f5-80e1-4848-be85-ae103b42a12a,2024-09-01 11:16:06-05:00,2024-09-01,2024-09-01 16:16:06 UTC,Central Time (US & Canada),75488,spqnancy,Nancy Lasiter,2024-09-01 17:54:18 UTC,2024-09-01 17:57:26 UTC,research,CC-BY-NC,https://www.inaturalist.org/observations/239226957,https://inaturalist-open-data.s3.amazonaws.com/photos/426025232/medium.jpeg,,"","",1,0,false,3,"Little Rock Zoo, Little Rock, AR, US",34.745595,-92.3325583333,5,,,,5,,open,false,,,Amur Carp,Cyprinus rubrofuscus,Amur Carp,Actinopterygii,187316,,
239274134,138e3de1-89ca-4c2e-a6e9-82f25c3e4450,2024/08/09 4:37 PM,2024-08-09,2024-08-09 21:37:00 UTC,Central Time (US & Canada),971468,georgenaturephotos,"",2024-09-01 21:40:46 UTC,2024-09-02 14:38:37 UTC,research,CC-BY-NC,https://www.inaturalist.org/observations/239274134,https://inaturalist-open-data.s3.amazonaws.com/photos/426118574/medium.jpeg,,Texas Discovery Gardens- Dallas,,1,0,false,,"Texas Discovery Gardens at Fair Park, 3601 Martin Luther King Jr Blvd, Dallas, TX 75210, USA",32.7758338,-96.7603361,197,,,,197,,open,false,,,Amur Carp,Cyprinus rubrofuscus,Amur Carp,Actinopterygii,187316,,
239456968,3cd4a04e-9fb9-42f8-bfc8-3cfd57319b9a,2024-09-02 09:39:38-07:00,2024-09-02,2024-09-02 16:39:38 UTC,Pacific Time (US & Canada),3113939,dalemeister,,2024-09-02 19:14:06 UTC,2024-09-04 01:33:42 UTC,research,CC-BY-NC,https://www.inaturalist.org/observations/239456968,https://inaturalist-open-data.s3.amazonaws.com/photos/426476836/medium.jpeg,,"","",2,0,false,3,"College of the Desert, Palm Desert, CA, US",33.7344464493,-116.3864389152,34,,,,34,,open,false,,,Amur Carp,Cyprinus rubrofuscus,Amur Carp,Actinopterygii,187316,,
239487733,8570a267-0f94-447c-ada4-361ef9287b62,Mon Sep 02 2024 17:33:12 GMT -0400 (EDT),2024-09-02,2024-09-02 21:33:12 UTC,Indiana (East),8479517,louden2,Louden Feltner,2024-09-02 21:33:37 UTC,2024-09-03 00:21:57 UTC,research,,https://www.inaturalist.org/observations/239487733,https://static.inaturalist.org/photos/426599877/medium.jpeg,,"",,1,0,false,333,Lafayette,40.4173622131,-86.8615036011,16,,,,16,,open,false,,,Amur Carp,Cyprinus rubrofuscus,Amur Carp,Actinopterygii,187316,,
239612377,3b93f0f8-d300-4004-8c12-13c7a718ff44,2024-09-01 16:17:17,2024-09-01,2024-09-01 20:17:17 UTC,Eastern Time (US & Canada),1808556,crax_kerryii,Kerry,2024-09-03 14:42:48 UTC,2024-09-03 16:41:12 UTC,research,,https://www.inaturalist.org/observations/239612377,https://static.inaturalist.org/photos/426785431/medium.jpeg,,"",,2,0,false,2,"Bladensburg, MD, USA",38.9367935,-76.9404947997,,,,,,,open,false,gps,gps,Amur Carp,Cyprinus rubrofuscus,Amur Carp,Actinopterygii,187316,,
239617019,060aba92-4496-452f-b0b1-392a6caa23eb,2024-09-03 11:09:39-04:00,2024-09-03,2024-09-03 15:09:39 UTC,Eastern Time (US & Canada),8521281,kme5687,,2024-09-03 15:09:55 UTC,2024-09-03 16:03:09 UTC,research,CC-BY-NC,https://www.inaturalist.org/observations/239617019,https://inaturalist-open-data.s3.amazonaws.com/photos/426794011/medium.jpeg,,"","",1,0,false,3,"Penn State, Monaca, PA, US",40.6773488503,-80.2935811971,4,,,,4,,open,false,,,Amur Carp,Cyprinus rubrofuscus,Amur Carp,Actinopterygii,187316,,
239730019,8c941072-6a51-401b-acad-2992e79295db,2024-09-03 16:02:06-04:00,2024-09-03,2024-09-03 20:02:06 UTC,Eastern Time (US & Canada),6161159,n4rak,Arabella Capino,2024-09-04 02:51:18 UTC,2024-09-04 14:21:14 UTC,research,,https://www.inaturalist.org/observations/239730019,https://static.inaturalist.org/photos/427007584/medium.jpeg,,"","Rip fishy 🐟
ACTUALLY ON SECOND THOUGHT, WHO DUMPED THEIR DEAD INVASIVE FISH INTO THE CAMPUS POND?",1,0,false,3,"UNC Pembroke, Pembroke, NC, US",34.6863333333,-79.20157,26,,,,26,,open,false,,,Amur Carp,Cyprinus rubrofuscus,Amur Carp,Actinopterygii,187316,,
239817670,e093ab84-1b63-4300-8dd3-88c4b0ac0362,2024-09-03 18:25:18-05:00,2024-09-03,2024-09-03 23:25:18 UTC,Central Time (US & Canada),8192341,mabry1,Mabry Webb,2024-09-04 16:49:21 UTC,2025-01-25 23:12:06 UTC,research,,https://www.inaturalist.org/observations/239817670,https://static.inaturalist.org/photos/427172744/medium.jpeg,,"","",1,0,false,3,"South Pond, Chicago, IL, US",41.9183083333,-87.6330866667,4,,,,4,,open,false,,,Amur Carp,Cyprinus rubrofuscus,Amur Carp,Actinopterygii,187316,,
239916068,9b6726fd-19b5-4c1e-8364-13be18519397,2024/09/04 11:41 AM,2024-09-04,2024-09-04 17:41:00 UTC,Mountain Time (US & Canada),5855732,colocritters,,2024-09-05 04:46:49 UTC,2024-09-10 03:59:53 UTC,research,CC-BY-NC,https://www.inaturalist.org/observations/239916068,https://inaturalist-open-data.s3.amazonaws.com/photos/427363415/medium.jpg,,"",,2,0,false,,"Cortez, CO 81321, USA",37.3492472058,-108.5506798725,2,,,,2,,open,false,,,Amur Carp,Cyprinus rubrofuscus,Amur Carp,Actinopterygii,187316,,
240166108,7fb4e4fb-b0d5-4470-8703-a3c12952403a,2024-09-06 12:30:53,2024-09-06,2024-09-06 16:30:53 UTC,Eastern Time (US & Canada),4268605,madisonelizabeth,Madison Bubniak,2024-09-06 16:48:46 UTC,2024-09-09 13:13:29 UTC,research,CC-BY-NC,https://www.inaturalist.org/observations/240166108,https://inaturalist-open-data.s3.amazonaws.com/photos/427839496/medium.jpeg,,"",,2,0,false,2,"Pitt County, US-NC, US",35.7380874866,-77.431943887,,,,,28649,obscured,open,true,gps,gps,Amur Carp,Cyprinus rubrofuscus,Amur Carp,Actinopterygii,187316,,
240282866,b2c5bf40-91b3-4565-8dd4-7ead40428291,2022-05-19 16:52:45,2022-05-19,2022-05-19 21:52:45 UTC,Central Time (US & Canada),506303,bugmaster13000,Logan Headings,2024-09-07 09:06:01 UTC,2024-12-08 03:28:50 UTC,research,,https://www.inaturalist.org/observations/240282866,https://static.inaturalist.org/photos/428072432/medium.jpeg,,"",Scaleless,2,0,false,2,"Newton, KS, USA",38.0163027778,-97.3468944444,,,,,,,open,false,gps,gps,Amur Carp,Cyprinus rubrofuscus,Amur Carp,Actinopterygii,187316,,
240330637,9626f1cf-d3d2-4b7c-a5b4-6480060b214e,2024-09-06 13:13:59-07:00,2024-09-06,2024-09-06 20:13:59 UTC,Pacific Time (US & Canada),218533,dan_project_admin,Dan Scali,2024-09-07 15:04:37 UTC,2024-09-16 11:26:10 UTC,research,CC-BY,https://www.inaturalist.org/observations/240330637,https://inaturalist-open-data.s3.amazonaws.com/photos/428161573/medium.jpeg,,"",Two dead ones at pond edge,1,0,false,3,"McLaren Park, San Francisco, CA, US",37.7208966667,-122.421845,200,,,,200,,open,false,,,Amur Carp,Cyprinus rubrofuscus,Amur Carp,Actinopterygii,187316,,
240753158,0c9d241b-9d42-4ba3-acde-8e74eb2f6c5a,2024-04-09 11:42:35-04:00,2024-04-09,2024-04-09 15:42:35 UTC,Eastern Time (US & Canada),8324150,shaunsa,Shaun Sahaya,2024-09-09 13:57:05 UTC,2024-10-22 23:44:12 UTC,research,,https://www.inaturalist.org/observations/240753158,https://static.inaturalist.org/photos/428976811/medium.jpeg,,"","",3,0,false,3,"Ironmen Ln, Danville, PA, US",40.9574501919,-76.6013562298,773,,,,773,,open,false,,,Amur Carp,Cyprinus rubrofuscus,Amur Carp,Actinopterygii,187316,,
240820077,cb1a309e-cb1c-400f-bba3-cdc06e7dba7d,2024-09-09 16:39:05-04:00,2024-09-09,2024-09-09 20:39:05 UTC,Eastern Time (US & Canada),8550595,xel_001,,2024-09-09 20:39:23 UTC,2024-10-21 22:36:57 UTC,research,CC-BY-NC,https://www.inaturalist.org/observations/240820077,https://inaturalist-open-data.s3.amazonaws.com/photos/429103960/medium.jpeg,,"","",1,0,false,3,"Washington Lake Park, Sewell, NJ, US",39.7427138418,-75.0976432756,4,,,,4,,open,false,,,Amur Carp,Cyprinus rubrofuscus,Amur Carp,Actinopterygii,187316,,
240856406,a05b25bf-6c23-4436-976e-4e8c63a26be5,Thu Jul 09 2015 14:30:00 GMT -0400 (EDT),2015-07-09,2015-07-09 18:30:00 UTC,Eastern Time (US & Canada),8481227,dredshark,Ed Siarkowicz,2024-09-10 00:40:16 UTC,2024-09-29 05:54:21 UTC,research,CC-BY-NC,https://www.inaturalist.org/observations/240856406,https://inaturalist-open-data.s3.amazonaws.com/photos/429173631/medium.jpeg,,"",,3,0,false,333,"Lake Wales, FL 33853, USA",27.9372682312,-81.5773805603,544,,,,544,,open,false,gps,gps,Amur Carp,Cyprinus rubrofuscus,Amur Carp,Actinopterygii,187316,,
240927365,120778b4-fdcd-4eaa-8ddd-b15529d927b0,2024-09-10 09:38:12-04:00,2024-09-10,2024-09-10 13:38:12 UTC,Eastern Time (US & Canada),8522987,alexiuh23,,2024-09-10 13:38:32 UTC,2024-09-10 14:56:49 UTC,research,CC-BY-NC,https://www.inaturalist.org/observations/240927365,https://inaturalist-open-data.s3.amazonaws.com/photos/429315887/medium.jpeg,,"","",1,0,false,3,"Penn State, Monaca, PA, US",40.6774838828,-80.2935481724,7,,,,7,,open,false,,,Amur Carp,Cyprinus rubrofuscus,Amur Carp,Actinopterygii,187316,,
240928537,e371eb75-5691-48f8-94eb-d6b36daa3953,2024-09-10 09:32:56-04:00,2024-09-10,2024-09-10 13:32:56 UTC,Eastern Time (US & Canada),8494108,yoselyncruzblot,,2024-09-10 13:47:35 UTC,2024-09-10 15:52:16 UTC,research,CC-BY-NC,https://www.inaturalist.org/observations/240928537,https://inaturalist-open-data.s3.amazonaws.com/photos/429318403/medium.jpeg,,"","",1,0,false,3,"Penn State, Monaca, PA, US",40.6776876933,-80.293039314,92,,,,92,,open,false,,,Amur Carp,Cyprinus rubrofuscus,Amur Carp,Actinopterygii,187316,,
240934514,61563441-afe0-4f71-9577-e861f55b3189,2024-09-03 10:38:46-04:00,2024-09-03,2024-09-03 14:38:46 UTC,Eastern Time (US & Canada),8523080,savannah_meyers,,2024-09-10 14:24:32 UTC,2024-09-16 11:20:17 UTC,research,CC-BY-NC,https://www.inaturalist.org/observations/240934514,https://inaturalist-open-data.s3.amazonaws.com/photos/429328779/medium.jpeg,,"","",1,0,false,3,"Penn State, Monaca, PA, US",40.6774715669,-80.2934042626,55,,,,55,,open,false,,,Amur Carp,Cyprinus rubrofuscus,Amur Carp,Actinopterygii,187316,,
241467862,f9a51327-9ef0-4f9d-b88d-ea4c116aec7f,2024-09-13 11:07:34-04:00,2024-09-13,2024-09-13 15:07:34 UTC,Eastern Time (US & Canada),4929538,taylorhn,Heather Taylor,2024-09-13 15:07:47 UTC,2024-09-28 00:43:42 UTC,research,,https://www.inaturalist.org/observations/241467862,https://static.inaturalist.org/photos/430361005/medium.jpeg,,"","",3,0,false,3,"Alabama Ave SW, Dundee, OH, US",40.6686065329,-81.6427448661,1101,,,,1101,,open,false,,,Amur Carp,Cyprinus rubrofuscus,Amur Carp,Actinopterygii,187316,,
242181644,251d7bb8-4c36-4381-b55d-13173e4c2d91,2024/09/06 11:11 AM,2024-09-06,2024-09-06 18:11:00 UTC,Pacific Time (US & Canada),80832,deejay,Dorothy Johnson,2024-09-16 22:25:29 UTC,2024-09-17 15:20:42 UTC,research,CC0,https://www.inaturalist.org/observations/242181644,https://inaturalist-open-data.s3.amazonaws.com/photos/431727692/medium.jpeg,,"","",3,0,false,,"Pruneyard / Dry Creek, Campbell, CA, USA",37.2933319971,-121.9332241084,122,,,,122,,open,false,,,Amur Carp,Cyprinus rubrofuscus,Amur Carp,Actinopterygii,187316,,
242595751,2f6ac6ff-f986-40e8-b463-6224ead03715,2024-09-18 14:47:14-07:00,2024-09-18,2024-09-18 21:47:14 UTC,Pacific Time (US & Canada),3113939,dalemeister,,2024-09-19 01:03:03 UTC,2024-10-10 07:03:56 UTC,research,CC-BY-NC,https://www.inaturalist.org/observations/242595751,https://inaturalist-open-data.s3.amazonaws.com/photos/432491967/medium.jpeg,,"","",4,0,false,3,"College of the Desert, Palm Desert, CA, US",33.7344243621,-116.3863735107,25,,,,25,,open,false,,,Amur Carp,Cyprinus rubrofuscus,Amur Carp,Actinopterygii,187316,,
242679022,bfa57664-1534-4b89-9bf2-66e25c6f0df1,2024-09-19 09:58:32-04:00,2024-09-19,2024-09-19 13:58:32 UTC,Eastern Time (US & Canada),8589903,williamapplegate,,2024-09-19 14:02:12 UTC,2024-09-19 16:19:15 UTC,research,CC-BY-NC,https://www.inaturalist.org/observations/242679022,https://inaturalist-open-data.s3.amazonaws.com/photos/432649270/medium.jpeg,,"","",1,0,false,3,"Rutgers University, New Brunswick, NJ, US",40.4817988249,-74.4366274433,71,,,,71,,open,false,,,Amur Carp,Cyprinus rubrofuscus,Amur Carp,Actinopterygii,187316,,
243113341,80f39f3d-a1a0-49c6-a2ff-5c1af3a111bb,2024-09-20 21:34:00-07:00,2024-09-20,2024-09-21 04:34:00 UTC,Pacific Time (US & Canada),8412838,tristanpham,,2024-09-21 15:55:31 UTC,2024-12-22 08:40:35 UTC,research,CC-BY-NC,https://www.inaturalist.org/observations/243113341,https://inaturalist-open-data.s3.amazonaws.com/photos/433467432/medium.jpeg,,"","",1,0,false,3,"The Park At River Walk, Bakersfield, CA, US",35.3518191689,-119.1231281099,372,,,,372,,open,false,,,Amur Carp,Cyprinus rubrofuscus,Amur Carp,Actinopterygii,187316,,
243496219,d3a8de55-efc0-40ba-a65e-bd827e2594ea,2023-10-15 15:50:00-07:00,2023-10-15,2023-10-15 22:50:00 UTC,Pacific Time (US & Canada),8607133,simya_aaliyah,Simya Aaliyah Smith,2024-09-23 01:45:31 UTC,2024-10-02 23:10:05 UTC,research,,https://www.inaturalist.org/observations/243496219,https://static.inaturalist.org/photos/434196192/medium.jpeg,,"","",3,0,false,3,san francisco,37.77493,-122.419415,12359,,,,12359,,open,false,,,Amur Carp,Cyprinus rubrofuscus,Amur Carp,Actinopterygii,187316,,
243594561,d9f164f9-c166-4d3f-96a8-ddac86a9cd5c,2024-09-23 10:06:41-04:00,2024-09-23,2024-09-23 14:06:41 UTC,Eastern Time (US & Canada),6365558,isabelleparis,,2024-09-23 14:23:52 UTC,2024-09-23 15:02:12 UTC,research,CC-BY-NC,https://www.inaturalist.org/observations/243594561,https://inaturalist-open-data.s3.amazonaws.com/photos/434386525/medium.jpeg,,"","",1,0,false,3,"Long Leaf Park, Wilmington, NC, US",34.20465,-77.885825,4,,,,4,,open,false,,,Amur Carp,Cyprinus rubrofuscus,Amur Carp,Actinopterygii,187316,,
243688979,f6d6f472-cc25-46fb-b3c7-5e69ae1851be,2023-06-29 19:54:44-04:00,2023-06-29,2023-06-29 23:54:44 UTC,Eastern Time (US & Canada),8491022,jordynlooby,,2024-09-23 22:51:07 UTC,2024-10-02 21:03:57 UTC,research,CC-BY-NC,https://www.inaturalist.org/observations/243688979,https://inaturalist-open-data.s3.amazonaws.com/photos/434568546/medium.jpeg,,"","",3,0,false,3,"Astor St, Orange Park, FL, US",30.1632916667,-81.6953283333,19,,,,19,,open,false,,,Amur Carp,Cyprinus rubrofuscus,Amur Carp,Actinopterygii,187316,,
243724203,0a99608a-8ce4-41bb-91e8-577b9d7a0f9a,2024-09-23 19:17:23-05:00,2024-09-23,2024-09-24 00:17:23 UTC,Central Time (US & Canada),7684159,finch_binch,Kale,2024-09-24 03:06:38 UTC,2024-10-20 22:29:00 UTC,research,,https://www.inaturalist.org/observations/243724203,https://static.inaturalist.org/photos/434639142/medium.jpeg,,"","",1,0,false,3,"Will Rogers Park, Oklahoma City, OK, US",35.5058216667,-97.580025,4,,,,4,,open,false,,,Amur Carp,Cyprinus rubrofuscus,Amur Carp,Actinopterygii,187316,,
243843600,832e5eea-2abc-4baf-9b89-c5759af17a41,2024-09-24 15:04:29-04:00,2024-09-24,2024-09-24 19:04:29 UTC,Eastern Time (US & Canada),1724573,akido,"",2024-09-24 19:06:27 UTC,2024-09-24 19:08:55 UTC,research,CC-BY-NC,https://www.inaturalist.org/observations/243843600,https://inaturalist-open-data.s3.amazonaws.com/photos/434865921/medium.jpeg,,"","",1,0,false,3,"Aliceanna St, Baltimore, MD, US",39.2824166667,-76.6028833333,4,,,,4,,open,false,,,Amur Carp,Cyprinus rubrofuscus,Amur Carp,Actinopterygii,187316,,
244035703,411c78bb-a93b-46cb-a587-e1fe6ba46651,2024-09-25 13:29:23,2024-09-25,2024-09-25 20:29:23 UTC,Pacific Time (US & Canada),1295991,teellbee,Terry,2024-09-25 20:51:57 UTC,2024-09-26 14:39:03 UTC,research,CC-BY-NC-SA,https://www.inaturalist.org/observations/244035703,https://inaturalist-open-data.s3.amazonaws.com/photos/435243532/medium.jpeg,,"",,2,0,false,843,"California, US",37.2880308465,-121.9460623158,14,,,,28417,obscured,open,true,,,Amur Carp,Cyprinus rubrofuscus,Amur Carp,Actinopterygii,187316,,
244113052,a80ff9c1-1613-458d-9a17-83d2fa9375d0,2023/08/12 9:09 AM,2023-08-12,2023-08-12 13:09:00 UTC,Eastern Time (US & Canada),8014991,mtart,,2024-09-26 11:17:06 UTC,2024-11-22 01:07:58 UTC,research,CC-BY-NC,https://www.inaturalist.org/observations/244113052,https://inaturalist-open-data.s3.amazonaws.com/photos/435404244/medium.jpg,,"",,3,0,false,,"Palm Beach County, FL, USA",26.6310124556,-80.4693919744,244,,,,244,,open,false,,,Amur Carp,Cyprinus rubrofuscus,Amur Carp,Actinopterygii,187316,,
244141040,56cba5f6-5757-4841-8873-eb408ed14e8e,2023-09-29 10:44:37-04:00,2023-09-29,2023-09-29 14:44:37 UTC,Eastern Time (US & Canada),7466113,aubreycurrie,,2024-09-26 14:59:48 UTC,2025-05-22 13:57:51 UTC,research,CC-BY-NC,https://www.inaturalist.org/observations/244141040,https://inaturalist-open-data.s3.amazonaws.com/photos/435457624/medium.jpeg,,"","",5,0,false,3,"Toledo Zoo, Toledo, OH, US",41.6180454847,-83.5798973591,4,,,,4,,open,false,,,Amur Carp,Cyprinus rubrofuscus,Amur Carp,Actinopterygii,187316,,
244761734,e36a9d3e-0a60-4189-a5de-8ef912af9cd0,2024-09-29 15:26:15-04:00,2024-09-29,2024-09-29 19:26:15 UTC,Eastern Time (US & Canada),7492700,megan_downey,Megan Downey,2024-09-29 19:26:27 UTC,2024-09-29 19:54:45 UTC,research,,https://www.inaturalist.org/observations/244761734,https://static.inaturalist.org/photos/436647973/medium.jpeg,,"","",2,0,false,3,"Washington Lake Park, Sewell, NJ, US",39.7429644753,-75.0976491401,4,,,,4,,open,false,,,Amur Carp,Cyprinus rubrofuscus,Amur Carp,Actinopterygii,187316,,
245616637,5ea022db-a7e9-4e6e-af87-26e04c528e03,2024-10-04 15:11:30-04:00,2024-10-04,2024-10-04 19:11:30 UTC,Eastern Time (US & Canada),8483203,gjaronsk,,2024-10-04 19:11:38 UTC,2025-05-22 11:10:25 UTC,research,CC-BY-NC,https://www.inaturalist.org/observations/245616637,https://inaturalist-open-data.s3.amazonaws.com/photos/438326018/medium.jpeg,,"","",2,0,false,3,"Kirk Rd, Canfield, OH, US",41.0682745862,-80.7805559229,1414,,,,1414,,open,false,,,Amur Carp,Cyprinus rubrofuscus,Amur Carp,Actinopterygii,187316,,
245750681,be419b7d-8839-4b69-9615-c143330a529f,Sat Oct 05 2024 10:54:26 GMT -0400 (EDT),2024-10-05,2024-10-05 14:54:26 UTC,Eastern Time (US & Canada),8363488,ks_pa,,2024-10-05 14:54:33 UTC,2024-10-15 17:50:33 UTC,research,CC-BY-NC,https://www.inaturalist.org/observations/245750681,https://inaturalist-open-data.s3.amazonaws.com/photos/438591237/medium.jpeg,,"",,1,0,false,333,Watkins Glen,42.3738098145,-76.8738479614,4113,,,,4113,,open,false,,,Amur Carp,Cyprinus rubrofuscus,Amur Carp,Actinopterygii,187316,,
245841244,98031b06-6639-4d28-b9c5-861b6925a3a9,2024/09/14 3:34 PM,2024-09-14,2024-09-14 22:34:00 UTC,Pacific Time (US & Canada),8323411,pickin,,2024-10-05 22:59:59 UTC,2024-10-05 23:21:18 UTC,research,CC-BY-NC,https://www.inaturalist.org/observations/245841244,https://inaturalist-open-data.s3.amazonaws.com/photos/438763086/medium.jpeg,,"",,1,0,false,,"duck pond, 23145 OR-99W, Dundee, OR 97115, USA",45.2902083,-122.9995339,170,,,,170,,open,false,,,Amur Carp,Cyprinus rubrofuscus,Amur Carp,Actinopterygii,187316,,
246123363,3aadf5cf-27b7-497a-ba69-fc3e0e06a560,2024/10/06 9:37 AM,2024-10-06,2024-10-06 13:37:00 UTC,Eastern Time (US & Canada),204678,pmk00001,"",2024-10-07 09:15:23 UTC,2024-10-07 11:28:32 UTC,research,CC-BY-NC,https://www.inaturalist.org/observations/246123363,https://inaturalist-open-data.s3.amazonaws.com/photos/439323972/medium.jpg,,"",,2,0,false,,"Landmark, Alexandria, VA, USA",38.8085611111,-77.1135138889,,,,,,,open,false,,,Amur Carp,Cyprinus rubrofuscus,Amur Carp,Actinopterygii,187316,,
246836438,e522f7c5-d67d-4e2e-b768-fd70d8c6249e,Fri Oct 11 2024 17:53:59 GMT -0400 (EDT),2024-10-11,2024-10-11 21:53:59 UTC,Eastern Time (US & Canada),7702238,makkreitz,,2024-10-11 21:54:10 UTC,2024-10-11 21:56:18 UTC,research,CC-BY-NC,https://www.inaturalist.org/observations/246836438,https://inaturalist-open-data.s3.amazonaws.com/photos/440735026/medium.jpeg,,"",,1,0,false,333,Wilmington,34.2037963867,-77.8856582642,89,,,,89,,open,false,,,Amur Carp,Cyprinus rubrofuscus,Amur Carp,Actinopterygii,187316,,
247023416,34a59d21-4951-4f0e-980d-6048f5f254eb,2024/10/12 2:11 PM,2024-10-12,2024-10-12 18:11:00 UTC,Eastern Time (US & Canada),3342,hfabian,Henry Fabian,2024-10-12 23:39:14 UTC,2024-10-12 23:43:23 UTC,research,CC0,https://www.inaturalist.org/observations/247023416,https://static.inaturalist.org/photos/441100889/medium.jpg,,"","",1,0,false,,"Ben Brenman Park, Arlington, VA",38.808529,-77.114242,227,,,,227,,open,false,,,Amur Carp,Cyprinus rubrofuscus,Amur Carp,Actinopterygii,187316,,
247363765,48e265f5-c403-4642-b997-7cfc65597c2a,2024-09-20 11:11:52-07:00,2024-09-20,2024-09-20 18:11:52 UTC,Pacific Time (US & Canada),8506491,mistuo,,2024-10-14 19:56:59 UTC,2024-10-19 21:50:22 UTC,research,CC-BY-NC,https://www.inaturalist.org/observations/247363765,https://inaturalist-open-data.s3.amazonaws.com/photos/441781315/medium.jpeg,,"","",1,0,false,3,"UCR Botanic Gardens, Riverside, CA, US",33.9697916667,-117.318695,3,,,,3,,open,false,,,Amur Carp,Cyprinus rubrofuscus,Amur Carp,Actinopterygii,187316,,
247502219,9a4b2eea-1b77-4679-9475-ca0aba718f8b,2024/10/15 11:48 AM,2024-10-15,2024-10-15 16:48:00 UTC,Central Time (US & Canada),1438783,dbohlmeyer,Dwight Bohlmeyer,2024-10-15 17:43:59 UTC,2024-10-15 21:58:02 UTC,research,CC-BY-NC,https://www.inaturalist.org/observations/247502219,https://inaturalist-open-data.s3.amazonaws.com/photos/442052433/medium.jpeg,,"","",1,0,false,,"College Station, TX, USA",30.6001834389,-96.3606196205,8,,,,8,,open,false,,,Amur Carp,Cyprinus rubrofuscus,Amur Carp,Actinopterygii,187316,,
247528981,e6df3ed5-5716-4650-bcf0-ef03b843d39a,2024-10-14 18:38:02-04:00,2024-10-14,2024-10-14 22:38:02 UTC,Eastern Time (US & Canada),8499955,wessels_k_24,,2024-10-15 21:02:50 UTC,2024-10-16 12:10:38 UTC,research,CC-BY-NC,https://www.inaturalist.org/observations/247528981,https://inaturalist-open-data.s3.amazonaws.com/photos/442106280/medium.jpeg,,"",Orange fish swimming in pond ,3,0,false,3,"St. Johns Town Center, Jacksonville, FL, US",30.2579533333,-81.525475,4,,,,4,,open,false,,,Amur Carp,Cyprinus rubrofuscus,Amur Carp,Actinopterygii,187316,,
247658223,bc82730b-5349-4c73-850e-51b124dc6e25,2024-10-12 14:04:45-07:00,2024-10-12,2024-10-12 21:04:45 UTC,Pacific Time (US & Canada),8494654,nari1353,,2024-10-16 18:38:34 UTC,2024-10-18 02:24:01 UTC,research,CC-BY-NC,https://www.inaturalist.org/observations/247658223,https://inaturalist-open-data.s3.amazonaws.com/photos/442364230/medium.jpeg,,"","",6,2,false,3,"Los Banos Reservoir, Los Banos, CA, US",36.986834178,-120.9350773303,262,,,,262,,open,false,,,Amur Carp,Cyprinus rubrofuscus,Amur Carp,Actinopterygii,187316,,
247820353,564d38b7-21aa-40c9-abc1-e1cc95fd0bcc,2024/10/17 11:57 AM,2024-10-17,2024-10-17 16:57:00 UTC,Central Time (US & Canada),3716041,jim668,Jim Dobbins,2024-10-17 21:09:10 UTC,2025-01-23 05:00:46 UTC,research,,https://www.inaturalist.org/observations/247820353,https://static.inaturalist.org/photos/442686210/medium.jpeg,,"",Four visible...,2,0,false,,"Garland, TX, USA",32.9653520292,-96.6251405295,4,,,,4,,open,false,,,Amur Carp,Cyprinus rubrofuscus,Amur Carp,Actinopterygii,187316,,
248372896,ee51782f-dfd6-492d-92bd-59c264c23916,2024-10-20 10:57:30-07:00,2024-10-20,2024-10-20 17:57:30 UTC,Pacific Time (US & Canada),32433,rgorcik,Bob Gorcik,2024-10-21 00:18:44 UTC,2025-04-06 18:48:13 UTC,research,CC-BY-NC,https://www.inaturalist.org/observations/248372896,https://inaturalist-open-data.s3.amazonaws.com/photos/443771877/medium.jpeg,,"",Non native and feral ,1,0,false,3,"Franklin Canyon Park, Los Angeles, CA, US",34.1198361667,-118.4112083333,2000,,,,2000,,open,false,,,Amur Carp,Cyprinus rubrofuscus,Amur Carp,Actinopterygii,187316,,
249099688,39c044d6-8f14-4eab-9159-1f190e87aa1d,2024-10-21 14:56:29-04:00,2024-10-21,2024-10-21 18:56:29 UTC,Eastern Time (US & Canada),8535457,ceralisacarpenter,,2024-10-26 01:26:54 UTC,2024-11-08 00:52:16 UTC,research,CC-BY-NC,https://www.inaturalist.org/observations/249099688,https://inaturalist-open-data.s3.amazonaws.com/photos/445222744/medium.jpeg,,"","",2,0,false,3,"Bok Tower Gardens, Lake Wales, FL, US",27.9354883333,-81.5776883333,4,,,,4,,open,false,,,Amur Carp,Cyprinus rubrofuscus,Amur Carp,Actinopterygii,187316,,
249187582,fca3bc91-7b24-4346-bb0e-56e40fa0ab1a,2024-10-26 11:17:38-05:00,2024-10-26,2024-10-26 16:17:38 UTC,Central Time (US & Canada),1442870,txmom2,K. Tague,2024-10-26 16:55:32 UTC,2024-11-22 02:13:00 UTC,research,CC-BY-NC,https://www.inaturalist.org/observations/249187582,https://inaturalist-open-data.s3.amazonaws.com/photos/445393679/medium.jpeg,,"","",3,0,false,3,"Network Blvd, Frisco, TX, US",33.1026916667,-96.8267283333,4,,,,4,,open,false,,,Amur Carp,Cyprinus rubrofuscus,Amur Carp,Actinopterygii,187316,,
249242137,7eacf571-258f-4dc9-96fc-df4e8a30dd68,2024-10-26 18:36:06,2024-10-26,2024-10-26 23:36:06 UTC,Central Time (US & Canada),3046783,biolyth,"",2024-10-26 23:39:49 UTC,2025-04-07 19:58:03 UTC,research,CC-BY-NC,https://www.inaturalist.org/observations/249242137,https://inaturalist-open-data.s3.amazonaws.com/photos/445503119/medium.jpeg,,"",,1,0,false,2,"Texas, US",29.955684078,-99.1484616331,216,,,,29433,obscured,open,true,gps,gps,Amur Carp,Cyprinus rubrofuscus,Amur Carp,Actinopterygii,187316,,
249817313,662fae16-ff45-4c57-8379-8edf95220e23,2024-10-30 14:49:48-07:00,2024-10-30,2024-10-30 21:49:48 UTC,Pacific Time (US & Canada),3113939,dalemeister,,2024-10-30 22:56:23 UTC,2024-11-06 03:43:40 UTC,research,CC-BY-NC,https://www.inaturalist.org/observations/249817313,https://inaturalist-open-data.s3.amazonaws.com/photos/446651068/medium.jpeg,,"","",3,0,false,3,"College of the Desert, Palm Desert, CA, US",33.7344205901,-116.3864233786,25,,,,25,,open,false,,,Amur Carp,Cyprinus rubrofuscus,Amur Carp,Actinopterygii,187316,,
250189600,05ad3222-1908-4477-99a3-686375ea8040,2016/04/29 4:57 PM,2016-04-29,2016-04-29 20:57:00 UTC,Eastern Time (US & Canada),3453019,kingmush,JeffreyGammon,2024-11-02 20:26:37 UTC,2025-04-09 01:34:33 UTC,research,CC-BY-NC,https://www.inaturalist.org/observations/250189600,https://inaturalist-open-data.s3.amazonaws.com/photos/447392600/medium.jpeg,,"kingmush, 2016, April, USA, North America, United States","HISTORIC PHOTOS. I barely remember this, but it looks like somhow a koi got into Blue spring. It must've come from the St. Johns river so werid. Sorry for quality, didn't have a real camera yet ;-;",1,0,false,,"Volusia County, FL, USA",28.9434805556,-81.3410416667,5,,,,5,,open,false,,,Amur Carp,Cyprinus rubrofuscus,Amur Carp,Actinopterygii,187316,,
250451053,6378415d-eaea-4414-847f-4976e864100b,2024-10-25 17:43:00-04:00,2024-10-25,2024-10-25 21:43:00 UTC,Eastern Time (US & Canada),8503395,meowers,,2024-11-04 15:56:10 UTC,2024-11-04 19:00:07 UTC,research,CC-BY-NC,https://www.inaturalist.org/observations/250451053,https://inaturalist-open-data.s3.amazonaws.com/photos/447925370/medium.jpeg,,"","",2,0,false,3,"Durham, NC, US",35.8894465264,-78.9709909079,260186,,,,260186,,open,false,,,Amur Carp,Cyprinus rubrofuscus,Amur Carp,Actinopterygii,187316,,
250583427,e129485f-bef3-46fc-bb27-3015a6b4ff1e,2022-12-29 16:23:00-05:00,2022-12-29,2022-12-29 21:23:00 UTC,Indiana (East),8502884,ellemoyer,,2024-11-05 17:49:11 UTC,2024-11-06 00:26:27 UTC,research,CC-BY-NC,https://www.inaturalist.org/observations/250583427,https://inaturalist-open-data.s3.amazonaws.com/photos/448191229/medium.jpeg,,"","",2,0,false,3,"Kawachinagano Japanese Garden, Carmel, IN, US",39.9637591217,-86.128831204,17,,,,17,,open,false,,,Amur Carp,Cyprinus rubrofuscus,Amur Carp,Actinopterygii,187316,,
251384749,86cf6ce0-48d1-46c7-bee4-8e69bbd5a45a,2016/05/07 1:22 PM,2016-05-07,2016-05-07 17:22:00 UTC,Eastern Time (US & Canada),306065,turnerfalk,Turner Falk,2024-11-12 01:10:05 UTC,2024-11-29 01:19:55 UTC,research,,https://www.inaturalist.org/observations/251384749,https://static.inaturalist.org/photos/449789713/medium.jpg,,"",,2,0,false,,"Shofuso Japanese Cultural Center, Lansdowne Dr &, Horticultural Dr, Philadelphia, PA 19131, USA",39.9813874,-75.2129429,201,,,,201,,open,false,,,Amur Carp,Cyprinus rubrofuscus,Amur Carp,Actinopterygii,187316,,
251636996,2b7c862c-0b39-4e23-8e5c-3b69b7a37068,2024/10/25 12:19 AM,2024-10-25,2024-10-25 05:19:00 UTC,Central Time (US & Canada),971468,georgenaturephotos,"",2024-11-14 06:22:56 UTC,2024-11-17 03:19:19 UTC,research,CC-BY-NC,https://www.inaturalist.org/observations/251636996,https://inaturalist-open-data.s3.amazonaws.com/photos/450291755/medium.jpeg,,Dallas Arboretum and Botanical Garden,,2,0,false,,"The Dallas Arboretum and Botanical Garden, 8525 Garland Rd, Dallas, TX 75218, USA",32.8236184,-96.7166236,434,,,,434,,open,false,,,Amur Carp,Cyprinus rubrofuscus,Amur Carp,Actinopterygii,187316,,
251638882,a1d3af1f-2d3b-4181-bbf9-d68de3d7d866,2024/11/01 12:55 AM,2024-11-01,2024-11-01 05:55:00 UTC,Central Time (US & Canada),971468,georgenaturephotos,"",2024-11-14 06:58:28 UTC,2024-11-15 12:49:35 UTC,research,CC-BY-NC,https://www.inaturalist.org/observations/251638882,https://inaturalist-open-data.s3.amazonaws.com/photos/450296039/medium.jpeg,,Fort Worth Botanic Gardens (PPW-W 072),,3,0,false,,"Fort Worth Botanic Garden, 3220 Botanic Garden Blvd, Fort Worth, TX 76107, USA",32.7403425,-97.3638144,310,,,,310,,open,false,,,Amur Carp,Cyprinus rubrofuscus,Amur Carp,Actinopterygii,187316,,
252090814,2c7936ac-6dec-4361-aaf6-59c3b8c09e94,2023-05-05 14:50:00,2023-05-05,2023-05-05 18:50:00 UTC,Eastern Time (US & Canada),8741985,jlscastle,"",2024-11-18 00:02:55 UTC,2025-04-12 05:23:05 UTC,research,CC-BY-NC,https://www.inaturalist.org/observations/252090814,https://inaturalist-open-data.s3.amazonaws.com/photos/451199658/medium.jpeg,,"",,1,0,false,2,"Fellsmere Pond, Fellsmere Pond, Malden, MA 02148, USA",42.4276861111,-71.0850083333,,,,,,,open,false,,,Amur Carp,Cyprinus rubrofuscus,Amur Carp,Actinopterygii,187316,,
252339859,fdb72756-e558-4fc1-8b85-079f267ba0d8,2024-11-19 12:58:53-08:00,2024-11-19,2024-11-19 20:58:53 UTC,Pacific Time (US & Canada),3113939,dalemeister,,2024-11-20 01:21:46 UTC,2024-11-23 19:38:40 UTC,research,CC-BY-NC,https://www.inaturalist.org/observations/252339859,https://inaturalist-open-data.s3.amazonaws.com/photos/451701418/medium.jpeg,,"",Goldfish alongside ,3,0,false,3,"N Palm Canyon Dr, Palm Springs, CA, US",33.8460515845,-116.5463872459,25,,,,25,,open,false,,,Amur Carp,Cyprinus rubrofuscus,Amur Carp,Actinopterygii,187316,,
252477854,55e3fb40-bc98-4cc5-82bf-94df164a1825,2023/05/27 6:33 PM,2023-05-27,2023-05-27 22:33:00 UTC,America/Detroit,8780431,nicksortzi,,2024-11-21 08:36:59 UTC,2024-11-23 19:38:23 UTC,research,CC-BY-NC,https://www.inaturalist.org/observations/252477854,https://inaturalist-open-data.s3.amazonaws.com/photos/451975925/medium.jpeg,,"",,2,0,false,,"Bloomfield Hills, MI 48304, USA",42.5713102666,-83.2432960839,8,,,,8,,open,false,,,Amur Carp,Cyprinus rubrofuscus,Amur Carp,Actinopterygii,187316,,
252813795,7508c69d-4ce6-493f-acc5-5ecdcbcc664f,2023-10-03 22:26:28-04:00,2023-10-03,2023-10-04 02:26:28 UTC,Eastern Time (US & Canada),1504206,samanthaknapp,Samantha Knapp,2024-11-24 02:20:02 UTC,2025-05-19 16:05:06 UTC,research,,https://www.inaturalist.org/observations/252813795,https://static.inaturalist.org/photos/452606605/medium.jpeg,,"","",5,0,false,3,"Ohio, US",39.7602405874,-84.3863027699,4,,,,28060,obscured,open,true,,,Amur Carp,Cyprinus rubrofuscus,Amur Carp,Actinopterygii,187316,,
252963499,5eba6165-fa0c-4129-8c80-c8667b1e4ed2,2024-11-24 15:59:41-08:00,2024-11-24,2024-11-24 23:59:41 UTC,Pacific Time (US & Canada),8629828,jackwang123,,2024-11-24 23:59:48 UTC,2025-04-12 23:44:08 UTC,research,CC-BY-NC,https://www.inaturalist.org/observations/252963499,https://inaturalist-open-data.s3.amazonaws.com/photos/452875766/medium.jpeg,,"","",1,0,false,3,"English Springs Park, Chino Hills, CA, US",33.995549324,-117.7570079951,4,,,,4,,open,false,,,Amur Carp,Cyprinus rubrofuscus,Amur Carp,Actinopterygii,187316,,
253218849,5230c129-77d0-48ba-aa53-56adfc18ba52,2024-11-26 17:24:15-05:00,2024-11-26,2024-11-26 22:24:15 UTC,Eastern Time (US & Canada),8731649,hannah53337,Hannah Gulbronson,2024-11-26 22:24:51 UTC,2025-04-13 04:38:09 UTC,research,,https://www.inaturalist.org/observations/253218849,https://static.inaturalist.org/photos/453354273/medium.jpeg,,"","not in natural setting
",1,0,false,3,"College of Charleston, Charleston, SC, US",32.7826641208,-79.9376171352,64,,,,64,,open,false,,,Amur Carp,Cyprinus rubrofuscus,Amur Carp,Actinopterygii,187316,,
253244623,85d2a4cf-a462-4cec-8c14-f617a87f652d,2024-11-24 15:28:00-05:00,2024-11-24,2024-11-24 20:28:00 UTC,Eastern Time (US & Canada),8547076,natalie-simmons,,2024-11-27 02:56:28 UTC,2024-11-29 03:47:19 UTC,research,,https://www.inaturalist.org/observations/253244623,https://static.inaturalist.org/photos/453407855/medium.jpeg,,"","60°F, sunny, windy",3,0,false,3,"Jackson Rd, Salisbury, MD, US",38.3054059731,-75.5803845715,127,,,,127,,open,false,,,Amur Carp,Cyprinus rubrofuscus,Amur Carp,Actinopterygii,187316,,
253513716,9191e26d-1d32-4f94-8a54-c89151a36bd6,2024-10-23 14:24:00-04:00,2024-10-23,2024-10-23 18:24:00 UTC,Eastern Time (US & Canada),8803381,meghanhuntt,,2024-11-29 14:45:23 UTC,2024-11-30 00:09:07 UTC,research,,https://www.inaturalist.org/observations/253513716,https://static.inaturalist.org/photos/453942941/medium.jpeg,,"","",2,0,false,3,"Thomasville Rd, Tallahassee, FL, US",30.48250735,-84.2566267,90,,,,90,,open,false,,,Amur Carp,Cyprinus rubrofuscus,Amur Carp,Actinopterygii,187316,,
253794511,c52fff6f-91bf-4d63-8564-f52a91928eb8,2024-11-30 12:48:00-08:00,2024-11-30,2024-11-30 20:48:00 UTC,Pacific Time (US & Canada),8611382,kenank,,2024-12-01 20:48:58 UTC,2024-12-03 08:08:52 UTC,research,CC-BY-NC,https://www.inaturalist.org/observations/253794511,https://inaturalist-open-data.s3.amazonaws.com/photos/454498705/medium.jpeg,,"","",2,0,false,3,"Japanese Tea Garden, San Francisco, CA, US",37.770237817,-122.4700365134,148,,,,148,,open,false,,,Amur Carp,Cyprinus rubrofuscus,Amur Carp,Actinopterygii,187316,,
254069484,52760362-fd87-4fd0-846e-0b371ff8882c,2024/11/02 10:38 PM,2024-11-02,2024-11-03 02:38:00 UTC,America/Detroit,8812823,evap20,,2024-12-04 03:39:23 UTC,2024-12-05 04:13:56 UTC,research,CC-BY-NC,https://www.inaturalist.org/observations/254069484,https://inaturalist-open-data.s3.amazonaws.com/photos/455009987/medium.jpg,,"",,3,0,false,,"Bay Harbor, Petoskey, MI 49770, USA",45.3646716,-85.0312066,2710,,,,2710,,open,false,,,Amur Carp,Cyprinus rubrofuscus,Amur Carp,Actinopterygii,187316,,
254114484,9e6ee3c3-294a-4edb-b788-230151a1c76a,2022/07/17 4:49 PM,2022-07-17,2022-07-17 20:49:00 UTC,Eastern Time (US & Canada),8814335,emcclosk,,2024-12-04 16:14:03 UTC,2025-04-14 03:00:19 UTC,research,CC-BY-NC,https://www.inaturalist.org/observations/254114484,https://inaturalist-open-data.s3.amazonaws.com/photos/455098268/medium.png,,"",,1,0,false,,"Eagleville, PA, USA",40.1595501,-75.4082385,2103,,,,2103,,open,false,,,Amur Carp,Cyprinus rubrofuscus,Amur Carp,Actinopterygii,187316,,
254320151,9e995092-83a1-44b5-8d81-89c011d030fe,2024-03-28 16:13:48-05:00,2024-03-28,2024-03-28 21:13:48 UTC,Central Time (US & Canada),8745596,k_wheat,,2024-12-06 18:10:30 UTC,2024-12-08 02:10:51 UTC,research,CC-BY-NC,https://www.inaturalist.org/observations/254320151,https://inaturalist-open-data.s3.amazonaws.com/photos/455508425/medium.jpg,,"","",3,0,false,3,"Dallas Arboretum and Botanical Garden, Dallas, TX, US",32.82545,-96.7139966667,,,,,,,open,false,,,Amur Carp,Cyprinus rubrofuscus,Amur Carp,Actinopterygii,187316,,
254414298,57bfefba-d263-422a-bc7f-3eeecf36222d,2024/11/28 8:55 AM,2024-11-28,2024-11-28 16:55:00 UTC,Pacific Time (US & Canada),5658573,tmoua14,,2024-12-07 16:56:30 UTC,2025-04-14 09:19:40 UTC,research,CC-BY-NC,https://www.inaturalist.org/observations/254414298,https://inaturalist-open-data.s3.amazonaws.com/photos/455699820/medium.jpg,,"",,1,0,false,,"Hakone Estate and Gardens, 21000 Big Basin Wy, Saratoga, CA 95070, USA",37.252226,-122.0417171,223,,,,223,,open,false,,,Amur Carp,Cyprinus rubrofuscus,Amur Carp,Actinopterygii,187316,,
254437155,3e2f0598-14a4-4944-be12-9ea56cebe967,2024-12-07 12:48:54-07:00,2024-12-07,2024-12-07 19:48:54 UTC,America/Boise,3900473,owenwebb,,2024-12-07 21:05:05 UTC,2025-04-14 09:53:38 UTC,research,CC-BY-NC,https://www.inaturalist.org/observations/254437155,https://inaturalist-open-data.s3.amazonaws.com/photos/455746913/medium.jpg,,"","",1,0,false,3,"S Powerline Rd, Nampa, ID, US",43.5353883333,-116.55397,4,,,,4,,open,false,,,Amur Carp,Cyprinus rubrofuscus,Amur Carp,Actinopterygii,187316,,
254521454,06432a08-cde1-47bd-a9c7-fab4ec25c1fc,2024/09/15 1:21 PM,2024-09-15,2024-09-15 17:21:00 UTC,Eastern Time (US & Canada),3504195,jmole,jmole,2024-12-08 16:27:33 UTC,2024-12-18 20:22:57 UTC,research,CC-BY-NC,https://www.inaturalist.org/observations/254521454,https://inaturalist-open-data.s3.amazonaws.com/photos/455911567/medium.jpeg,,"",,1,0,false,,"Washington Township, NJ, USA",39.7430390519,-75.0976765836,4,,,,4,,open,false,,,Amur Carp,Cyprinus rubrofuscus,Amur Carp,Actinopterygii,187316,,
254521459,d3c25177-d05c-43f6-b334-3d70bf859b40,2024/09/15 1:23 PM,2024-09-15,2024-09-15 17:23:00 UTC,Eastern Time (US & Canada),3504195,jmole,jmole,2024-12-08 16:27:35 UTC,2024-12-18 20:38:00 UTC,research,CC-BY-NC,https://www.inaturalist.org/observations/254521459,https://inaturalist-open-data.s3.amazonaws.com/photos/455912538/medium.jpeg,,"",,2,0,false,,"Washington Township, NJ, USA",39.7430457176,-75.0976770168,1,,,,1,,open,false,,,Amur Carp,Cyprinus rubrofuscus,Amur Carp,Actinopterygii,187316,,
254521460,ed773832-0eaa-4023-9d4d-54bace88cb1f,2024/09/15 1:23 PM,2024-09-15,2024-09-15 17:23:00 UTC,Eastern Time (US & Canada),3504195,jmole,jmole,2024-12-08 16:27:35 UTC,2025-04-14 11:48:34 UTC,research,CC-BY-NC,https://www.inaturalist.org/observations/254521460,https://inaturalist-open-data.s3.amazonaws.com/photos/455912694/medium.jpeg,,"",,1,0,false,,"Washington Township, NJ, USA",39.7430447758,-75.0976806664,1,,,,1,,open,false,,,Amur Carp,Cyprinus rubrofuscus,Amur Carp,Actinopterygii,187316,,
254905982,cf14eb8e-9a25-4edc-bd27-f00f8e6bc5ce,2024-12-12 10:41:24-05:00,2024-12-12,2024-12-12 15:41:24 UTC,Eastern Time (US & Canada),8727994,katiemenser,,2024-12-12 15:45:31 UTC,2024-12-17 10:29:56 UTC,research,CC-BY-NC,https://www.inaturalist.org/observations/254905982,https://inaturalist-open-data.s3.amazonaws.com/photos/456694309/medium.jpg,,"","",2,0,false,3,"Orchid Ave, Keystone Heights, FL, US",29.7794807623,-82.0429495803,22,,,,22,,open,false,,,Amur Carp,Cyprinus rubrofuscus,Amur Carp,Actinopterygii,187316,,
255023721,67327f19-0dfe-4a0d-b1e7-3604636f88f6,2024-07-18 13:05:47-05:00,2024-07-18,2024-07-18 18:05:47 UTC,Central Time (US & Canada),8470479,preohazbensky,,2024-12-13 23:16:42 UTC,2024-12-14 15:45:02 UTC,research,CC-BY-NC,https://www.inaturalist.org/observations/255023721,https://inaturalist-open-data.s3.amazonaws.com/photos/456929507/medium.jpg,,"","",1,0,false,3,"Fort Worth Botanic Garden, Fort Worth, TX, US",32.7373105666,-97.3656221852,6,,,,6,,open,false,,,Amur Carp,Cyprinus rubrofuscus,Amur Carp,Actinopterygii,187316,,
255134262,1d6e9a95-5586-4b69-abea-4c6cb8be2aa1,2024-12-14 17:03:26-08:00,2024-12-14,2024-12-15 01:03:26 UTC,Pacific Time (US & Canada),8412838,tristanpham,,2024-12-15 02:08:18 UTC,2025-04-02 06:28:58 UTC,research,CC-BY-NC,https://www.inaturalist.org/observations/255134262,https://inaturalist-open-data.s3.amazonaws.com/photos/457153117/medium.jpg,,"","",4,0,false,3,"Lighthouse Dr, Bakersfield, CA, US",35.4094490926,-119.0973240459,23,,,,23,,open,false,,,Amur Carp,Cyprinus rubrofuscus,Amur Carp,Actinopterygii,187316,,
255732391,f9380dec-ae8f-498b-b1c8-3bb8e17e31a9,2024/12/20 3:35 PM,2024-12-20,2024-12-20 23:35:00 UTC,Pacific Time (US & Canada),8828103,yoboymeeks,Zachary Meeks,2024-12-21 02:38:52 UTC,2025-02-18 20:13:03 UTC,research,CC-BY-NC,https://www.inaturalist.org/observations/255732391,https://inaturalist-open-data.s3.amazonaws.com/photos/458357016/medium.jpeg,,"","4th time I've caught him
PB Koi- 5.3 lbs",2,0,false,,"Seven Oaks, Bakersfield, CA 93311, USA",35.3511444484,-119.1238842865,1,,,,1,,open,false,,,Amur Carp,Cyprinus rubrofuscus,Amur Carp,Actinopterygii,187316,,
256138022,1dcbbdfb-7cfe-471a-97df-78320035dd84,2024-12-24 13:47:55,2024-12-24,2024-12-24 21:47:55 UTC,Pacific Time (US & Canada),1955260,annieliveoak,"",2024-12-25 02:55:46 UTC,2025-04-16 16:20:35 UTC,research,CC-BY-NC,https://www.inaturalist.org/observations/256138022,https://inaturalist-open-data.s3.amazonaws.com/photos/459168255/medium.jpeg,,"",Rogers Spring,1,0,false,2,"Moapa Valley, NV 89040, USA",36.3778193997,-114.4438707997,,,,,,,open,false,gps,gps,Amur Carp,Cyprinus rubrofuscus,Amur Carp,Actinopterygii,187316,,
256501303,9a49a221-7801-4e4f-aa18-e9eab18099eb,2024-12-26 15:43:19-06:00,2024-12-26,2024-12-26 21:43:19 UTC,Central Time (US & Canada),7619170,aasatkoski,,2024-12-28 14:21:21 UTC,2025-01-09 15:11:28 UTC,research,CC-BY-NC,https://www.inaturalist.org/observations/256501303,https://inaturalist-open-data.s3.amazonaws.com/photos/459910289/medium.jpg,,"","",3,0,false,3,"Lake Pflugerville Park, Pflugerville, TX, US",30.44312,-97.5668333333,4,,,,4,,open,false,,,Amur Carp,Cyprinus rubrofuscus,Amur Carp,Actinopterygii,187316,,
256810943,6912de44-2df7-4c79-9838-bd763efeec73,2024/12/30 2:45 PM,2024-12-30,2024-12-30 19:45:00 UTC,Eastern Time (US & Canada),6346197,oliver_g_jones,Oliver g jones,2024-12-30 22:41:10 UTC,2025-04-17 12:27:03 UTC,research,CC-BY-NC,https://www.inaturalist.org/observations/256810943,https://inaturalist-open-data.s3.amazonaws.com/photos/460528100/medium.jpeg,,Nikon-D7500-OGJ,"Hiking with @lgarriga  & Annie & Adriana around West Matheson Hammock Park. Had a picnic, walked around, and did some exploring and photography. The other observations from today ⬇️

https://www.inaturalist.org/calendar/oliver_g_jones/2024/12/30",1,0,false,,"Hammocks, Coral Gables, FL 33156, USA",25.6851728531,-80.2775130183,1,,,,1,,open,false,,"",Amur Carp,Cyprinus rubrofuscus,Amur Carp,Actinopterygii,187316,,
256849226,8587fbc8-dd45-420f-8013-c5fe8cfa3ac2,2024-12-30 15:08:36-08:00,2024-12-30,2024-12-30 23:08:36 UTC,Pacific Time (US & Canada),3113939,dalemeister,,2024-12-31 05:07:03 UTC,2025-01-01 16:39:16 UTC,research,CC-BY-NC,https://www.inaturalist.org/observations/256849226,https://inaturalist-open-data.s3.amazonaws.com/photos/460613412/medium.jpg,,"","",3,0,false,3,"Desert Springs Golf Club, Palm Desert, CA, US",33.7549906992,-116.3639945831,6,,,,6,,open,false,,,Amur Carp,Cyprinus rubrofuscus,Amur Carp,Actinopterygii,187316,,
258327265,bf249d75-3c33-477e-a606-e168d47d2e79,2024-07-02 13:04:07-07:00,2024-07-02,2024-07-02 20:04:07 UTC,Pacific Time (US & Canada),1849099,sparrowhawkk,tori,2025-01-13 01:47:01 UTC,2025-01-13 21:02:44 UTC,research,CC-BY-NC,https://www.inaturalist.org/observations/258327265,https://inaturalist-open-data.s3.amazonaws.com/photos/463451475/medium.jpg,,"","",1,0,false,3,"Lake Arrowhead Village, Lake Arrowhead, CA, US",34.2516783333,-117.1884383333,40,,,,40,,open,false,,,Amur Carp,Cyprinus rubrofuscus,Amur Carp,Actinopterygii,187316,,
259582407,e7a685b9-b1c7-44c6-80f8-a50ac81420a5,2022/08/12 3:25 PM,2022-08-12,2022-08-12 20:25:00 UTC,Central Time (US & Canada),765334,raymie,"",2025-01-25 23:10:33 UTC,2025-03-26 01:48:29 UTC,research,CC-BY-NC,https://www.inaturalist.org/observations/259582407,https://inaturalist-open-data.s3.amazonaws.com/photos/466002053/medium.jpeg,,"","Released pet, I assume.",3,0,false,,"Lincoln Park, Chicago, IL, USA",41.9188815256,-87.6333563174,53,,,,53,,open,false,,,Amur Carp,Cyprinus rubrofuscus,Amur Carp,Actinopterygii,187316,,
263221491,0e1cc49d-4b7f-4161-8ca2-57c0685cb758,2021/10/30 11:27 AM,2021-10-30,2021-10-30 18:27:00 UTC,Pacific Time (US & Canada),759037,doumori,,2025-02-27 01:26:52 UTC,2025-02-27 23:25:18 UTC,research,CC-BY-NC,https://www.inaturalist.org/observations/263221491,https://inaturalist-open-data.s3.amazonaws.com/photos/472833344/medium.jpg,,"","Based on the size I'm guessing amur carp, not sure if goldfish get this big here. Either way, presumably a released pet.",1,0,false,,"Los Gatos Creek, Campbell, CA, USA",37.2894869295,-121.9370029153,200,,,,200,,open,false,,,Amur Carp,Cyprinus rubrofuscus,Amur Carp,Actinopterygii,187316,,
263377570,d6b81115-7e3a-433f-a7d6-595195d9aa78,2024-08-07 10:45:00-04:00,2024-08-07,2024-08-07 14:45:00 UTC,Eastern Time (US & Canada),7637026,mattnewell,Matt Newell,2025-02-28 13:45:49 UTC,2025-03-01 16:05:10 UTC,research,,https://www.inaturalist.org/observations/263377570,https://static.inaturalist.org/photos/473142525/medium.jpg,,"","",1,0,false,3,"Weymouth St, Springfield, MA, US",42.0754192019,-72.5396944904,33,,,,33,,open,false,,,Amur Carp,Cyprinus rubrofuscus,Amur Carp,Actinopterygii,187316,,
267188073,74982ffa-8aac-4742-b920-6f10567061db,2024/10/01 11:52 AM,2024-10-01,2024-10-01 15:52:00 UTC,Eastern Time (US & Canada),8935399,mordea,,2025-03-27 12:58:01 UTC,2025-03-30 17:56:23 UTC,research,CC-BY-NC,https://www.inaturalist.org/observations/267188073,https://inaturalist-open-data.s3.amazonaws.com/photos/480133009/medium.jpg,,"",At least three living in a public pond.,2,0,false,,"Ashtabula, OH, USA",41.9057299079,-80.7747265735,4,,,,4,,open,false,,,Amur Carp,Cyprinus rubrofuscus,Amur Carp,Actinopterygii,187316,,
267735923,fd442c96-4323-4aee-beb4-10ab9d1ff48a,2021/09/17 1:46 PM,2021-09-17,2021-09-17 18:46:00 UTC,Central Time (US & Canada),8992648,follin4ollie,,2025-03-30 16:55:50 UTC,2025-04-01 19:36:51 UTC,research,CC-BY-NC,https://www.inaturalist.org/observations/267735923,https://inaturalist-open-data.s3.amazonaws.com/photos/481177359/medium.jpg,,"","",2,0,false,,"Missouri, US",38.411616025,-90.4602632452,3,,,,28240,obscured,open,true,,,Amur Carp,Cyprinus rubrofuscus,Amur Carp,Actinopterygii,187316,,
267816603,a1200787-d700-495b-895d-eb5edb130557,2021/12/22 5:24 PM,2021-12-22,2021-12-23 01:24:00 UTC,Pacific Time (US & Canada),9056769,salvelinusfan27,Emile,2025-03-31 00:09:17 UTC,2025-04-12 09:32:03 UTC,research,CC-BY-NC,https://www.inaturalist.org/observations/267816603,https://inaturalist-open-data.s3.amazonaws.com/photos/481321992/medium.png,,"",,4,0,false,,"Rancho Mirage, CA 92270, USA",33.7708870522,-116.4461853043,1,,,,1,,open,false,,,Amur Carp,Cyprinus rubrofuscus,Amur Carp,Actinopterygii,187316,,
268951074,c1b9a8a0-6b46-4d65-955d-8417d5869e0e,2021/09/17 1:50 PM,2021-09-17,2021-09-17 18:50:00 UTC,Central Time (US & Canada),5563840,johnsfolly75,,2025-04-06 16:09:10 UTC,2025-04-10 01:43:47 UTC,research,CC-BY-NC,https://www.inaturalist.org/observations/268951074,https://inaturalist-open-data.s3.amazonaws.com/photos/483503155/medium.jpg,,"",,3,0,false,,"Missouri, US",38.5218440066,-90.4443380891,8,,,,28240,obscured,open,true,,,Amur Carp,Cyprinus rubrofuscus,Amur Carp,Actinopterygii,187316,,
270855040,f58e5209-4bda-4522-a6b8-df20203d9f71,2023-03-12 16:18:19-05:00,2023-03-12,2023-03-12 21:18:19 UTC,Central Time (US & Canada),8747959,graciesanchez0124,gracie,2025-04-16 17:28:21 UTC,2025-04-16 18:07:50 UTC,research,CC-BY-NC,https://www.inaturalist.org/observations/270855040,https://inaturalist-open-data.s3.amazonaws.com/photos/487155258/medium.jpg,,"","",1,0,false,3,"Fort Worth Botanic Garden, Fort Worth, TX, US",32.737295,-97.3653283333,10,,,,10,,open,false,,,Amur Carp,Cyprinus rubrofuscus,Amur Carp,Actinopterygii,187316,,
271032213,836d0ce0-77d6-4bd9-9f23-2343d6894b53,2024/07/06 4:07 PM,2024-07-06,2024-07-06 21:07:00 UTC,Central Time (US & Canada),7795985,zachandcadenfishing,Zach and Caden,2025-04-17 16:11:02 UTC,2025-04-17 18:28:12 UTC,research,CC-BY-NC,https://www.inaturalist.org/observations/271032213,https://inaturalist-open-data.s3.amazonaws.com/photos/487490403/medium.png,,"",Blue Water Catfish Farm,1,0,false,,"Rutherford County, TN, USA",35.7717320779,-86.6278409958,25,,,,25,,open,false,,,Amur Carp,Cyprinus rubrofuscus,Amur Carp,Actinopterygii,187316,,
271362434,7fb5ca72-e99e-4c7d-8fb2-80c3f7460e2d,2024-03-19 12:17:21,2024-03-19,2024-03-19 19:17:21 UTC,Pacific Time (US & Canada),4046095,ava_rockwood,Ava Rockwood,2025-04-19 03:35:47 UTC,2025-04-19 03:40:49 UTC,research,,https://www.inaturalist.org/observations/271362434,https://static.inaturalist.org/photos/488116930/medium.jpeg,,"",,1,0,false,2,"La Cañada Flintridge, CA 91011, USA",34.2006009722,-118.209906,,,,,,,open,false,gps,gps,Amur Carp,Cyprinus rubrofuscus,Amur Carp,Actinopterygii,187316,,
272096810,bd121955-1214-4030-b5f1-a0c8bc7125bf,2022/06/04 4:30 PM,2022-06-04,2022-06-04 21:30:00 UTC,Central Time (US & Canada),9165254,smyers2,,2025-04-22 00:29:05 UTC,2025-04-22 04:58:56 UTC,research,CC-BY-NC,https://www.inaturalist.org/observations/272096810,https://inaturalist-open-data.s3.amazonaws.com/photos/489502993/medium.jpeg,,"",,1,0,false,,"Winchester, TN 37398, USA",35.1843915282,-86.1200262119,3906,,,,3906,,open,false,,,Amur Carp,Cyprinus rubrofuscus,Amur Carp,Actinopterygii,187316,,
276819448,e3344e28-5f82-4d3c-9a9f-28c2d206e207,2024-10-12 17:55:34,2024-10-12,2024-10-12 21:55:34 UTC,Eastern Time (US & Canada),9089503,hayden_thomas,Hayden Thomas,2025-04-30 00:00:59 UTC,2025-04-30 17:47:24 UTC,research,CC-BY-NC,https://www.inaturalist.org/observations/276819448,https://inaturalist-open-data.s3.amazonaws.com/photos/497080117/medium.jpg,,"",,2,0,false,843,"Prices Creek Rd, Burnsville, NC, US",35.9054751421,-82.3856674184,944,,,,944,,open,false,,,Amur Carp,Cyprinus rubrofuscus,Amur Carp,Actinopterygii,187316,,
276823503,4f3bd7cf-3c23-45ad-b767-70b3013aa61b,2021/12/21 6:11 PM,2021-12-21,2021-12-22 02:11:00 UTC,Pacific Time (US & Canada),9056769,salvelinusfan27,Emile,2025-04-30 00:13:09 UTC,2025-04-30 18:20:49 UTC,research,CC-BY-NC,https://www.inaturalist.org/observations/276823503,https://inaturalist-open-data.s3.amazonaws.com/photos/497085827/medium.png,,"","Yamabuki Ogon, not captive",1,0,false,,"69838 CA-111, Rancho Mirage, CA 92270, USA",33.7710302,-116.4461672,12,,,,12,,open,false,,,Amur Carp,Cyprinus rubrofuscus,Amur Carp,Actinopterygii,187316,,
276823505,407a9716-55f3-4d9b-9d30-c7d3ce027866,2021/12/21 6:11 PM,2021-12-21,2021-12-22 02:11:00 UTC,Pacific Time (US & Canada),9056769,salvelinusfan27,Emile,2025-04-30 00:13:10 UTC,2025-04-30 17:47:06 UTC,research,CC-BY-NC,https://www.inaturalist.org/observations/276823505,https://inaturalist-open-data.s3.amazonaws.com/photos/497086119/medium.png,,"","Utsurimono, not captive",1,0,false,,"Rancho Mirage, CA 92270, USA",33.7709183151,-116.4461964808,1,,,,1,,open,false,,,Amur Carp,Cyprinus rubrofuscus,Amur Carp,Actinopterygii,187316,,
