record_type|state_code|station_id|travel_dir|travel_lane|year_record|f_system|num_lanes|sample_type_volume|num_lanes_volume|method_volume|sample_type_class|num_lanes_class|method_class|algorithm_volume|num_classes|sample_type_truck|num_lanes_truck|method_truck|calibration|data_retrieval|type_sensor_1|type_sensor_2|primary_purpose|lrs_id|lrs_point|latitude|longitude|shrp_id|prev_station_id|year_established|year_discontinued|county_code|is_sample|sample_id|nhs|posted_route_signing|posted_signed_route|con_route_signing|con_signed_route|station_location
S|27|000026|1|1|23|1R|2|N|2|3|N|2|3|M|15|T|2|5|C|2|Q|L|L|000100000035|      |43919677| 93276910|0000|000000|03|00|147|Y|000035026643|Y|1|00000035|0|00000000|South_of_Owatonna_MN                              
S|27|000027|7|2|23|3R|2|N|2|3|N|2|3|M|15|T|2|5|C|2|Q|L|L|200000000600| 64108|43964700| 94691996|0000|000000|04|00|165|N|            |N|3|00000060|0|00000000|Near_St_James_MN                                  
S|27|000028|3|1|23|4U|1|T|1|3|H|1|3|G|13| |0|0| |2|L|N|P|000000000000|      |45558554| 94182309|    |      |75|00|073|N|            |N|7|00000114|0|        |W OF 20TH AVE N IN ST CLOUD                       
S|27|000029|5|1|23|3R|2|N|2|3|N|2|3|M|15|T|2|5|C|2|Q|L|L|002000000530| 42100|47212926| 92488036|0000|000000|04|00|137|Y|02269B0053BI|Y|2|00000053|0|00000000|Near_Cotton_MN                                    
S|27|000036|7|1|23|3U|2|N|2|3|N|2|3|M|15|T|2|5|C|2|Q|L|L|000300000036| 14983|45035567| 92898783|0000|000000|08|00|163|Y|000094196269|N|3|00000036|0|00000000|West_of_Stillwater_MN                             
S|27|000038|1|2|23|1U|2|N|2|3|N|2|3|M|15|T|2|5|C|2|Q|L|L|000100000535|  1053|46761567| 92115200|0000|000000|09|00|137|Y|31169A0535AB|Y|1|00000535|0|00000000|North_of_Blatnik_Bridge_in_Duluth_MN              
S|27|000028|7|1|23|4U|1|T|1|3|H|1|3|G|13| |0|0| |2|L|N|P|000000000000|      |45558554| 94182309|    |      |75|00|073|N|            |N|7|00000114|0|        |W OF 20TH AVE N IN ST CLOUD                       
S|27|000110|5|2|23|3U|2|T|2|3|N|0|0| |13| |0|0| |2|L|N|P|000000000000|      |46807154| 92161544|    |      |77|00|069|N|            |N|2|00000053|0|        |SE OF CSAH6 (MAPLE GROVE RD) I                    
S|27|000309|5|1|23|4U|3|T|3|3|N|3|0| |13| |0|0| |2|L|N|P|           0|      |44962526| 93270011|    |      |75|00|000|N|         384|N|3|      65|0|        |S OF CSAH5 (E FRANKLIN AVE) IN                    
S|27|000030|5|1|23|3R|2|N|2|3|N|2|3|M|15|T|2|5|C|2|Q|L|L|003000000610| 16300|46934774| 91820453|0000|000000|12|00|075|N|            |Y|3|00000061|0|00000000|South_of_Two_Harbors_MN                           
S|27|000329|1|2|23|1U|2|T|2|3|N|2|0| |13| |0|0| |2|L|N|P|           0|      |44962528| 93269119|    |      |83|00|000|N|            |N|1|      35|0|        |AT FRANKLIN AVE IN MINNEAPOLIS                    
S|27|000030|5|2|23|3R|2|N|2|3|N|2|3|M|15|T|2|5|C|2|Q|L|L|003000000610| 16300|46934774| 91820453|0000|000000|12|00|075|N|            |Y|3|00000061|0|00000000|South_of_Two_Harbors_MN                           
S|27|000342|7|3|23|1U|3|T|3|3|N|3|0| |13| |0|0| |2|L|N|P|           0|      |45121512| 93482002|    |      |23|00|000|N|            |N|1|      94|0|        |S OF CR30 (93RD AVE N) IN MAPL                    
S|27|000031|4|1|23|3R|2|N|2|3|N|2|3|M|15|T|2|5|C|2|Q|L|L|000200000002|  8000|47880250| 96917350|0000|000000|06|00|119|N|            |Y|2|00000002|0|00000000|Near_EGFFisher_MN                                 
S|27|000352|3|2|23|2U|2|T|2|3|H|2|3|G|13| |0|0| |2|P|N|P|000000000000|      |45246773| 93503702|    |      |41|00|002|N|            |N|2|00000010|0|        |SE OF MSAS112 (153RD AVE NW) I                    
S|27|000035|7|2|23|3R|2|N|2|3|N|2|3|M|15|T|2|5|C|2|Q|L|L|000200000002| 91800|47530071| 95330017|0000|000000|06|00|029|N|            |Y|2|00000002|0|00000000|East_of_Bagley_MN                                 
S|27|000384|3|2|23|3U|2|T|2|3|H|2|3|G|13| |0|0| |2|P|N|P|000000000000|      |45036342| 92834541|    |      |87|00|082|N|            |N|3|00000036|0|        |W OF WASHINGTON AVE IN STILLWA                    
S|27|000041|5|1|23|5R|1|N|1|3|N|1|3|M|15|T|1|5|C|2|Q|L|L|000460000014| 14850|47706400| 96631983|0000|000000|10|00|119|N|            |N|5|00000014|0|00000000|2.6_mi_S_of_TH75_S_of_Crookston_MN                
S|27|000035|3|2|23|3R|2|N|2|3|N|2|3|M|15|T|2|5|C|2|Q|L|L|000200000002| 91800|47530071| 95330017|0000|000000|06|00|029|N|            |Y|2|00000002|0|00000000|East_of_Bagley_MN                                 
S|27|000027|3|1|23|3R|2|N|2|3|N|2|3|M|15|T|2|5|C|2|Q|L|L|200000000600| 64108|43964700| 94691996|0000|000000|04|00|165|N|            |N|3|00000060|0|00000000|Near_St_James_MN                                  
S|27|000026|5|1|23|1R|2|N|2|3|N|2|3|M|15|T|2|5|C|2|Q|L|L|000100000035|      |43919677| 93276910|0000|000000|03|00|147|Y|000035026643|Y|1|00000035|0|00000000|South_of_Owatonna_MN                              
S|27|000027|7|1|23|3R|2|N|2|3|N|2|3|M|15|T|2|5|C|2|Q|L|L|200000000600| 64108|43964700| 94691996|0000|000000|04|00|165|N|            |N|3|00000060|0|00000000|Near_St_James_MN                                  
S|27|000033|7|1|23|3R|1|N|1|3|N|1|3|M|15|T|1|5|C|2|Q|L|L|000200000212| 78450|44774662| 94960495|0000|000000|06|00|129|N|            |Y|2|00000212|0|00000000|East_of_Olivia_MN                                 
S|27|000026|1|2|23|1R|2|N|2|3|N|2|3|M|15|T|2|5|C|2|Q|L|L|000100000035|      |43919677| 93276910|0000|000000|03|00|147|Y|000035026643|Y|1|00000035|0|00000000|South_of_Owatonna_MN                              
S|27|000027|3|2|23|3R|2|N|2|3|N|2|3|M|15|T|2|5|C|2|Q|L|L|200000000600| 64108|43964700| 94691996|0000|000000|04|00|165|N|            |N|3|00000060|0|00000000|Near_St_James_MN                                  
S|27|000029|1|1|23|3R|2|N|2|3|N|2|3|M|15|T|2|5|C|2|Q|L|L|002000000530| 42100|47212926| 92488036|0000|000000|04|00|137|Y|02269B0053BI|Y|2|00000053|0|00000000|Near_Cotton_MN                                    
S|27|000030|1|1|23|3R|2|N|2|3|N|2|3|M|15|T|2|5|C|2|Q|L|L|003000000610| 16300|46934774| 91820453|0000|000000|12|00|075|N|            |Y|3|00000061|0|00000000|South_of_Two_Harbors_MN                           
S|27|000032|5|2|23|3R|2|N|2|3|N|2|3|M|15|T|2|5|C|2|Q|L|L|000200000052| 66000|44154160| 92533333|0000|000000|07|00|109|N|            |Y|2|00000052|0|00000000|Near_Oronoco_MN                                   
S|27|000031|4|2|23|3R|2|N|2|3|N|2|3|M|15|T|2|5|C|2|Q|L|L|000200000002|  8000|47880250| 96917350|0000|000000|06|00|119|N|            |Y|2|00000002|0|00000000|Near_EGFFisher_MN                                 
S|27|000030|1|2|23|3R|2|N|2|3|N|2|3|M|15|T|2|5|C|2|Q|L|L|003000000610| 16300|46934774| 91820453|0000|000000|12|00|075|N|            |Y|3|00000061|0|00000000|South_of_Two_Harbors_MN                           
S|27|000032|1|2|23|3R|2|N|2|3|N|2|3|M|15|T|2|5|C|2|Q|L|L|000200000052| 66000|44154160| 92533333|0000|000000|07|00|109|N|            |Y|2|00000052|0|00000000|Near_Oronoco_MN                                   
S|27|000036|3|1|23|3U|2|N|2|3|N|2|3|M|15|T|2|5|C|2|Q|L|L|000300000036| 14983|45035567| 92898783|0000|000000|08|00|163|Y|000094196269|N|3|00000036|0|00000000|West_of_Stillwater_MN                             
S|27|000033|3|1|23|3R|1|N|1|3|N|1|3|M|15|T|1|5|C|2|Q|L|L|000200000212| 78450|44774662| 94960495|0000|000000|06|00|129|N|            |Y|2|00000212|0|00000000|East_of_Olivia_MN                                 
S|27|000029|1|2|23|3R|2|N|2|3|N|2|3|M|15|T|2|5|C|2|Q|L|L|002000000530| 42100|47212926| 92488036|0000|000000|04|00|137|Y|02269B0053BI|Y|2|00000053|0|00000000|Near_Cotton_MN                                    
S|27|000036|7|2|23|3U|2|N|2|3|N|2|3|M|15|T|2|5|C|2|Q|L|L|000300000036| 14983|45035567| 92898783|0000|000000|08|00|163|Y|000094196269|N|3|00000036|0|00000000|West_of_Stillwater_MN                             
S|27|000037|8|2|23|1R|2|N|2|3|N|2|3|M|15|T|2|5|C|2|Q|L|L|000100000094|200086|45249333| 93685283|0000|000000|02|00|171|Y|000094196269|Y|1|00000094|0|00000000|MnROAD_Site_Near_Albertville_MN                   
S|27|000031|8|1|23|3R|2|N|2|3|N|2|3|M|15|T|2|5|C|2|Q|L|L|000200000002|  8000|47880250| 96917350|0000|000000|06|00|119|N|            |Y|2|00000002|0|00000000|Near_EGFFisher_MN                                 
S|27|000047|7|2|23|3U|2|N|2|3|N|2|3|M|15|T|2|5|C|2|Q|L|L|  3000000360|202976|45035783| 92810890|   0|     0|17|00|163|N|    94196269|N|1|      36|0|       0|.2 MI W OF CSAH24 (OSGOOD AVE N) IN OAK PARK HEIGH
S|27|000046|1|1|23|5R|1|N|1|3|N|1|3|M|15|T|1|5|C|2|Q|L|L|   420000001|      |44145848| 93005868|   0|     0|14|00|000|N|            |N|4|       1|0|       0|.5_mi_S_of_CSAH24_W_of_West_Concord_MN            
S|27|000032|1|1|23|3R|2|N|2|3|N|2|3|M|15|T|2|5|C|2|Q|L|L|000200000052| 66000|44154160| 92533333|0000|000000|07|00|109|N|            |Y|2|00000052|0|00000000|Near_Oronoco_MN                                   
S|27|000037|8|1|23|1R|2|N|2|3|N|2|3|M|15|T|2|5|C|2|Q|L|L|000100000094|200086|45249333| 93685283|0000|000000|02|00|171|Y|000094196269|Y|1|00000094|0|00000000|MnROAD_Site_Near_Albertville_MN                   
S|27|000045|7|1|23|3U|1|N|1|3|N|1|3|M|15|T|1|5|C|2|Q|L|L|   402000014|      |45196803| 93176725|   0|     0|14|00|000|N|            |N|5|      14|0|       0|.7_mi_W_of_CSAH14(Lexington_Ave_NE)_in_Blaine_MN  
S|27|000164|1|1|23|3R|2|T|2|3|H|2|3|G|13| |0|0| |2|P|N|P|000000000000|      |47386478| 92517191|    |      |41|00|069|N|            |N|2|00000053|0|        |S OF N MOON LAKE RD, S OF EVEL                    
S|27|000040|5|2|23|2U|2|N|2|3|N|2|3|M|15|T|2|5|C|2|Q|L|L|000200000052|126677|44892033| 93066500|0000|000000|09|00|037|Y|62119C0003BH|Y|2|00000052|0|00000000|S_of_Lafayette_Bridge_in_South_Saint_Paul_MN      
S|27|000038|5|2|23|1U|2|N|2|3|N|2|3|M|15|T|2|5|C|2|Q|L|L|000100000535|  1053|46761567| 92115200|0000|000000|09|00|137|Y|31169A0535AB|Y|1|00000535|0|00000000|North_of_Blatnik_Bridge_in_Duluth_MN              
S|27|000032|5|1|23|3R|2|N|2|3|N|2|3|M|15|T|2|5|C|2|Q|L|L|000200000052| 66000|44154160| 92533333|0000|000000|07|00|109|N|            |Y|2|00000052|0|00000000|Near_Oronoco_MN                                   
S|27|000026|5|2|23|1R|2|N|2|3|N|2|3|M|15|T|2|5|C|2|Q|L|L|000100000035|      |43919677| 93276910|0000|000000|03|00|147|Y|000035026643|Y|1|00000035|0|00000000|South_of_Owatonna_MN                              
S|27|000046|5|2|23|5R|1|N|1|3|N|1|3|M|15|T|1|5|C|2|Q|L|L|   420000001|      |44145848| 93005868|   0|     0|14|00|000|N|            |N|4|       1|0|       0|.5_mi_S_of_CSAH24_W_of_West_Concord_MN            
S|27|000039|1|1|23|3U|1|N|1|3|N|1|3|M|15|T|1|5|C|2|Q|L|L|000300000043| 45245|44061783| 91637550|0000|000000|09|00|169|N|            |N|3|00000043|0|00000000|N_of_Bridge_5900_&_S_of_Bridge_5930_in_Winona_MN  
S|27|000386|1|1|23|4R|1|T|1|3|H|1|3|G|13| |0|0| |2|P|N|P|000000000000|      |45254028| 92859834|    |      |88|00|082|N|            |N|3|00000097|0|        |E OF CSAH1 (LOFTON AVE N) IN S                    
S|27|000036|3|2|23|3U|2|N|2|3|N|2|3|M|15|T|2|5|C|2|Q|L|L|000300000036| 14983|45035567| 92898783|0000|000000|08|00|163|Y|000094196269|N|3|00000036|0|00000000|West_of_Stillwater_MN                             
S|27|000179|1|1|23|3R|1|T|1|3|H|1|3|G|13| |0|0| |2|P|N|P|000000000000|      |44210317| 95754850|    |      |41|00|042|N|            |N|2|00000059|0|        |AT CSAH14 (110TH ST), NEAR GAR                    
S|27|000048|5|1|23|5R|1|N|1|3|N|1|3|M|15|T|1|5|C|2|Q|L|L|  4170000050|      |44072151| 95320854|   0|     0|17|00|000|N|            |N|5|       5|0|       0|.4_MI_N_OF_CR53_N_OF_STORDEN                      
S|27|000187|1|2|23|3R|2|T|2|3|H|2|3|G|13| |0|0| |2|P|N|P|000000000000|      |45781399| 94247335|    |      |41|00|005|N|            |N|2|00000010|0|        |.8 MI S OF CR40 (155TH ST NW),                    
S|27|000035|7|1|23|3R|2|N|2|3|N|2|3|M|15|T|2|5|C|2|Q|L|L|000200000002| 91800|47530071| 95330017|0000|000000|06|00|029|N|            |Y|2|00000002|0|00000000|East_of_Bagley_MN                                 
S|27|000040|1|1|23|2U|2|N|2|3|N|2|3|M|15|T|2|5|C|2|Q|L|L|000200000052|126677|44892033| 93066500|0000|000000|09|00|037|Y|62119C0003BH|Y|2|00000052|0|00000000|S_of_Lafayette_Bridge_in_South_Saint_Paul_MN      
S|27|000029|5|2|23|3R|2|N|2|3|N|2|3|M|15|T|2|5|C|2|Q|L|L|002000000530| 42100|47212926| 92488036|0000|000000|04|00|137|Y|02269B0053BI|Y|2|00000053|0|00000000|Near_Cotton_MN                                    
S|27|000187|5|2|23|3R|2|T|2|3|H|2|3|G|13| |0|0| |2|P|N|P|000000000000|      |45781399| 94247335|    |      |41|00|005|N|            |N|2|00000010|0|        |.8 MI S OF CR40 (155TH ST NW),                    
S|27|000039|5|1|23|3U|1|N|1|3|N|1|3|M|15|T|1|5|C|2|Q|L|L|000300000043| 45245|44061783| 91637550|0000|000000|09|00|169|N|            |N|3|00000043|0|00000000|N_of_Bridge_5900_&_S_of_Bridge_5930_in_Winona_MN  
S|27|000191|5|2|23|1U|2|T|2|3|H|2|3|G|13| |0|0| |2|P|N|P|000000000000|      |45354727| 92998765|    |      |69|00|013|N|            |N|1|00000035|0|        |1.5 MI N OF CSAH22 (E VIKING B                    
S|27|000175|7|1|23|3R|2|T|2|3|H|2|3|G|13| |0|0| |2|P|N|P|000000000000|      |45712272| 94927561|    |      |41|00|073|N|            |N|1|00000094|0|        |E OF CR186, SE OF SAUK CENTRE                     
S|27|000212|7|1|23|3U|4|T|4|3|H|4|3|G|13| |0|0| |2|P|N|P|000000000000|      |44032632| 92558227|    |      |60|00|055|N|            |N|2|00000014|0|        |W OF CR104 (60TH AVE NW), W OF                    
S|27|000037|7|1|23|1R|2|N|2|3|N|2|3|M|15|T|2|5|C|2|Q|L|L|001000000942|200086|45249333| 93685283|0000|000000|02|00|171|Y|000094196269|Y|1|00000094|0|00000000|MnROAD_Site_Near_Albertville_MN                   
S|27|000043|3|1|23|3R|2|N|2|3|N|2|3|M|15|T|2|5|C|2|Q|L|L|   200000010|      |46876772| 96616969|   0|     0|10|00|000|N|            |N|2|      10|0|       0|2.5_mi_E_of_County_11                             
S|27|000034|5|1|23|3R|1|N|1|3|N|1|3|M|15|T|1|5|C|2|Q|L|L|000300000023|122100|44928183| 95423060|0000|000000|06|00|023|Y|02269B0053BI|N|3|00000023|0|00000000|South_of_Clara_City_MN                            
S|27|000191|1|2|23|1U|2|T|2|3|H|2|3|G|13| |0|0| |2|P|N|P|000000000000|      |45354727| 92998765|    |      |69|00|013|N|            |N|1|00000035|0|        |1.5 MI N OF CSAH22 (E VIKING B                    
S|27|000042|1|2|23|3R|2|N|2|3|N|2|3|M|15|T|2|5|C|2|Q|L|L|   200000061|119644|44773680| 92862880|   0|     0|10|00|163|N|            |N|2|      61|2|      10|0.2_mi_N_of_TH10                                  
S|27|000388|1|1|23|3U|1|T|1|3|H|1|3|G|13| |0|0| |2|P|N|P|000000000000|      |45302301| 92968359|    |      |88|00|013|N|            |N|2|00000008|0|        |E OF MSAS121 (GREENWAY RD), N                     
S|27|000040|1|2|23|2U|2|N|2|3|N|2|3|M|15|T|2|5|C|2|Q|L|L|000200000052|126677|44892033| 93066500|0000|000000|09|00|037|Y|62119C0003BH|Y|2|00000052|0|00000000|S_of_Lafayette_Bridge_in_South_Saint_Paul_MN      
S|27|000034|1|1|23|3R|1|N|1|3|N|1|3|M|15|T|1|5|C|2|Q|L|L|000300000023|122100|44928183| 95423060|0000|000000|06|00|023|Y|02269B0053BI|N|3|00000023|0|00000000|South_of_Clara_City_MN                            
S|27|000035|3|1|23|3R|2|N|2|3|N|2|3|M|15|T|2|5|C|2|Q|L|L|000200000002| 91800|47530071| 95330017|0000|000000|06|00|029|N|            |Y|2|00000002|0|00000000|East_of_Bagley_MN                                 
S|27|000041|1|1|23|5R|1|N|1|3|N|1|3|M|15|T|1|5|C|2|Q|L|L|000460000014| 14850|47706400| 96631983|0000|000000|10|00|119|N|            |N|5|00000014|0|00000000|2.6_mi_S_of_TH75_S_of_Crookston_MN                
S|27|000048|1|1|23|5R|1|N|1|3|N|1|3|M|15|T|1|5|C|2|Q|L|L|  4170000050|      |44072151| 95320854|   0|     0|17|00|000|N|            |N|5|       5|0|       0|.4_MI_N_OF_CR53_N_OF_STORDEN                      
S|27|000037|7|2|23|1R|2|N|2|3|N|2|3|M|15|T|2|5|C|2|Q|L|L|001000000942|200086|45249333| 93685283|0000|000000|02|00|171|Y|000094196269|Y|1|00000094|0|00000000|MnROAD_Site_Near_Albertville_MN                   
S|27|000040|5|1|23|2U|2|N|2|3|N|2|3|M|15|T|2|5|C|2|Q|L|L|000200000052|126677|44892033| 93066500|0000|000000|09|00|037|Y|62119C0003BH|Y|2|00000052|0|00000000|S_of_Lafayette_Bridge_in_South_Saint_Paul_MN      
S|27|000044|7|1|23|4R|1|N|1|3|N|1|3|M|15|T|1|5|C|2|Q|L|L|   418000001|      |46737971| 94196681|   0|     0|14|00|000|N|            |N|6|       1|0|       0|W_of_CR134_W_of_Manhattan_Beach                   
S|27|000204|1|1|23|3R|2|T|2|3|H|2|3|G|13| |0|0| |2|P|N|P|000000000000|      |46059616| 93662166|    |      |45|00|048|N|            |N|2|00000169|0|        |.3 MI N OF CSAH22 (350TH ST),                     
S|27|000187|1|1|23|3R|2|T|2|3|H|2|3|G|13| |0|0| |2|P|N|P|000000000000|      |45781399| 94247335|    |      |41|00|005|N|            |N|2|00000010|0|        |.8 MI S OF CR40 (155TH ST NW),                    
S|27|000038|1|1|23|1U|2|N|2|3|N|2|3|M|15|T|2|5|C|2|Q|L|L|000100000535|  1053|46761567| 92115200|0000|000000|09|00|137|Y|31169A0535AB|Y|1|00000535|0|00000000|North_of_Blatnik_Bridge_in_Duluth_MN              
S|27|000048|5|2|23|5R|1|N|1|3|N|1|3|M|15|T|1|5|C|2|Q|L|L|  4170000050|      |44072151| 95320854|   0|     0|17|00|000|N|            |N|5|       5|0|       0|.4_MI_N_OF_CR53_N_OF_STORDEN                      
S|27|000210|1|1|23|3R|1|T|1|3|H|1|3|G|13| |0|0| |2|P|N|P|000000000000|      |47744853| 94526876|    |      |61|00|004|N|            |N|2|00000071|0|        |E OF TH72, NE OF BLACKDUCK                        
S|27|000043|3|2|23|3R|2|N|2|3|N|2|3|M|15|T|2|5|C|2|Q|L|L|   200000010|      |46876772| 96616969|   0|     0|10|00|000|N|            |N|2|      10|0|       0|2.5_mi_E_of_County_11                             
S|27|000031|8|2|23|3R|2|N|2|3|N|2|3|M|15|T|2|5|C|2|Q|L|L|000200000002|  8000|47880250| 96917350|0000|000000|06|00|119|N|            |Y|2|00000002|0|00000000|Near_EGFFisher_MN                                 
S|27|000390|1|1|23|4U|1|T|1|3|H|1|3|G|13| |0|0| |2|P|N|P|000000000000|      |45170715| 92990270|    |      |87|00|082|N|            |N|2|00000061|0|        |.9 MI N OF CSAH8 IN HUGO                          
S|27|000219|3|1|23|3R|1|T|1|3|H|1|3|G|13| |0|0| |2|P|N|P|000000000000|      |47095580| 93214063|    |      |71|00|031|N|            |N|2|00000002|0|        |1.1 MI NW OF TH65, SE OF WARBA                    
S|27|000221|1|2|23|3R|2|T|2|3|H|2|3|G|13| |0|0| |2|P|N|P|000000000000|      |46975119| 94819858|    |      |72|00|029|N|            |N|3|00000034|0|        |1.5 MI NE OF CSAH2 (BUNYAN TR                     
S|27|000049|7|2|23|1U|2|N|2|3|N|2|3|M|15|T|2|5|C|2|Q|L|L|  1000000904|      |43639005| 95615747|   0|     0|17|00|105|N|         518|N|1|      90|0|       0|.4_MI_E_OF_CSAH25_(DIAGONAL RD)_IN_WORTHINGTON    
S|27|000103|5|2|23|1U|2|T|2|3|H|2|3|G|13| |0|0| |2|L|N|P|000000000000|      |46737445| 92161891|    |      |73|00|069|N|            |N|1|00000035|0|        |E OF MSAS107 (CENTRAL AVE) IN                     
S|27|000043|7|1|23|3R|2|N|2|3|N|2|3|M|15|T|2|5|C|2|Q|L|L|   200000010|      |46876772| 96616969|   0|     0|10|00|000|N|            |N|2|      10|0|       0|2.5_mi_E_of_County_11                             
S|27|000042|1|1|23|3R|2|N|2|3|N|2|3|M|15|T|2|5|C|2|Q|L|L|   200000061|119644|44773680| 92862880|   0|     0|10|00|163|N|            |N|2|      61|2|      10|0.2_mi_N_of_TH10                                  
S|27|000045|7|2|23|3U|1|N|1|3|N|1|3|M|15|T|1|5|C|2|Q|L|L|   402000014|      |45196803| 93176725|   0|     0|14|00|000|N|            |N|5|      14|0|       0|.7_mi_W_of_CSAH14(Lexington_Ave_NE)_in_Blaine_MN  
S|27|000051|7|1|23|5R|1|T|1|3|H|1|3|G|13| |0|0| |2|P|N|P|000000000000|      |47007616| 95104949|    |      |74|00|029|N|            |N|5|00000040|0|        |E OF TH71, N OF PARK RAPIDS                       
S|27|000045|3|1|23|3U|1|N|1|3|N|1|3|M|15|T|1|5|C|2|Q|L|L|   402000014|      |45196803| 93176725|   0|     0|14|00|000|N|            |N|5|      14|0|       0|.7_mi_W_of_CSAH14(Lexington_Ave_NE)_in_Blaine_MN  
S|27|000221|5|1|23|3R|1|T|1|3|H|1|3|G|13| |0|0| |2|P|N|P|000000000000|      |46975119| 94819858|    |      |72|00|029|N|            |N|3|00000034|0|        |1.5 MI NE OF CSAH2 (BUNYAN TR                     
S|27|000175|7|2|23|3R|2|T|2|3|H|2|3|G|13| |0|0| |2|P|N|P|000000000000|      |45712272| 94927561|    |      |41|00|073|N|            |N|1|00000094|0|        |E OF CR186, SE OF SAUK CENTRE                     
S|27|000043|7|2|23|3R|2|N|2|3|N|2|3|M|15|T|2|5|C|2|Q|L|L|   200000010|      |46876772| 96616969|   0|     0|10|00|000|N|            |N|2|      10|0|       0|2.5_mi_E_of_County_11                             
S|27|000208|1|2|23|1U|2|T|2|3|H|2|3|G|13| |0|0| |2|P|N|P|000000000000|      |44146018| 93255683|    |      |58|00|074|N|            |N|1|00000035|0|        |.6 MI N OF CSAH9, N OF OWATONN                    
S|27|000042|5|2|23|3R|2|N|2|3|N|2|3|M|15|T|2|5|C|2|Q|L|L|   200000061|119644|44773680| 92862880|   0|     0|10|00|163|N|            |N|2|      61|2|      10|0.2_mi_N_of_TH10                                  
S|27|000049|7|3|23|1U|2|N|2|3|N|2|3|M|15|T|2|5|C|2|Q|L|L|  1000000904|      |43639005| 95615747|   0|     0|17|00|105|N|         518|N|1|      90|0|       0|.4_MI_E_OF_CSAH25_(DIAGONAL RD)_IN_WORTHINGTON    
S|27|000038|5|1|23|1U|2|N|2|3|N|2|3|M|15|T|2|5|C|2|Q|L|L|000100000535|  1053|46761567| 92115200|0000|000000|09|00|137|Y|31169A0535AB|Y|1|00000535|0|00000000|North_of_Blatnik_Bridge_in_Duluth_MN              
S|27|000218|1|1|23|4R|1|T|1|3|H|1|3|G|13| |0|0| |2|P|N|P|000000000000|      |45150772| 95593935|    |      |69|00|012|N|            |N|3|00000029|0|        |S OF 120TH ST SE, NE OF MONTEV                    
S|27|000049|3|2|23|1U|2|N|2|3|N|2|3|M|15|T|2|5|C|2|Q|L|L|  1000000904|      |43639005| 95615747|   0|     0|17|00|105|N|         518|N|1|      90|0|       0|.4_MI_E_OF_CSAH25_(DIAGONAL RD)_IN_WORTHINGTON    
S|27|000230|3|1|23|4R|1|T|1|3|H|1|3|G|13| |0|0| |2|P|N|P|000000000000|      |44486266| 93509900|    |      |12|00|066|N|            |N|5|00000002|0|        |3.4 MI W OF TH19 (INDEP AVE),                     
S|27|000199|5|1|23|4R|1|T|1|3|H|1|3|G|13| |0|0| |2|P|N|P|000000000000|      |44059063| 96307771|    |      |41|00|059|N|            |N|2|00000075|0|        |.5 MI S OF CSAH7 (151ST ST), N                    
S|27|000200|5|1|23|1R|2|T|2|3|H|2|3|G|13| |0|0| |2|P|N|P|000000000000|      |45376231| 93996060|    |      |85|00|086|N|            |N|1|00000094|0|        |1.1 MI NW OF CSAH8, SE OF CLEA                    
S|27|000212|7|2|23|3U|4|T|4|3|H|4|3|G|13| |0|0| |2|P|N|P|000000000000|      |44032632| 92558227|    |      |60|00|055|N|            |N|2|00000014|0|        |W OF CR104 (60TH AVE NW), W OF                    
S|27|000042|5|1|23|3R|2|N|2|3|N|2|3|M|15|T|2|5|C|2|Q|L|L|   200000061|119644|44773680| 92862880|   0|     0|10|00|163|N|            |N|2|      61|2|      10|0.2_mi_N_of_TH10                                  
S|27|000061|7|2|23|1R|2|N|2|3|N|2|3|M|15|T|2|5|C|2|Q|L|L|000100000090|279891|43857965| 91299282|0000|000000|17|00|169|N|            |Y|1|00000090|0|00000000|3_MI_E_OF_TH61_N_OF_LA_CRESCENT                   
S|27|000179|5|1|23|3R|1|T|1|3|H|1|3|G|13| |0|0| |2|P|N|P|000000000000|      |44210317| 95754850|    |      |41|00|042|N|            |N|2|00000059|0|        |AT CSAH14 (110TH ST), NEAR GAR                    
S|27|000275|5|1|23|3R|2|T|1|3|H|2|3|G|13| |0|0| |2|P|N|P|           0|      |45607699| 94030218|    |      |23|00|000|N|            |N|5|       9|0|        |SR 23                                             
S|27|000770|7|1|23|3R|1|N|1|3|N|1|0|D|06| |1|0| |2|W| |P|           0|      |47380142| 94586899|    |      |23|00|021|N|            |N|5|      50|0|        |E OF CSAH 206 (N 2ND ST)                          
S|27|000110|1|1|23|3U|2|T|2|3|N|0|0| |13| |0|0| |2|L|N|P|000000000000|      |46807154| 92161544|    |      |77|00|069|N|            |N|2|00000053|0|        |SE OF CSAH6 (MAPLE GROVE RD) I                    
S|27|000103|1|1|23|1U|2|T|2|3|H|2|3|G|13| |0|0| |2|L|N|P|000000000000|      |46737445| 92161891|    |      |73|00|069|N|            |N|1|00000035|0|        |E OF MSAS107 (CENTRAL AVE) IN                     
S|27|000051|3|1|23|5R|1|T|1|3|H|1|3|G|13| |0|0| |2|P|N|P|000000000000|      |47007616| 95104949|    |      |74|00|029|N|            |N|5|00000040|0|        |E OF TH71, N OF PARK RAPIDS                       
S|27|000204|5|2|23|3R|2|T|2|3|H|2|3|G|13| |0|0| |2|P|N|P|000000000000|      |46059616| 93662166|    |      |45|00|048|N|            |N|2|00000169|0|        |.3 MI N OF CSAH22 (350TH ST),                     
S|27|000049|7|1|23|1U|2|N|2|3|N|2|3|M|15|T|2|5|C|2|Q|L|L|  1000000904|      |43639005| 95615747|   0|     0|17|00|105|N|         518|N|1|      90|0|       0|.4_MI_E_OF_CSAH25_(DIAGONAL RD)_IN_WORTHINGTON    
S|27|000222|5|1|23|4R|1|T|1|3|H|1|3|G|13| |0|0| |2|P|N|P|000000000000|      |46341840| 93262309|    |      |71|00|001|N|            |N|3|00000065|0|        |.6 MI N OF CSAH2, N OF MCGRATH                    
S|27|000222|1|1|23|4R|1|T|1|3|H|1|3|G|13| |0|0| |2|P|N|P|000000000000|      |46341840| 93262309|    |      |71|00|001|N|            |N|3|00000065|0|        |.6 MI N OF CSAH2, N OF MCGRATH                    
S|27|001028|1|2|23|1U|3|N|3|3|N|3|3|D|06|T|3|0| |2|W| |P|   100000035|      |46847201| 96777417|   0|     0|23|00|027|N|    35026643|N|1|      35|0|       0|W OF US 75                                        
S|27|000103|1|2|23|1U|2|T|2|3|H|2|3|G|13| |0|0| |2|L|N|P|000000000000|      |46737445| 92161891|    |      |73|00|069|N|            |N|1|00000035|0|        |E OF MSAS107 (CENTRAL AVE) IN                     
S|27|000149|3|2|23|3R|2|T|2|3|H|2|3|G|13| |0|0| |2|P|N|P|           0|      |46876984| 96111413|    |      |23|00|000|N|            |N|2|      53|0|        |SR 10                                             
S|27|000059|3|2|23|1R|2|N|2|3|N|2|3|M|15|T|2|5|C|2|Q|L|L|000100000090|279891|43857853| 91299203|0000|000000|17|00|169|N|            |Y|1|00000090|0|00000000|3_MI_E_OF_TH61_N_OF_LA_CRESCENT                   
S|27|000149|3|1|23|3R|2|T|2|3|H|2|3|G|13| |0|0| |2|P|N|P|           0|      |46876984| 96111413|    |      |23|00|000|N|            |N|2|      53|0|        |SR 10                                             
S|27|000046|5|1|23|5R|1|N|1|3|N|1|3|M|15|T|1|5|C|2|Q|L|L|   420000001|      |44145848| 93005868|   0|     0|14|00|000|N|            |N|4|       1|0|       0|.5_mi_S_of_CSAH24_W_of_West_Concord_MN            
S|27|000208|5|2|23|1U|2|T|2|3|H|2|3|G|13| |0|0| |2|P|N|P|000000000000|      |44146018| 93255683|    |      |58|00|074|N|            |N|1|00000035|0|        |.6 MI N OF CSAH9, N OF OWATONN                    
S|27|000049|7|4|23|1U|2|N|2|3|N|2|3|M|15|T|2|5|C|2|Q|L|L|  1000000904|      |43639005| 95615747|   0|     0|17|00|105|N|         518|N|1|      90|0|       0|.4_MI_E_OF_CSAH25_(DIAGONAL RD)_IN_WORTHINGTON    
S|27|000231|3|1|23|5R|1|T|1|3|H|1|3|G|13| |0|0| |2|P|N|P|000000000000|      |46644718| 94840432|    |      |12|00|080|N|            |N|5|00000012|0|        |1.6 MI E OF CSAH18, E OF NIMRO                    
S|27|000208|5|1|23|1U|2|T|2|3|H|2|3|G|13| |0|0| |2|P|N|P|000000000000|      |44146018| 93255683|    |      |58|00|074|N|            |N|1|00000035|0|        |.6 MI N OF CSAH9, N OF OWATONN                    
S|27|002811|7|1|23|3R|1|N|1|3|N|1|3|D|06|T|1|0| |2|W| |P|   300000036|      |44270137| 96320091|   0|     0|23|00|081|N|    94196269|N|3|      36|0|       0|W OF CSAH21 IN LAKE BENTON                        
S|27|000200|1|2|23|1R|2|T|2|3|H|2|3|G|13| |0|0| |2|P|N|P|000000000000|      |45376231| 93996060|    |      |85|00|086|N|            |N|1|00000094|0|        |1.1 MI NW OF CSAH8, SE OF CLEA                    
S|27|000204|1|2|23|3R|2|T|2|3|H|2|3|G|13| |0|0| |2|P|N|P|000000000000|      |46059616| 93662166|    |      |45|00|048|N|            |N|2|00000169|0|        |.3 MI N OF CSAH22 (350TH ST),                     
S|27|000047|7|1|23|3U|2|N|2|3|N|2|3|M|15|T|2|5|C|2|Q|L|L|  3000000360|202976|45035783| 92810890|   0|     0|17|00|163|N|    94196269|N|1|      36|0|       0|.2 MI W OF CSAH24 (OSGOOD AVE N) IN OAK PARK HEIGH
S|27|000044|3|1|23|4R|1|N|1|3|N|1|3|M|15|T|1|5|C|2|Q|L|L|   418000001|      |46737971| 94196681|   0|     0|14|00|000|N|            |N|6|       1|0|       0|W_of_CR134_W_of_Manhattan_Beach                   
S|27|000301|7|4|23|1U|4|T|4|3|N|4|0| |13| |0|0| |2|L|N|P|           0|      |44951861| 93137539|    |      |23|00|000|N|            |N|1|      94|0|        |W OF N VICTORIA ST IN ST PAUL                     
S|27|000223|1|1|23|3R|1|T|1|3|H|1|3|G|13| |0|0| |2|P|N|P|000000000000|      |47038580| 94540445|    |      |71|00|011|N|            |N|3|00000371|0|        |1 MI S OF TH200, SE OF WALKER                     
S|27|003467|7|1|23|1R|2|T|2|2|H|2|2|D|04| |0|0| |2|W|N|P|000000000000|      |43727442| 92681023|    |      |16|00|050|N|            |N|1|00000090|0|        |.4 MI S OF CSAH2 (260TH ST), N                    
S|27|000221|1|1|23|3R|2|T|2|3|H|2|3|G|13| |0|0| |2|P|N|P|000000000000|      |46975119| 94819858|    |      |72|00|029|N|            |N|3|00000034|0|        |1.5 MI NE OF CSAH2 (BUNYAN TR                     
S|27|000209|5|1|23|4R|1|T|1|3|H|1|3|G|13| |0|0| |2|P|N|P|000000000000|      |48101683| 96715301|    |      |61|00|060|N|            |N|2|00000075|0|        |1.7 MI N OF CSAH23 (40TH AVE N                    
S|27|000061|7|1|23|1R|2|N|2|3|N|2|3|M|15|T|2|5|C|2|Q|L|L|000100000090|279891|43857965| 91299282|0000|000000|17|00|169|N|            |Y|1|00000090|0|00000000|3_MI_E_OF_TH61_N_OF_LA_CRESCENT                   
S|27|000209|1|1|23|4R|1|T|1|3|H|1|3|G|13| |0|0| |2|P|N|P|000000000000|      |48101683| 96715301|    |      |61|00|060|N|            |N|2|00000075|0|        |1.7 MI N OF CSAH23 (40TH AVE N                    
S|27|000303|5|4|23|1U|4|T|4|3|N|4|0| |13| |0|0| |2|L|N|P|           0|      |44984291| 93088794|    |      |23|00|000|N|            |N|1|      35|0|        |S OF MSAS109 (E ARLINGTON AVE)                    
S|27|000301|7|3|23|1U|4|T|4|3|N|4|0| |13| |0|0| |2|L|N|P|           0|      |44951861| 93137539|    |      |23|00|000|N|            |N|1|      94|0|        |W OF N VICTORIA ST IN ST PAUL                     
S|27|000303|1|3|23|1U|4|T|4|3|N|4|0| |13| |0|0| |2|L|N|P|           0|      |44984291| 93088794|    |      |23|00|000|N|            |N|1|      35|0|        |S OF MSAS109 (E ARLINGTON AVE)                    
S|27|000210|5|1|23|3R|1|T|1|3|H|1|3|G|13| |0|0| |2|P|N|P|000000000000|      |47744853| 94526876|    |      |61|00|004|N|            |N|2|00000071|0|        |E OF TH72, NE OF BLACKDUCK                        
S|27|000227|7|2|23|3R|2|T|2|3|H|2|3|G|13| |0|0| |2|P|N|P|000000000000|      |43680020| 93438609|    |      |73|00|024|N|            |N|1|00000090|0|        |SW OF TH13, W OF ALBERT LEA                       
S|27|000110|1|2|23|3U|2|T|2|3|N|0|0| |13| |0|0| |2|L|N|P|000000000000|      |46807154| 92161544|    |      |77|00|069|N|            |N|2|00000053|0|        |SE OF CSAH6 (MAPLE GROVE RD) I                    
S|27|000149|7|2|23|3R|2|T|2|3|H|2|3|G|13| |0|0| |2|P|N|P|           0|      |46876984| 96111413|    |      |23|00|000|N|            |N|2|      53|0|        |SR 10                                             
S|27|000164|1|2|23|3R|2|T|2|3|H|2|3|G|13| |0|0| |2|P|N|P|000000000000|      |47386478| 92517191|    |      |41|00|069|N|            |N|2|00000053|0|        |S OF N MOON LAKE RD, S OF EVEL                    
S|27|000211|5|1|23|3R|2|T|2|3|H|2|3|G|13| |0|0| |2|P|N|P|000000000000|      |47672412| 92648248|    |      |61|00|069|N|            |N|2|00000053|0|        |1 MI NW OF CSAH65 (BISS RD), N                    
S|27|000301|7|2|23|1U|4|T|4|3|N|4|0| |13| |0|0| |2|L|N|P|           0|      |44951861| 93137539|    |      |23|00|000|N|            |N|1|      94|0|        |W OF N VICTORIA ST IN ST PAUL                     
S|27|000305|5|3|23|1U|3|T|3|3|N|0|0| |13| |0|0| |2|L|N|P|000000000000|      |44723238| 93281577|    |      |68|00|019|N|            |N|1|00000035|0|        |S OF MSAS101 (CRYSTAL LAKE RD                     
S|27|000225|3|1|23|3R|1|T|1|3|H|1|3|G|13| |0|0| |2|P|N|P|000000000000|      |46267183| 95792984|    |      |72|00|056|N|            |N|3|00000210|0|        |2 MI W OF CSAH47, W OF BATTLE                     
S|27|000301|3|1|23|1U|4|T|4|3|N|4|0| |13| |0|0| |2|L|N|P|           0|      |44951861| 93137539|    |      |23|00|000|N|            |N|1|      94|0|        |W OF N VICTORIA ST IN ST PAUL                     
S|27|000232|1|1|23|5R|1|T|1|3|H|1|3|G|13| |0|0| |2|P|N|P|000000000000|      |45925452| 96130339|    |      |12|00|026|N|            |N|5|00000011|0|        |.6 MI S OF CSAH12, NE OF NORCR                    
S|27|000220|5|1|23|3R|1|T|1|3|H|1|3|G|13| |0|0| |2|P|N|P|000000000000|      |47108429| 95151351|    |      |71|00|029|N|            |N|2|00000071|0|        |S OF CR89, N OF PARK RAPIDS                       
S|27|000200|1|1|23|1R|2|T|2|3|H|2|3|G|13| |0|0| |2|P|N|P|000000000000|      |45376231| 93996060|    |      |85|00|086|N|            |N|1|00000094|0|        |1.1 MI NW OF CSAH8, SE OF CLEA                    
S|27|000219|7|1|23|3R|1|T|1|3|H|1|3|G|13| |0|0| |2|P|N|P|000000000000|      |47095580| 93214063|    |      |71|00|031|N|            |N|2|00000002|0|        |1.1 MI NW OF TH65, SE OF WARBA                    
S|27|000059|3|1|23|1R|2|N|2|3|N|2|3|M|15|T|2|5|C|2|Q|L|L|000100000090|279891|43857853| 91299203|0000|000000|17|00|169|N|            |Y|1|00000090|0|00000000|3_MI_E_OF_TH61_N_OF_LA_CRESCENT                   
S|27|000305|5|1|23|1U|3|T|3|3|N|0|0| |13| |0|0| |2|L|N|P|000000000000|      |44723238| 93281577|    |      |68|00|019|N|            |N|1|00000035|0|        |S OF MSAS101 (CRYSTAL LAKE RD                     
S|27|000309|5|3|23|4U|3|T|3|3|N|3|0| |13| |0|0| |2|L|N|P|           0|      |44962526| 93270011|    |      |75|00|000|N|         384|N|3|      65|0|        |S OF CSAH5 (E FRANKLIN AVE) IN                    
S|27|000164|5|1|23|3R|2|T|2|3|H|2|3|G|13| |0|0| |2|P|N|P|000000000000|      |47386478| 92517191|    |      |41|00|069|N|            |N|2|00000053|0|        |S OF N MOON LAKE RD, S OF EVEL                    
S|27|000175|3|1|23|3R|2|T|2|3|H|2|3|G|13| |0|0| |2|P|N|P|000000000000|      |45712272| 94927561|    |      |41|00|073|N|            |N|1|00000094|0|        |E OF CR186, SE OF SAUK CENTRE                     
S|27|000187|5|1|23|3R|2|T|2|3|H|2|3|G|13| |0|0| |2|P|N|P|000000000000|      |45781399| 94247335|    |      |41|00|005|N|            |N|2|00000010|0|        |.8 MI S OF CR40 (155TH ST NW),                    
S|27|000175|3|2|23|3R|2|T|2|3|H|2|3|G|13| |0|0| |2|P|N|P|000000000000|      |45712272| 94927561|    |      |41|00|073|N|            |N|1|00000094|0|        |E OF CR186, SE OF SAUK CENTRE                     
S|27|000228|5|1|23|5R|1|T|1|3|H|1|3|G|13| |0|0| |2|P|N|P|000000000000|      |47562221| 93372898|    |      |12|00|031|N|            |N|5|00000007|0|        |N OF CR399, W OF HIBBING                          
S|27|000321|7|3|23|1U|4|T|4|3|N|4|0| |13| |0|0| |2|L|N|P|           0|      |44861971| 93303831|    |      |82|00|000|N|            |N|1|     494|0|        |W OF I-35W IN BLOOMINGTON                         
S|27|000211|5|2|23|3R|2|T|2|3|H|2|3|G|13| |0|0| |2|P|N|P|000000000000|      |47672412| 92648248|    |      |61|00|069|N|            |N|2|00000053|0|        |1 MI NW OF CSAH65 (BISS RD), N                    
S|27|000321|3|1|23|1U|3|T|3|3|N|3|0| |13| |0|0| |2|L|N|P|           0|      |44861971| 93303831|    |      |82|00|000|N|            |N|1|     494|0|        |W OF I-35W IN BLOOMINGTON                         
S|27|000227|3|2|23|3R|2|T|2|3|H|2|3|G|13| |0|0| |2|P|N|P|000000000000|      |43680020| 93438609|    |      |73|00|024|N|            |N|1|00000090|0|        |SW OF TH13, W OF ALBERT LEA                       
S|27|000315|5|1|23|1U|4|T|4|3|N|4|0| |13| |0|0| |2|L|N|P|           0|      |44803051| 93290368|    |      |75|00|000|N|            |N|1|      35|0|        |N OF MN RIVER BRIDGE IN BLOOMI                    
S|27|000220|1|1|23|3R|1|T|1|3|H|1|3|G|13| |0|0| |2|P|N|P|000000000000|      |47108429| 95151351|    |      |71|00|029|N|            |N|2|00000071|0|        |S OF CR89, N OF PARK RAPIDS                       
S|27|000225|7|1|23|3R|1|T|1|3|H|1|3|G|13| |0|0| |2|P|N|P|000000000000|      |46267183| 95792984|    |      |72|00|056|N|            |N|3|00000210|0|        |2 MI W OF CSAH47, W OF BATTLE                     
S|27|000200|5|2|23|1R|2|T|2|3|H|2|3|G|13| |0|0| |2|P|N|P|000000000000|      |45376231| 93996060|    |      |85|00|086|N|            |N|1|00000094|0|        |1.1 MI NW OF CSAH8, SE OF CLEA                    
S|27|000204|5|1|23|3R|2|T|2|3|H|2|3|G|13| |0|0| |2|P|N|P|000000000000|      |46059616| 93662166|    |      |45|00|048|N|            |N|2|00000169|0|        |.3 MI N OF CSAH22 (350TH ST),                     
S|27|000309|1|3|23|4U|3|T|3|3|N|3|0| |13| |0|0| |2|L|N|P|           0|      |44962526| 93270011|    |      |75|00|000|N|         384|N|3|      65|0|        |S OF CSAH5 (E FRANKLIN AVE) IN                    
S|27|000335|5|1|23|1U|2|T|2|3|H|2|3|G|13| |0|0| |2|P|N|P|000000000000|      |45167590| 93144700|    |      |87|00|002|N|            |N|1|00000035|0|        |W OF CR53 (SUNSET AVE NE) IN B                    
S|27|000315|1|3|23|1U|4|T|4|3|N|4|0| |13| |0|0| |2|L|N|P|           0|      |44803051| 93290368|    |      |75|00|000|N|            |N|1|      35|0|        |N OF MN RIVER BRIDGE IN BLOOMI                    
S|27|000315|5|3|23|1U|4|T|4|3|N|4|0| |13| |0|0| |2|L|N|P|           0|      |44803051| 93290368|    |      |75|00|000|N|            |N|1|      35|0|        |N OF MN RIVER BRIDGE IN BLOOMI                    
S|27|000326|3|3|23|1U|3|T|3|3|N|0|0| |13| |0|0| |2|L|N|P|000000000000|      |44970179| 93314358|    |      |93|00|027|N|            |N|1|00000394|0|        |E OF TH100 IN MINNEAPOLIS                         
S|27|003790|5|2|23|3U|2|T|2|2|H|2|2|D|04| |0|0| |2|W|N|P|000000000000|      |43901366| 92482449|    |      |14|00|055|N|            |N|2|00000063|0|        |.2 MI N OF 85TH ST SE IN ROCHE                    
S|27|000233|1|1|23|5R|1|T|1|3|H|1|3|G|13| |0|0| |2|P|N|P|000000000000|      |44634255| 94092115|    |      |12|00|072|N|            |N|5|00000009|0|        |.7 N OF 226TH ST, N OF ARLINGT                    
S|27|000321|7|1|23|1U|4|T|4|3|N|4|0| |13| |0|0| |2|L|N|P|           0|      |44861971| 93303831|    |      |82|00|000|N|            |N|1|     494|0|        |W OF I-35W IN BLOOMINGTON                         
S|27|000103|5|1|23|1U|2|T|2|3|H|2|3|G|13| |0|0| |2|L|N|P|000000000000|      |46737445| 92161891|    |      |73|00|069|N|            |N|1|00000035|0|        |E OF MSAS107 (CENTRAL AVE) IN                     
S|27|000227|7|1|23|3R|2|T|2|3|H|2|3|G|13| |0|0| |2|P|N|P|000000000000|      |43680020| 93438609|    |      |73|00|024|N|            |N|1|00000090|0|        |SW OF TH13, W OF ALBERT LEA                       
S|27|000229|7|1|23|5R|1|T|1|3|H|1|3|G|13| |0|0| |2|P|N|P|000000000000|      |44834293| 94487155|    |      |12|00|043|N|            |N|5|00000018|0|        |4.3 MI W OF CSAH7, SW OF HUTCH                    
S|27|000229|3|1|23|5R|1|T|1|3|H|1|3|G|13| |0|0| |2|P|N|P|000000000000|      |44834293| 94487155|    |      |12|00|043|N|            |N|5|00000018|0|        |4.3 MI W OF CSAH7, SW OF HUTCH                    
S|27|000214|5|1|23|4R|1|T|1|3|H|1|3|G|13| |0|0| |2|P|N|P|000000000000|      |47427272| 91262771|    |      |69|00|038|N|            |N|3|00000001|0|        |1 MI NW OF CSAH7, N OF SILVER                     
S|27|000212|7|3|23|3U|4|T|4|3|H|4|3|G|13| |0|0| |2|P|N|P|000000000000|      |44032632| 92558227|    |      |60|00|055|N|            |N|2|00000014|0|        |W OF CR104 (60TH AVE NW), W OF                    
S|27|000389|5|2|23|2U|2|T|2|3|N|0|0| |13| |0|0| |2|L|N|P|000000000000|      |44996937| 93205928|    |      |86|00|062|N|            |N|3|00000280|0|        |N OF CSAH30 (LARPENTEUR AVE W)                    
S|27|000212|3|2|23|3U|2|T|2|3|H|2|3|G|13| |0|0| |2|P|N|P|000000000000|      |44032632| 92558227|    |      |60|00|055|N|            |N|2|00000014|0|        |W OF CR104 (60TH AVE NW), W OF                    
S|27|000301|3|2|23|1U|4|T|4|3|N|4|0| |13| |0|0| |2|L|N|P|           0|      |44951861| 93137539|    |      |23|00|000|N|            |N|1|      94|0|        |W OF N VICTORIA ST IN ST PAUL                     
S|27|000336|5|2|23|1U|3|T|3|3|N|0|0| |13| |0|0| |2|L|N|P|000000000000|      |44811482| 93183712|    |      |87|00|019|N|            |N|1|00000035|0|        |N OF MSAS102 (DEERWOOD DR) IN                     
S|27|000329|5|2|23|1U|3|T|3|3|N|3|0| |13| |0|0| |2|L|N|P|           0|      |44962528| 93269119|    |      |83|00|000|N|            |N|1|      35|0|        |AT FRANKLIN AVE IN MINNEAPOLIS                    
S|27|000341|5|1|23|1U|2|T|2|3|H|2|3|G|13| |0|0| |2|P|N|P|000000000000|      |45020602| 92959199|    |      |87|00|082|N|            |N|1|00000694|0|        |S OF CSAH35 (50TH ST N) IN OAK                    
S|27|004820|3|2|23|1R|2|T|2|2|H|2|2|D|04| |0|0| |2|W|N|P|000000000000|      |43608459| 96380157|    |      |12|00|067|N|            |N|1|00000090|0|        |W OF CSAH 4, W OF BEAVER CREEK                    
S|27|000233|5|1|23|5R|1|T|1|3|H|1|3|G|13| |0|0| |2|P|N|P|000000000000|      |44634255| 94092115|    |      |12|00|072|N|            |N|5|00000009|0|        |.7 N OF 226TH ST, N OF ARLINGT                    
S|27|000199|1|1|23|4R|1|T|1|3|H|1|3|G|13| |0|0| |2|P|N|P|000000000000|      |44059063| 96307771|    |      |41|00|059|N|            |N|2|00000075|0|        |.5 MI S OF CSAH7 (151ST ST), N                    
S|27|000110|5|1|23|3U|2|T|2|3|N|0|0| |13| |0|0| |2|L|N|P|000000000000|      |46807154| 92161544|    |      |77|00|069|N|            |N|2|00000053|0|        |SE OF CSAH6 (MAPLE GROVE RD) I                    
S|27|000230|7|1|23|4R|1|T|1|3|H|1|3|G|13| |0|0| |2|P|N|P|000000000000|      |44486266| 93509900|    |      |12|00|066|N|            |N|5|00000002|0|        |3.4 MI W OF TH19 (INDEP AVE),                     
S|27|000305|5|2|23|1U|3|T|3|3|N|0|0| |13| |0|0| |2|L|N|P|000000000000|      |44723238| 93281577|    |      |68|00|019|N|            |N|1|00000035|0|        |S OF MSAS101 (CRYSTAL LAKE RD                     
S|27|000400|1|1|23|4R|1|T|1|3|H|1|3|G|13| |0|0| |2|P|N|P|000000000000|      |45030345| 93727665|    |      |72|00|027|N|            |N|5|00000092|0|        |S OF TH12 IN INDEPENDENCE                         
S|27|000214|1|1|23|4R|1|T|1|3|H|1|3|G|13| |0|0| |2|P|N|P|000000000000|      |47427272| 91262771|    |      |69|00|038|N|            |N|3|00000001|0|        |1 MI NW OF CSAH7, N OF SILVER                     
S|27|000228|1|1|23|5R|1|T|1|3|H|1|3|G|13| |0|0| |2|P|N|P|000000000000|      |47562221| 93372898|    |      |12|00|031|N|            |N|5|00000007|0|        |N OF CR399, W OF HIBBING                          
S|27|000303|1|2|23|1U|4|T|4|3|N|4|0| |13| |0|0| |2|L|N|P|           0|      |44984291| 93088794|    |      |23|00|000|N|            |N|1|      35|0|        |S OF MSAS109 (E ARLINGTON AVE)                    
S|27|000354|7|1|23|1U|3|T|3|3|H|3|3|G|13| |0|0| |2|P|N|P|000000000000|      |44948898| 92884271|    |      |50|00|082|N|            |N|1|00000094|0|        |W OF MSAS127 (COTTAGE GROVE DR                    
S|27|000335|1|2|23|1U|2|T|2|3|H|2|3|G|13| |0|0| |2|P|N|P|000000000000|      |45167590| 93144700|    |      |87|00|002|N|            |N|1|00000035|0|        |W OF CR53 (SUNSET AVE NE) IN B                    
S|27|004910|1|2|23|3R|2|T|2|2|H|2|2|D|04| |0|0| |2|W|N|P|000000000000|      |46923945| 92412803|    |      |16|00|069|N|            |N|2|00000053|0|        |N OF CSAH8 (DULUTH SAINT VINCE                    
S|27|000342|7|1|23|1U|3|T|3|3|N|3|0| |13| |0|0| |2|L|N|P|           0|      |45121512| 93482002|    |      |23|00|000|N|            |N|1|      94|0|        |S OF CR30 (93RD AVE N) IN MAPL                    
S|27|000301|7|1|23|1U|4|T|4|3|N|4|0| |13| |0|0| |2|L|N|P|           0|      |44951861| 93137539|    |      |23|00|000|N|            |N|1|      94|0|        |W OF N VICTORIA ST IN ST PAUL                     
S|27|000321|7|2|23|1U|4|T|4|3|N|4|0| |13| |0|0| |2|L|N|P|           0|      |44861971| 93303831|    |      |82|00|000|N|            |N|1|     494|0|        |W OF I-35W IN BLOOMINGTON                         
S|27|000149|7|1|23|3R|2|T|2|3|H|2|3|G|13| |0|0| |2|P|N|P|           0|      |46876984| 96111413|    |      |23|00|000|N|            |N|2|      53|0|        |SR 10                                             
S|27|000275|1|1|23|3R|2|T|1|3|H|2|3|G|13| |0|0| |2|P|N|P|           0|      |45607699| 94030218|    |      |23|00|000|N|            |N|5|       9|0|        |SR 23                                             
S|27|000335|5|2|23|1U|2|T|2|3|H|2|3|G|13| |0|0| |2|P|N|P|000000000000|      |45167590| 93144700|    |      |87|00|002|N|            |N|1|00000035|0|        |W OF CR53 (SUNSET AVE NE) IN B                    
S|27|000303|1|4|23|1U|4|T|4|3|N|4|0| |13| |0|0| |2|L|N|P|           0|      |44984291| 93088794|    |      |23|00|000|N|            |N|1|      35|0|        |S OF MSAS109 (E ARLINGTON AVE)                    
S|27|000231|7|1|23|5R|1|T|1|3|H|1|3|G|13| |0|0| |2|P|N|P|000000000000|      |46644718| 94840432|    |      |12|00|080|N|            |N|5|00000012|0|        |1.6 MI E OF CSAH18, E OF NIMRO                    
S|27|000354|3|3|23|1U|3|T|3|3|H|3|3|G|13| |0|0| |2|P|N|P|000000000000|      |44948898| 92884271|    |      |50|00|082|N|            |N|1|00000094|0|        |W OF MSAS127 (COTTAGE GROVE DR                    
S|27|000405|5|2|23|2U|2|T|2|3|N|0|0| |13| |0|0| |2|L|N|P|000000000000|      |44954889| 93400607|    |      |72|00|027|N|            |N|2|00000169|0|        |N OF MSAS296 (CEDAR LAKE RD) I                    
S|27|000407|3|1|23|4U|1|T|1|3|H|1|3|G|13| |0|0| |2|P|N|P|000000000000|      |44954281| 93572437|    |      |72|00|027|N|            |N|5|00000015|0|        |NE OF SPATES AVE IN ORONO                         
S|27|000336|5|3|23|1U|3|T|3|3|N|0|0| |13| |0|0| |2|L|N|P|000000000000|      |44811482| 93183712|    |      |87|00|019|N|            |N|1|00000035|0|        |N OF MSAS102 (DEERWOOD DR) IN                     
S|27|000164|5|2|23|3R|2|T|2|3|H|2|3|G|13| |0|0| |2|P|N|P|000000000000|      |47386478| 92517191|    |      |41|00|069|N|            |N|2|00000053|0|        |S OF N MOON LAKE RD, S OF EVEL                    
S|27|000303|5|3|23|1U|4|T|4|3|N|4|0| |13| |0|0| |2|L|N|P|           0|      |44984291| 93088794|    |      |23|00|000|N|            |N|1|      35|0|        |S OF MSAS109 (E ARLINGTON AVE)                    
S|27|000275|5|2|23|3R|2|T|1|3|H|2|3|G|13| |0|0| |2|P|N|P|           0|      |45607699| 94030218|    |      |23|00|000|N|            |N|5|       9|0|        |SR 23                                             
S|27|000301|3|4|23|1U|4|T|4|3|N|4|0| |13| |0|0| |2|L|N|P|           0|      |44951861| 93137539|    |      |23|00|000|N|            |N|1|      94|0|        |W OF N VICTORIA ST IN ST PAUL                     
S|27|000389|1|1|23|2U|2|T|2|3|N|0|0| |13| |0|0| |2|L|N|P|000000000000|      |44996937| 93205928|    |      |86|00|062|N|            |N|3|00000280|0|        |N OF CSAH30 (LARPENTEUR AVE W)                    
S|27|000303|5|1|23|1U|4|T|4|3|N|4|0| |13| |0|0| |2|L|N|P|           0|      |44984291| 93088794|    |      |23|00|000|N|            |N|1|      35|0|        |S OF MSAS109 (E ARLINGTON AVE)                    
S|27|000351|3|1|23|3R|1|T|1|3|H|1|3|G|13| |0|0| |2|P|N|P|000000000000|      |45030368| 93727608|    |      |41|00|027|N|            |N|2|00000012|0|        |W OF CSAH92 IN INDEPENDENCE                       
S|27|001335|7|1|23|1R|2|T|2|2|H|2|2|D|04| |0|0| |2|W|N|P|000000000000|      |45837584| 95365760|    |      |11|00|021|N|            |N|1|00000094|0|        |1.2 MI E OF MN29, S OF ALEXAND                    
S|27|000326|3|2|23|1U|3|T|3|3|N|0|0| |13| |0|0| |2|L|N|P|000000000000|      |44970179| 93314358|    |      |93|00|027|N|            |N|1|00000394|0|        |E OF TH100 IN MINNEAPOLIS                         
S|27|000384|3|1|23|3U|2|T|2|3|H|2|3|G|13| |0|0| |2|P|N|P|000000000000|      |45036342| 92834541|    |      |87|00|082|N|            |N|3|00000036|0|        |W OF WASHINGTON AVE IN STILLWA                    
S|27|006067|7|1|23|3R|2|N|2|3|N|2|3|D|06|T|2|0| |2|W| |P|  1000000904|      |46412917| 95054755|   0|     0|23|00|159|N|         518|N|1|      90|0|       0|0.3 MI E OF 141ST AVE, W OF VERNDALE              
S|27|000342|3|1|23|1U|3|T|3|3|N|3|0| |13| |0|0| |2|L|N|P|           0|      |45121512| 93482002|    |      |23|00|000|N|            |N|1|      94|0|        |S OF CR30 (93RD AVE N) IN MAPL                    
S|27|000309|1|2|23|4U|3|T|3|3|N|3|0| |13| |0|0| |2|L|N|P|           0|      |44962526| 93270011|    |      |75|00|000|N|         384|N|3|      65|0|        |S OF CSAH5 (E FRANKLIN AVE) IN                    
S|27|000309|5|2|23|4U|3|T|3|3|N|3|0| |13| |0|0| |2|L|N|P|           0|      |44962526| 93270011|    |      |75|00|000|N|         384|N|3|      65|0|        |S OF CSAH5 (E FRANKLIN AVE) IN                    
S|27|000191|1|1|23|1U|2|T|2|3|H|2|3|G|13| |0|0| |2|P|N|P|000000000000|      |45354727| 92998765|    |      |69|00|013|N|            |N|1|00000035|0|        |1.5 MI N OF CSAH22 (E VIKING B                    
S|27|000305|1|1|23|1U|3|T|3|3|N|0|0| |13| |0|0| |2|L|N|P|000000000000|      |44723238| 93281577|    |      |68|00|019|N|            |N|1|00000035|0|        |S OF MSAS101 (CRYSTAL LAKE RD                     
S|27|000303|1|1|23|1U|4|T|4|3|N|4|0| |13| |0|0| |2|L|N|P|           0|      |44984291| 93088794|    |      |23|00|000|N|            |N|1|      35|0|        |S OF MSAS109 (E ARLINGTON AVE)                    
S|27|000223|5|1|23|3R|1|T|1|3|H|1|3|G|13| |0|0| |2|P|N|P|000000000000|      |47038580| 94540445|    |      |71|00|011|N|            |N|3|00000371|0|        |1 MI S OF TH200, SE OF WALKER                     
S|27|000301|3|3|23|1U|4|T|4|3|N|4|0| |13| |0|0| |2|L|N|P|           0|      |44951861| 93137539|    |      |23|00|000|N|            |N|1|      94|0|        |W OF N VICTORIA ST IN ST PAUL                     
S|27|000405|1|2|23|2U|2|T|2|3|N|0|0| |13| |0|0| |2|L|N|P|000000000000|      |44954889| 93400607|    |      |72|00|027|N|            |N|2|00000169|0|        |N OF MSAS296 (CEDAR LAKE RD) I                    
S|27|000315|1|4|23|1U|4|T|4|3|N|4|0| |13| |0|0| |2|L|N|P|           0|      |44803051| 93290368|    |      |75|00|000|N|            |N|1|      35|0|        |N OF MN RIVER BRIDGE IN BLOOMI                    
S|27|000382|5|2|23|3R|2|T|2|3|H|2|3|G|13| |0|0| |2|P|N|P|000000000000|      |44688505| 93021105|    |      |87|00|019|N|            |N|2|00000052|0|        |N OF 180TH ST E, S OF COATES                      
S|27|002616|1|1|23|3R|1|N|1|3|N|1|3|D|06|T|1|0| |2|W| |P|   200000002|      |44935660| 95961710|   0|     0|23|00|073|N|            |N|2|       2|0|       0|W OF CSAH 31 (371ST AVE)                          
S|27|000329|1|1|23|1U|2|T|2|3|N|2|0| |13| |0|0| |2|L|N|P|           0|      |44962528| 93269119|    |      |83|00|000|N|            |N|1|      35|0|        |AT FRANKLIN AVE IN MINNEAPOLIS                    
S|27|006269|3|1|23|1R|2|N|2|3|Y|2|3|D|06| |2|0| |2|W| |P|           0|      |43911442| 91543542|    |      |23|00|169|N|            |N|5|       1|0|        |E OF MN 76                                        
S|27|000353|5|2|23|3R|3|T|3|3|H|3|3|G|13| |0|0| |2|P|N|P|000000000000|      |44656948| 93675797|    |      |41|00|070|N|            |N|2|00000169|0|        |W OF CR59 (DELAWARE AVE), W OF                    
S|27|000315|1|2|23|1U|4|T|4|3|N|4|0| |13| |0|0| |2|L|N|P|           0|      |44803051| 93290368|    |      |75|00|000|N|            |N|1|      35|0|        |N OF MN RIVER BRIDGE IN BLOOMI                    
S|27|000352|7|2|23|2U|2|T|2|3|H|2|3|G|13| |0|0| |2|P|N|P|000000000000|      |45246773| 93503702|    |      |41|00|002|N|            |N|2|00000010|0|        |SE OF MSAS112 (153RD AVE NW) I                    
S|27|000315|1|1|23|1U|4|T|4|3|N|4|0| |13| |0|0| |2|L|N|P|           0|      |44803051| 93290368|    |      |75|00|000|N|            |N|1|      35|0|        |N OF MN RIVER BRIDGE IN BLOOMI                    
S|27|000198|3|1|23|3R|1|T|1|3|H|1|3|G|13| |0|0| |2|P|N|P|000000000000|      |44796266| 95482506|    |      |41|00|065|N|            |N|2|00000212|0|        |E OF TH23, E OF GRANITE FALLS                     
S|27|000309|1|1|23|4U|3|T|3|3|N|3|0| |13| |0|0| |2|L|N|P|           0|      |44962526| 93270011|    |      |75|00|000|N|         384|N|3|      65|0|        |S OF CSAH5 (E FRANKLIN AVE) IN                    
S|27|000458|7|1|23|7U|1|T|1|3|H|1|3|G|13| |0|0| |2|P|N|P|000000000000|      |44819749| 93609680|    |      |88|00|010|N|            |N|7|00000108|0|        |.3 MI W OF TH41 IN CHASKA                         
S|27|000303|5|2|23|1U|4|T|4|3|N|4|0| |13| |0|0| |2|L|N|P|           0|      |44984291| 93088794|    |      |23|00|000|N|            |N|1|      35|0|        |S OF MSAS109 (E ARLINGTON AVE)                    
S|27|000321|3|2|23|1U|3|T|3|3|N|3|0| |13| |0|0| |2|L|N|P|           0|      |44861971| 93303831|    |      |82|00|000|N|            |N|1|     494|0|        |W OF I-35W IN BLOOMINGTON                         
S|27|000321|3|3|23|1U|3|T|3|3|N|3|0| |13| |0|0| |2|L|N|P|           0|      |44861971| 93303831|    |      |82|00|000|N|            |N|1|     494|0|        |W OF I-35W IN BLOOMINGTON                         
S|27|000420|7|3|23|3U|3|T|3|3|N|0|0| |13| |0|0| |2|L|N|P|000000000000|      |44739558| 93269291|    |      |85|00|019|N|            |N|5|00000042|0|        |W OF MSAS101 (PORTLAND AVE) IN                    
S|27|002685|5|1|23|4R|1|N|1|3|N|1|3|D|06|T|1|0| |2|W| |P|   300000036|      |48613713| 94560687|   0|     0|23|00|077|N|    94196269|N|3|      36|0|       0|S of CSAH 1                                       
S|27|000353|5|1|23|3R|3|T|3|3|H|3|3|G|13| |0|0| |2|P|N|P|000000000000|      |44656948| 93675797|    |      |41|00|070|N|            |N|2|00000169|0|        |W OF CR59 (DELAWARE AVE), W OF                    
S|27|000420|7|2|23|3U|3|T|3|3|N|0|0| |13| |0|0| |2|L|N|P|000000000000|      |44739558| 93269291|    |      |85|00|019|N|            |N|5|00000042|0|        |W OF MSAS101 (PORTLAND AVE) IN                    
S|27|000354|3|2|23|1U|3|T|3|3|H|3|3|G|13| |0|0| |2|P|N|P|000000000000|      |44948898| 92884271|    |      |50|00|082|N|            |N|1|00000094|0|        |W OF MSAS127 (COTTAGE GROVE DR                    
S|27|000326|3|1|23|1U|3|T|3|3|N|0|0| |13| |0|0| |2|L|N|P|000000000000|      |44970179| 93314358|    |      |93|00|027|N|            |N|1|00000394|0|        |E OF TH100 IN MINNEAPOLIS                         
S|27|000326|7|3|23|1U|3|T|3|3|N|0|0| |13| |0|0| |2|L|N|P|000000000000|      |44970179| 93314358|    |      |93|00|027|N|            |N|1|00000394|0|        |E OF TH100 IN MINNEAPOLIS                         
S|27|000365|5|1|23|3U|2|T|2|3|H|2|3|G|13| |0|0| |2|L|N|P|000000000000|      |45215915| 93234444|    |      |87|00|002|N|            |N|3|00000065|0|        |S OF CSAH116 (BUNKER LAKE BLVD                    
S|27|000495|1|1|23|2U|2|T|2|2|H|2|2|D|04| |0|0| |2|W|N|P|000000000000|      |44156598| 94028686|    |      |14|00|007|N|            |N|2|00000169|0|        |.2 MI SW OF MN66 (SIBLEY ST) I                    
S|27|000315|5|2|23|1U|4|T|4|3|N|4|0| |13| |0|0| |2|L|N|P|           0|      |44803051| 93290368|    |      |75|00|000|N|            |N|1|      35|0|        |N OF MN RIVER BRIDGE IN BLOOMI                    
S|27|000326|7|1|23|1U|3|T|3|3|N|0|0| |13| |0|0| |2|L|N|P|000000000000|      |44970179| 93314358|    |      |93|00|027|N|            |N|1|00000394|0|        |E OF TH100 IN MINNEAPOLIS                         
S|27|003467|7|2|23|1R|2|T|2|2|H|2|2|D|04| |0|0| |2|W|N|P|000000000000|      |43727442| 92681023|    |      |16|00|050|N|            |N|1|00000090|0|        |.4 MI S OF CSAH2 (260TH ST), N                    
S|27|000365|1|2|23|3U|2|T|2|3|H|2|3|G|13| |0|0| |2|L|N|P|000000000000|      |45215915| 93234444|    |      |87|00|002|N|            |N|3|00000065|0|        |S OF CSAH116 (BUNKER LAKE BLVD                    
S|27|006737|3|1|23|3R|3|T|3|3|N|3|3|D|06| |3|0| |2|W| |P|           0|      |46706140| 95691564|    |      |23|00|111|N|            |N|2|      53|0|        |S OF 495TH ST                                     
S|27|006737|7|1|23|3R|2|T|2|3|H|2|3|D|06| |2|0| |2|W| |P|           0|      |46706140| 95691564|    |      |23|00|111|N|            |N|2|      53|0|        |S OF 495TH ST                                     
S|27|000341|5|2|23|1U|2|T|2|3|H|2|3|G|13| |0|0| |2|P|N|P|000000000000|      |45020602| 92959199|    |      |87|00|082|N|            |N|1|00000694|0|        |S OF CSAH35 (50TH ST N) IN OAK                    
S|27|000315|5|4|23|1U|4|T|4|3|N|4|0| |13| |0|0| |2|L|N|P|           0|      |44803051| 93290368|    |      |75|00|000|N|            |N|1|      35|0|        |N OF MN RIVER BRIDGE IN BLOOMI                    
S|27|000341|1|2|23|1U|2|T|2|3|H|2|3|G|13| |0|0| |2|P|N|P|000000000000|      |45020602| 92959199|    |      |87|00|082|N|            |N|1|00000694|0|        |S OF CSAH35 (50TH ST N) IN OAK                    
S|27|000329|5|3|23|1U|3|T|3|3|N|3|0| |13| |0|0| |2|L|N|P|           0|      |44962528| 93269119|    |      |83|00|000|N|            |N|1|      35|0|        |AT FRANKLIN AVE IN MINNEAPOLIS                    
S|27|000329|5|1|23|1U|3|T|3|3|N|3|0| |13| |0|0| |2|L|N|P|           0|      |44962528| 93269119|    |      |83|00|000|N|            |N|1|      35|0|        |AT FRANKLIN AVE IN MINNEAPOLIS                    
S|27|000460|7|1|23|5U|1|T|1|3|N|1|0| |13| |0|0| |2|L|N|P|           0|      |44731274| 92864641|    |      |23|00|000|N|            |N|7|     128|0|        |W OF MSAS122 (PINE ST) IN HAST                    
S|27|001732|3|2|23|3R|2|N|2|3|N|2|3|D|06|T|2|0| |2|W| |P|  3000000610|      |44600895| 92697818|   0|     0|23|00|049|N|            |N|3|      61|0|       0|E OF MN 316                                       
S|27|000354|7|2|23|1U|3|T|3|3|H|3|3|G|13| |0|0| |2|P|N|P|000000000000|      |44948898| 92884271|    |      |50|00|082|N|            |N|1|00000094|0|        |W OF MSAS127 (COTTAGE GROVE DR                    
S|27|000342|3|3|23|1U|3|T|3|3|N|3|0| |13| |0|0| |2|L|N|P|           0|      |45121512| 93482002|    |      |23|00|000|N|            |N|1|      94|0|        |S OF CR30 (93RD AVE N) IN MAPL                    
S|27|000321|7|4|23|1U|4|T|4|3|N|4|0| |13| |0|0| |2|L|N|P|           0|      |44861971| 93303831|    |      |82|00|000|N|            |N|1|     494|0|        |W OF I-35W IN BLOOMINGTON                         
S|27|000342|7|2|23|1U|3|T|3|3|N|3|0| |13| |0|0| |2|L|N|P|           0|      |45121512| 93482002|    |      |23|00|000|N|            |N|1|      94|0|        |S OF CR30 (93RD AVE N) IN MAPL                    
S|27|000198|7|1|23|3R|1|T|1|3|H|1|3|G|13| |0|0| |2|P|N|P|000000000000|      |44796266| 95482506|    |      |41|00|065|N|            |N|2|00000212|0|        |E OF TH23, E OF GRANITE FALLS                     
S|27|003801|7|1|23|1R|2|T|2|2|H|2|2|D|04| |0|0| |2|W|N|P|000000000000|      |43956080| 92195567|    |      |14|00|055|N|            |N|1|00000090|0|        |.8 MI W OF CSAH32, SE OF EYOTA                    
S|27|000389|5|1|23|2U|2|T|2|3|N|0|0| |13| |0|0| |2|L|N|P|000000000000|      |44996937| 93205928|    |      |86|00|062|N|            |N|3|00000280|0|        |N OF CSAH30 (LARPENTEUR AVE W)                    
S|27|006782|3|1|23|1R|2|T|2|2|H|2|2|D|04| |0|0| |2|W|N|P|000000000000|      |45249691| 93685604|    |      |09|00|086|N|            |N|1|00000094|0|        |1.2 MI W OF CSAH19 (LA BEAUX A                    
S|27|000386|5|1|23|4R|1|T|1|3|H|1|3|G|13| |0|0| |2|P|N|P|000000000000|      |45254028| 92859834|    |      |88|00|082|N|            |N|3|00000097|0|        |E OF CSAH1 (LOFTON AVE N) IN S                    
S|27|000353|1|2|23|3R|4|T|4|3|H|4|3|G|13| |0|0| |2|P|N|P|000000000000|      |44656948| 93675797|    |      |41|00|070|N|            |N|2|00000169|0|        |W OF CR59 (DELAWARE AVE), W OF                    
S|27|000495|1|2|23|2U|2|T|2|2|H|2|2|D|04| |0|0| |2|W|N|P|000000000000|      |44156598| 94028686|    |      |14|00|007|N|            |N|2|00000169|0|        |.2 MI SW OF MN66 (SIBLEY ST) I                    
S|27|000352|3|1|23|2U|2|T|2|3|H|2|3|G|13| |0|0| |2|P|N|P|000000000000|      |45246773| 93503702|    |      |41|00|002|N|            |N|2|00000010|0|        |SE OF MSAS112 (153RD AVE NW) I                    
S|27|004720|1|2|23|1U|2|N|2|3|N|2|3|D|06|T|2|0| |2|W| |P|   460000014|      |44293480| 93308882|   0|     0|23|00|131|N|            |N|5|      14|0|       0|N OF MN 60                                        
S|27|004720|5|2|23|1U|2|N|2|3|N|2|3|D|06|T|2|0| |2|W| |P|   200000061|119644|44293480| 93308882|   0|     0|23|00|131|N|            |N|2|      61|2|      10|N OF MN 60                                        
S|27|000770|3|1|23|3R|1|N|1|3|N|1|0|D|06| |1|0| |2|W| |P|           0|      |47380142| 94586899|    |      |23|00|021|N|            |N|5|      50|0|        |E OF CSAH 206 (N 2ND ST)                          
S|27|000464|3|2|23|4U|2|T|2|3|H|2|3|G|13| |0|0| |2|P|N|P|000000000000|      |45028095| 93045194|    |      |88|00|062|N|            |N|5|00000020|0|        |E OF TH61 IN MAPLEWOOD                            
S|27|001940|3|1|23|4R|1|T|1|2|H|1|2|D|04| |0|0| |2|W|N|P|000000000000|      |43719533| 91436219|    |      |16|00|028|N|            |N|3|00000044|0|        |.1 MI SW OF INDIAN SPRINGS RD,                    
S|27|000390|5|1|23|4U|1|T|1|3|H|1|3|G|13| |0|0| |2|P|N|P|000000000000|      |45170715| 92990270|    |      |87|00|082|N|            |N|2|00000061|0|        |.9 MI N OF CSAH8 IN HUGO                          
S|27|000365|1|1|23|3U|2|T|2|3|H|2|3|G|13| |0|0| |2|L|N|P|000000000000|      |45215915| 93234444|    |      |87|00|002|N|            |N|3|00000065|0|        |S OF CSAH116 (BUNKER LAKE BLVD                    
S|27|000495|5|2|23|2U|2|T|2|2|H|2|2|D|04| |0|0| |2|W|N|P|000000000000|      |44156598| 94028686|    |      |14|00|007|N|            |N|2|00000169|0|        |.2 MI SW OF MN66 (SIBLEY ST) I                    
S|27|000354|3|1|23|1U|3|T|3|3|H|3|3|G|13| |0|0| |2|P|N|P|000000000000|      |44948898| 92884271|    |      |50|00|082|N|            |N|1|00000094|0|        |W OF MSAS127 (COTTAGE GROVE DR                    
S|27|005120|1|1|23|1R|2|N|2|3|N|2|3|D|06|T|2|0| |2|W| |P|   200000010|      |46716698| 92249179|   0|     0|23|00|137|N|            |N|2|      10|0|       0|1.2 MI NE OF CSAH13 IN DULUTH                     
S|27|000495|5|1|23|2U|2|T|2|2|H|2|2|D|04| |0|0| |2|W|N|P|000000000000|      |44156598| 94028686|    |      |14|00|007|N|            |N|2|00000169|0|        |.2 MI SW OF MN66 (SIBLEY ST) I                    
S|27|001028|5|3|23|1U|3|N|3|3|N|3|3|D|06|T|3|0| |2|W| |P|       2E+11|      |46847201| 96777417|   0|     0|23|00|027|N|            |N|3|      60|0|       0|W OF US 75                                        
S|27|004402|1|1|23|4R|1|N|1|3|N|1|3|D|06|T|1|0| |2|W| |P|   200000052|126677|47571461| 96532453|   0|     0|23|00|119|N|62119C0003BH|N|2|      52|0|       0|N OF CSAH1 &112 (6TH ST) IN BELTRAMI              
S|27|000384|7|2|23|3U|2|T|2|3|H|2|3|G|13| |0|0| |2|P|N|P|000000000000|      |45036342| 92834541|    |      |87|00|082|N|            |N|3|00000036|0|        |W OF WASHINGTON AVE IN STILLWA                    
S|27|000400|5|1|23|4R|1|T|1|3|H|1|3|G|13| |0|0| |2|P|N|P|000000000000|      |45030345| 93727665|    |      |72|00|027|N|            |N|5|00000092|0|        |S OF TH12 IN INDEPENDENCE                         
S|27|000381|7|1|23|3R|1|T|1|3|H|1|3|G|13| |0|0| |2|P|N|P|000000000000|      |44768077| 93883948|    |      |88|00|010|N|            |N|2|00000212|0|        |1.7 MI W OF CSAH51, W OF COLOG                    
S|27|000208|1|1|23|1U|2|T|2|3|H|2|3|G|13| |0|0| |2|P|N|P|000000000000|      |44146018| 93255683|    |      |58|00|074|N|            |N|1|00000035|0|        |.6 MI N OF CSAH9, N OF OWATONN                    
S|27|000342|3|2|23|1U|3|T|3|3|N|3|0| |13| |0|0| |2|L|N|P|           0|      |45121512| 93482002|    |      |23|00|000|N|            |N|1|      94|0|        |S OF CR30 (93RD AVE N) IN MAPL                    
S|27|000949|3|3|23|1R|3|T|3|2|H|3|2|D|04| |0|0| |2|W|N|P|000000000000|      |46846819| 96664696|    |      |09|00|014|N|            |N|1|00000094|0|        |W OF MN336, E OF MOORHEAD                         
S|27|001732|7|2|23|3R|2|N|2|3|N|2|3|D|06|T|2|0| |2|W| |P|   200000002|      |44600895| 92697818|   0|     0|23|00|049|N|            |N|2|       2|0|       0|E OF MN 316                                       
S|27|000425|7|1|23|4U|2|T|2|3|H|2|3|G|13| |0|0| |2|P|N|P|000000000000|      |44790159| 93191141|    |      |88|00|019|N|            |N|5|00000032|0|        |W OF MSAS109 (JOHNNY CAKE RIDG                    
S|27|000949|3|2|23|1R|3|T|3|2|H|3|2|D|04| |0|0| |2|W|N|P|000000000000|      |46846819| 96664696|    |      |09|00|014|N|            |N|1|00000094|0|        |W OF MN336, E OF MOORHEAD                         
S|27|000351|7|1|23|3R|1|T|1|3|H|1|3|G|13| |0|0| |2|P|N|P|000000000000|      |45030368| 93727608|    |      |41|00|027|N|            |N|2|00000012|0|        |W OF CSAH92 IN INDEPENDENCE                       
S|27|000420|3|1|23|3U|3|T|3|3|N|0|0| |13| |0|0| |2|L|N|P|000000000000|      |44739558| 93269291|    |      |85|00|019|N|            |N|5|00000042|0|        |W OF MSAS101 (PORTLAND AVE) IN                    
S|27|003790|1|2|23|3U|2|T|2|2|H|2|2|D|04| |0|0| |2|W|N|P|000000000000|      |43901366| 92482449|    |      |14|00|055|N|            |N|2|00000063|0|        |.2 MI N OF 85TH ST SE IN ROCHE                    
S|27|000949|7|2|23|1R|2|T|2|2|H|2|2|D|04| |0|0| |2|W|N|P|000000000000|      |46846819| 96664696|    |      |09|00|014|N|            |N|1|00000094|0|        |W OF MN336, E OF MOORHEAD                         
S|27|000354|7|3|23|1U|3|T|3|3|H|3|3|G|13| |0|0| |2|P|N|P|000000000000|      |44948898| 92884271|    |      |50|00|082|N|            |N|1|00000094|0|        |W OF MSAS127 (COTTAGE GROVE DR                    
S|27|000949|7|1|23|1R|2|T|2|2|H|2|2|D|04| |0|0| |2|W|N|P|000000000000|      |46846819| 96664696|    |      |09|00|014|N|            |N|1|00000094|0|        |W OF MN336, E OF MOORHEAD                         
S|27|002250|7|1|23|1R|1|N|1|3|N|1|3|D|06|T|1|0| |2|W| |P|   200000212|      |43638157| 95118732|   0|     0|23|00|063|N|            |N|2|     212|0|       0|E OF MN 86                                        
S|27|000335|1|1|23|1U|2|T|2|3|H|2|3|G|13| |0|0| |2|P|N|P|000000000000|      |45167590| 93144700|    |      |87|00|002|N|            |N|1|00000035|0|        |W OF CR53 (SUNSET AVE NE) IN B                    
S|27|000410|1|1|23|4R|1|T|1|3|H|1|3|G|13| |0|0| |2|P|N|P|000000000000|      |44671258| 93439941|    |      |73|00|070|N|            |N|5|00000023|0|        |S OF CSAH68 (190TH ST E), S OF                    
S|27|000211|1|2|23|3R|2|T|2|3|H|2|3|G|13| |0|0| |2|P|N|P|000000000000|      |47672412| 92648248|    |      |61|00|069|N|            |N|2|00000053|0|        |1 MI NW OF CSAH65 (BISS RD), N                    
S|27|003801|7|2|23|1R|2|T|2|2|H|2|2|D|04| |0|0| |2|W|N|P|000000000000|      |43956080| 92195567|    |      |14|00|055|N|            |N|1|00000090|0|        |.8 MI W OF CSAH32, SE OF EYOTA                    
S|27|005262|5|2|23|3R|2|N|2|3|N|2|3|D|06|T|2|0| |2|W| |P|   418000001|      |47445183| 92887283|   0|     0|23|00|137|N|            |N|6|       1|0|       0|&73 NE OF SPUDVILLE RD IN HIBBING                 
S|27|009102|1|2|23|1R|2|T|2|3|H|2|3|D|06| |2|0| |2|W| |P|           0|      |44478495| 93291834|    |      |23|00|139|N|            |N|1|      94|0|        |S OF CSAH2 (260th ST)                             
S|27|002348|7|1|23|3R|1|N|1|3|N|1|3|D|06|T|1|0| |2|W| |P|   300000023|122100|45138817| 94812510|   0|     0|23|00|067|N|02269B0053BI|N|3|      23|0|       0|E OF CSAH4                                        
S|27|004820|3|1|23|1R|2|T|2|2|H|2|2|D|04| |0|0| |2|W|N|P|000000000000|      |43608459| 96380157|    |      |12|00|067|N|            |N|1|00000090|0|        |W OF CSAH 4, W OF BEAVER CREEK                    
S|27|000212|3|1|23|3U|2|T|2|3|H|2|3|G|13| |0|0| |2|P|N|P|000000000000|      |44032632| 92558227|    |      |60|00|055|N|            |N|2|00000014|0|        |W OF CR104 (60TH AVE NW), W OF                    
S|27|000420|3|2|23|3U|3|T|3|3|N|0|0| |13| |0|0| |2|L|N|P|000000000000|      |44739558| 93269291|    |      |85|00|019|N|            |N|5|00000042|0|        |W OF MSAS101 (PORTLAND AVE) IN                    
S|27|000420|7|1|23|3U|3|T|3|3|N|0|0| |13| |0|0| |2|L|N|P|000000000000|      |44739558| 93269291|    |      |85|00|019|N|            |N|5|00000042|0|        |W OF MSAS101 (PORTLAND AVE) IN                    
S|27|001732|7|1|23|3R|2|N|2|3|N|2|3|D|06|T|2|0| |2|W| |P|   200000002|      |44600895| 92697818|   0|     0|23|00|049|N|            |N|2|       2|0|       0|E OF MN 316                                       
S|27|009303|5|1|23|4R|1|N|1|3|N|1|0|D|06| |1|0| |2|W| |P|           0|      |48176520| 96207192|    |      |23|00|089|N|            |N|2|      52|0|        |.2 MI SE OF CSAH2                                 
S|27|010206|7|2|23|1U|4|T|4|3|H|4|3|D|06| |4|0| |2|W| |I|           0|      |44883201| 93015409|    |      |23|00|163|N|            |N|2|      75|0|        |ON MISS RIVER BR IN NEWPORT                       
S|27|001710|1|1|23|3R|2|N|2|3|N|2|3|D|06|T|2|0| |2|W| |P|  2000000530|      |44409558| 92858009|   0|     0|23|00|049|N|02269B0053BI|N|2|      53|0|       0|SE OF SE JCT CSAH1                                
S|27|000218|5|1|23|4R|1|T|1|3|H|1|3|G|13| |0|0| |2|P|N|P|000000000000|      |45150772| 95593935|    |      |69|00|012|N|            |N|3|00000029|0|        |S OF 120TH ST SE, NE OF MONTEV                    
S|27|005506|7|1|23|1U|2|N|2|3|N|2|3|D|06|T|2|0| |2|W| |P|  3000000360|202976|45487110| 94147440|   0|     0|23|00|145|N|    94196269|N|1|      36|0|       0|SE OF CSAH75 (ROOSEVELT) IN ST AUGUSTA            
S|27|000353|1|1|23|3R|4|T|4|3|H|4|3|G|13| |0|0| |2|P|N|P|000000000000|      |44656948| 93675797|    |      |41|00|070|N|            |N|2|00000169|0|        |W OF CR59 (DELAWARE AVE), W OF                    
S|27|000816|1|1|23|3R|1|N|1|3|N|1|3|D|06|T|1|0| |2|W| |P|   100000035|      |44949025| 95409292|   0|     0|23|00|023|N|    35026643|N|1|      35|0|       0|W OF T 113 (100TH AVE SE)                         
S|27|001940|7|1|23|4R|1|T|1|2|H|1|2|D|04| |0|0| |2|W|N|P|000000000000|      |43719533| 91436219|    |      |16|00|028|N|            |N|3|00000044|0|        |.1 MI SW OF INDIAN SPRINGS RD,                    
S|27|001949|1|1|23|4R|1|N|1|3|N|1|3|D|06|T|1|0| |2|W| |P|   200000002|      |46911782| 94722761|   0|     0|23|00|057|N|            |N|2|       2|0|       0|N OF MN 87                                        
S|27|005506|3|2|23|1U|2|N|2|3|N|2|3|D|06|T|2|0| |2|W| |P|  3000000360|202976|45487110| 94147440|   0|     0|23|00|145|N|    94196269|N|1|      36|0|       0|SE OF CSAH75 (ROOSEVELT) IN ST AUGUSTA            
S|27|000365|5|2|23|3U|2|T|2|3|H|2|3|G|13| |0|0| |2|L|N|P|000000000000|      |45215915| 93234444|    |      |87|00|002|N|            |N|3|00000065|0|        |S OF CSAH116 (BUNKER LAKE BLVD                    
S|27|000336|5|1|23|1U|3|T|3|3|N|0|0| |13| |0|0| |2|L|N|P|000000000000|      |44811482| 93183712|    |      |87|00|019|N|            |N|1|00000035|0|        |N OF MSAS102 (DEERWOOD DR) IN                     
S|27|003371|1|1|23|4R|1|T|1|2|H|1|2|D|04| |0|0| |2|W|N|P|000000000000|      |46157435| 94104232|    |      |16|00|018|N|            |N|3|00000025|0|        |.1 MI N OF 273RD ST, NW OF HAR                    
S|27|004172|1|1|23|1R|2|N|2|3|N|2|3|D|06|T|2|0| |2|W| |P|   300000043|      |45985160| 92948417|   0|     0|23|00|115|N|            |N|3|      43|0|       0|N OF MN 23                                        
S|27|000381|3|1|23|3R|1|T|1|3|H|1|3|G|13| |0|0| |2|P|N|P|000000000000|      |44768077| 93883948|    |      |88|00|010|N|            |N|2|00000212|0|        |1.7 MI W OF CSAH51, W OF COLOG                    
S|27|000464|7|2|23|4U|2|T|2|3|H|2|3|G|13| |0|0| |2|P|N|P|000000000000|      |45028095| 93045194|    |      |88|00|062|N|            |N|5|00000020|0|        |E OF TH61 IN MAPLEWOOD                            
S|27|002250|3|1|23|1R|1|N|1|3|N|1|3|D|06|T|1|0| |2|W| |P|   200000052|      |43638157| 95118732|   0|     0|23|00|063|N|            |N|2|      52|0|       0|E OF MN 86                                        
S|27|000382|5|1|23|3R|2|T|2|3|H|2|3|G|13| |0|0| |2|P|N|P|000000000000|      |44688505| 93021105|    |      |87|00|019|N|            |N|2|00000052|0|        |N OF 180TH ST E, S OF COATES                      
S|27|000382|1|2|23|3R|2|T|2|3|H|2|3|G|13| |0|0| |2|P|N|P|000000000000|      |44688505| 93021105|    |      |87|00|019|N|            |N|2|00000052|0|        |N OF 180TH ST E, S OF COATES                      
S|27|000227|3|1|23|3R|2|T|2|3|H|2|3|G|13| |0|0| |2|P|N|P|000000000000|      |43680020| 93438609|    |      |73|00|024|N|            |N|1|00000090|0|        |SW OF TH13, W OF ALBERT LEA                       
S|27|006067|3|2|23|3R|2|N|2|3|N|2|3|D|06|T|2|0| |2|W| |P|  1000000904|      |46412917| 95054755|   0|     0|23|00|159|N|         518|N|1|      90|0|       0|0.3 MI E OF 141ST AVE, W OF VERNDALE              
S|27|006725|7|1|23|3R|2|T|2|3|H|2|3|D|06| |2|0| |2|W| |P|           0|      |47527806| 95633805|    |      |23|00|029|N|            |N|1|      35|0|        |W OF CSAH20, W OF BAGLEY                          
S|27|000382|1|1|23|3R|2|T|2|3|H|2|3|G|13| |0|0| |2|P|N|P|000000000000|      |44688505| 93021105|    |      |87|00|019|N|            |N|2|00000052|0|        |N OF 180TH ST E, S OF COATES                      
S|27|006737|7|2|23|3R|2|T|2|3|H|2|3|D|06| |2|0| |2|W| |P|           0|      |46706140| 95691564|    |      |23|00|111|N|            |N|2|      53|0|        |S OF 495TH ST                                     
S|27|000425|3|2|23|4U|2|T|2|3|H|2|3|G|13| |0|0| |2|P|N|P|000000000000|      |44790159| 93191141|    |      |88|00|019|N|            |N|5|00000032|0|        |W OF MSAS109 (JOHNNY CAKE RIDG                    
S|27|002685|1|1|23|4R|1|N|1|3|N|1|3|D|06|T|1|0| |2|W| |P|   300000036|      |48613713| 94560687|   0|     0|23|00|077|N|    94196269|N|3|      36|0|       0|S of CSAH 1                                       
S|27|000388|5|1|23|3U|1|T|1|3|H|1|3|G|13| |0|0| |2|P|N|P|000000000000|      |45302301| 92968359|    |      |88|00|013|N|            |N|2|00000008|0|        |E OF MSAS121 (GREENWAY RD), N                     
S|27|000384|7|1|23|3U|2|T|2|3|H|2|3|G|13| |0|0| |2|P|N|P|000000000000|      |45036342| 92834541|    |      |87|00|082|N|            |N|3|00000036|0|        |W OF WASHINGTON AVE IN STILLWA                    
S|27|006737|3|3|23|3R|3|T|3|3|H|3|3|D|06| |3|0| |2|W| |P|           0|      |46706140| 95691564|    |      |23|00|111|N|            |N|2|      53|0|        |S OF 495TH ST                                     
S|27|001117|5|1|23|3R|1|T|1|3|H|1|3|D|06| |1|0| |2|W| |P|           0|      |44083685| 95120251|    |      |23|00|033|N|            |N|7|     114|0|        |N OF CSAH 10 (260TH ST)                           
S|27|003467|3|1|23|1R|2|T|2|2|H|2|2|D|04| |0|0| |2|W|N|P|000000000000|      |43727442| 92681023|    |      |16|00|050|N|            |N|1|00000090|0|        |.4 MI S OF CSAH2 (260TH ST), N                    
S|27|000458|3|1|23|7U|1|T|1|3|H|1|3|G|13| |0|0| |2|P|N|P|000000000000|      |44819749| 93609680|    |      |88|00|010|N|            |N|7|00000108|0|        |.3 MI W OF TH41 IN CHASKA                         
S|27|003371|5|1|23|4R|1|T|1|2|H|1|2|D|04| |0|0| |2|W|N|P|000000000000|      |46157435| 94104232|    |      |16|00|018|N|            |N|3|00000025|0|        |.1 MI N OF 273RD ST, NW OF HAR                    
S|27|000305|1|2|23|1U|3|T|3|3|N|0|0| |13| |0|0| |2|L|N|P|000000000000|      |44723238| 93281577|    |      |68|00|019|N|            |N|1|00000035|0|        |S OF MSAS101 (CRYSTAL LAKE RD                     
S|27|000425|7|2|23|4U|2|T|2|3|H|2|3|G|13| |0|0| |2|P|N|P|000000000000|      |44790159| 93191141|    |      |88|00|019|N|            |N|5|00000032|0|        |W OF MSAS109 (JOHNNY CAKE RIDG                    
S|27|002811|3|1|23|3R|1|N|1|3|N|1|3|D|06|T|1|0| |2|W| |P|   300000036|      |44270137| 96320091|   0|     0|23|00|081|N|    94196269|N|3|      36|0|       0|W OF CSAH21 IN LAKE BENTON                        
S|27|000405|1|1|23|2U|2|T|2|3|N|0|0| |13| |0|0| |2|L|N|P|000000000000|      |44954889| 93400607|    |      |72|00|027|N|            |N|2|00000169|0|        |N OF MSAS296 (CEDAR LAKE RD) I                    
S|27|009110|5|1|23|3R|2|T|2|3|H|2|3|D|06| |2|0| |2|W| |P|           0|      |44572113| 93842295|    |      |23|00|139|N|            |N|2|      59|0|        |US 169 at Mile Post 88                            
S|27|003581|1|2|23|3U|2|N|2|3|N|2|3|D|06|T|2|0| |2|W| |P|  1000000942|200086|44365494| 93963236|   0|     0|23|00|103|N|    94196269|N|1|      94|0|       0|N OF ST PETER NCL                                 
S|27|000949|3|1|23|1R|3|T|3|2|H|3|2|D|04| |0|0| |2|W|N|P|000000000000|      |46846819| 96664696|    |      |09|00|014|N|            |N|1|00000094|0|        |W OF MN336, E OF MOORHEAD                         
S|27|003801|3|1|23|1R|2|T|2|2|H|2|2|D|04| |0|0| |2|W|N|P|000000000000|      |43956080| 92195567|    |      |14|00|055|N|            |N|1|00000090|0|        |.8 MI W OF CSAH32, SE OF EYOTA                    
S|27|004172|5|2|23|1R|2|N|2|3|N|2|3|D|06|T|2|0| |2|W| |P|   200000052|126677|45985160| 92948417|   0|     0|23|00|115|N|62119C0003BH|N|2|      52|0|       0|N OF MN 23                                        
S|27|000305|1|3|23|1U|3|T|3|3|N|0|0| |13| |0|0| |2|L|N|P|000000000000|      |44723238| 93281577|    |      |68|00|019|N|            |N|1|00000035|0|        |S OF MSAS101 (CRYSTAL LAKE RD                     
S|27|001117|1|1|23|3R|1|T|1|3|H|1|3|D|06| |1|0| |2|W| |P|           0|      |44083685| 95120251|    |      |23|00|033|N|            |N|7|     114|0|        |N OF CSAH 10 (260TH ST)                           
S|27|004820|7|2|23|1R|2|T|2|2|H|2|2|D|04| |0|0| |2|W|N|P|000000000000|      |43608459| 96380157|    |      |12|00|067|N|            |N|1|00000090|0|        |W OF CSAH 4, W OF BEAVER CREEK                    
S|27|000410|5|1|23|4R|1|T|1|3|H|1|3|G|13| |0|0| |2|P|N|P|000000000000|      |44671258| 93439941|    |      |73|00|070|N|            |N|5|00000023|0|        |S OF CSAH68 (190TH ST E), S OF                    
S|27|001028|5|2|23|1U|3|N|3|3|N|3|3|D|06|T|3|0| |2|W| |P|       2E+11|      |46847201| 96777417|   0|     0|23|00|027|N|            |N|3|      60|0|       0|W OF US 75                                        
S|27|009110|5|2|23|3R|2|T|2|3|H|2|3|D|06| |2|0| |2|W| |P|           0|      |44572113| 93842295|    |      |23|00|139|N|            |N|2|      10|0|        |US 169 at Mile Post 89                            
S|27|000816|5|1|23|3R|1|N|1|3|N|1|3|D|06|T|1|0| |2|W| |P|   100000035|      |44949025| 95409292|   0|     0|23|00|023|N|    35026643|N|1|      35|0|       0|W OF T 113 (100TH AVE SE)                         
S|27|004402|5|1|23|4R|1|N|1|3|N|1|3|D|06|T|1|0| |2|W| |P|   200000052|126677|47571461| 96532453|   0|     0|23|00|119|N|62119C0003BH|N|2|      52|0|       0|N OF CSAH1 &112 (6TH ST) IN BELTRAMI              
S|27|006737|3|2|23|3R|3|T|3|3|N|3|3|D|06| |3|0| |2|W| |P|           0|      |46706140| 95691564|    |      |23|00|111|N|            |N|2|      53|0|        |S OF 495TH ST                                     
S|27|001335|7|2|23|1R|2|T|2|2|H|2|2|D|04| |0|0| |2|W|N|P|000000000000|      |45837584| 95365760|    |      |11|00|021|N|            |N|1|00000094|0|        |1.2 MI E OF MN29, S OF ALEXAND                    
S|27|001710|5|1|23|3R|2|N|2|3|N|2|3|D|06|T|2|0| |2|W| |P|  3000000610|      |44409558| 92858009|   0|     0|23|00|049|N|            |N|3|      61|0|       0|SE OF SE JCT CSAH1                                
S|27|001604|1|2|23|1R|2|T|2|2|H|2|2|D|04| |0|0| |2|W|N|P|000000000000|      |43508215| 93355510|    |      |12|00|024|N|            |N|1|00000035|0|        |.6 MI N OF CSAH1 (STATE LINE R                    
S|27|010206|3|3|23|1U|4|T|4|3|H|4|3|D|06| |4|0| |2|W| |I|           0|      |44883201| 93015409|    |      |23|00|163|N|            |N|1|      35|0|        |ON MISS RIVER BR IN NEWPORT                       
S|27|001028|1|1|23|1U|3|N|3|3|N|3|3|D|06|T|3|0| |2|W| |P|   100000035|      |46847201| 96777417|   0|     0|23|00|027|N|    35026643|N|1|      35|0|       0|W OF US 75                                        
S|27|006744|5|1|23|3R|1|N|1|3|N|1|3|D|06| |1|0| |2|W| |P|           0|      |44544729| 94995568|    |      |23|00|127|N|            |N|2|       2|0|        |&19 NE OF CSAH2 (SW OF MORTON)                    
S|27|000405|5|1|23|2U|2|T|2|3|N|0|0| |13| |0|0| |2|L|N|P|000000000000|      |44954889| 93400607|    |      |72|00|027|N|            |N|2|00000169|0|        |N OF MSAS296 (CEDAR LAKE RD) I                    
S|27|005506|3|1|23|1U|2|N|2|3|N|2|3|D|06|T|2|0| |2|W| |P|   420000001|      |45487110| 94147440|   0|     0|23|00|145|N|            |N|4|       1|0|       0|SE OF CSAH75 (ROOSEVELT) IN ST AUGUSTA            
S|27|002348|3|1|23|3R|1|N|1|3|N|1|3|D|06|T|1|0| |2|W| |P|   300000023|122100|45138817| 94812510|   0|     0|23|00|067|N|02269B0053BI|N|3|      23|0|       0|E OF CSAH4                                        
S|27|003467|3|2|23|1R|2|T|2|2|H|2|2|D|04| |0|0| |2|W|N|P|000000000000|      |43727442| 92681023|    |      |16|00|050|N|            |N|1|00000090|0|        |.4 MI S OF CSAH2 (260TH ST), N                    
S|27|009102|5|2|23|1R|2|T|2|3|H|2|3|D|06| |2|0| |2|W| |P|           0|      |44478495| 93291834|    |      |23|00|139|N|            |N|1|      94|0|        |S OF CSAH2 (260th ST)                             
S|27|001190|5|1|23|3R|1|N|1|3|N|1|3|D|06|T|1|0| |2|W| |P|  2000000530|      |46920263| 95269388|   0|     0|23|00|005|N|02269B0053BI|N|2|      53|0|       0|W OF CR 26                                        
S|27|001028|1|3|23|1U|3|N|3|3|N|3|3|D|06|T|3|0| |2|W| |P|       2E+11|      |46847201| 96777417|   0|     0|23|00|027|N|            |N|3|      60|0|       0|W OF US 75                                        
S|27|000420|3|3|23|3U|3|T|3|3|N|0|0| |13| |0|0| |2|L|N|P|000000000000|      |44739558| 93269291|    |      |85|00|019|N|            |N|5|00000042|0|        |W OF MSAS101 (PORTLAND AVE) IN                    
S|27|000326|7|2|23|1U|3|T|3|3|N|0|0| |13| |0|0| |2|L|N|P|000000000000|      |44970179| 93314358|    |      |93|00|027|N|            |N|1|00000394|0|        |E OF TH100 IN MINNEAPOLIS                         
S|27|002616|5|1|23|3R|1|N|1|3|N|1|3|D|06|T|1|0| |2|W| |P|   200000002|      |44935660| 95961710|   0|     0|23|00|073|N|            |N|2|       2|0|       0|W OF CSAH 31 (371ST AVE)                          
S|27|005292|1|1|23|3U|2|N|2|3|N|2|3|D|06|T|2|0| |2|W| |P|   418000001|      |47519861| 92561608|   0|     0|23|00|137|N|            |N|6|       1|0|       0|S OF CSAH102 (9th ST) IN VIRGINIA                 
S|27|010069|5|1|23|2U|3|T|3|3|H|3|3|D|06| |3|0| |2|W| |I|           0|      |44810597| 93219009|    |      |23|00|037|N|            |N|1|      94|0|        |S OF MN 13                                        
S|27|001710|5|2|23|3R|2|N|2|3|N|2|3|D|06|T|2|0| |2|W| |P|  3000000610|      |44409558| 92858009|   0|     0|23|00|049|N|            |N|3|      61|0|       0|SE OF SE JCT CSAH1                                
S|27|001732|3|1|23|3R|2|N|2|3|N|2|3|D|06|T|2|0| |2|W| |P|  3000000610|      |44600895| 92697818|   0|     0|23|00|049|N|            |N|3|      61|0|       0|E OF MN 316                                       
S|27|001028|5|1|23|1U|3|N|3|3|N|3|3|D|06|T|3|0| |2|W| |P|       2E+11|      |46847201| 96777417|   0|     0|23|00|027|N|            |N|3|      60|0|       0|W OF US 75                                        
S|27|000464|7|1|23|4U|2|T|2|3|H|2|3|G|13| |0|0| |2|P|N|P|000000000000|      |45028095| 93045194|    |      |88|00|062|N|            |N|5|00000020|0|        |E OF TH61 IN MAPLEWOOD                            
S|27|009824|1|1|23|1U|2|T|2|3|H|2|3|D|06| |2|0| |2|W| |P|           0|      |46771265| 92115869|    |      |23|00|137|N|            |N|1|      35|0|        |N OF GARFIELD AVE IN DULUTH                       
S|27|010206|3|2|23|1U|4|T|4|3|H|4|3|D|06| |4|0| |2|W| |I|           0|      |44883201| 93015409|    |      |23|00|163|N|            |N|1|      35|0|        |ON MISS RIVER BR IN NEWPORT                       
S|27|005794|3|1|23|4R|1|N|1|3|N|1|3|D|06|T|1|0| |2|W| |P|  4170000050|      |45282896| 95912476|   0|     0|23|00|151|N|            |N|5|       5|0|       0|W OF US 59                                        
S|27|005943|5|1|23|4R|1|N|1|3|N|1|3|D|06|T|1|0| |2|W| |P|  1000000904|      |45803381| 96233698|   0|     0|23|00|155|N|         518|N|1|      90|0|       0|E OF CSAH15 &CR79                                 
S|27|001949|5|1|23|4R|1|N|1|3|N|1|3|D|06|T|1|0| |2|W| |P|   200000002|      |46911782| 94722761|   0|     0|23|00|057|N|            |N|2|       2|0|       0|N OF MN 87                                        
S|27|003581|5|1|23|3U|2|N|2|3|N|2|3|D|06|T|2|0| |2|W| |P|   100000094|200086|44365494| 93963236|   0|     0|23|00|103|N|    94196269|N|1|      94|0|       0|N OF ST PETER NCL                                 
S|27|003581|5|2|23|3U|2|N|2|3|N|2|3|D|06|T|2|0| |2|W| |P|   100000094|200086|44365494| 93963236|   0|     0|23|00|103|N|    94196269|N|1|      94|0|       0|N OF ST PETER NCL                                 
S|27|004720|1|1|23|1U|2|N|2|3|N|2|3|D|06|T|2|0| |2|W| |P|   460000014|      |44293480| 93308882|   0|     0|23|00|131|N|            |N|5|      14|0|       0|N OF MN 60                                        
S|27|010730|1|2|23|2U|3|T|3|3|H|3|3|D|06| |3|0| |2|W| |I|           0|      |44957451| 93346543|    |      |23|00|053|N|            |N|3|      34|0|        |N OF CSAH5 (MINNETONKA BLVD)                      
S|27|001977|7|1|23|3R|1|N|1|3|N|1|3|D|06|T|1|0| |2|W| |P|   200000052|      |47188018| 95131772|   0|     0|23|00|057|N|            |N|2|      52|0|       0|&200 E OF CSAH3                                   
S|27|006725|7|2|23|3R|2|T|2|3|H|2|3|D|06| |2|0| |2|W| |P|           0|      |47527806| 95633805|    |      |23|00|029|N|            |N|1|      35|0|        |W OF CSAH20, W OF BAGLEY                          
S|27|006755|7|2|23|3U|2|T|2|3|H|2|3|D|06| |2|0| |2|W| |P|           0|      |44027277| 92578141|    |      |23|00|111|N|            |N|2|      53|0|        |US 14                                             
S|27|005120|5|1|23|1R|2|N|2|3|N|2|3|D|06|T|2|0| |2|W| |P|   200000010|      |46716698| 92249179|   0|     0|23|00|137|N|            |N|2|      10|0|       0|1.2 MI NE OF CSAH13 IN DULUTH                     
S|27|010338|5|1|23|2U|2|T|2|3|H|2|3|D|06| |2|0| |2|W| |I|           0|      |44979851| 93400438|    |      |23|00|053|N|            |N|2|      14|0|        |S OF MN 55                                        
S|27|010206|7|1|23|1U|4|T|4|3|H|4|3|D|06| |4|0| |2|W| |I|           0|      |44883201| 93015409|    |      |23|00|163|N|            |N|1|      35|0|        |ON MISS RIVER BR IN NEWPORT                       
S|27|003801|3|2|23|1R|2|T|2|2|H|2|2|D|04| |0|0| |2|W|N|P|000000000000|      |43956080| 92195567|    |      |14|00|055|N|            |N|1|00000090|0|        |.8 MI W OF CSAH32, SE OF EYOTA                    
S|27|001190|1|1|23|3R|1|N|1|3|N|1|3|D|06|T|1|0| |2|W| |P|  2000000530|      |46920263| 95269388|   0|     0|23|00|005|N|02269B0053BI|N|2|      53|0|       0|W OF CR 26                                        
S|27|010730|5|1|23|2U|3|T|3|3|H|3|3|D|06| |3|0| |2|W| |I|           0|      |44957451| 93346543|    |      |23|00|053|N|            |N|3|      34|0|        |N OF CSAH5 (MINNETONKA BLVD)                      
S|27|000336|1|1|23|1U|3|T|3|3|N|0|0| |13| |0|0| |2|L|N|P|000000000000|      |44811482| 93183712|    |      |87|00|019|N|            |N|1|00000035|0|        |N OF MSAS102 (DEERWOOD DR) IN                     
S|27|004126|7|1|23|5R|1|N|1|3|N|1|3|D|06|T|1|0| |2|W| |P|   100000535|      |48122135| 95625104|   0|     0|23|00|113|N|31169A0535AB|N|1|     535|0|       0|E OF MN 219                                       
S|27|010840|7|2|23|2U|2|T|2|3|H|2|3|D|06| |2|0| |2|W| |I|           0|      |45012094| 93011103|    |      |23|00|123|N|            |N|5|      11|0|        |W OF CSAH68 (MCKNIGHT RD N)                       
S|27|005984|1|1|23|3R|2|T|2|2|H|2|2|D|04| |0|0| |2|W|N|P|000000000000|      |44288899| 91989601|    |      |14|00|079|N|            |N|2|00000061|0|        |.9 MI SE OF CSAH18, S OF KELLO                    
S|27|004741|5|1|23|1R|2|N|2|3|N|2|3|D|06|T|2|0| |2|W| |P|   200000061|119644|44468008| 93292064|   0|     0|23|00|131|N|            |N|2|      61|2|      10|S OF MN 19                                        
S|27|010730|5|2|23|2U|3|T|3|3|H|3|3|D|06| |3|0| |2|W| |I|           0|      |44957451| 93346543|    |      |23|00|053|N|            |N|3|      65|0|        |N OF CSAH5 (MINNETONKA BLVD)                      
S|27|010390|1|2|23|1U|3|T|3|3|H|3|3|D|06| |3|0| |2|W| |I|           0|      |45063230| 93449019|    |      |23|00|053|N|            |N|2|      14|0|        |S OF CSAH10 (BASS LAKE RD) IN PLYMOUTH            
S|27|004126|3|1|23|5R|1|N|1|3|N|1|3|D|06|T|1|0| |2|W| |P|   100000535|      |48122135| 95625104|   0|     0|23|00|113|N|31169A0535AB|N|1|     535|0|       0|E OF MN 219                                       
S|27|001604|1|1|23|1R|2|T|2|2|H|2|2|D|04| |0|0| |2|W|N|P|000000000000|      |43508215| 93355510|    |      |12|00|024|N|            |N|1|00000035|0|        |.6 MI N OF CSAH1 (STATE LINE R                    
S|27|004172|1|2|23|1R|2|N|2|3|N|2|3|D|06|T|2|0| |2|W| |P|   300000043|      |45985160| 92948417|   0|     0|23|00|115|N|            |N|3|      43|0|       0|N OF MN 23                                        
S|27|005943|1|1|23|4R|1|N|1|3|N|1|3|D|06|T|1|0| |2|W| |P|  1000000904|      |45803381| 96233698|   0|     0|23|00|155|N|         518|N|1|      90|0|       0|E OF CSAH15 &CR79                                 
S|27|000341|1|1|23|1U|2|T|2|3|H|2|3|G|13| |0|0| |2|P|N|P|000000000000|      |45020602| 92959199|    |      |87|00|082|N|            |N|1|00000694|0|        |S OF CSAH35 (50TH ST N) IN OAK                    
S|27|006067|7|2|23|3R|2|N|2|3|N|2|3|D|06|T|2|0| |2|W| |P|  1000000904|      |46412917| 95054755|   0|     0|23|00|159|N|         518|N|1|      90|0|       0|0.3 MI E OF 141ST AVE, W OF VERNDALE              
S|27|003790|1|1|23|3U|2|T|2|2|H|2|2|D|04| |0|0| |2|W|N|P|000000000000|      |43901366| 92482449|    |      |14|00|055|N|            |N|2|00000063|0|        |.2 MI N OF 85TH ST SE IN ROCHE                    
S|27|006269|3|2|23|1R|2|N|2|3|Y|2|3|D|06| |2|0| |2|W| |P|           0|      |43911442| 91543542|    |      |23|00|169|N|            |N|5|       1|0|        |E OF MN 76                                        
S|27|005984|5|1|23|3R|2|T|2|2|H|2|2|D|04| |0|0| |2|W|N|P|000000000000|      |44288899| 91989601|    |      |14|00|079|N|            |N|2|00000061|0|        |.9 MI SE OF CSAH18, S OF KELLO                    
S|27|004741|1|1|23|1R|2|N|2|3|N|2|3|D|06|T|2|0| |2|W| |P|   200000061|119644|44468008| 93292064|   0|     0|23|00|131|N|            |N|2|      61|2|      10|S OF MN 19                                        
S|27|003760|1|1|23|3R|1|N|1|3|N|1|3|D|06|T|1|0| |2|W| |P|   100000535|      |45269090| 96389398|   0|     0|23|00|011|N|31169A0535AB|N|1|     535|0|       0|S OF MN 7 (MAIN ST)                               
S|27|000389|1|2|23|2U|2|T|2|3|N|0|0| |13| |0|0| |2|L|N|P|000000000000|      |44996937| 93205928|    |      |86|00|062|N|            |N|3|00000280|0|        |N OF CSAH30 (LARPENTEUR AVE W)                    
S|27|002450|5|1|23|4R|1|N|1|3|N|1|3|D|06|T|1|0| |2|W| |P|   200000002|      |48905527| 96798896|   0|     0|23|00|069|N|            |N|2|       2|0|       0|N OF CSAH8                                        
S|27|006224|7|1|23|1R|2|T|2|2|H|2|2|D|04| |0|0| |2|W|N|P|000000000000|      |46485437| 96285428|    |      |14|00|084|N|            |N|1|00000094|0|        |W OF CSAH11, NW OF ROTHSAY                        
S|27|010840|3|2|23|2U|2|T|2|3|H|2|3|D|06| |2|0| |2|W| |I|           0|      |45012094| 93011103|    |      |23|00|123|N|            |N|5|      12|0|        |W OF CSAH68 (MCKNIGHT RD N)                       
S|27|006269|7|2|23|1R|2|N|2|3|Y|2|3|D|06| |2|0| |2|W| |P|           0|      |43911442| 91543542|    |      |23|00|169|N|            |N|5|       1|0|        |E OF MN 76                                        
S|27|005292|5|1|23|3U|2|N|2|3|N|2|3|D|06|T|2|0| |2|W| |P|   402000014|      |47519861| 92561608|   0|     0|23|00|137|N|            |N|5|      14|0|       0|S OF CSAH102 (9th ST) IN VIRGINIA                 
S|27|004720|5|1|23|1U|2|N|2|3|N|2|3|D|06|T|2|0| |2|W| |P|   200000061|119644|44293480| 93308882|   0|     0|23|00|131|N|            |N|2|      61|2|      10|N OF MN 60                                        
S|27|000425|3|1|23|4U|2|T|2|3|H|2|3|G|13| |0|0| |2|P|N|P|000000000000|      |44790159| 93191141|    |      |88|00|019|N|            |N|5|00000032|0|        |W OF MSAS109 (JOHNNY CAKE RIDG                    
S|27|006461|3|3|23|1U|3|N|3|3|N|3|3|D|06|T|3|0| |2|W| |P|   100000090|279891|45299921| 93807600|   0|     0|23|00|171|N|            |N|1|      90|0|       0|&52 W OF MN 25                                    
S|27|011205|7|1|23|2U|2|T|2|3|N|2|3|D|06| |2|0| |2|W| |I|           0|      |44875871| 93414643|    |      |23|00|053|N|            |N|1|      35|0|        |S OF CSAH61 (SHADY OAK RD) IN EDEN PRA            
S|27|006725|3|1|23|3R|2|N|2|3|Y|2|3|D|06| |2|0| |2|W| |P|           0|      |47527806| 95633805|    |      |23|00|029|N|            |N|1|     535|0|        |W OF CSAH20, W OF BAGLEY                          
S|27|006782|7|2|23|1R|2|T|2|2|H|2|2|D|04| |0|0| |2|W|N|P|000000000000|      |45249691| 93685604|    |      |09|00|086|N|            |N|1|00000094|0|        |1.2 MI W OF CSAH19 (LA BEAUX A                    
S|27|010899|3|1|23|2U|2|T|2|3|H|2|3|D|06| |2|0| |2|W| |I|           0|      |45010257| 93138955|    |      |23|00|123|N|            |N|5|       9|0|        |W OF CSAH52 (VICTORIA ST)                         
S|27|010919|3|2|23|1U|4|T|4|3|N|4|3|D|06| |4|0| |2|W| |I|           0|      |45057675| 93138421|    |      |23|00|123|N|            |N|1|      94|0|        |&10 W OF CSAH52 (VICTORIA ST)                     
S|27|003760|5|1|23|3R|1|N|1|3|N|1|3|D|06|T|1|0| |2|W| |P|   100000535|      |45269090| 96389398|   0|     0|23|00|011|N|31169A0535AB|N|1|     535|0|       0|S OF MN 7 (MAIN ST)                               
S|27|004910|1|1|23|3R|2|T|2|2|H|2|2|D|04| |0|0| |2|W|N|P|000000000000|      |46923945| 92412803|    |      |16|00|069|N|            |N|2|00000053|0|        |N OF CSAH8 (DULUTH SAINT VINCE                    
S|27|000460|3|1|23|5U|1|T|1|3|N|1|0| |13| |0|0| |2|L|N|P|           0|      |44731274| 92864641|    |      |23|00|000|N|            |N|7|     128|0|        |W OF MSAS122 (PINE ST) IN HAST                    
S|27|006234|5|1|23|4R|1|T|1|3|H|1|3|D|06| |1|0| |2|W| |P|           0|      |46470726| 96711990|    |      |23|00|167|N|            |N|5|      40|0|        |1.3 MI S OF CSAH30 (150TH ST)                     
S|27|010808|1|4|23|1U|5|T|5|3|H|5|3|D|06| |5|0| |2|W| |I|           0|      |44910778| 93274640|    |      |23|00|053|N|            |N|3|     210|0|        |N OF DIAMOND LAKE RD IN MPLS                      
S|27|011236|7|3|23|1U|3|T|3|3|N|3|3|D|06| |3|0| |2|W| |I|           0|      |44970836| 93437769|    |      |23|00|053|N|            |N|1|     494|0|        |E OF CSAH61 (PLYMOUTH RD) IN MINNETONK            
S|27|011228|1|2|23|2U|2|T|2|3|N|2|3|D|06| |2|0| |2|W| |I|           0|      |45050097| 93400719|    |      |23|00|053|N|            |N|1|      35|0|        |N OF 49th AVE N IN NEW HOPE                       
S|27|010069|1|2|23|2U|3|T|3|3|H|3|3|D|06| |3|0| |2|W| |I|           0|      |44810597| 93219009|    |      |23|00|037|N|            |N|2|      75|0|        |S OF MN 13                                        
S|27|005120|1|2|23|1R|2|N|2|3|N|2|3|D|06|T|2|0| |2|W| |P|   200000010|      |46716698| 92249179|   0|     0|23|00|137|N|            |N|2|      10|0|       0|1.2 MI NE OF CSAH13 IN DULUTH                     
S|27|002250|3|2|23|1R|1|N|1|3|N|1|3|D|06|T|1|0| |2|W| |P|   200000052|      |43638157| 95118732|   0|     0|23|00|063|N|            |N|2|      52|0|       0|E OF MN 86                                        
S|27|003790|5|1|23|3U|2|T|2|2|H|2|2|D|04| |0|0| |2|W|N|P|000000000000|      |43901366| 92482449|    |      |14|00|055|N|            |N|2|00000063|0|        |.2 MI N OF 85TH ST SE IN ROCHE                    
S|27|010808|5|4|23|1U|5|T|5|3|H|5|3|D|06| |5|0| |2|W| |I|           0|      |44910778| 93274640|    |      |23|00|053|N|            |N|5|       7|0|        |N OF DIAMOND LAKE RD IN MPLS                      
S|27|010310|1|2|23|2U|2|T|2|3|H|2|3|D|06| |2|0| |2|W| |I|           0|      |44907560| 93401205|    |      |23|00|053|N|            |N|2|      53|0|        |N OF BREN RD W IN MINNETONKA                      
S|27|011236|3|2|23|1U|3|T|3|3|N|3|3|D|06| |3|0| |2|W| |I|           0|      |44970836| 93437769|    |      |23|00|053|N|            |N|1|     494|0|        |E OF CSAH61 (PLYMOUTH RD) IN MINNETONK            
S|27|005984|5|2|23|3R|2|T|2|2|H|2|2|D|04| |0|0| |2|W|N|P|000000000000|      |44288899| 91989601|    |      |14|00|079|N|            |N|2|00000061|0|        |.9 MI SE OF CSAH18, S OF KELLO                    
S|27|006234|1|1|23|4R|1|T|1|3|H|1|3|D|06| |1|0| |2|W| |P|           0|      |46470726| 96711990|    |      |23|00|167|N|            |N|5|      40|0|        |1.3 MI S OF CSAH30 (150TH ST)                     
S|27|010069|1|1|23|2U|3|T|3|3|H|3|3|D|06| |3|0| |2|W| |I|           0|      |44810597| 93219009|    |      |23|00|037|N|            |N|2|     212|0|        |S OF MN 13                                        
S|27|004741|1|2|23|1R|2|N|2|3|N|2|3|D|06|T|2|0| |2|W| |P|   200000061|119644|44468008| 93292064|   0|     0|23|00|131|N|            |N|2|      61|2|      10|S OF MN 19                                        
S|27|010338|1|1|23|2U|2|T|2|3|H|2|3|D|06| |2|0| |2|W| |I|           0|      |44979851| 93400438|    |      |23|00|053|N|            |N|2|      53|0|        |S OF MN 55                                        
S|27|010899|7|2|23|2U|2|T|2|3|N|2|3|D|06| |2|0| |2|W| |I|           0|      |45010257| 93138955|    |      |23|00|123|N|            |N|1|      94|0|        |W OF CSAH52 (VICTORIA ST)                         
S|27|010069|5|2|23|2U|3|T|3|3|H|3|3|D|06| |3|0| |2|W| |I|           0|      |44810597| 93219009|    |      |23|00|037|N|            |N|1|      94|0|        |S OF MN 13                                        
S|27|006269|7|1|23|1R|2|N|2|3|Y|2|3|D|06| |2|0| |2|W| |P|           0|      |43911442| 91543542|    |      |23|00|169|N|            |N|5|       1|0|        |E OF MN 76                                        
S|27|002250|7|2|23|1R|1|N|1|3|N|1|3|D|06|T|1|0| |2|W| |P|   200000212|      |43638157| 95118732|   0|     0|23|00|063|N|            |N|2|     212|0|       0|E OF MN 86                                        
S|27|006782|7|1|23|1R|2|T|2|2|H|2|2|D|04| |0|0| |2|W|N|P|000000000000|      |45249691| 93685604|    |      |09|00|086|N|            |N|1|00000094|0|        |1.2 MI W OF CSAH19 (LA BEAUX A                    
S|27|011196|7|1|23|3U|2|T|2|3|N|2|3|D|06| |2|0| |2|W| |I|           0|      |44891751| 93437515|    |      |23|00|053|N|         384|N|3|      65|0|        |E OF I-494 IN MINNETONKA                          
S|27|005506|7|2|23|1U|2|N|2|3|N|2|3|D|06|T|2|0| |2|W| |P|  4170000050|      |45487110| 94147440|   0|     0|23|00|145|N|            |N|5|       5|0|       0|SE OF CSAH75 (ROOSEVELT) IN ST AUGUSTA            
S|27|010919|7|2|23|1U|4|T|4|3|N|4|3|D|06| |4|0| |2|W| |I|           0|      |45057675| 93138421|    |      |23|00|123|N|            |N|1|      94|0|        |&10 W OF CSAH52 (VICTORIA ST)                     
S|27|010398|3|1|23|1U|3|T|3|3|H|3|3|D|06| |3|0| |2|W| |I|           0|      |45199546| 93563636|    |      |23|00|053|N|            |N|3|       1|0|        |NW OF MN 101                                      
S|27|006461|3|1|23|1U|3|N|3|3|N|3|0|D|06| |3|0| |2|W| |P|           0|      |45299921| 93807600|    |      |23|00|171|N|            |N|5|       5|0|        |&52 W OF MN 25                                    
S|27|002450|1|1|23|4R|1|N|1|3|N|1|3|D|06|T|1|0| |2|W| |P|   200000002|      |48905527| 96798896|   0|     0|23|00|069|N|            |N|2|       2|0|       0|N OF CSAH8                                        
S|27|009102|1|1|23|1R|2|N|2|3|N|2|3|D|06| |2|0| |2|W| |P|           0|      |44478495| 93291834|    |      |23|00|139|N|            |N|2|       2|0|        |S OF CSAH2 (260th ST)                             
S|27|010840|7|1|23|2U|2|T|2|3|H|2|3|D|06| |2|0| |2|W| |I|           0|      |45012094| 93011103|    |      |23|00|123|N|            |N|5|      11|0|        |W OF CSAH68 (MCKNIGHT RD N)                       
S|27|010808|5|5|23|1U|5|T|5|3|H|5|3|D|06| |5|0| |2|W| |I|           0|      |44910778| 93274640|    |      |23|00|053|N|            |N|5|       7|0|        |N OF DIAMOND LAKE RD IN MPLS                      
S|27|011191|3|1|23|2U|2|T|2|3|N|2|3|D|06| |2|0| |2|W| |I|           0|      |44888911| 93382894|    |      |23|00|053|N|            |N|1|      35|0|        |E OF CSAH158 (GLEASON RD) IN EDINA                
S|27|010398|7|2|23|1U|3|T|3|3|H|3|3|D|06| |3|0| |2|W| |I|           0|      |45199546| 93563636|    |      |23|00|053|N|            |N|2|       2|0|        |NW OF MN 101                                      
S|27|006782|3|2|23|1R|2|T|2|2|H|2|2|D|04| |0|0| |2|W|N|P|000000000000|      |45249691| 93685604|    |      |09|00|086|N|            |N|1|00000094|0|        |1.2 MI W OF CSAH19 (LA BEAUX A                    
S|27|005292|5|2|23|3U|2|N|2|3|N|2|3|D|06|T|2|0| |2|W| |P|   402000014|      |47519861| 92561608|   0|     0|23|00|137|N|            |N|5|      14|0|       0|S OF CSAH102 (9th ST) IN VIRGINIA                 
S|27|005424|3|1|23|4R|1|N|1|3|N|1|3|D|06|T|1|0| |2|W| |P|   420000001|      |44543060| 94414152|   0|     0|23|00|143|N|            |N|4|       1|0|       0|E OF E JCT CSAH3                                  
S|27|005424|7|1|23|4R|1|N|1|3|N|1|3|D|06|T|1|0| |2|W| |P|   420000001|      |44543060| 94414152|   0|     0|23|00|143|N|            |N|4|       1|0|       0|E OF E JCT CSAH3                                  
S|27|011228|1|1|23|2U|2|T|2|3|N|2|3|D|06| |2|0| |2|W| |I|           0|      |45050097| 93400719|    |      |23|00|053|N|            |N|1|      35|0|        |N OF 49th AVE N IN NEW HOPE                       
S|27|006224|3|2|23|1R|2|T|2|2|H|2|2|D|04| |0|0| |2|W|N|P|000000000000|      |46485437| 96285428|    |      |14|00|084|N|            |N|1|00000094|0|        |W OF CSAH11, NW OF ROTHSAY                        
S|27|011273|1|2|23|1U|4|T|4|3|N|4|3|D|06| |4|0| |2|W| |I|           0|      |44995784| 93089245|    |      |23|00|123|N|            |N|1|      35|0|        |N OF LARPENTEUR AVE                               
S|27|005262|1|1|23|3R|2|N|2|3|N|2|3|D|06|T|2|0| |2|W| |P|   200000010|      |47445183| 92887283|   0|     0|23|00|137|N|            |N|2|      10|0|       0|&73 NE OF SPUDVILLE RD IN HIBBING                 
S|27|011238|3|1|23|1U|4|T|4|3|N|4|3|D|06| |4|0| |2|W| |I|           0|      |44970836| 93361330|    |      |23|00|053|N|            |N|1|     394|0|        |E OF LOUISIANA AVE IN ST LOUIS PARK               
S|27|006224|3|1|23|1R|2|T|2|2|H|2|2|D|04| |0|0| |2|W|N|P|000000000000|      |46485437| 96285428|    |      |14|00|084|N|            |N|1|00000094|0|        |W OF CSAH11, NW OF ROTHSAY                        
S|27|005794|7|1|23|4R|1|N|1|3|N|1|3|D|06|T|1|0| |2|W| |P|  4170000050|      |45282896| 95912476|   0|     0|23|00|151|N|            |N|5|       5|0|       0|W OF US 59                                        
S|27|010919|3|3|23|1U|4|T|4|3|N|4|3|D|06| |4|0| |2|W| |I|           0|      |45057675| 93138421|    |      |23|00|123|N|            |N|1|      94|0|        |&10 W OF CSAH52 (VICTORIA ST)                     
S|27|004741|5|2|23|1R|2|N|2|3|N|2|3|D|06|T|2|0| |2|W| |P|   200000061|119644|44468008| 93292064|   0|     0|23|00|131|N|            |N|2|      61|2|      10|S OF MN 19                                        
S|27|011236|3|3|23|1U|3|T|3|3|N|3|3|D|06| |3|0| |2|W| |I|           0|      |44970836| 93437769|    |      |23|00|053|N|            |N|1|     494|0|        |E OF CSAH61 (PLYMOUTH RD) IN MINNETONK            
S|27|005292|1|2|23|3U|2|N|2|3|N|2|3|D|06|T|2|0| |2|W| |P|   402000014|      |47519861| 92561608|   0|     0|23|00|137|N|            |N|5|      14|0|       0|S OF CSAH102 (9th ST) IN VIRGINIA                 
S|27|006734|8|2|23|1R|2|T|2|3|N|2|3|D|06| |2|0| |2|W| |P|           0|      |46210259| 96023007|    |      |23|00|111|N|            |N|2|      53|0|        |SE OF MN 210                                      
S|27|011280|1|1|23|1U|4|T|4|3|N|4|3|D|06| |4|0| |2|W| |I|           0|      |44847020| 93298156|    |      |23|00|053|N|            |N|1|      35|0|        |N OF 90th ST IN BLOOMINGTON                       
S|27|009200|1|1|23|4R|1|T|1|3|H|1|3|D|06| |1|0| |2|W| |P|           0|      |47800041| 95025863|    |      |23|00|007|N|            |N|2|      10|0|        |NW OF T 1427 (ANDREE RD NW)                       
S|27|011196|3|1|23|3U|2|T|2|3|N|2|3|D|06| |2|0| |2|W| |I|           0|      |44891751| 93437515|    |      |23|00|053|N|            |N|1|      35|0|        |E OF I-494 IN MINNETONKA                          
S|27|004910|5|1|23|3R|2|T|2|2|H|2|2|D|04| |0|0| |2|W|N|P|000000000000|      |46923945| 92412803|    |      |16|00|069|N|            |N|2|00000053|0|        |N OF CSAH8 (DULUTH SAINT VINCE                    
S|27|011510|1|2|23|1U|4|T|4|3|H|4|3|D|06| |4|0| |2|W| |I|           0|      |45054158| 93187914|    |      |23|00|123|N|            |N|2|      10|0|        |S OF CSAH73 (CO RD E2)                            
S|27|009110|1|2|23|3R|2|T|2|3|H|2|3|D|06| |2|0| |2|W| |P|           0|      |44572113| 93842295|    |      |23|00|139|N|            |N|2|      59|0|        |US 169 at Mile Post 87                            
S|27|006755|7|1|23|3U|2|T|2|3|H|2|3|D|06| |2|0| |2|W| |P|           0|      |44027277| 92578141|    |      |23|00|111|N|            |N|2|      53|0|        |US 14                                             
S|27|009110|1|1|23|3R|2|T|2|3|H|2|3|D|06| |2|0| |2|W| |P|           0|      |44572113| 93842295|    |      |23|00|139|N|            |N|1|      94|0|        |US 169 at Mile Post 86                            
S|27|011179|3|2|23|1U|3|T|3|3|N|3|3|D|06| |3|0| |2|W| |I|           0|      |44861925| 93313491|    |      |23|00|053|N|            |N|1|      35|0|        |W OF CSAH32 (PENN AVE) IN BLOOMINGTON             
S|27|011202|7|2|23|2U|2|T|2|3|N|2|3|D|06| |2|0| |2|W| |I|           0|      |44886867| 93342062|    |      |23|00|053|N|            |N|1|      35|0|        |SE OF MN 100                                      
S|27|011747|7|4|23|1U|5|T|5|3|N|5|3|D|06| |5|0| |2|W| |I|           0|      |44951783| 93063840|    |      |23|00|123|N|            |N|3|     280|0|        |E OF MOUNDS BLVD IN ST PAUL                       
S|27|004910|5|2|23|3R|2|T|2|2|H|2|2|D|04| |0|0| |2|W|N|P|000000000000|      |46923945| 92412803|    |      |16|00|069|N|            |N|2|00000053|0|        |N OF CSAH8 (DULUTH SAINT VINCE                    
S|27|009102|5|1|23|1R|2|T|2|3|H|2|3|D|06| |2|0| |2|W| |P|           0|      |44478495| 93291834|    |      |23|00|139|N|            |N|1|      94|0|        |S OF CSAH2 (260th ST)                             
S|27|009824|5|2|23|1U|2|N|2|3|N|2|0|D|06| |2|0| |2|W| |P|           0|      |46771265| 92115869|    |      |23|00|137|N|            |N|3|      60|0|        |N OF GARFIELD AVE IN DULUTH                       
S|27|006224|7|2|23|1R|2|T|2|2|H|2|2|D|04| |0|0| |2|W|N|P|000000000000|      |46485437| 96285428|    |      |14|00|084|N|            |N|1|00000094|0|        |W OF CSAH11, NW OF ROTHSAY                        
S|27|010205|5|1|23|2U|2|T|2|3|H|2|3|D|06| |2|0| |2|W| |I|           0|      |44836423| 92968832|    |      |23|00|163|N|            |N|2|     169|0|        |NW OF CSAH39 (80th St S)                          
S|27|011238|3|3|23|1U|4|T|4|3|N|4|3|D|06| |4|0| |2|W| |I|           0|      |44970836| 93361330|    |      |23|00|053|N|            |N|1|     394|0|        |E OF LOUISIANA AVE IN ST LOUIS PARK               
S|27|009303|1|1|23|4R|1|T|1|3|H|1|3|D|06| |1|0| |2|W| |P|           0|      |48176520| 96207192|    |      |23|00|089|N|            |N|2|      10|0|        |.2 MI SE OF CSAH2                                 
S|27|005120|5|2|23|1R|2|N|2|3|N|2|3|D|06|T|2|0| |2|W| |P|   200000010|      |46716698| 92249179|   0|     0|23|00|137|N|            |N|2|      10|0|       0|1.2 MI NE OF CSAH13 IN DULUTH                     
S|27|011283|7|1|23|1U|3|T|3|3|N|3|3|D|06| |3|0| |2|W| |I|           0|      |44862248| 93263799|    |      |23|00|053|N|            |N|1|      94|0|        |E OF CSAH35 (PORTLAND AV) IN RICHFIELD            
S|27|010069|5|3|23|2U|3|T|3|3|H|3|3|D|06| |3|0| |2|W| |I|           0|      |44810597| 93219009|    |      |23|00|037|N|            |N|1|      94|0|        |S OF MN 13                                        
S|27|010310|1|1|23|2U|2|T|2|3|H|2|3|D|06| |2|0| |2|W| |I|           0|      |44907560| 93401205|    |      |23|00|053|N|            |N|2|      71|0|        |N OF BREN RD W IN MINNETONKA                      
S|27|011228|5|2|23|2U|2|T|2|3|N|2|3|D|06| |2|0| |2|W| |I|           0|      |45050097| 93400719|    |      |23|00|053|N|            |N|1|     494|0|        |N OF 49th AVE N IN NEW HOPE                       
S|27|011191|3|2|23|2U|2|T|2|3|N|2|3|D|06| |2|0| |2|W| |I|           0|      |44888911| 93382894|    |      |23|00|053|N|            |N|1|      35|0|        |E OF CSAH158 (GLEASON RD) IN EDINA                
S|27|011205|3|2|23|2U|2|T|2|3|N|2|3|D|06| |2|0| |2|W| |I|           0|      |44875871| 93414643|    |      |23|00|053|N|            |N|1|      35|0|        |S OF CSAH61 (SHADY OAK RD) IN EDEN PRA            
S|27|009852|1|1|23|3R|1|N|1|3|N|1|0|D|06| |1|0| |2|W| |P|           0|      |48894322| 95425145|    |      |23|00|135|N|            |N|3|      60|0|        |W OF T 460 (550TH AVE)                            
S|27|005262|5|1|23|3R|2|N|2|3|N|2|3|D|06|T|2|0| |2|W| |P|   418000001|      |47445183| 92887283|   0|     0|23|00|137|N|            |N|6|       1|0|       0|&73 NE OF SPUDVILLE RD IN HIBBING                 
S|27|010205|1|2|23|2U|2|T|2|3|H|2|3|D|06| |2|0| |2|W| |I|           0|      |44836423| 92968832|    |      |23|00|163|N|            |N|2|     169|0|        |NW OF CSAH39 (80th St S)                          
S|27|010205|1|1|23|2U|2|T|2|3|H|2|3|D|06| |2|0| |2|W| |I|           0|      |44836423| 92968832|    |      |23|00|163|N|            |N|1|      94|0|        |NW OF CSAH39 (80th St S)                          
S|27|010390|5|2|23|1U|3|N|3|3|N|3|0|D|06| |3|0| |2|W| |I|           0|      |45063230| 93449019|    |      |23|00|053|N|            |N|3|      61|0|        |S OF CSAH10 (BASS LAKE RD) IN PLYMOUTH            
S|27|011749|7|1|23|1U|3|T|3|3|H|3|3|D|06| |3|0| |2|W| |I|           0|      |44950793| 93010081|    |      |23|00|123|N|            |N|5|      31|0|        |&12 E OF RUTH ST IN ST PAUL                       
S|27|011238|3|4|23|1U|4|T|4|3|N|4|3|D|06| |4|0| |2|W| |I|           0|      |44970836| 93361330|    |      |23|00|053|N|            |N|1|     394|0|        |E OF LOUISIANA AVE IN ST LOUIS PARK               
S|27|011280|1|4|23|1U|4|T|4|3|N|4|3|D|06| |4|0| |2|W| |I|           0|      |44847020| 93298156|    |      |23|00|053|N|            |N|1|      35|0|        |N OF 90th ST IN BLOOMINGTON                       
S|27|010205|5|2|23|2U|2|T|2|3|H|2|3|D|06| |2|0| |2|W| |I|           0|      |44836423| 92968832|    |      |23|00|163|N|            |N|2|     169|0|        |NW OF CSAH39 (80th St S)                          
S|27|006067|3|1|23|3R|2|N|2|3|N|2|3|D|06|T|2|0| |2|W| |P|  1000000904|      |46412917| 95054755|   0|     0|23|00|159|N|         518|N|1|      90|0|       0|0.3 MI E OF 141ST AVE, W OF VERNDALE              
S|27|011517|1|2|23|1U|3|T|3|3|H|3|3|D|06| |3|0| |2|W| |I|           0|      |44990407| 93459032|    |      |23|00|053|N|            |N|3|      65|0|        |S OF CSAH6 IN PLYMOUTH                            
S|27|011749|7|3|23|1U|3|T|3|3|H|3|3|D|06| |3|0| |2|W| |I|           0|      |44950793| 93010081|    |      |23|00|123|N|            |N|5|      31|0|        |&12 E OF RUTH ST IN ST PAUL                       
S|27|011273|5|2|23|1U|4|T|4|3|H|4|3|D|06| |4|0| |2|W| |I|           0|      |44995784| 93089245|    |      |23|00|123|N|            |N|1|      35|0|        |N OF LARPENTEUR AVE                               
S|27|011510|1|4|23|1U|4|T|4|3|H|4|3|D|06| |4|0| |2|W| |I|           0|      |45054158| 93187914|    |      |23|00|123|N|            |N|2|     169|0|        |S OF CSAH73 (CO RD E2)                            
S|27|011516|5|3|23|1U|3|T|3|3|H|3|3|D|06| |3|0| |2|W| |I|           0|      |45156197| 93167353|    |      |23|00|003|N|            |N|1|      94|0|        |SW OF CSAH17 (LEX AVE) IN BLAINE                  
S|27|010310|5|2|23|2U|2|T|2|3|H|2|3|D|06| |2|0| |2|W| |I|           0|      |44907560| 93401205|    |      |23|00|053|N|            |N|2|      53|0|        |N OF BREN RD W IN MINNETONKA                      
S|27|011726|3|1|23|1U|4|T|4|3|H|4|3|D|06| |4|0| |2|W| |I|           0|      |44965525| 93247175|    |      |23|00|053|N|            |N|2|     212|0|        |AT CEDAR AVE BR (SEE LOC MAP)                     
S|27|010338|5|2|23|2U|2|T|2|3|H|2|3|D|06| |2|0| |2|W| |I|           0|      |44979851| 93400438|    |      |23|00|053|N|            |N|2|      14|0|        |S OF MN 55                                        
S|27|011759|1|3|23|1U|3|T|3|3|N|3|3|D|06| |3|0| |2|W| |I|           0|      |45284956| 93002979|    |      |23|00|163|N|            |N|2|     169|0|        |S OF US 8                                         
S|27|006725|3|2|23|3R|2|N|2|3|Y|2|3|D|06| |2|0| |2|W| |P|           0|      |47527806| 95633805|    |      |23|00|029|N|            |N|1|     535|0|        |W OF CSAH20, W OF BAGLEY                          
S|27|010730|1|3|23|2U|3|T|3|3|H|3|3|D|06| |3|0| |2|W| |I|           0|      |44957451| 93346543|    |      |23|00|053|N|            |N|3|      34|0|        |N OF CSAH5 (MINNETONKA BLVD)                      
S|27|011236|3|1|23|1U|3|T|3|3|N|3|3|D|06| |3|0| |2|W| |I|           0|      |44970836| 93437769|    |      |23|00|053|N|            |N|1|     494|0|        |E OF CSAH61 (PLYMOUTH RD) IN MINNETONK            
S|27|011726|3|2|23|1U|4|T|4|3|H|4|3|D|06| |4|0| |2|W| |I|           0|      |44965525| 93247175|    |      |23|00|053|N|            |N|2|      52|0|        |AT CEDAR AVE BR (SEE LOC MAP)                     
S|27|010730|5|3|23|2U|3|T|3|3|H|3|3|D|06| |3|0| |2|W| |I|           0|      |44957451| 93346543|    |      |23|00|053|N|            |N|3|      65|0|        |N OF CSAH5 (MINNETONKA BLVD)                      
S|27|011747|3|5|23|1U|5|T|5|3|H|5|3|D|06| |5|0| |2|W| |I|           0|      |44951783| 93063840|    |      |23|00|123|N|            |N|2|       8|0|        |E OF MOUNDS BLVD IN ST PAUL                       
S|27|010808|1|1|23|1U|5|T|5|3|H|5|3|D|06| |5|0| |2|W| |I|           0|      |44910778| 93274640|    |      |23|00|053|N|            |N|3|     371|0|        |N OF DIAMOND LAKE RD IN MPLS                      
S|27|011464|1|2|23|1U|1|T|1|3|H|1|3|D|06| |1|0| |2|W| |I|           0|      |45085098| 93052650|    |      |23|00|123|N|            |N|2|      12|0|        |N OF CSAH96                                       
S|27|010808|1|5|23|1U|5|T|5|3|H|5|3|D|06| |5|0| |2|W| |I|           0|      |44910778| 93274640|    |      |23|00|053|N|            |N|1|      90|0|        |N OF DIAMOND LAKE RD IN MPLS                      
S|27|011747|7|5|23|1U|5|T|5|3|H|5|3|D|06| |5|0| |2|W| |I|           0|      |44951783| 93063840|    |      |23|00|123|N|            |N|2|      61|0|        |E OF MOUNDS BLVD IN ST PAUL                       
S|27|011747|3|2|23|1U|5|T|5|3|H|5|3|D|06| |5|0| |2|W| |I|           0|      |44951783| 93063840|    |      |23|00|123|N|            |N|3|      97|0|        |E OF MOUNDS BLVD IN ST PAUL                       
S|27|010808|5|1|23|1U|5|T|5|3|H|5|3|D|06| |5|0| |2|W| |I|           0|      |44910778| 93274640|    |      |23|00|053|N|            |N|1|      90|0|        |N OF DIAMOND LAKE RD IN MPLS                      
S|27|010808|5|2|23|1U|5|T|5|3|H|5|3|D|06| |5|0| |2|W| |I|           0|      |44910778| 93274640|    |      |23|00|053|N|            |N|1|      90|0|        |N OF DIAMOND LAKE RD IN MPLS                      
S|27|010830|1|1|23|3U|2|T|2|3|H|2|3|D|06| |2|0| |2|W| |I|           0|      |44932385| 93026091|    |      |23|00|123|N|            |N|5|      18|0|        |N OF CSAH39 (LOWER AFTON) ST PAUL                 
S|27|010206|7|4|23|1U|4|T|4|3|H|4|3|D|06| |4|0| |2|W| |I|           0|      |44883201| 93015409|    |      |23|00|163|N|            |N|2|      71|0|        |ON MISS RIVER BR IN NEWPORT                       
S|27|011747|3|4|23|1U|5|T|5|3|H|5|3|D|06| |5|0| |2|W| |I|           0|      |44951783| 93063840|    |      |23|00|123|N|            |N|2|       8|0|        |E OF MOUNDS BLVD IN ST PAUL                       
S|27|011236|7|1|23|1U|3|T|3|3|N|3|3|D|06| |3|0| |2|W| |I|           0|      |44970836| 93437769|    |      |23|00|053|N|            |N|1|     494|0|        |E OF CSAH61 (PLYMOUTH RD) IN MINNETONK            
S|27|010398|7|1|23|1U|3|T|3|3|H|3|3|D|06| |3|0| |2|W| |I|           0|      |45199546| 93563636|    |      |23|00|053|N|            |N|2|       2|0|        |NW OF MN 101                                      
S|27|011179|7|4|23|1U|4|T|4|3|N|4|3|D|06| |4|0| |2|W| |I|           0|      |44861925| 93313491|    |      |23|00|053|N|            |N|1|      35|0|        |W OF CSAH32 (PENN AVE) IN BLOOMINGTON             
S|27|011196|7|2|23|3U|2|T|2|3|N|2|3|D|06| |2|0| |2|W| |I|           0|      |44891751| 93437515|    |      |23|00|053|N|         384|N|3|      65|0|        |E OF I-494 IN MINNETONKA                          
S|27|006461|3|2|23|1U|3|N|3|3|N|3|0|D|06| |3|0| |2|W| |P|           0|      |45299921| 93807600|    |      |23|00|171|N|            |N|5|       5|0|        |&52 W OF MN 25                                    
S|27|010899|3|2|23|2U|2|T|2|3|H|2|3|D|06| |2|0| |2|W| |I|           0|      |45010257| 93138955|    |      |23|00|123|N|            |N|5|       9|0|        |W OF CSAH52 (VICTORIA ST)                         
S|27|006461|7|1|23|1U|3|N|3|3|N|3|3|D|06|T|3|0| |2|W| |P|   100000090|279891|45299921| 93807600|   0|     0|23|00|171|N|            |N|1|      90|0|       0|&52 W OF MN 25                                    
S|27|006744|1|1|23|3R|1|T|1|3|H|1|3|D|06| |1|0| |2|W| |P|           0|      |44544729| 94995568|    |      |23|00|127|N|            |N|2|      53|0|        |&19 NE OF CSAH2 (SW OF MORTON)                    
S|27|010390|5|1|23|1U|3|N|3|3|N|3|0|D|06| |3|0| |2|W| |I|           0|      |45063230| 93449019|    |      |23|00|053|N|            |N|3|      61|0|        |S OF CSAH10 (BASS LAKE RD) IN PLYMOUTH            
S|27|011280|1|3|23|1U|4|T|4|3|N|4|3|D|06| |4|0| |2|W| |I|           0|      |44847020| 93298156|    |      |23|00|053|N|            |N|1|      35|0|        |N OF 90th ST IN BLOOMINGTON                       
S|27|011726|7|3|23|1U|4|T|4|3|H|4|3|D|06| |4|0| |2|W| |I|           0|      |44965525| 93247175|    |      |23|00|053|N|            |N|3|      36|0|        |AT CEDAR AVE BR (SEE LOC MAP)                     
S|27|011179|3|1|23|1U|3|T|3|3|N|3|3|D|06| |3|0| |2|W| |I|           0|      |44861925| 93313491|    |      |23|00|053|N|            |N|1|      35|0|        |W OF CSAH32 (PENN AVE) IN BLOOMINGTON             
S|27|070413|7|1|23|2U|2|T|2|3|N|2|3|D|06| |2|0| |2|W| |I|           0|      |45137556| 93479207|    |      |23|00|053|N|            |N|5|      42|0|        |W of MSAS 106 (Maple Grove Pkwy)                  
S|27|010830|5|2|23|3U|2|T|2|3|H|2|3|D|06| |2|0| |2|W| |I|           0|      |44932385| 93026091|    |      |23|00|123|N|            |N|5|       2|0|        |N OF CSAH39 (LOWER AFTON) ST PAUL                 
S|27|010398|3|3|23|1U|3|T|3|3|H|3|3|D|06| |3|0| |2|W| |I|           0|      |45199546| 93563636|    |      |23|00|053|N|            |N|3|      29|0|        |NW OF MN 101                                      
S|27|011280|5|1|23|1U|2|T|2|3|H|2|3|D|06| |2|0| |2|W| |I|           0|      |44847020| 93298156|    |      |23|00|053|N|            |N|1|     694|0|        |N OF 90th ST IN BLOOMINGTON                       
S|27|011516|5|1|23|1U|3|T|3|3|H|3|3|D|06| |3|0| |2|W| |I|           0|      |45156197| 93167353|    |      |23|00|003|N|            |N|1|      94|0|        |SW OF CSAH17 (LEX AVE) IN BLAINE                  
S|27|006734|4|1|23|1R|2|T|2|3|H|2|3|D|06| |2|0| |2|W| |P|           0|      |46210259| 96023007|    |      |23|00|111|N|            |N|1|      35|0|        |SE OF MN 210                                      
S|27|006461|7|2|23|1U|3|N|3|3|N|3|3|D|06|T|3|0| |2|W| |P|   100000090|279891|45299921| 93807600|   0|     0|23|00|171|N|            |N|1|      90|0|       0|&52 W OF MN 25                                    
S|27|011179|3|3|23|1U|3|T|3|3|N|3|3|D|06| |3|0| |2|W| |I|           0|      |44861925| 93313491|    |      |23|00|053|N|            |N|1|      35|0|        |W OF CSAH32 (PENN AVE) IN BLOOMINGTON             
S|27|010730|1|1|23|2U|3|T|3|3|H|3|3|D|06| |3|0| |2|W| |I|           0|      |44957451| 93346543|    |      |23|00|053|N|            |N|2|      71|0|        |N OF CSAH5 (MINNETONKA BLVD)                      
S|27|011759|5|2|23|1U|3|T|3|3|N|3|3|D|06| |3|0| |2|W| |I|           0|      |45284956| 93002979|    |      |23|00|163|N|            |N|2|     169|0|        |S OF US 8                                         
S|27|006734|4|2|23|1R|2|T|2|3|H|2|3|D|06| |2|0| |2|W| |P|           0|      |46210259| 96023007|    |      |23|00|111|N|            |N|1|      35|0|        |SE OF MN 210                                      
S|27|010206|7|3|23|1U|4|T|4|3|H|4|3|D|06| |4|0| |2|W| |I|           0|      |44883201| 93015409|    |      |23|00|163|N|            |N|2|      75|0|        |ON MISS RIVER BR IN NEWPORT                       
S|27|011191|7|2|23|2U|2|T|2|3|N|2|3|D|06| |2|0| |2|W| |I|           0|      |44888911| 93382894|    |      |23|00|053|N|            |N|1|      35|0|        |E OF CSAH158 (GLEASON RD) IN EDINA                
S|27|010808|1|3|23|1U|5|T|5|3|H|5|3|D|06| |5|0| |2|W| |I|           0|      |44910778| 93274640|    |      |23|00|053|N|            |N|3|     210|0|        |N OF DIAMOND LAKE RD IN MPLS                      
S|27|011510|5|1|23|1U|4|T|4|3|H|4|3|D|06| |4|0| |2|W| |I|           0|      |45054158| 93187914|    |      |23|00|123|N|            |N|2|     169|0|        |S OF CSAH73 (CO RD E2)                            
S|27|042507|3|1|23|2U|2|T|2|3|H|2|3|D|06| |2|0| |2|W| |I|           0|      |44790044| 93405414|    |      |23|00|139|N|            |N|5|      15|0|        |NE OF MSAS 126                                    
S|27|011179|7|2|23|1U|4|T|4|3|N|4|3|D|06| |4|0| |2|W| |I|           0|      |44861925| 93313491|    |      |23|00|053|N|            |N|1|      35|0|        |W OF CSAH32 (PENN AVE) IN BLOOMINGTON             
S|27|011517|5|3|23|1U|3|T|3|3|H|3|3|D|06| |3|0| |2|W| |I|           0|      |44990407| 93459032|    |      |23|00|053|N|            |N|2|     212|0|        |S OF CSAH6 IN PLYMOUTH                            
S|27|011238|7|2|23|1U|4|T|4|3|N|4|3|D|06| |4|0| |2|W| |I|           0|      |44970836| 93361330|    |      |23|00|053|N|            |N|1|     394|0|        |E OF LOUISIANA AVE IN ST LOUIS PARK               
S|27|006755|3|1|23|3U|2|T|2|3|N|2|3|D|06| |2|0| |2|W| |P|           0|      |44027277| 92578141|    |      |23|00|111|N|            |N|2|      53|0|        |US 14                                             
S|27|006734|8|1|23|1R|2|T|2|3|N|2|3|D|06| |2|0| |2|W| |P|           0|      |46210259| 96023007|    |      |23|00|111|N|            |N|2|      53|0|        |SE OF MN 210                                      
S|27|011191|7|1|23|2U|2|T|2|3|N|2|3|D|06| |2|0| |2|W| |I|           0|      |44888911| 93382894|    |      |23|00|053|N|            |N|1|      35|0|        |E OF CSAH158 (GLEASON RD) IN EDINA                
S|27|010398|7|3|23|1U|3|T|3|3|H|3|3|D|06| |3|0| |2|W| |I|           0|      |45199546| 93563636|    |      |23|00|053|N|            |N|2|      71|0|        |NW OF MN 101                                      
S|27|011749|3|1|23|1U|3|T|3|3|H|3|3|D|06| |3|0| |2|W| |I|           0|      |44950793| 93010081|    |      |23|00|123|N|            |N|2|      61|0|        |&12 E OF RUTH ST IN ST PAUL                       
S|27|011749|3|3|23|1U|3|T|3|3|H|3|3|D|06| |3|0| |2|W| |I|           0|      |44950793| 93010081|    |      |23|00|123|N|            |N|5|      92|0|        |&12 E OF RUTH ST IN ST PAUL                       
S|27|011759|1|1|23|1U|3|T|3|3|H|3|3|D|06| |3|0| |2|W| |I|           0|      |45284956| 93002979|    |      |23|00|163|N|            |N|5|      31|0|        |S OF US 8                                         
S|27|009556|3|1|23|3R|1|N|1|3|N|1|0|D|06| |1|0| |2|W| |P|           0|      |44906241| 93986737|    |      |23|00|019|N|            |N|2|      52|0|        |W OF CSAH33                                       
S|27|011273|5|3|23|1U|4|T|4|3|N|4|3|D|06| |4|0| |2|W| |I|           0|      |44995784| 93089245|    |      |23|00|123|N|            |N|1|      35|0|        |N OF LARPENTEUR AVE                               
S|27|009200|5|1|23|4R|1|T|1|3|H|1|3|D|06| |1|0| |2|W| |P|           0|      |47800041| 95025863|    |      |23|00|007|N|            |N|2|      10|0|        |NW OF T 1427 (ANDREE RD NW)                       
S|27|011726|3|4|23|1U|4|T|4|3|H|4|3|D|06| |4|0| |2|W| |I|           0|      |44965525| 93247175|    |      |23|00|053|N|            |N|2|      52|0|        |AT CEDAR AVE BR (SEE LOC MAP)                     
S|27|010919|7|3|23|1U|4|T|4|3|N|4|3|D|06| |4|0| |2|W| |I|           0|      |45057675| 93138421|    |      |23|00|123|N|            |N|1|      35|0|        |&10 W OF CSAH52 (VICTORIA ST)                     
S|27|010808|1|2|23|1U|5|T|5|3|H|5|3|D|06| |5|0| |2|W| |I|           0|      |44910778| 93274640|    |      |23|00|053|N|            |N|3|     371|0|        |N OF DIAMOND LAKE RD IN MPLS                      
S|27|042507|7|1|23|2U|2|T|2|3|H|2|3|D|06| |2|0| |2|W| |I|           0|      |44790044| 93405414|    |      |23|00|139|N|            |N|5|      23|0|        |NE OF MSAS 126                                    
S|27|011238|7|1|23|1U|4|T|4|3|N|4|3|D|06| |4|0| |2|W| |I|           0|      |44970836| 93361330|    |      |23|00|053|N|            |N|1|     394|0|        |E OF LOUISIANA AVE IN ST LOUIS PARK               
S|27|010919|3|1|23|1U|4|T|4|3|N|4|3|D|06| |4|0| |2|W| |I|           0|      |45057675| 93138421|    |      |23|00|123|N|            |N|1|      94|0|        |&10 W OF CSAH52 (VICTORIA ST)                     
S|27|009824|5|1|23|1U|2|T|2|3|H|2|3|D|06| |2|0| |2|W| |P|           0|      |46771265| 92115869|    |      |23|00|137|N|            |N|1|      35|0|        |N OF GARFIELD AVE IN DULUTH                       
S|27|011516|1|2|23|1U|3|T|3|3|H|3|3|D|06| |3|0| |2|W| |I|           0|      |45156197| 93167353|    |      |23|00|003|N|            |N|1|      94|0|        |SW OF CSAH17 (LEX AVE) IN BLAINE                  
S|27|011236|7|2|23|1U|3|T|3|3|N|3|3|D|06| |3|0| |2|W| |I|           0|      |44970836| 93437769|    |      |23|00|053|N|            |N|1|     494|0|        |E OF CSAH61 (PLYMOUTH RD) IN MINNETONK            
S|27|011283|3|1|23|1U|2|T|2|3|H|2|3|D|06| |2|0| |2|W| |I|           0|      |44862248| 93263799|    |      |23|00|053|N|            |N|1|     694|0|        |E OF CSAH35 (PORTLAND AV) IN RICHFIELD            
S|27|010830|1|2|23|3U|2|T|2|3|H|2|3|D|06| |2|0| |2|W| |I|           0|      |44932385| 93026091|    |      |23|00|123|N|            |N|5|      18|0|        |N OF CSAH39 (LOWER AFTON) ST PAUL                 
S|27|009556|7|1|23|3R|1|T|1|3|H|1|3|D|06| |1|0| |2|W| |P|           0|      |44906241| 93986737|    |      |23|00|019|N|            |N|1|      35|0|        |W OF CSAH33                                       
S|27|011280|1|2|23|1U|4|T|4|3|N|4|3|D|06| |4|0| |2|W| |I|           0|      |44847020| 93298156|    |      |23|00|053|N|            |N|1|      35|0|        |N OF 90th ST IN BLOOMINGTON                       
S|27|010840|3|1|23|2U|2|T|2|3|H|2|3|D|06| |2|0| |2|W| |I|           0|      |45012094| 93011103|    |      |23|00|123|N|            |N|5|      12|0|        |W OF CSAH68 (MCKNIGHT RD N)                       
S|27|010310|5|1|23|2U|2|T|2|3|H|2|3|D|06| |2|0| |2|W| |I|           0|      |44907560| 93401205|    |      |23|00|053|N|            |N|2|      53|0|        |N OF BREN RD W IN MINNETONKA                      
S|27|011464|5|2|23|1U|2|T|2|3|H|2|3|D|06| |2|0| |2|W| |I|           0|      |45085098| 93052650|    |      |23|00|123|N|            |N|2|      10|0|        |N OF CSAH96                                       
S|27|009852|5|1|23|3R|1|T|1|3|H|1|3|D|06| |1|0| |2|W| |P|           0|      |48894322| 95425145|    |      |23|00|135|N|            |N|2|     212|0|        |W OF T 460 (550TH AVE)                            
S|27|010899|7|1|23|2U|2|T|2|3|N|2|3|D|06| |2|0| |2|W| |I|           0|      |45010257| 93138955|    |      |23|00|123|N|            |N|1|      94|0|        |W OF CSAH52 (VICTORIA ST)                         
S|27|010338|1|2|23|2U|2|T|2|3|H|2|3|D|06| |2|0| |2|W| |I|           0|      |44979851| 93400438|    |      |23|00|053|N|            |N|2|      14|0|        |S OF MN 55                                        
S|27|011510|5|4|23|1U|4|T|4|3|H|4|3|D|06| |4|0| |2|W| |I|           0|      |45054158| 93187914|    |      |23|00|123|N|            |N|2|     169|0|        |S OF CSAH73 (CO RD E2)                            
S|27|011726|7|4|23|1U|4|T|4|3|H|4|3|D|06| |4|0| |2|W| |I|           0|      |44965525| 93247175|    |      |23|00|053|N|            |N|3|      36|0|        |AT CEDAR AVE BR (SEE LOC MAP)                     
S|27|010069|1|3|23|2U|3|T|3|3|H|3|3|D|06| |3|0| |2|W| |I|           0|      |44810597| 93219009|    |      |23|00|037|N|            |N|2|      75|0|        |S OF MN 13                                        
S|27|011516|5|2|23|1U|3|T|3|3|H|3|3|D|06| |3|0| |2|W| |I|           0|      |45156197| 93167353|    |      |23|00|003|N|            |N|1|      94|0|        |SW OF CSAH17 (LEX AVE) IN BLAINE                  
S|27|011238|3|2|23|1U|4|T|4|3|N|4|3|D|06| |4|0| |2|W| |I|           0|      |44970836| 93361330|    |      |23|00|053|N|            |N|1|     394|0|        |E OF LOUISIANA AVE IN ST LOUIS PARK               
S|27|011747|7|1|23|1U|5|T|5|3|N|5|3|D|06| |5|0| |2|W| |I|           0|      |44951783| 93063840|    |      |23|00|123|N|            |N|3|     280|0|        |E OF MOUNDS BLVD IN ST PAUL                       
S|27|011179|7|1|23|1U|4|T|4|3|N|4|3|D|06| |4|0| |2|W| |I|           0|      |44861925| 93313491|    |      |23|00|053|N|            |N|1|      35|0|        |W OF CSAH32 (PENN AVE) IN BLOOMINGTON             
S|27|011747|7|2|23|1U|5|T|5|3|N|5|3|D|06| |5|0| |2|W| |I|           0|      |44951783| 93063840|    |      |23|00|123|N|            |N|3|     280|0|        |E OF MOUNDS BLVD IN ST PAUL                       
S|27|010206|3|4|23|1U|4|T|4|3|H|4|3|D|06| |4|0| |2|W| |I|           0|      |44883201| 93015409|    |      |23|00|163|N|            |N|1|      35|0|        |ON MISS RIVER BR IN NEWPORT                       
S|27|010390|1|1|23|1U|3|T|3|3|H|3|3|D|06| |3|0| |2|W| |I|           0|      |45063230| 93449019|    |      |23|00|053|N|            |N|2|      14|0|        |S OF CSAH10 (BASS LAKE RD) IN PLYMOUTH            
S|27|011759|5|1|23|1U|3|T|3|3|N|3|3|D|06| |3|0| |2|W| |I|           0|      |45284956| 93002979|    |      |23|00|163|N|            |N|2|     169|0|        |S OF US 8                                         
S|27|010808|5|3|23|1U|5|T|5|3|H|5|3|D|06| |5|0| |2|W| |I|           0|      |44910778| 93274640|    |      |23|00|053|N|            |N|1|      90|0|        |N OF DIAMOND LAKE RD IN MPLS                      
S|27|010390|5|3|23|1U|3|T|3|3|H|3|3|D|06| |3|0| |2|W| |I|           0|      |45063230| 93449019|    |      |23|00|053|N|            |N|3|       1|0|        |S OF CSAH10 (BASS LAKE RD) IN PLYMOUTH            
S|27|042507|7|2|23|2U|2|T|2|3|N|2|3|D|06| |2|0| |2|W| |I|           0|      |44790044| 93405414|    |      |23|00|139|N|            |N|5|      42|0|        |NE OF MSAS 126                                    
S|27|010919|3|4|23|1U|4|T|4|3|N|4|3|D|06| |4|0| |2|W| |I|           0|      |45057675| 93138421|    |      |23|00|123|N|            |N|1|      94|0|        |&10 W OF CSAH52 (VICTORIA ST)                     
S|27|010830|5|1|23|3U|2|T|2|3|H|2|3|D|06| |2|0| |2|W| |I|           0|      |44932385| 93026091|    |      |23|00|123|N|            |N|5|       2|0|        |N OF CSAH39 (LOWER AFTON) ST PAUL                 
S|27|010919|7|1|23|1U|4|T|4|3|N|4|3|D|06| |4|0| |2|W| |I|           0|      |45057675| 93138421|    |      |23|00|123|N|            |N|1|      94|0|        |&10 W OF CSAH52 (VICTORIA ST)                     
S|27|011273|1|1|23|1U|4|T|4|3|N|4|3|D|06| |4|0| |2|W| |I|           0|      |44995784| 93089245|    |      |23|00|123|N|            |N|1|      35|0|        |N OF LARPENTEUR AVE                               
S|27|011196|3|2|23|3U|2|T|2|3|N|2|3|D|06| |2|0| |2|W| |I|           0|      |44891751| 93437515|    |      |23|00|053|N|         384|N|3|      65|0|        |E OF I-494 IN MINNETONKA                          
S|27|010919|7|4|23|1U|4|T|4|3|N|4|3|D|06| |4|0| |2|W| |I|           0|      |45057675| 93138421|    |      |23|00|123|N|            |N|1|      35|0|        |&10 W OF CSAH52 (VICTORIA ST)                     
S|27|011273|1|3|23|1U|4|T|4|3|H|4|3|D|06| |4|0| |2|W| |I|           0|      |44995784| 93089245|    |      |23|00|123|N|            |N|1|      35|0|        |N OF LARPENTEUR AVE                               
S|27|011238|7|3|23|1U|4|T|4|3|N|4|3|D|06| |4|0| |2|W| |I|           0|      |44970836| 93361330|    |      |23|00|053|N|            |N|1|      35|0|        |E OF LOUISIANA AVE IN ST LOUIS PARK               
S|27|011179|7|3|23|1U|4|T|4|3|N|4|3|D|06| |4|0| |2|W| |I|           0|      |44861925| 93313491|    |      |23|00|053|N|            |N|1|      35|0|        |W OF CSAH32 (PENN AVE) IN BLOOMINGTON             
S|27|011283|3|3|23|1U|3|T|3|3|N|3|3|D|06| |3|0| |2|W| |I|           0|      |44862248| 93263799|    |      |23|00|053|N|            |N|1|      94|0|        |E OF CSAH35 (PORTLAND AV) IN RICHFIELD            
S|27|011510|1|3|23|1U|4|T|4|3|H|4|3|D|06| |4|0| |2|W| |I|           0|      |45054158| 93187914|    |      |23|00|123|N|            |N|2|     169|0|        |S OF CSAH73 (CO RD E2)                            
S|27|011202|3|1|23|2U|2|T|2|3|N|2|3|D|06| |2|0| |2|W| |I|           0|      |44886867| 93342062|    |      |23|00|053|N|         384|N|3|      65|0|        |SE OF MN 100                                      
S|27|011516|1|3|23|1U|3|T|3|3|H|3|3|D|06| |3|0| |2|W| |I|           0|      |45156197| 93167353|    |      |23|00|003|N|            |N|1|      94|0|        |SW OF CSAH17 (LEX AVE) IN BLAINE                  
S|27|011747|7|3|23|1U|5|T|5|3|N|5|3|D|06| |5|0| |2|W| |I|           0|      |44951783| 93063840|    |      |23|00|123|N|            |N|3|     280|0|        |E OF MOUNDS BLVD IN ST PAUL                       
S|27|011205|7|2|23|2U|2|T|2|3|N|2|3|D|06| |2|0| |2|W| |I|           0|      |44875871| 93414643|    |      |23|00|053|N|            |N|1|      35|0|        |S OF CSAH61 (SHADY OAK RD) IN EDEN PRA            
S|27|011517|1|1|23|1U|3|T|3|3|H|3|3|D|06| |3|0| |2|W| |I|           0|      |44990407| 93459032|    |      |23|00|053|N|            |N|1|      94|0|        |S OF CSAH6 IN PLYMOUTH                            
S|27|011202|3|2|23|2U|2|T|2|3|N|2|3|D|06| |2|0| |2|W| |I|           0|      |44886867| 93342062|    |      |23|00|053|N|         384|N|3|      65|0|        |SE OF MN 100                                      
S|27|011283|3|2|23|1U|3|T|3|3|N|3|3|D|06| |3|0| |2|W| |I|           0|      |44862248| 93263799|    |      |23|00|053|N|            |N|1|      94|0|        |E OF CSAH35 (PORTLAND AV) IN RICHFIELD            
S|27|011273|1|4|23|1U|4|T|4|3|H|4|3|D|06| |4|0| |2|W| |I|           0|      |44995784| 93089245|    |      |23|00|123|N|            |N|1|      35|0|        |N OF LARPENTEUR AVE                               
S|27|011464|1|1|23|1U|3|T|3|3|N|3|3|D|06| |3|0| |2|W| |I|           0|      |45085098| 93052650|    |      |23|00|123|N|            |N|1|      94|0|        |N OF CSAH96                                       
S|27|011283|7|2|23|1U|3|T|3|3|N|3|3|D|06| |3|0| |2|W| |I|           0|      |44862248| 93263799|    |      |23|00|053|N|            |N|1|      94|0|        |E OF CSAH35 (PORTLAND AV) IN RICHFIELD            
S|27|011464|1|3|23|1U|1|T|1|3|H|1|3|D|06| |1|0| |2|W| |I|           0|      |45085098| 93052650|    |      |23|00|123|N|            |N|2|      12|0|        |N OF CSAH96                                       
S|27|011283|7|3|23|1U|3|T|3|3|N|3|3|D|06| |3|0| |2|W| |I|           0|      |44862248| 93263799|    |      |23|00|053|N|            |N|1|      94|0|        |E OF CSAH35 (PORTLAND AV) IN RICHFIELD            
S|27|011516|1|1|23|1U|3|T|3|3|H|3|3|D|06| |3|0| |2|W| |I|           0|      |45156197| 93167353|    |      |23|00|003|N|            |N|2|     169|0|        |SW OF CSAH17 (LEX AVE) IN BLAINE                  
S|27|011464|5|1|23|1U|2|T|2|3|H|2|3|D|06| |2|0| |2|W| |I|           0|      |45085098| 93052650|    |      |23|00|123|N|            |N|2|      10|0|        |N OF CSAH96                                       
S|27|011517|5|2|23|1U|3|T|3|3|H|3|3|D|06| |3|0| |2|W| |I|           0|      |44990407| 93459032|    |      |23|00|053|N|            |N|3|      65|0|        |S OF CSAH6 IN PLYMOUTH                            
S|27|011747|3|1|23|1U|5|T|5|3|H|5|3|D|06| |5|0| |2|W| |I|           0|      |44951783| 93063840|    |      |23|00|123|N|            |N|3|      36|0|        |E OF MOUNDS BLVD IN ST PAUL                       
S|27|011749|7|2|23|1U|3|T|3|3|H|3|3|D|06| |3|0| |2|W| |I|           0|      |44950793| 93010081|    |      |23|00|123|N|            |N|5|      31|0|        |&12 E OF RUTH ST IN ST PAUL                       
S|27|011749|3|2|23|1U|3|T|3|3|H|3|3|D|06| |3|0| |2|W| |I|           0|      |44950793| 93010081|    |      |23|00|123|N|            |N|5|      92|0|        |&12 E OF RUTH ST IN ST PAUL                       
S|27|011202|7|1|23|2U|2|T|2|3|N|2|3|D|06| |2|0| |2|W| |I|           0|      |44886867| 93342062|    |      |23|00|053|N|         384|N|3|      65|0|        |SE OF MN 100                                      
S|27|011517|5|1|23|1U|3|T|3|3|H|3|3|D|06| |3|0| |2|W| |I|           0|      |44990407| 93459032|    |      |23|00|053|N|            |N|3|      65|0|        |S OF CSAH6 IN PLYMOUTH                            
S|27|011205|3|1|23|2U|2|T|2|3|N|2|3|D|06| |2|0| |2|W| |I|           0|      |44875871| 93414643|    |      |23|00|053|N|            |N|1|      35|0|        |S OF CSAH61 (SHADY OAK RD) IN EDEN PRA            
S|27|011726|7|1|23|1U|4|T|4|3|H|4|3|D|06| |4|0| |2|W| |I|           0|      |44965525| 93247175|    |      |23|00|053|N|            |N|2|      52|0|        |AT CEDAR AVE BR (SEE LOC MAP)                     
S|27|011228|5|1|23|2U|2|T|2|3|N|2|3|D|06| |2|0| |2|W| |I|           0|      |45050097| 93400719|    |      |23|00|053|N|            |N|1|      35|0|        |N OF 49th AVE N IN NEW HOPE                       
S|27|011759|1|2|23|1U|3|T|3|3|N|3|3|D|06| |3|0| |2|W| |I|           0|      |45284956| 93002979|    |      |23|00|163|N|            |N|2|     169|0|        |S OF US 8                                         
S|27|011238|7|4|23|1U|4|T|4|3|N|4|3|D|06| |4|0| |2|W| |I|           0|      |44970836| 93361330|    |      |23|00|053|N|            |N|1|      35|0|        |E OF LOUISIANA AVE IN ST LOUIS PARK               
S|27|011280|5|2|23|1U|2|T|2|3|H|2|3|D|06| |2|0| |2|W| |I|           0|      |44847020| 93298156|    |      |23|00|053|N|            |N|1|     694|0|        |N OF 90th ST IN BLOOMINGTON                       
S|27|011280|5|3|23|1U|2|T|2|3|H|2|3|D|06| |2|0| |2|W| |I|           0|      |44847020| 93298156|    |      |23|00|053|N|            |N|1|     694|0|        |N OF 90th ST IN BLOOMINGTON                       
S|27|011747|3|3|23|1U|5|T|5|3|H|5|3|D|06| |5|0| |2|W| |I|           0|      |44951783| 93063840|    |      |23|00|123|N|            |N|3|      97|0|        |E OF MOUNDS BLVD IN ST PAUL                       
S|27|042507|3|2|23|2U|2|T|2|3|H|2|3|D|06| |2|0| |2|W| |I|           0|      |44790044| 93405414|    |      |23|00|139|N|            |N|5|      23|0|        |NE OF MSAS 126                                    
S|27|070413|3|2|23|2U|2|T|2|3|N|2|3|D|06| |2|0| |2|W| |I|           0|      |45137556| 93479207|    |      |23|00|053|N|            |N|5|      42|0|        |W of MSAS 106 (Maple Grove Pkwy)                  
S|27|070413|7|2|23|2U|2|T|2|3|N|2|3|D|06| |2|0| |2|W| |I|           0|      |45137556| 93479207|    |      |23|00|053|N|            |N|5|      42|0|        |W of MSAS 106 (Maple Grove Pkwy)                  
S|27|000049|3|1|23|1U|2|N|2|3|N|2|3|M|15|T|2|5|C|2|Q|L|L|  1000000904|      |43639005| 95615747|   0|     0|17|00|105|N|         518|N|1|      90|0|       0|.4_MI_E_OF_CSAH25_(DIAGONAL RD)_IN_WORTHINGTON    
S|27|000191|5|1|23|1U|2|T|2|3|H|2|3|G|13| |0|0| |2|P|N|P|000000000000|      |45354727| 92998765|    |      |69|00|013|N|            |N|1|00000035|0|        |1.5 MI N OF CSAH22 (E VIKING B                    
S|27|000211|1|1|23|3R|2|T|2|3|H|2|3|G|13| |0|0| |2|P|N|P|000000000000|      |47672412| 92648248|    |      |61|00|069|N|            |N|2|00000053|0|        |1 MI NW OF CSAH65 (BISS RD), N                    
S|27|000232|5|1|23|5R|1|T|1|3|H|1|3|G|13| |0|0| |2|P|N|P|000000000000|      |45925452| 96130339|    |      |12|00|026|N|            |N|5|00000011|0|        |.6 MI S OF CSAH12, NE OF NORCR                    
S|27|000275|1|2|23|3R|2|T|1|3|H|2|3|G|13| |0|0| |2|P|N|P|           0|      |45607699| 94030218|    |      |23|00|000|N|            |N|5|       9|0|        |SR 23                                             
S|27|000336|1|2|23|1U|3|T|3|3|N|0|0| |13| |0|0| |2|L|N|P|000000000000|      |44811482| 93183712|    |      |87|00|019|N|            |N|1|00000035|0|        |N OF MSAS102 (DEERWOOD DR) IN                     
S|27|000336|1|3|23|1U|3|T|3|3|N|0|0| |13| |0|0| |2|L|N|P|000000000000|      |44811482| 93183712|    |      |87|00|019|N|            |N|1|00000035|0|        |N OF MSAS102 (DEERWOOD DR) IN                     
S|27|000352|7|1|23|2U|2|T|2|3|H|2|3|G|13| |0|0| |2|P|N|P|000000000000|      |45246773| 93503702|    |      |41|00|002|N|            |N|2|00000010|0|        |SE OF MSAS112 (153RD AVE NW) I                    
S|27|000407|7|1|23|4U|1|T|1|3|H|1|3|G|13| |0|0| |2|P|N|P|000000000000|      |44954281| 93572437|    |      |72|00|027|N|            |N|5|00000015|0|        |NE OF SPATES AVE IN ORONO                         
S|27|000464|3|1|23|4U|2|T|2|3|H|2|3|G|13| |0|0| |2|P|N|P|000000000000|      |45028095| 93045194|    |      |88|00|062|N|            |N|5|00000020|0|        |E OF TH61 IN MAPLEWOOD                            
S|27|001710|1|2|23|3R|2|N|2|3|N|2|3|D|06|T|2|0| |2|W| |P|  2000000530|      |44409558| 92858009|   0|     0|23|00|049|N|02269B0053BI|N|2|      53|0|       0|SE OF SE JCT CSAH1                                
S|27|001977|3|1|23|3R|1|N|1|3|N|1|3|D|06|T|1|0| |2|W| |P|   200000052|      |47188018| 95131772|   0|     0|23|00|057|N|            |N|2|      52|0|       0|&200 E OF CSAH3                                   
S|27|003581|1|1|23|3U|2|N|2|3|N|2|3|D|06|T|2|0| |2|W| |P|  1000000942|200086|44365494| 93963236|   0|     0|23|00|103|N|    94196269|N|1|      94|0|       0|N OF ST PETER NCL                                 
S|27|004172|5|1|23|1R|2|N|2|3|N|2|3|D|06|T|2|0| |2|W| |P|   200000052|126677|45985160| 92948417|   0|     0|23|00|115|N|62119C0003BH|N|2|      52|0|       0|N OF MN 23                                        
S|27|004820|7|1|23|1R|2|T|2|2|H|2|2|D|04| |0|0| |2|W|N|P|000000000000|      |43608459| 96380157|    |      |12|00|067|N|            |N|1|00000090|0|        |W OF CSAH 4, W OF BEAVER CREEK                    
S|27|005262|1|2|23|3R|2|N|2|3|N|2|3|D|06|T|2|0| |2|W| |P|   200000010|      |47445183| 92887283|   0|     0|23|00|137|N|            |N|2|      10|0|       0|&73 NE OF SPUDVILLE RD IN HIBBING                 
S|27|005984|1|2|23|3R|2|T|2|2|H|2|2|D|04| |0|0| |2|W|N|P|000000000000|      |44288899| 91989601|    |      |14|00|079|N|            |N|2|00000061|0|        |.9 MI SE OF CSAH18, S OF KELLO                    
S|27|006461|7|3|23|1U|3|N|3|3|N|3|3|D|06|T|3|0| |2|W| |P|   100000090|279891|45299921| 93807600|   0|     0|23|00|171|N|            |N|1|      90|0|       0|&52 W OF MN 25                                    
S|27|006755|3|2|23|3U|2|T|2|3|N|2|3|D|06| |2|0| |2|W| |P|           0|      |44027277| 92578141|    |      |23|00|111|N|            |N|2|      53|0|        |US 14                                             
S|27|009824|1|2|23|1U|2|T|2|3|H|2|3|D|06| |2|0| |2|W| |P|           0|      |46771265| 92115869|    |      |23|00|137|N|            |N|1|      35|0|        |N OF GARFIELD AVE IN DULUTH                       
S|27|010206|3|1|23|1U|4|T|4|3|H|4|3|D|06| |4|0| |2|W| |I|           0|      |44883201| 93015409|    |      |23|00|163|N|            |N|2|     169|0|        |ON MISS RIVER BR IN NEWPORT                       
S|27|010390|1|3|23|1U|3|T|3|3|H|3|3|D|06| |3|0| |2|W| |I|           0|      |45063230| 93449019|    |      |23|00|053|N|            |N|2|      14|0|        |S OF CSAH10 (BASS LAKE RD) IN PLYMOUTH            
S|27|010398|3|2|23|1U|3|T|3|3|H|3|3|D|06| |3|0| |2|W| |I|           0|      |45199546| 93563636|    |      |23|00|053|N|            |N|3|      29|0|        |NW OF MN 101                                      
S|27|011273|5|1|23|1U|4|T|4|3|H|4|3|D|06| |4|0| |2|W| |I|           0|      |44995784| 93089245|    |      |23|00|123|N|            |N|1|      35|0|        |N OF LARPENTEUR AVE                               
S|27|011273|5|4|23|1U|4|T|4|3|N|4|3|D|06| |4|0| |2|W| |I|           0|      |44995784| 93089245|    |      |23|00|123|N|            |N|1|      35|0|        |N OF LARPENTEUR AVE                               
S|27|011510|1|1|23|1U|4|T|4|3|H|4|3|D|06| |4|0| |2|W| |I|           0|      |45054158| 93187914|    |      |23|00|123|N|            |N|2|      10|0|        |S OF CSAH73 (CO RD E2)                            
S|27|011510|5|2|23|1U|4|T|4|3|H|4|3|D|06| |4|0| |2|W| |I|           0|      |45054158| 93187914|    |      |23|00|123|N|            |N|2|     169|0|        |S OF CSAH73 (CO RD E2)                            
S|27|011510|5|3|23|1U|4|T|4|3|H|4|3|D|06| |4|0| |2|W| |I|           0|      |45054158| 93187914|    |      |23|00|123|N|            |N|2|     169|0|        |S OF CSAH73 (CO RD E2)                            
S|27|011517|1|3|23|1U|3|T|3|3|H|3|3|D|06| |3|0| |2|W| |I|           0|      |44990407| 93459032|    |      |23|00|053|N|            |N|3|      65|0|        |S OF CSAH6 IN PLYMOUTH                            
S|27|011726|3|3|23|1U|4|T|4|3|H|4|3|D|06| |4|0| |2|W| |I|           0|      |44965525| 93247175|    |      |23|00|053|N|            |N|2|      52|0|        |AT CEDAR AVE BR (SEE LOC MAP)                     
S|27|011726|7|2|23|1U|4|T|4|3|H|4|3|D|06| |4|0| |2|W| |I|           0|      |44965525| 93247175|    |      |23|00|053|N|            |N|3|      36|0|        |AT CEDAR AVE BR (SEE LOC MAP)                     
S|27|011759|5|3|23|1U|3|T|3|3|H|3|3|D|06| |3|0| |2|W| |I|           0|      |45284956| 93002979|    |      |23|00|163|N|            |N|5|      15|0|        |S OF US 8                                         
S|27|070413|3|1|23|2U|2|T|2|3|N|2|3|D|06| |2|0| |2|W| |I|           0|      |45137556| 93479207|    |      |23|00|053|N|            |N|5|      42|0|        |W of MSAS 106 (Maple Grove Pkwy)                  
