id,uuid,observed_on_string,observed_on,time_observed_at,time_zone,user_id,user_login,user_name,created_at,updated_at,quality_grade,license,url,image_url,sound_url,tag_list,description,num_identification_agreements,num_identification_disagreements,captive_cultivated,oauth_application_id,place_guess,latitude,longitude,positional_accuracy,private_place_guess,private_latitude,private_longitude,public_positional_accuracy,geoprivacy,taxon_geoprivacy,coordinates_obscured,positioning_method,positioning_device,species_guess,scientific_name,common_name,iconic_taxon_name,taxon_id,field:quantity,field:quantity observed
577310,7a6865d3-d8c9-49e4-a2cc-0da2986becc5,2014-03-20 18:21:10,2014-03-20,2014-03-21 01:21:10 UTC,Pacific Time (US & Canada),26093,museumofriverside,Museum of Riverside,2014-03-21 18:59:53 UTC,2023-06-01 08:06:29 UTC,research,CC-BY-NC,http://www.inaturalist.org/observations/577310,https://inaturalist-open-data.s3.amazonaws.com/photos/734343/medium.jpg,,"",Photo by Hope Olvera,2,0,false,,"Casa Blanca, Riverside, CA",33.926559,-117.400721,,,,,,,,false,,,Desert Grass Spider,Agelenopsis aperta,Desert Grass Spider,Arachnida,201680,,
785768,1423763c-dea9-49ab-9288-a8c20425fbec,2014-07-14 12:28,2014-07-14,2014-07-14 19:28:00 UTC,Pacific Time (US & Canada),26093,museumofriverside,Museum of Riverside,2014-07-15 17:20:31 UTC,2023-12-02 09:38:22 UTC,research,CC-BY-NC,http://www.inaturalist.org/observations/785768,https://inaturalist-open-data.s3.amazonaws.com/photos/987334/medium.jpg,,"",Photo by Cheree Duarte,3,0,false,,"Woodcrest, Riverside, CA",33.869474,-117.335388,,,,,,,,false,,,Agelenopsis aperta,Agelenopsis aperta,Desert Grass Spider,Arachnida,201680,,
818913,d86fa81a-c404-497a-a2c2-13d27a46baba,2014-08-03 00:32:09,2014-08-03,2014-08-03 07:32:09 UTC,Pacific Time (US & Canada),27743,jaykeller,Jay L. Keller,2014-08-06 03:42:32 UTC,2023-12-02 09:43:31 UTC,research,,http://www.inaturalist.org/observations/818913,https://static.inaturalist.org/photos/1032946/medium.jpg,,"","",2,0,false,,"Scissors Crossing, CA",33.103909,-116.48632,547,,,,547,,,false,,manual,Agelenopsis aperta,Agelenopsis aperta,Desert Grass Spider,Arachnida,201680,,
878820,751c383c-c231-45b3-8037-c926af07a785,2014-08-23 21:31:45,2014-08-23,2014-08-24 04:31:45 UTC,Pacific Time (US & Canada),27743,jaykeller,Jay L. Keller,2014-09-16 02:00:39 UTC,2023-12-02 11:02:00 UTC,research,,http://www.inaturalist.org/observations/878820,https://static.inaturalist.org/photos/1115774/medium.jpg,,"","",1,0,false,,"Pena Blanca Lake, AZ",31.401561,-111.088085,139,,,,139,,,false,,,Desert Grass Spider,Agelenopsis aperta,Desert Grass Spider,Arachnida,201680,,
1391708,ecb6a62f-3691-4b57-a075-1f5d39bdeaa4,2015-04-13,2015-04-13,,Pacific Time (US & Canada),6971,silversea_starsong,James Bailey,2015-04-13 21:09:30 UTC,2023-06-01 08:08:53 UTC,research,CC-BY,http://www.inaturalist.org/observations/1391708,https://inaturalist-open-data.s3.amazonaws.com/photos/1723825/medium.JPG,,"","",1,0,false,,Cheseboro Canyon,34.162351,-118.722875,68,,,,68,,,false,,manual,Desert Grass Spider,Agelenopsis aperta,Desert Grass Spider,Arachnida,201680,,
1532203,6a10ddf5-54bb-46db-acd0-f0aa029fd28e,Sat May 23 2015 13:33:28 GMT-0700 (PDT),2015-05-23,2015-05-23 20:33:28 UTC,Pacific Time (US & Canada),44578,lorettarose,"",2015-05-23 20:33:31 UTC,2023-06-01 08:09:29 UTC,research,CC-BY-NC,http://www.inaturalist.org/observations/1532203,https://inaturalist-open-data.s3.amazonaws.com/photos/1898355/medium.jpg,,"",,2,0,false,3,"27149–27165 Palos Verdes Dr E, Rolling Hills Estates, CA, US",33.772235,-118.327001,5,,,,5,,,false,,,Desert Grass Spider,Agelenopsis aperta,Desert Grass Spider,Arachnida,201680,,
1710138,2fa94186-f2a2-4222-8f1a-a9cb509d0ab7,2015-06-29 19:36,2015-06-29,2015-06-30 02:36:00 UTC,Pacific Time (US & Canada),26093,museumofriverside,Museum of Riverside,2015-06-30 21:09:41 UTC,2016-03-09 21:51:21 UTC,research,CC-BY-NC,http://www.inaturalist.org/observations/1710138,https://inaturalist-open-data.s3.amazonaws.com/photos/2071107/medium.jpg,,"",Photo by Kim Wilshire; identification by Rick vetter,1,0,false,,"Box Springs Grade, Riverside, CA",33.9527783962,-117.3257479818,,,,,,,,false,,,grass spider,Agelenopsis aperta,Desert Grass Spider,Arachnida,201680,,
1785435,a70945ae-914a-4bb4-8d0f-5c428b5eb2cf,2015-07-20 4:53:48 PM PDT,2015-07-20,2015-07-20 23:53:48 UTC,Pacific Time (US & Canada),12809,cedric_lee,Cedric Lee,2015-07-21 04:37:59 UTC,2023-06-01 08:10:16 UTC,research,CC-BY-NC,http://www.inaturalist.org/observations/1785435,https://static.inaturalist.org/photos/2161901/medium.jpg,,"","",2,0,false,2,"Angeles MRCA Open Space, Los Angeles County, US-CA, US",34.1821324256,-117.9711474613,48,,,,48,,,false,gps,gps,Desert Grass Spider,Agelenopsis aperta,Desert Grass Spider,Arachnida,201680,,
1822986,a76928d5-e443-4950-bc40-777d8a69b1bd,2015-07-19,2015-07-19,,Pacific Time (US & Canada),108450,rjadams55,R.J. Adams,2015-08-01 19:10:00 UTC,2023-12-02 11:17:45 UTC,research,CC-BY-NC,http://www.inaturalist.org/observations/1822986,https://inaturalist-open-data.s3.amazonaws.com/photos/2211241/medium.JPG,,"","This individual had a large web in an agave. It's body length was nearly an inch, and while not visible in the pictures, it had the long spinnerets that distinguish the genera Agelenenopsis and Calilena.

Calilena are generally grayer and tend to build their funnlewebs under debris and close to the ground while western Agelenopsis are more tan and generally build large webs that are elevated with a wide, deep funnel retreat. ",2,0,false,,Santa Barbara Botanical Garden,34.456948,-119.709921,8,,,,8,,,false,,,Agelenopsis aperta,Agelenopsis aperta,Desert Grass Spider,Arachnida,201680,,
3259300,264f149d-a161-464a-b02e-2a0049839b42,2016-05-21 09:59,2016-05-21,2016-05-21 16:59:00 UTC,Pacific Time (US & Canada),81779,scubabruin,LSchare (she/her),2016-05-21 22:40:13 UTC,2024-08-30 21:28:19 UTC,research,CC-BY-NC,http://www.inaturalist.org/observations/3259300,https://inaturalist-open-data.s3.amazonaws.com/photos/3769314/medium.jpg,,"","",2,0,false,,Leo Carrillo State Park ,34.047798,-118.932692,6,,,,6,,,false,,,Desert Grass Spider,Agelenopsis aperta,Desert Grass Spider,Arachnida,201680,,
3362044,86dd526a-cec2-4ddb-b126-af85ffc8b9a2,2016/06/01 6:24 PM -0700,2016-06-01,2016-06-02 01:24:00 UTC,Arizona,52839,glmory,Jesse Rorabaugh,2016-06-02 05:30:35 UTC,2023-06-01 08:11:08 UTC,research,CC0,http://www.inaturalist.org/observations/3362044,https://inaturalist-open-data.s3.amazonaws.com/photos/3882305/medium.jpg,,"",,2,0,false,,"Powder Canyon Open Space, Los Angeles, California, United States",33.9705683333,-117.936785,,,,,,,,false,,,Desert Grass Spider,Agelenopsis aperta,Desert Grass Spider,Arachnida,201680,,
3376652,e8de6f93-6e8f-493b-9e94-9b3969b538cd,2016-06-02,2016-06-02,,Pacific Time (US & Canada),108450,rjadams55,R.J. Adams,2016-06-04 05:56:54 UTC,2023-12-02 11:54:56 UTC,research,CC-BY-NC,http://www.inaturalist.org/observations/3376652,https://inaturalist-open-data.s3.amazonaws.com/photos/3900353/medium.JPG,,"","Only two genera of California funnel-web weavers have both a procurved posterior eye row and exceptionally long spinnerets, Agelenopsis and Calilena. Calilena tend to be greyer and build their webs flush against the substrate and are frequently found under rocks, lumber, and other debris.

Agelenopsis build large funnel-shaped webs with sheets up to several feet across wide openings. their webs spread out above the substrate and in tall, grassy fields, it's not uncommon to see a tube of silk extending several inches below the sheet into a crack in the ground. Only a single species of Agelenopsis lives in southern and central California: A. aptera.  ",2,0,false,,Fremont Peak State Park,36.760065,-121.50327,14,,,,14,,,false,,,Agelenopsis aperta,Agelenopsis aperta,Desert Grass Spider,Arachnida,201680,,
3413820,4a17edbc-43b9-4e6e-bfea-eef376c9e60a,2016-06-08,2016-06-08,,Pacific Time (US & Canada),81261,biohexx1,Valtierra,2016-06-08 23:39:40 UTC,2023-12-07 07:24:56 UTC,research,CC-BY-NC-ND,http://www.inaturalist.org/observations/3413820,https://inaturalist-open-data.s3.amazonaws.com/photos/3952147/medium.JPG,,"",,3,0,false,,"Sloane Canyon, Dehesa, California",32.77172,-116.81013,1,,,,1,,,false,,,Agelenopsis aperta,Agelenopsis aperta,Desert Grass Spider,Arachnida,201680,,
3432451,cf24df97-d67d-48c6-9453-d999bab02211,2016-06-10,2016-06-10,,Pacific Time (US & Canada),101307,austinxuscerp,Austin Xu,2016-06-11 04:24:44 UTC,2023-12-07 07:26:41 UTC,research,CC-BY-NC,http://www.inaturalist.org/observations/3432451,https://inaturalist-open-data.s3.amazonaws.com/photos/3976919/medium.png,,"","",2,0,false,,crystal cove state park,33.573077,-117.814604,55,,,,55,,,false,,,Agelenopsis aperta,Agelenopsis aperta,Desert Grass Spider,Arachnida,201680,,
3630986,962ee071-6b67-423a-b817-9229e3ee899e,2016/07/04 9:16 AM PDT,2016-07-04,2016-07-04 16:16:00 UTC,Pacific Time (US & Canada),35725,yetikat,Kat Halsey,2016-07-06 05:54:05 UTC,2023-06-01 08:12:14 UTC,research,CC-BY-NC,http://www.inaturalist.org/observations/3630986,https://inaturalist-open-data.s3.amazonaws.com/photos/4195395/medium.JPG,,"",OLYMPUS DIGITAL CAMERA,2,0,false,,"Los Angeles, CA, USA",34.1469444444,-118.295,,,,,,,,false,,,Desert Grass Spider,Agelenopsis aperta,Desert Grass Spider,Arachnida,201680,,
3654606,3ed70c08-bc60-4b10-907b-0c96ff2bffeb,2016/07/09 10:09 PM CEST,2016-07-09,2016-07-09 20:09:00 UTC,Paris,186163,jasonrgrant,Jason Grant,2016-07-10 18:01:45 UTC,2023-12-02 13:50:01 UTC,research,CC-BY,http://www.inaturalist.org/observations/3654606,https://inaturalist-open-data.s3.amazonaws.com/photos/4229733/medium.jpg,,"",,2,0,false,,"College, AK 99709, USA",64.8863916667,-147.806075,,,,,,,,false,,,Agelenopsis utahana,Agelenopsis utahana,Utah Funnelweb Spider,Arachnida,153497,,
3687733,88e89639-2938-43a4-920f-948f69e75e70,2016/07/16 7:32 AM PDT,2016-07-16,2016-07-16 14:32:00 UTC,Pacific Time (US & Canada),52839,glmory,Jesse Rorabaugh,2016-07-16 19:28:48 UTC,2023-06-01 08:12:47 UTC,research,CC0,http://www.inaturalist.org/observations/3687733,https://inaturalist-open-data.s3.amazonaws.com/photos/4277105/medium.jpg,,"",,2,0,false,,"Los Angeles County, CA, USA",33.9939233333,-118.0116933333,,,,,,,,false,,,Desert Grass Spider,Agelenopsis aperta,Desert Grass Spider,Arachnida,201680,,
3792648,ff5f91c8-38c7-4fd4-800c-31862b3e1619,2016-07-24 00:13:01,2016-07-24,2016-07-24 07:13:01 UTC,Pacific Time (US & Canada),27743,jaykeller,Jay L. Keller,2016-08-03 03:32:13 UTC,2025-05-18 22:09:56 UTC,research,,http://www.inaturalist.org/observations/3792648,https://static.inaturalist.org/photos/4428984/medium.jpg,,"",                               ,2,0,false,,"Boulder Creek, San Diego County, CA",32.978966,-116.675152,34,,,,34,,,false,,,Desert Grass Spider,Agelenopsis aperta,Desert Grass Spider,Arachnida,201680,,
3799046,6b49a41d-fe4a-4e13-a48d-5d53526204a2,2016/07/25 7:57 PM PDT,2016-07-25,2016-07-26 02:57:00 UTC,Pacific Time (US & Canada),35725,yetikat,Kat Halsey,2016-08-03 21:29:04 UTC,2023-06-01 08:13:37 UTC,research,CC-BY-NC,http://www.inaturalist.org/observations/3799046,https://inaturalist-open-data.s3.amazonaws.com/photos/4436138/medium.jpg,,"",OLYMPUS DIGITAL CAMERA,2,0,false,,"Los Angeles, California, United States",34.078105,-118.234145,,,,,,,,false,,,Desert Grass Spider,Agelenopsis aperta,Desert Grass Spider,Arachnida,201680,,
3825949,747314b5-a17c-43c1-9c17-3397f422120c,2016/08/06 4:57 AM PDT,2016-08-06,2016-08-06 11:57:00 UTC,Pacific Time (US & Canada),377,mhedin,Marshal Hedin,2016-08-07 20:18:20 UTC,2023-12-02 13:55:31 UTC,research,CC-BY-SA,http://www.inaturalist.org/observations/3825949,https://inaturalist-open-data.s3.amazonaws.com/photos/4474011/medium.jpg,,"","",3,0,false,,"15027 CA-79, Julian, CA 92036, USA",32.905506,-116.585298,13,,,,13,,,false,,,Agelenopsis aperta,Agelenopsis aperta,Desert Grass Spider,Arachnida,201680,,
4086738,7046ac4c-ec12-4b2c-bd9d-01ef336b34c6,Sun Sep 11 2016 10:45:20 GMT-0700 (PDT),2016-09-11,2016-09-11 17:45:20 UTC,Pacific Time (US & Canada),114025,erricofamily,The Errico Family,2016-09-11 18:21:11 UTC,2025-01-10 23:40:48 UTC,research,CC-BY-NC,http://www.inaturalist.org/observations/4086738,https://inaturalist-open-data.s3.amazonaws.com/photos/4849877/medium.jpg,,"",Dozens of grass spider webs along western edge of Eaton Canyon,2,0,false,3,"91107, Pasadena, CA, US",34.1907166667,-118.104125,,,,,,,,false,,,Desert Grass Spider,Agelenopsis aperta,Desert Grass Spider,Arachnida,201680,,
4178788,d2249b8c-07bc-4bef-a94a-8b0304c53b32,2016/09/22 8:40 AM PDT,2016-09-22,2016-09-22 15:40:00 UTC,Pacific Time (US & Canada),80984,kimssight,Kim Moore,2016-09-23 03:19:19 UTC,2021-01-18 06:49:38 UTC,research,,http://www.inaturalist.org/observations/4178788,https://static.inaturalist.org/photos/4977228/medium.jpg,,"Funnel-web spiders - Agelenidae, Grass spider - Agelenopsis aperta, Spiders - Areneae",,1,0,false,,"Seal Beach, CA, USA",33.7513375308,-118.0968475342,50,,,,50,,,false,,,Agelenopsis aperta,Agelenopsis aperta,Desert Grass Spider,Arachnida,201680,,
4974886,68928911-a7bb-4baf-b0c4-65400603c999,2015-07-08 8:39:19 PM PDT,2015-07-08,2015-07-09 03:39:19 UTC,Pacific Time (US & Canada),392423,bjdion,Benjamin J. Dion,2017-01-20 04:41:26 UTC,2025-05-05 07:40:52 UTC,research,CC-BY-NC-SA,https://www.inaturalist.org/observations/4974886,https://inaturalist-open-data.s3.amazonaws.com/photos/6073312/medium.jpeg,,"",Found on East End Loop Trail,2,0,false,2,"East End Light Road Avalon, CA 90704",33.320066796,-118.318055346,363,,,,363,,,false,gps,gps,Desert Grass Spider,Agelenopsis aperta,Desert Grass Spider,Arachnida,201680,,
6026571,65ce0e1f-7efa-4f99-83e7-b041e7651ce9,Sun Apr 30 2017 13:28:58 GMT-0700 (PDT),2017-04-30,2017-04-30 20:28:58 UTC,Pacific Time (US & Canada),121033,ttempel,,2017-04-30 20:29:34 UTC,2023-06-01 08:23:00 UTC,research,CC-BY-NC,https://www.inaturalist.org/observations/6026571,https://inaturalist-open-data.s3.amazonaws.com/photos/7543510/medium.jpg,,"",,2,0,false,3,"994 Norumbega Dr, Monrovia, CA, US",34.1563945,-117.978295,,,,,,,,false,,,Desert Grass Spider,Agelenopsis aperta,Desert Grass Spider,Arachnida,201680,,
7342359,7d56dea3-fe1f-403b-accd-600b0cc69f06,2017/08/03 10:03 AM PDT,2017-08-03,2017-08-03 17:03:00 UTC,Pacific Time (US & Canada),38718,mickeylong,Mickey Long,2017-08-04 03:08:53 UTC,2021-01-19 03:40:44 UTC,research,CC-BY-NC,https://www.inaturalist.org/observations/7342359,https://inaturalist-open-data.s3.amazonaws.com/photos/9515868/medium.jpeg,,"","Several large Funnelweb spiders in large webs, low in grasses.  Believe this is the right genus.",1,0,false,,"Millard Canyon, Altadena, CA, USA",34.2120549043,-118.1609415804,300,,,,300,,,false,,,Agelenopsis aperta,Agelenopsis aperta,Desert Grass Spider,Arachnida,201680,,
7383704,a5691ea2-07b3-4370-a44a-d3af1a737c02,2017/08/06 2:18 PM PDT,2017-08-06,2017-08-06 21:18:00 UTC,Pacific Time (US & Canada),74597,rkharwood,Randy,2017-08-06 23:03:14 UTC,2024-08-31 02:13:48 UTC,research,CC-BY,https://www.inaturalist.org/observations/7383704,https://inaturalist-open-data.s3.amazonaws.com/photos/9581654/medium.jpg,,"Funnel Web Weaver, Grass Spider, Rolling Hills Estates",,3,0,false,,"Rolling Hills Estates, CA, USA",33.7813856366,-118.349424116,3,,,,3,,,false,,,Desert Grass Spider,Agelenopsis aperta,Desert Grass Spider,Arachnida,201680,,
7383705,5e43ae01-70f1-4951-ba9d-71228327ff41,2017/08/06 2:18 PM PDT,2017-08-06,2017-08-06 21:18:00 UTC,Pacific Time (US & Canada),74597,rkharwood,Randy,2017-08-06 23:03:14 UTC,2024-08-31 02:13:48 UTC,research,CC-BY,https://www.inaturalist.org/observations/7383705,https://inaturalist-open-data.s3.amazonaws.com/photos/9581652/medium.jpg,,"Funnel Web Weaver, Grass Spider, Rolling Hills Estates",Many funnels have shown up in our yard this summer. 2 of these spiders held these large black 'rings'. What are they?,2,0,false,,"Rolling Hills Estates, CA, USA",33.7813856366,-118.3494257927,3,,,,3,,,false,,,Desert Grass Spider,Agelenopsis aperta,Desert Grass Spider,Arachnida,201680,,
7383706,3d305890-c13c-4743-a8cc-fba8b86be418,2017/08/06 2:18 PM PDT,2017-08-06,2017-08-06 21:18:00 UTC,Pacific Time (US & Canada),74597,rkharwood,Randy,2017-08-06 23:03:14 UTC,2024-08-31 02:13:48 UTC,research,CC-BY,https://www.inaturalist.org/observations/7383706,https://inaturalist-open-data.s3.amazonaws.com/photos/9581656/medium.jpg,,"Funnel Web Weaver, Grass Spider, Rolling Hills Estates",,2,0,false,,"Rolling Hills Estates, CA, USA",33.7813881447,-118.349425122,3,,,,3,,,false,,,Desert Grass Spider,Agelenopsis aperta,Desert Grass Spider,Arachnida,201680,,
7636979,892a686e-f30a-449c-a014-4ee628a41a13,Wed Aug 23 2017 15:00:01 GMT-0700 (PDT),2017-08-23,2017-08-23 22:00:01 UTC,Pacific Time (US & Canada),4818,misternatural,Russ DiFiori,2017-08-24 21:51:00 UTC,2021-01-18 07:00:54 UTC,research,CC-BY,https://www.inaturalist.org/observations/7636979,https://static.inaturalist.org/photos/9988601/medium.jpg,,"",,1,0,false,3,"Angeles National Forest, La Cañada Flintridge, CA, US",34.2195666667,-118.1773916667,,,,,,,,false,,,Agelenopsis aperta,Agelenopsis aperta,Desert Grass Spider,Arachnida,201680,,
7770163,3724b4a9-1e5e-41a8-b34a-420f9defda28,2017/07/18 7:42 AM PDT,2017-07-18,2017-07-18 14:42:00 UTC,Pacific Time (US & Canada),612306,flapflapglide,Mandy Mathews,2017-09-04 00:27:11 UTC,2023-06-05 03:30:45 UTC,research,,https://www.inaturalist.org/observations/7770163,https://static.inaturalist.org/photos/10207357/medium.jpg,,"",,2,0,false,,"Santee, CA, USA",32.8383828,-116.9739167,7974,,,,7974,,,false,,,Desert Grass Spider,Agelenopsis aperta,Desert Grass Spider,Arachnida,201680,,
7912198,e604e1c2-ec14-4f2e-8841-d8a6f944e338,2017/08/24 9:28 PM PDT,2017-08-24,2017-08-25 04:28:00 UTC,Pacific Time (US & Canada),505,dloarie,Don Loarie,2017-09-14 03:54:56 UTC,2023-12-07 10:55:07 UTC,research,CC-BY,https://www.inaturalist.org/observations/7912198,https://inaturalist-open-data.s3.amazonaws.com/photos/10440966/medium.jpg,,"",,1,0,false,,"Santa Cruz County, AZ, USA",31.3999583333,-111.0891983333,,,,,,,,false,,,Desert Grass Spider,Agelenopsis aperta,Desert Grass Spider,Arachnida,201680,,
8001632,799ce75b-da93-4e1a-8ed2-8b280f17a531,2017/09/19 11:30 AM PDT,2017-09-19,2017-09-19 18:30:00 UTC,Pacific Time (US & Canada),80984,kimssight,Kim Moore,2017-09-19 22:44:42 UTC,2023-06-01 08:35:46 UTC,research,,https://www.inaturalist.org/observations/8001632,https://static.inaturalist.org/photos/10586218/medium.jpg,,"",The red-shouldered bug was placed in the web to get the spider to come out of the web.,1,0,false,,"Long Beach, CA, USA",33.8095776695,-118.0892381073,25,,,,25,,,false,,,Desert Grass Spider,Agelenopsis aperta,Desert Grass Spider,Arachnida,201680,,
8064123,5f02ce30-d333-4f92-944a-0177e2889852,Fri Sep 22 2017 23:15:09 GMT-0700 (PDT),2017-09-22,2017-09-23 06:15:09 UTC,Pacific Time (US & Canada),387161,peregrinetracy,Tracy Lawrence,2017-09-24 00:58:15 UTC,2023-06-01 08:36:53 UTC,research,CC-BY-NC,https://www.inaturalist.org/observations/8064123,https://inaturalist-open-data.s3.amazonaws.com/photos/10687004/medium.jpg,,"",,2,0,false,3,"San Diego County, US-CA, US",32.8517417401,-116.6709477923,,,,,29039,obscured,,true,,,Desert Grass Spider,Agelenopsis aperta,Desert Grass Spider,Arachnida,201680,,
8153677,9a2ac097-01e3-4d88-bf09-11ba7af1546d,Thu Sep 28 2017 11:07:15 GMT-0400 (EDT),2017-09-28,2017-09-28 15:07:15 UTC,Eastern Time (US & Canada),648851,glenzepa,,2017-09-28 15:43:16 UTC,2022-12-14 02:18:06 UTC,research,,https://www.inaturalist.org/observations/8153677,https://static.inaturalist.org/photos/10794916/medium.jpg,,"","",2,0,false,3,"James Madison University, Harrisonburg, VA, US",38.4292033333,-78.8639366667,,,,,,,,false,,,Pennsylvania Grass Spider,Agelenopsis pennsylvanica,Pennsylvania Grass Spider,Arachnida,143215,,
8216831,f9b572ae-6eb6-4c11-b103-4744b2b26351,2017/09/30 7:49 PM PDT,2017-09-30,2017-10-01 02:49:00 UTC,Pacific Time (US & Canada),80984,kimssight,Kim Moore,2017-10-02 05:20:26 UTC,2023-06-01 09:00:37 UTC,research,,https://www.inaturalist.org/observations/8216831,https://static.inaturalist.org/photos/10890385/medium.jpg,,"",,1,0,false,,"Orange County, CA, USA",33.7580834404,-117.701337039,20,,,,20,,,false,,,Desert Grass Spider,Agelenopsis aperta,Desert Grass Spider,Arachnida,201680,,
9825358,ca87d6c4-9421-4926-9c47-7225fbe73362,2016/09/09 1:04 PM PDT,2016-09-09,2016-09-09 20:04:00 UTC,Pacific Time (US & Canada),252388,mgruen,Matt Gruen,2018-02-11 19:41:44 UTC,2021-01-18 17:09:11 UTC,research,CC-BY-NC,https://www.inaturalist.org/observations/9825358,https://static.inaturalist.org/photos/13450808/medium.jpeg,,"","",1,0,false,,"California, US",34.1034229674,-117.9979610641,20,,,,28874,obscured,,true,,,Agelenopsis aperta,Agelenopsis aperta,Desert Grass Spider,Arachnida,201680,,
10209312,910f850c-c025-49e9-b2a1-3fe880e36d5d,2017-10-17,2017-10-17,,Central Time (US & Canada),211492,cheins1,"",2018-03-12 21:59:52 UTC,2018-12-30 11:02:31 UTC,research,,https://www.inaturalist.org/observations/10209312,https://static.inaturalist.org/photos/14104736/medium.jpeg,,"",Female; confirmed via dissection.,2,0,false,,"Blue Earth County, US-MN, US",44.10122,-94.104012,1574,,,,1574,,,false,,,Agelenopsis utahana,Agelenopsis utahana,Utah Funnelweb Spider,Arachnida,153497,,
11045042,539ed286-0537-4ad1-8f20-b2aee3cb9d12,2016/05/12 10:33 AM PDT,2016-05-12,2016-05-12 17:33:00 UTC,Pacific Time (US & Canada),34038,merav,Merav Vonshak,2018-04-17 05:41:53 UTC,2023-06-01 09:01:16 UTC,research,CC-BY-NC,https://www.inaturalist.org/observations/11045042,https://inaturalist-open-data.s3.amazonaws.com/photos/15581958/medium.jpg,,"2 predation, 5 Nest, Animals, Arachnida, Insect, Invertebrates, Spiders",,2,0,false,,"South San Jose, San Jose, CA, USA",37.2086414448,-121.8086412549,1,,,,1,,,false,,,Desert Grass Spider,Agelenopsis aperta,Desert Grass Spider,Arachnida,201680,,
12626601,cd0a5d24-25c4-42bc-8579-6f712e366940,2018/05/11 9:18 PM CDT,2018-05-11,2018-05-12 02:18:00 UTC,Central Time (US & Canada),132814,davidjb,David Bruns,2018-05-20 02:54:59 UTC,2023-12-02 11:59:47 UTC,research,CC-BY-NC,https://www.inaturalist.org/observations/12626601,https://inaturalist-open-data.s3.amazonaws.com/photos/18261235/medium.jpeg,,"",Male. ~7 mm. Found while eye-shining for spiders in upland oak-hickory forest,3,0,false,,"Kirkwood, MO 63122, USA",38.5569899654,-90.427544117,4,,,,4,,,false,,,Agelenopsis kastoni,Agelenopsis kastoni,,Arachnida,212719,,
12651049,b6ce2601-44b5-43c4-9177-b8a5e1f67644,Sun May 20 2018 00:43:36 GMT-0700 (PDT),2018-05-20,2018-05-20 07:43:36 UTC,Pacific Time (US & Canada),856159,daniel-johnson,Daniel Johnson,2018-05-20 20:00:48 UTC,2021-01-27 18:16:23 UTC,research,,https://www.inaturalist.org/observations/12651049,https://static.inaturalist.org/photos/18303553/medium.jpg,,"",,2,0,false,3,"Mojave National Preserve, Essex, CA, US",35.0487638333,-115.3827133333,10,,,,10,,,false,,,Agelenopsis aperta,Agelenopsis aperta,Desert Grass Spider,Arachnida,201680,,
12654019,15df0753-7188-4d1f-9042-deecb18e8542,2018/05/17 11:32 AM EDT,2018-05-17,2018-05-17 15:32:00 UTC,Eastern Time (US & Canada),632686,christmasessence,"",2018-05-20 21:24:18 UTC,2023-12-02 12:00:43 UTC,research,CC-BY-NC,https://www.inaturalist.org/observations/12654019,https://inaturalist-open-data.s3.amazonaws.com/photos/18308225/medium.jpeg,,"","",3,0,false,,"King George, VA",38.266451,-77.180784,6344,,,,6344,,,false,,google,Agelenopsis kastoni,Agelenopsis kastoni,,Arachnida,212719,,
12976458,a77e6c8e-bbfd-4a4e-ba45-062e56e6c19a,Sat May 26 2018 11:06:26 GMT-0700 (PDT),2018-05-26,2018-05-26 18:06:26 UTC,Pacific Time (US & Canada),928553,mikeruiz0,,2018-05-31 06:26:44 UTC,2021-01-18 06:56:18 UTC,research,,https://www.inaturalist.org/observations/12976458,https://static.inaturalist.org/photos/18868656/medium.jpg,,"",,1,0,false,3,"Bolsa Chica Ecological Reserve, Huntington Beach, CA, US",33.7113402774,-118.0557018535,83,,,,83,,,false,,,Agelenopsis aperta,Agelenopsis aperta,Desert Grass Spider,Arachnida,201680,,
15173518,ca98eefd-b5d7-497d-a230-e9d0156ce92d,Mon Aug 06 2018 10:35:15 GMT-0700 (PDT),2018-08-06,2018-08-06 17:35:15 UTC,Pacific Time (US & Canada),880638,klacaille,,2018-08-06 17:41:24 UTC,2023-06-01 08:44:51 UTC,research,,https://www.inaturalist.org/observations/15173518,https://static.inaturalist.org/photos/22690274/medium.jpg,,"",,2,0,false,3,"US-101 S, Ventura, CA, US",34.2772514678,-119.2935205936,4764,,,,4764,,,false,,,Desert Grass Spider,Agelenopsis aperta,Desert Grass Spider,Arachnida,201680,,
15274989,b735f433-da0a-4fb8-abd4-bf0352cd0146,2018-08-09 3:41:16 PM MDT,2018-08-09,2018-08-09 21:41:16 UTC,Mountain Time (US & Canada),1132759,kris83,Kris Davis,2018-08-09 23:22:11 UTC,2023-06-01 08:44:04 UTC,research,,https://www.inaturalist.org/observations/15274989,https://static.inaturalist.org/photos/22860247/medium.jpeg,,"",,2,0,false,2,"2500 El Fuerte St, Carlsbad, CA 92009, USA",33.0937995911,-117.2534484863,,,,,,,,false,gps,gps,Desert Grass Spider,Agelenopsis aperta,Desert Grass Spider,Arachnida,201680,,
15790987,79c6985b-afe0-4614-a59b-f60b6dcacef7,Wed Aug 22 2018 12:07:58 GMT-0700 (PDT),2018-08-22,2018-08-22 19:07:58 UTC,Pacific Time (US & Canada),121033,ttempel,,2018-08-22 19:22:28 UTC,2021-01-18 15:27:30 UTC,research,CC-BY-NC,https://www.inaturalist.org/observations/15790987,https://inaturalist-open-data.s3.amazonaws.com/photos/23598005/medium.jpg,,"",,1,0,false,3,"994 Norumbega Dr, Monrovia, CA, US",34.1566166667,-117.9784166667,10,,,,10,,,false,,,Agelenopsis aperta,Agelenopsis aperta,Desert Grass Spider,Arachnida,201680,,
17088410,a7f26792-dc88-4692-b47d-7a95cae13f96,2018-09-21,2018-09-21,,Central Time (US & Canada),132814,davidjb,David Bruns,2018-10-01 02:59:06 UTC,2023-05-05 16:46:30 UTC,research,CC-BY-NC,https://www.inaturalist.org/observations/17088410,https://inaturalist-open-data.s3.amazonaws.com/photos/25868995/medium.jpeg,,"","18mm TBL, Female
Found by students participating in St. Louis Academy of Science BioBlitz",1,0,false,,"Missouri, US",38.641809,-90.271731,100,,,,100,,,false,,manual,Pennsylvania Grass Spider,Agelenopsis pennsylvanica,Pennsylvania Grass Spider,Arachnida,143215,,
17861580,942dd9a1-c8f9-4938-bde6-7680e3e3a857,Thu Oct 25 2018 16:14:30 GMT-0700 (PDT),2018-10-25,2018-10-25 23:14:30 UTC,Pacific Time (US & Canada),121033,ttempel,,2018-10-26 22:00:06 UTC,2021-01-18 15:27:03 UTC,research,CC-BY-NC,https://www.inaturalist.org/observations/17861580,https://inaturalist-open-data.s3.amazonaws.com/photos/27268243/medium.jpg,,"",,1,0,false,3,"994 Norumbega Dr, Monrovia, CA, US",34.1565028333,-117.9783466667,5,,,,5,,,false,,,Agelenopsis aperta,Agelenopsis aperta,Desert Grass Spider,Arachnida,201680,,
20521159,c5840c08-9ee0-401f-b881-8f1a6e16716f,Mon Aug 13 2018 14:50:05 GMT-0600 (MDT),2018-08-13,2018-08-13 20:50:05 UTC,Mountain Time (US & Canada),491170,blazeclaw,Jared Shorma,2019-02-21 00:57:49 UTC,2024-09-04 06:58:50 UTC,research,CC-BY,https://www.inaturalist.org/observations/20521159,https://inaturalist-open-data.s3.amazonaws.com/photos/31676376/medium.jpg,,"",Identfied in the lab,2,0,false,3,"980 S 46th St, Boulder, CO, US",39.9808333988,-105.2415991,22,,,,22,,,false,,,Pennsylvania Grass Spider,Agelenopsis pennsylvanica,Pennsylvania Grass Spider,Arachnida,143215,,
25089502,4d56f3d2-541f-413e-b533-f571c54678d5,2019/05/10 1:30-2:30,2019-05-10,,Central Time (US & Canada),132814,davidjb,David Bruns,2019-05-14 02:05:47 UTC,2023-12-02 12:01:08 UTC,research,CC-BY-NC,https://www.inaturalist.org/observations/25089502,https://inaturalist-open-data.s3.amazonaws.com/photos/38826883/medium.jpeg,,"","~8 mm TBL. Male
Found using sweep-net in savanna restoration area by students participating in BioBlitz event",3,0,false,,"Town and Country, MO, USA",38.633461531,-90.4723772423,15,,,,15,,,false,,,Agelenopsis kastoni,Agelenopsis kastoni,,Arachnida,212719,,
27841271,a90db4f4-bd00-4d4c-b8b1-ffa9ba05938c,Fri Jun 28 2019 16:51:56 GMT-0700 (PDT),2019-06-28,2019-06-28 23:51:56 UTC,Pacific Time (US & Canada),796433,jordanwaits,Jordan Waits,2019-06-28 23:55:02 UTC,2021-01-18 14:31:23 UTC,research,,https://www.inaturalist.org/observations/27841271,https://static.inaturalist.org/photos/43359397/medium.jpg,,"",,2,0,false,3,"95127, San Jose, CA, US",37.3821393703,-121.7346055567,69,,,,69,,,false,,,Agelenopsis aperta,Agelenopsis aperta,Desert Grass Spider,Arachnida,201680,,
28044839,9d5f7dd6-2883-463c-9efb-0f8cfe1719e3,2019/07/01 6:19 PM AKDT,2019-07-01,2019-07-02 02:19:00 UTC,Alaska,186163,jasonrgrant,Jason Grant,2019-07-02 06:40:54 UTC,2023-10-04 05:06:15 UTC,research,CC-BY,https://www.inaturalist.org/observations/28044839,https://inaturalist-open-data.s3.amazonaws.com/photos/43691784/medium.jpeg,,"",,1,0,false,,"College, AK 99709, USA",64.8867416667,-147.8061527778,16,,,,16,,,false,,,Agelenopsis utahana,Agelenopsis utahana,Utah Funnelweb Spider,Arachnida,153497,,
28817190,c108afbe-e1e1-4e20-af5f-23f9d43e87f6,2019-07-12 10:35:49 PM PDT,2019-07-12,2019-07-13 05:35:49 UTC,Pacific Time (US & Canada),718187,jspaulding,"",2019-07-14 19:37:19 UTC,2025-02-18 17:49:06 UTC,research,CC-BY-NC,https://www.inaturalist.org/observations/28817190,https://inaturalist-open-data.s3.amazonaws.com/photos/44945262/medium.jpeg,,"",,2,1,false,2,"Santee, CA 92071, USA",32.8427119413,-117.0435386896,132,,,,132,,,false,,,Desert Grass Spider,Agelenopsis aperta,Desert Grass Spider,Arachnida,201680,,
29003506,f269c149-ea42-42b0-9b59-9c197f8ee6a5,2019/07/16 2:02 PM PDT,2019-07-16,2019-07-16 21:02:00 UTC,Pacific Time (US & Canada),924523,jordyboy,Jordan Rhodes,2019-07-17 16:21:07 UTC,2021-03-20 15:34:24 UTC,research,CC-BY-NC,https://www.inaturalist.org/observations/29003506,https://inaturalist-open-data.s3.amazonaws.com/photos/45243282/medium.jpeg,,"",,1,0,false,,"Blair Hills, Culver City, CA, USA",34.0145805532,-118.3763824367,1,,,,1,,,false,,,Agelenopsis aperta,Agelenopsis aperta,Desert Grass Spider,Arachnida,201680,,
29290843,14afc092-87ec-466b-98b5-1f65302a7823,Sun Jul 21 2019 18:28:34 GMT-0700 (PDT),2019-07-21,2019-07-22 01:28:34 UTC,Pacific Time (US & Canada),531661,chelsee,,2019-07-22 01:50:50 UTC,2024-03-07 11:58:14 UTC,research,,https://www.inaturalist.org/observations/29290843,https://static.inaturalist.org/photos/45705950/medium.jpg,,"",,2,0,false,3,"1 W Banning House Rd, , CA, US",33.4406666667,-118.50087,30,,,,30,,,false,,,Desert Grass Spider,Agelenopsis aperta,Desert Grass Spider,Arachnida,201680,,
29540362,30bcbb8c-1439-495e-935d-6352b8a8aa32,2019/07/25 8:25 AM PDT,2019-07-25,2019-07-25 15:25:00 UTC,Pacific Time (US & Canada),80984,kimssight,Kim Moore,2019-07-25 23:04:30 UTC,2023-10-16 17:52:15 UTC,research,,https://www.inaturalist.org/observations/29540362,https://static.inaturalist.org/photos/46107768/medium.jpg,,"","",1,0,false,,"Seal Beach, CA, USA",33.7518626145,-118.0993390666,7,,,,7,,,false,,,Desert Grass Spider,Agelenopsis aperta,Desert Grass Spider,Arachnida,201680,,
29640125,1247ae29-415e-4031-ada3-4c4231bdcc67,2019/07/27 7:01 AM PDT,2019-07-27,2019-07-27 14:01:00 UTC,Pacific Time (US & Canada),802004,docprt,"",2019-07-27 15:12:20 UTC,2021-01-18 15:05:10 UTC,research,CC-BY-NC,https://www.inaturalist.org/observations/29640125,https://inaturalist-open-data.s3.amazonaws.com/photos/46267519/medium.jpeg,,"",,1,0,false,,"Tierrasanta, San Diego, CA 92124, USA",32.8209476088,-117.0850996096,2,,,,2,,,false,,,Agelenopsis aperta,Agelenopsis aperta,Desert Grass Spider,Arachnida,201680,,
29796842,699b8710-1825-4809-9aee-86f627f5ba80,2019/07/27 8:51 PM PDT,2019-07-27,2019-07-28 03:51:00 UTC,Pacific Time (US & Canada),475845,alazere,Andy Lazere,2019-07-29 17:35:20 UTC,2019-08-03 00:52:23 UTC,research,CC-BY-NC,https://www.inaturalist.org/observations/29796842,https://inaturalist-open-data.s3.amazonaws.com/photos/46518717/medium.jpg,,"",,1,0,false,,"Orange County, CA, USA",33.757603677,-117.7006396297,64,,,,64,,,false,,,Agelenopsis aperta,Agelenopsis aperta,Desert Grass Spider,Arachnida,201680,,
29834479,fecb9363-1650-4626-b012-1be7a5063a5b,2019/07/29 10:15 AM PDT,2019-07-29,2019-07-29 17:15:00 UTC,Pacific Time (US & Canada),1106795,caltowhee,Laura Helm,2019-07-30 04:29:17 UTC,2019-08-04 21:07:41 UTC,research,CC-BY-NC,https://www.inaturalist.org/observations/29834479,https://inaturalist-open-data.s3.amazonaws.com/photos/46582900/medium.jpg,,"",NHMLA SuperProject 3 July Neighborhood Survey,1,0,false,,Neighborhood,33.7128241315,-118.2945632331,29,,,,29,,,false,,,Agelenopsis aperta,Agelenopsis aperta,Desert Grass Spider,Arachnida,201680,,
29962435,4e111b00-5de2-4fb6-85ba-0ac9c53d17e7,2019-07-27 20:27:46,2019-07-27,2019-07-28 03:27:46 UTC,Pacific Time (US & Canada),372066,naturalistrich,Rich Schilk,2019-08-01 05:01:14 UTC,2019-08-01 19:18:22 UTC,research,CC-BY-NC,https://www.inaturalist.org/observations/29962435,https://static.inaturalist.org/photos/46790086/medium.jpg,,WolfSpiderMaybe,OLYMPUS DIGITAL CAMERA         ,2,0,false,,"Augustine Staging Area, Orange County, CA, USA ",33.758083,-117.701231,,,,,,,,false,,"",Agelenopsis aperta,Agelenopsis aperta,Desert Grass Spider,Arachnida,201680,,
30011616,42def194-8571-414b-b8be-7ce050a7c0a5,2019-07-30 6:30:03 AM PDT,2019-07-30,2019-07-30 13:30:03 UTC,Pacific Time (US & Canada),616841,cmwhit,,2019-08-01 23:42:40 UTC,2024-04-30 04:17:51 UTC,research,CC-BY-NC,https://www.inaturalist.org/observations/30011616,https://inaturalist-open-data.s3.amazonaws.com/photos/46866171/medium.jpeg,,"",,2,0,false,2,"Fallon, NV 89406, USA",39.6873419393,-118.079344444,16829,,,,16829,,,false,gps,gps,Agelenopsis aperta,Agelenopsis aperta,Desert Grass Spider,Arachnida,201680,,
30270966,c4edd8cc-1b57-4ebd-bf9e-4c0c0b2548b0,Mon Aug 05 2019 07:58:49 GMT-0700 (PDT),2019-08-05,2019-08-05 14:58:49 UTC,Pacific Time (US & Canada),1261994,david1236,David Schneiderman,2019-08-05 21:51:53 UTC,2024-09-12 18:52:47 UTC,research,,https://www.inaturalist.org/observations/30270966,https://static.inaturalist.org/photos/47282945/medium.jpg,,"",,3,1,false,3,"Santa Monica Mountains National Recreation Area, Los Angeles, CA, US",34.1203916667,-118.41603,30,,,,30,,,false,,,Desert Grass Spider,Agelenopsis aperta,Desert Grass Spider,Arachnida,201680,,
30329769,133f45e8-d32c-43c4-94da-954d47dda5fe,2019-08-06 2:02:52 PM PDT,2019-08-06,2019-08-06 21:02:52 UTC,Pacific Time (US & Canada),1767372,kalechips,,2019-08-06 21:09:54 UTC,2021-01-18 17:48:40 UTC,research,CC-BY-NC,https://www.inaturalist.org/observations/30329769,https://inaturalist-open-data.s3.amazonaws.com/photos/47377356/medium.jpeg,,"",,1,0,false,2,"Goleta, CA, USA",34.4497146606,-119.8206329346,,,,,,,,false,gps,gps,Agelenopsis aperta,Agelenopsis aperta,Desert Grass Spider,Arachnida,201680,,
30379360,8bd07f19-afdc-4008-aab0-4bfdd9257748,2019-08-06 18:48:35-07:00,2019-08-06,2019-08-07 01:48:35 UTC,Pacific Time (US & Canada),1741810,hsug1747,,2019-08-07 18:56:27 UTC,2023-01-05 05:48:35 UTC,research,CC-BY-NC,https://www.inaturalist.org/observations/30379360,https://inaturalist-open-data.s3.amazonaws.com/photos/47461133/medium.jpg,,"",What are the ring shaped things attached to it’s pedipalps?,1,0,false,3,"Los Angeles County, US-CA, US",34.0162674699,-118.3716322418,10,,,,28874,obscured,,true,,"",Agelenopsis aperta,Agelenopsis aperta,Desert Grass Spider,Arachnida,201680,,
30450287,0793ec5c-d5a4-4b20-9506-bb5475de12bd,Thu Aug 08 2019 14:12:03 GMT-0700 (PDT),2019-08-08,2019-08-08 21:12:03 UTC,Pacific Time (US & Canada),778048,skarlettfever,,2019-08-08 22:40:41 UTC,2023-06-01 08:57:36 UTC,research,,https://www.inaturalist.org/observations/30450287,https://static.inaturalist.org/photos/47574129/medium.jpg,,"",,2,0,false,3,"Franklin Canyon Park, Los Angeles, CA, US",34.1226583333,-118.4083633333,96,,,,96,,,false,,,Desert Grass Spider,Agelenopsis aperta,Desert Grass Spider,Arachnida,201680,,
30547924,2a118f26-2661-43a2-8656-7b959653df1c,2019-08-10 9:29:19 AM PDT,2019-08-10,2019-08-10 16:29:19 UTC,Pacific Time (US & Canada),1597734,glenn52,Glenn Pezzoli,2019-08-10 16:34:22 UTC,2021-01-18 16:35:01 UTC,research,,https://www.inaturalist.org/observations/30547924,https://static.inaturalist.org/photos/47730207/medium.jpeg,,"",,2,0,false,2,"Spring Valley, CA, USA",32.7361679077,-116.9867553711,,,,,,,,false,gps,gps,Agelenopsis aperta,Agelenopsis aperta,Desert Grass Spider,Arachnida,201680,,
30703584,84921200-3e6b-4356-b326-4bd817880a51,2019/08/12 9:05 AM PDT,2019-08-12,2019-08-12 16:05:00 UTC,Pacific Time (US & Canada),222263,kliewer,"",2019-08-12 19:16:34 UTC,2023-06-01 08:57:06 UTC,research,CC-BY-NC,https://www.inaturalist.org/observations/30703584,https://inaturalist-open-data.s3.amazonaws.com/photos/47978922/medium.jpg,,"",,2,0,false,,"La Cañada Flintridge, CA 91011, USA",34.2222833333,-118.1954888889,10,,,,10,,,false,,,Desert Grass Spider,Agelenopsis aperta,Desert Grass Spider,Arachnida,201680,,
31211523,83d2f271-9ba9-4157-962f-bcbc8753a067,2019-08-20 2:58:15 PM PDT,2019-08-20,2019-08-20 21:58:15 UTC,Pacific Time (US & Canada),1518277,boazsolorio,Boaz Benaiah Solorio,2019-08-21 01:54:16 UTC,2023-06-01 08:56:17 UTC,research,CC-BY-NC,https://www.inaturalist.org/observations/31211523,https://inaturalist-open-data.s3.amazonaws.com/photos/48828228/medium.jpeg,,"","Noticed a massive funnel web, was curious to see what Agelenopsis sp. spun it, was not expecting this monster! 
",1,0,false,2,"Pico Rivera, CA 90601, USA",34.0141000615,-118.0115070194,3,,,,3,,,false,gps,gps,Desert Grass Spider,Agelenopsis aperta,Desert Grass Spider,Arachnida,201680,,
31323127,0ad4d380-0d27-4fd1-bfe2-9c576b7060fa,Wed Aug 21 2019 13:03:34 GMT-0500 (CDT),2019-08-21,2019-08-21 13:03:34 UTC,UTC,651391,monicarauchwarter,Monica Rauchwarter,2019-08-23 01:37:22 UTC,2025-01-08 17:27:08 UTC,research,CC-BY,https://www.inaturalist.org/observations/31323127,https://inaturalist-open-data.s3.amazonaws.com/photos/49014256/medium.jpg,,"",,2,0,false,3,"Hyland-Bush Lakes Park, Bloomington, MN, US",44.8430966667,-93.370705,10,,,,10,,,false,,,Potter's Grass Spider,Agelenopsis potteri,Potter's Grass Spider,Arachnida,212722,,
31501050,6891567f-b9f3-47ca-a00a-1537b3b3de08,2019/08/24 9:57 PM PDT,2019-08-24,2019-08-25 04:57:00 UTC,Pacific Time (US & Canada),80984,kimssight,Kim Moore,2019-08-25 20:37:59 UTC,2023-06-01 08:55:34 UTC,research,,https://www.inaturalist.org/observations/31501050,https://static.inaturalist.org/photos/49279357/medium.jpg,,"",At the blacklight,1,0,false,,"Orange County, CA, USA",33.7580801522,-117.7013115159,16,,,,16,,,false,,,Desert Grass Spider,Agelenopsis aperta,Desert Grass Spider,Arachnida,201680,,
31754591,0af3e11f-9343-4122-9079-3a44b66c62aa,2019-08-29 3:11:03 PM PDT,2019-08-29,2019-08-29 22:11:03 UTC,Pacific Time (US & Canada),797780,kevinray,Kevin Ray,2019-08-29 22:12:56 UTC,2023-06-01 08:54:50 UTC,research,,https://www.inaturalist.org/observations/31754591,https://static.inaturalist.org/photos/49733764/medium.jpeg,,"",,2,0,false,2,"La Jolla Shores Dr & Downwind Way, San Diego, CA 92037, USA",32.86881498,-117.25146909,6,,,,6,,,false,,,Desert Grass Spider,Agelenopsis aperta,Desert Grass Spider,Arachnida,201680,,
31972982,3efec377-d594-4873-957e-e2b8efb63ba2,2019/08/31 9:23 AM PDT,2019-08-31,2019-08-31 16:23:00 UTC,Pacific Time (US & Canada),1928,rick,Rick Mandel,2019-09-02 08:38:29 UTC,2023-06-01 08:54:00 UTC,research,CC-BY,https://www.inaturalist.org/observations/31972982,https://inaturalist-open-data.s3.amazonaws.com/photos/50099215/medium.jpg,,"",A grass fire almost 3 months ago came through the area where the photograph of the spider and its web were taken.,2,0,false,,"Coyote, CA, USA",37.2172944444,-121.7186833333,,,,,,,,false,,,Desert Grass Spider,Agelenopsis aperta,Desert Grass Spider,Arachnida,201680,,
32062737,e4e57125-cce6-44e2-ac9e-a35ee8508ab5,Tue Sep 03 2019 12:58:35 GMT-0400 (EDT),2019-09-03,2019-09-03 16:58:35 UTC,Eastern Time (US & Canada),314738,vireosylva,Phoebe Barnes,2019-09-03 18:07:59 UTC,2025-03-10 22:46:46 UTC,research,CC-BY-NC,https://www.inaturalist.org/observations/32062737,https://inaturalist-open-data.s3.amazonaws.com/photos/50250046/medium.jpg,,"",,1,0,false,3,"The University of Vermont, Burlington, VT, US",44.4760166667,-73.1953883333,65,,,,65,,,false,,,Potter's Grass Spider,Agelenopsis potteri,Potter's Grass Spider,Arachnida,212722,,
32370788,426b9045-c576-4d2a-8f08-98649789b4c8,2019/09/07 11:47 AM PDT,2019-09-07,2019-09-07 18:47:00 UTC,Pacific Time (US & Canada),240872,gigaturtle,"",2019-09-08 21:16:38 UTC,2023-06-01 08:52:10 UTC,research,CC-BY-NC,https://www.inaturalist.org/observations/32370788,https://inaturalist-open-data.s3.amazonaws.com/photos/50759654/medium.png,,"",,1,0,false,,"Concord, CA, USA",37.9385154445,-121.9735943377,8,,,,8,,,false,,,Desert Grass Spider,Agelenopsis aperta,Desert Grass Spider,Arachnida,201680,,
32442656,9fd7b607-2027-4762-ab89-f695ef48f67e,2019/08/19 6:56 PM PDT,2019-08-19,2019-08-20 01:56:00 UTC,Pacific Time (US & Canada),108450,rjadams55,R.J. Adams,2019-09-10 00:00:22 UTC,2023-06-01 08:49:54 UTC,research,CC-BY-NC,https://www.inaturalist.org/observations/32442656,https://inaturalist-open-data.s3.amazonaws.com/photos/50884857/medium.jpeg,,"","Dozens of these large, funnel-shaped webs were found along the roadside at Mission Trails Regional Park, their tips extending into cracks in the ground. ",1,0,false,,"Mission Trails Regional Park, San Diego",32.839257,-117.034544,27,,,,27,,,false,,,Desert Grass Spider,Agelenopsis aperta,Desert Grass Spider,Arachnida,201680,,
32733029,0149ce7b-017a-4709-87ad-8abc53b6cd19,2019-09-14 10:52:58 AM EDT,2019-09-14,2019-09-14 14:52:58 UTC,Eastern Time (US & Canada),486020,rgundy,Robert Gundy,2019-09-14 23:26:27 UTC,2024-12-16 21:35:41 UTC,research,CC-BY-NC-ND,https://www.inaturalist.org/observations/32733029,https://inaturalist-open-data.s3.amazonaws.com/photos/51358715/medium.jpeg,,"",,2,0,false,2,"Bristol, FL 32321, USA",30.5591659546,-84.950553894,,,,,,,,false,gps,gps,Dark-legged Grass Spider,Agelenopsis naevia,Dark-legged Grass Spider,Arachnida,153491,,
36280408,4d0fe96e-a3f9-4d95-8aaa-446840d34fcc,2019-08-31,2019-08-31,,Central Time (US & Canada),687197,bbolduan,"",2019-12-02 05:07:36 UTC,2025-02-16 08:18:01 UTC,research,CC-BY-NC,https://www.inaturalist.org/observations/36280408,https://static.inaturalist.org/photos/57331503/medium.jpeg,,"",Collected #33.,2,0,false,,"Roseau County, US-MN, US",48.953477,-96.095751,134,,,,134,,,false,,,Potter's Grass Spider,Agelenopsis potteri,Potter's Grass Spider,Arachnida,212722,,
36492855,4e07c95b-e837-486e-91d8-5d09f5b14464,2019-09-01,2019-09-01,,Central Time (US & Canada),687197,bbolduan,"",2019-12-09 06:10:00 UTC,2025-01-08 17:28:04 UTC,research,CC-BY-NC,https://www.inaturalist.org/observations/36492855,https://static.inaturalist.org/photos/57692672/medium.jpeg,,"",Collected #45,3,0,false,,"Lake of the Woods County, US-MN, US",48.424181,-94.957438,161,,,,161,,,false,,,Agelenopsis potteri,Agelenopsis potteri,Potter's Grass Spider,Arachnida,212722,,
38485328,0d6d7c17-040f-4eaf-9d89-08e4dd4f5b7f,2019/08/12 9:29 PM PDT,2019-08-12,2019-08-13 04:29:00 UTC,Pacific Time (US & Canada),704502,ectothermist,William Mason,2020-02-09 23:28:45 UTC,2023-06-01 08:50:28 UTC,research,CC-BY-NC,https://www.inaturalist.org/observations/38485328,https://inaturalist-open-data.s3.amazonaws.com/photos/61169725/medium.jpg,,"","",1,0,false,,"Los Angeles County, US-CA, US",34.1771806223,-118.1646217975,40,,,,28874,obscured,,true,,,Desert Grass Spider,Agelenopsis aperta,Desert Grass Spider,Arachnida,201680,,
47764247,b3815c27-5cfd-4aab-b260-a465c6690680,Fri May 29 2020 12:18:59 GMT-0700 (PDT),2020-05-29,2020-05-29 19:18:59 UTC,Pacific Time (US & Canada),2511409,bluewolf1198,,2020-05-29 19:19:07 UTC,2020-06-03 20:45:17 UTC,research,,https://www.inaturalist.org/observations/47764247,https://static.inaturalist.org/photos/75767079/medium.jpg,,"",,1,0,false,3,"Uhea Rd, Los Angeles, CA, US",34.1526380706,-118.6187082431,15,,,,15,,,false,,,Agelenopsis aperta,Agelenopsis aperta,Desert Grass Spider,Arachnida,201680,,
50591338,a8f0ebe0-1985-4203-b061-63ddb002044f,2020/06/21 1:55 PM PDT,2020-06-21,2020-06-21 20:55:00 UTC,Pacific Time (US & Canada),10201,edwardrooks,edwardrooks,2020-06-22 20:03:17 UTC,2023-05-05 16:55:37 UTC,research,CC-BY-NC,https://www.inaturalist.org/observations/50591338,https://inaturalist-open-data.s3.amazonaws.com/photos/80336610/medium.jpeg,,"",,1,0,false,,"Manzanita Trail, JD Grant County Park, Santa Clara County, CA, USA",37.3162638946,-121.663999257,777,,,,777,,,false,,,Agelenopsis aperta,Agelenopsis aperta,Desert Grass Spider,Arachnida,201680,,
50828755,537ed053-5f15-481b-ba36-34fddd8a907d,Wed Jun 24 2020 14:58:35 GMT-0800 (AKDT),2020-06-24,2020-06-24 22:58:35 UTC,Alaska,23529,dssikes,Derek Sikes,2020-06-24 22:58:48 UTC,2024-11-21 15:41:29 UTC,research,CC-BY-NC,https://www.inaturalist.org/observations/50828755,https://inaturalist-open-data.s3.amazonaws.com/photos/80730335/medium.jpg,,"",,1,0,false,3,"Fitz Ct, Fairbanks, AK, US",64.9010914573,-147.528157619,19,,,,19,,,false,,,Utah Funnelweb Spider,Agelenopsis utahana,Utah Funnelweb Spider,Arachnida,153497,,
51328579,00df4139-4759-4969-8732-b8ee620590f6,Sun Jun 28 2020 21:21:07 GMT-0700 (PDT),2020-06-28,2020-06-29 04:21:07 UTC,Pacific Time (US & Canada),2824163,benichismo,,2020-06-29 04:24:24 UTC,2021-01-21 03:09:43 UTC,research,CC-BY-NC,https://www.inaturalist.org/observations/51328579,https://inaturalist-open-data.s3.amazonaws.com/photos/81540980/medium.jpg,,"",,1,0,false,3,"Acton Ave, Poway, CA, US",32.9523186508,-117.0149737755,1154,,,,1154,,,false,,,Agelenopsis aperta,Agelenopsis aperta,Desert Grass Spider,Arachnida,201680,,
51429577,ee20f880-5d9c-477b-a853-fd93cef922d9,2020/06/29 6:12 PM EDT,2020-06-29,2020-06-29 22:12:00 UTC,Eastern Time (US & Canada),842726,srose891,Sarah Rose,2020-06-30 02:10:27 UTC,2023-02-11 19:14:47 UTC,research,,https://www.inaturalist.org/observations/51429577,https://static.inaturalist.org/photos/81709799/medium.jpg,,"",Found dead in shed,2,0,false,,"Westbrooke-Heritage, Columbus, OH 43026, USA",40.0141,-83.17048,,,,,,,,false,,,Pennsylvania Grass Spider,Agelenopsis pennsylvanica,Pennsylvania Grass Spider,Arachnida,143215,,
51582359,b5dfa586-0896-4fdf-a0b2-094c4889d53d,2020/06/28 12:06 PM PDT,2020-06-28,2020-06-28 19:06:00 UTC,Pacific Time (US & Canada),377,mhedin,Marshal Hedin,2020-07-01 14:30:42 UTC,2023-06-01 08:46:17 UTC,research,CC-BY-SA,https://www.inaturalist.org/observations/51582359,https://inaturalist-open-data.s3.amazonaws.com/photos/81963537/medium.jpg,,"","under granite, chamise chaparral",2,0,false,,"San Diego County, CA, USA",32.8290469736,-116.6196326264,15,,,,15,,,false,,,Desert Grass Spider,Agelenopsis aperta,Desert Grass Spider,Arachnida,201680,,
51668384,88ee75db-e9cf-45fa-9a14-129755b3c284,2020-07-01 10:25:51 PM PDT,2020-07-01,2020-07-02 05:25:51 UTC,Pacific Time (US & Canada),525720,klyle161,Kristin Sweeney,2020-07-02 06:58:15 UTC,2023-07-01 05:23:52 UTC,research,CC-BY-NC,https://www.inaturalist.org/observations/51668384,https://inaturalist-open-data.s3.amazonaws.com/photos/82105488/medium.jpeg,,"",,2,0,false,2,"Santee, CA 92071, USA",32.8413682868,-117.0408008248,25,,,,25,,,false,gps,gps,Agelenopsis aperta,Agelenopsis aperta,Desert Grass Spider,Arachnida,201680,,
52204076,2eb3c4e6-280c-4928-9f42-4efa5f2510e2,2020-07-06 9:21:39 AM PDT,2020-07-06,2020-07-06 16:21:39 UTC,Pacific Time (US & Canada),1938493,cjstrasser,,2020-07-06 23:04:31 UTC,2020-07-07 04:10:33 UTC,research,CC-BY-NC,https://www.inaturalist.org/observations/52204076,https://inaturalist-open-data.s3.amazonaws.com/photos/82972062/medium.jpg,,"",In a garage.,1,0,false,2,"Fallbrook, CA 92028, USA",33.341081,-117.177756,,,,,,,,false,gps,gps,Agelenopsis aperta,Agelenopsis aperta,Desert Grass Spider,Arachnida,201680,,
52588977,ccd97060-d525-4fc1-9ea0-59aa4ce8d174,2020/07/09 3:59 PM AKDT,2020-07-09,2020-07-09 23:59:00 UTC,Alaska,46255,mbowser,Matt Bowser,2020-07-10 16:51:48 UTC,2025-04-04 10:40:32 UTC,research,CC-BY,https://www.inaturalist.org/observations/52588977,https://inaturalist-open-data.s3.amazonaws.com/photos/83607215/medium.jpeg,,"","",1,0,false,,"Kenai Peninsula Borough, AK, USA",60.4531583333,-150.2216383333,,,,,,,,false,,,Agelenopsis utahana,Agelenopsis utahana,Utah Funnelweb Spider,Arachnida,153497,,
52655450,8fb1a88a-6360-49e6-9aed-1a5e13f2ef50,2020-07-10 9:21:10 PM PDT,2020-07-10,2020-07-11 04:21:10 UTC,Pacific Time (US & Canada),525720,klyle161,Kristin Sweeney,2020-07-11 08:38:52 UTC,2023-07-01 05:24:13 UTC,research,CC-BY-NC,https://www.inaturalist.org/observations/52655450,https://inaturalist-open-data.s3.amazonaws.com/photos/83719521/medium.jpeg,,"",,2,0,false,2,"Mission Trails Regional Park, San Diego County, US-CA, US",32.8449606157,-117.046109587,98,,,,98,,,false,gps,gps,Agelenopsis aperta,Agelenopsis aperta,Desert Grass Spider,Arachnida,201680,,
53902728,4dafbc25-4b36-48fb-ae0f-830ad8abd572,Tue Jul 21 2020 17:48:43 GMT-0700 (PDT),2020-07-21,2020-07-22 00:48:43 UTC,Pacific Time (US & Canada),2751047,mzauss14,,2020-07-22 00:54:42 UTC,2022-07-03 15:55:53 UTC,research,CC-BY-NC,https://www.inaturalist.org/observations/53902728,https://inaturalist-open-data.s3.amazonaws.com/photos/85770956/medium.jpg,,"",,2,0,false,3,"Cleveland National Forest, Alpine, CA, US",32.8024535822,-116.7843805376,369,,,,369,,,false,,,Desert Grass Spider,Agelenopsis aperta,Desert Grass Spider,Arachnida,201680,,
53912190,2995ae79-f464-4713-9fd4-e7ac48ae8730,2020/07/21 8:42 PM EDT,2020-07-21,2020-07-22 00:42:00 UTC,Eastern Time (US & Canada),420537,astrobirder,Sequoia Janirella Wrens,2020-07-22 03:07:00 UTC,2023-01-30 19:44:53 UTC,research,CC0,https://www.inaturalist.org/observations/53912190,https://inaturalist-open-data.s3.amazonaws.com/photos/85759087/medium.jpg,,Merrick,,1,0,false,,"New York, US",40.6151010392,-73.4622320195,2,,,,27908,obscured,,true,,,Pennsylvania Grass Spider,Agelenopsis pennsylvanica,Pennsylvania Grass Spider,Arachnida,143215,,
54701492,8ca271d2-714f-4640-96e4-cd3b02d99552,Tue Jul 28 2020 20:04:34 GMT-0700 (PDT),2020-07-28,2020-07-29 03:04:34 UTC,Pacific Time (US & Canada),3396380,scootercat,,2020-07-29 03:11:12 UTC,2024-10-06 13:44:07 UTC,research,CC-BY-NC,https://www.inaturalist.org/observations/54701492,https://inaturalist-open-data.s3.amazonaws.com/photos/87055423/medium.jpg,,"",Spider,2,0,false,3,"San Diego County, US-CA, US",32.9350785262,-117.1423984029,1592,,,,29039,obscured,,true,,,Desert Grass Spider,Agelenopsis aperta,Desert Grass Spider,Arachnida,201680,,
54775962,b9835ba4-5379-440c-beeb-8544c56554ed,2020-07-28 3:19:37 PM PDT,2020-07-28,2020-07-28 22:19:37 UTC,Pacific Time (US & Canada),514995,kristenmister,Kristen MR,2020-07-29 21:22:33 UTC,2021-01-18 22:11:25 UTC,research,,https://www.inaturalist.org/observations/54775962,https://static.inaturalist.org/photos/87178985/medium.jpeg,,"",,1,0,false,2,"California, US",33.3777092572,-117.2428011833,,,,,28984,obscured,,true,gps,gps,Agelenopsis aperta,Agelenopsis aperta,Desert Grass Spider,Arachnida,201680,,
55102578,0cf8751f-4a0b-49f6-98da-fc8965384adb,2020/07/26 9:51 PM PDT,2020-07-26,2020-07-27 04:51:00 UTC,Pacific Time (US & Canada),10285,finatic,BJ Stacey,2020-08-02 00:45:12 UTC,2021-08-16 03:56:21 UTC,research,CC-BY-NC,https://www.inaturalist.org/observations/55102578,https://inaturalist-open-data.s3.amazonaws.com/photos/87716623/medium.jpg,,"",,1,0,false,,Eagle Peak Ranch,33.0444316667,-116.6529116667,,,,,,,,false,,,Agelenopsis aperta,Agelenopsis aperta,Desert Grass Spider,Arachnida,201680,,
55344093,cedfcd0a-482c-4338-82c8-006e40d4012c,Mon Aug 03 2020 18:06:32 GMT-0700 (PDT),2020-08-03,2020-08-04 01:06:32 UTC,Pacific Time (US & Canada),184849,ppierce,,2020-08-04 01:09:10 UTC,2021-08-28 18:17:14 UTC,research,CC-BY-NC,https://www.inaturalist.org/observations/55344093,https://inaturalist-open-data.s3.amazonaws.com/photos/88120559/medium.jpg,,"",,1,0,false,3,"E Valley Pkwy, Escondido, CA, US",33.1568827323,-117.0244373964,1133,,,,1133,,,false,,,Agelenopsis aperta,Agelenopsis aperta,Desert Grass Spider,Arachnida,201680,,
56382362,d66853c8-bd4a-4a67-aab1-e3bb10a6e7ad,2020/08/13 10:17 PM EDT,2020-08-13,2020-08-14 02:17:00 UTC,Eastern Time (US & Canada),420537,astrobirder,Sequoia Janirella Wrens,2020-08-14 02:56:35 UTC,2023-01-30 19:44:53 UTC,research,CC0,https://www.inaturalist.org/observations/56382362,https://inaturalist-open-data.s3.amazonaws.com/photos/89848014/medium.jpg,,Merrick,,3,0,false,,"New York, US",40.7636535524,-73.5854576344,2,,,,27908,obscured,,true,,,Pennsylvania Grass Spider,Agelenopsis pennsylvanica,Pennsylvania Grass Spider,Arachnida,143215,,
56527174,9eb81171-9d45-4dad-a833-e12e17b86092,Sat Aug 15 2020 09:19:53 GMT-0700 (PDT),2020-08-15,2020-08-15 16:19:53 UTC,Pacific Time (US & Canada),385823,kahill,Kat,2020-08-15 16:20:16 UTC,2020-08-15 17:54:39 UTC,research,CC-BY-NC,https://www.inaturalist.org/observations/56527174,https://inaturalist-open-data.s3.amazonaws.com/photos/90088898/medium.jpg,,"",,1,0,false,3,"Coyote Valley Open Space Preserve, San Jose, CA, US",37.16404717,-121.73364167,16,,,,16,,,false,,,Agelenopsis aperta,Agelenopsis aperta,Desert Grass Spider,Arachnida,201680,,
56565945,9544cc42-1c5e-42ca-a6eb-fbeb28a50547,2020/08/15 8:52 AM EDT,2020-08-15,2020-08-15 12:52:00 UTC,Eastern Time (US & Canada),1036227,edlintonvt,Ed Linton,2020-08-15 21:49:20 UTC,2025-01-08 18:02:27 UTC,research,CC-BY-NC,https://www.inaturalist.org/observations/56565945,https://inaturalist-open-data.s3.amazonaws.com/photos/90151051/medium.jpg,,"",,2,0,false,,"45 Dover Rd, Montpelier, VT 05602, USA",44.2604966,-72.5523992,25,,,,25,,,false,,,Potter's Grass Spider,Agelenopsis potteri,Potter's Grass Spider,Arachnida,212722,,
56709746,9362ebe4-5f9d-4ce7-a1e8-bb87d05289c9,Sun Aug 16 2020 21:49:58 GMT-0500 (CDT),2020-08-16,2020-08-17 02:49:58 UTC,Central Time (US & Canada),188597,gonodactylus,Mathew Zappa,2020-08-17 03:18:13 UTC,2025-01-08 17:29:05 UTC,research,CC-BY,https://www.inaturalist.org/observations/56709746,https://inaturalist-open-data.s3.amazonaws.com/photos/90390743/medium.jpg,,"","Mature male, tried to get close images of pedipalps. Maybe A. potteri, I think I see the hooked tip of the embolus",2,0,false,3,"Garden Ave, Edina, MN, US",44.898400013,-93.3629626778,19,,,,19,,,false,,,Potter's Grass Spider,Agelenopsis potteri,Potter's Grass Spider,Arachnida,212722,,
57414047,92341e56-0ff4-4569-b389-e69b99959c24,Sun Aug 23 2020 22:07:51 GMT-0500 (CDT),2020-08-23,2020-08-24 03:07:51 UTC,Central Time (US & Canada),1195978,matthewt6416,Matthew Thompson,2020-08-24 03:30:43 UTC,2025-01-10 08:50:41 UTC,research,CC-BY-NC,https://www.inaturalist.org/observations/57414047,https://inaturalist-open-data.s3.amazonaws.com/photos/91576644/medium.jpg,,"",,2,0,false,3,"Minnesota, US",44.7195042621,-93.0819362981,6,,,,27285,obscured,,true,,,Potter's Grass Spider,Agelenopsis potteri,Potter's Grass Spider,Arachnida,212722,,
58089803,b496c60d-ece3-4808-8db4-93b710f50767,2020-07-08 10:26:10 AM PDT,2020-07-08,2020-07-08 17:26:10 UTC,Pacific Time (US & Canada),3469891,snapshotbirder,Christopher,2020-08-30 22:26:11 UTC,2023-11-02 07:08:51 UTC,research,CC-BY-NC,https://www.inaturalist.org/observations/58089803,https://inaturalist-open-data.s3.amazonaws.com/photos/92709864/medium.jpeg,,"",,2,0,false,2,"Pierce County, US-WA, US",47.1259348896,-122.3353382724,263,,,,26903,obscured,,true,,,Agelenopsis oregonensis,Agelenopsis oregonensis,,Arachnida,212721,,
59033311,78c2610b-1bb7-4376-a2ec-9142e8e11a2c,Wed Sep 09 2020 07:32:49 GMT-0400 (EDT),2020-09-09,2020-09-09 11:32:49 UTC,Eastern Time (US & Canada),420537,astrobirder,Sequoia Janirella Wrens,2020-09-09 11:57:38 UTC,2025-01-10 09:46:43 UTC,research,CC0,https://www.inaturalist.org/observations/59033311,https://inaturalist-open-data.s3.amazonaws.com/photos/94293857/medium.jpg,,"",Bathroom crashing creep. Possibly Po,2,0,false,3,"New York, US",43.0376610156,-76.0393349532,7,,,,27537,obscured,,true,,,Potter's Grass Spider,Agelenopsis potteri,Potter's Grass Spider,Arachnida,212722,,
59433550,e42599fa-7795-4ff8-9dc4-9171f9db8cf0,2020/09/12 11:22 AM EDT,2020-09-12,2020-09-12 15:22:00 UTC,Eastern Time (US & Canada),17846,joncefus,Jon Cefus,2020-09-13 12:09:28 UTC,2023-02-20 10:16:06 UTC,research,CC-BY-NC-SA,https://www.inaturalist.org/observations/59433550,https://inaturalist-open-data.s3.amazonaws.com/photos/94965632/medium.jpeg,,"",,1,0,false,,"Stark County, OH, USA",40.9634783481,-81.1215742048,2,,,,2,,,false,,,Dark-legged Grass Spider,Agelenopsis naevia,Dark-legged Grass Spider,Arachnida,153491,,
59547502,2ce0a6a2-d3c7-4669-a84f-1a939a408fad,2020-09-13 5:20:41 PM PDT,2020-09-13,2020-09-14 00:20:41 UTC,Pacific Time (US & Canada),83410,th92105,Tom and T Herman,2020-09-14 04:39:03 UTC,2024-08-29 16:45:17 UTC,research,CC-BY,https://www.inaturalist.org/observations/59547502,https://inaturalist-open-data.s3.amazonaws.com/photos/95153572/medium.jpeg,,"",,1,0,false,2,"Julian, CA 92036, USA",32.9612359722,-116.5845769722,,,,,,,,false,gps,gps,Agelenopsis aperta,Agelenopsis aperta,Desert Grass Spider,Arachnida,201680,,
59806698,72fc09a8-b122-4199-bc46-1af1b5ed839f,2020-09-16 11:07:08 AM PDT,2020-09-16,2020-09-16 18:07:08 UTC,Pacific Time (US & Canada),3469891,snapshotbirder,Christopher,2020-09-16 19:23:19 UTC,2023-11-02 07:11:01 UTC,research,CC-BY-NC,https://www.inaturalist.org/observations/59806698,https://inaturalist-open-data.s3.amazonaws.com/photos/95587407/medium.jpeg,,"",Possibly in this genus?,2,0,false,2,"Pierce County, US-WA, US",47.0592661798,-122.2303435807,263,,,,26903,obscured,,true,,,Agelenopsis oregonensis,Agelenopsis oregonensis,,Arachnida,212721,,
59836266,73a227be-8348-4cab-941c-71824c20041c,Wed Sep 16 2020 12:39:41 GMT-0500 (CDT),2020-09-16,2020-09-16 17:39:41 UTC,Central Time (US & Canada),188597,gonodactylus,Mathew Zappa,2020-09-17 00:50:45 UTC,2025-01-10 09:47:21 UTC,research,CC-BY,https://www.inaturalist.org/observations/59836266,https://inaturalist-open-data.s3.amazonaws.com/photos/95638933/medium.jpg,,"",,2,0,false,3,"Carleton College, Northfield, MN, US",44.4644849939,-93.1490895936,19,,,,19,,,false,,,Potter's Grass Spider,Agelenopsis potteri,Potter's Grass Spider,Arachnida,212722,,
62167057,547eb0d4-cba5-49db-a669-5a8eb3803844,Fri Oct 09 2020 08:08:51 GMT-0700 (PDT),2020-10-09,2020-10-09 15:08:51 UTC,Pacific Time (US & Canada),1122341,marilynjk,,2020-10-10 03:13:50 UTC,2020-10-10 13:32:58 UTC,research,,https://www.inaturalist.org/observations/62167057,https://static.inaturalist.org/photos/99571959/medium.jpg,,"",,1,0,false,3,"Kenison Dr, Julian, CA, US",33.0719231109,-116.5821107633,117,,,,117,,,false,,,Agelenopsis aperta,Agelenopsis aperta,Desert Grass Spider,Arachnida,201680,,
62972164,07b7a780-1c87-4373-bc31-3fa2345bcfc2,2020/10/15 1:17 PM EDT,2020-10-15,2020-10-15 17:17:00 UTC,Eastern Time (US & Canada),255289,matthiasf,Matthias Foellmer,2020-10-19 02:16:46 UTC,2023-12-30 01:04:09 UTC,research,CC-BY-NC,https://www.inaturalist.org/observations/62972164,https://inaturalist-open-data.s3.amazonaws.com/photos/100987948/medium.jpeg,,"",,2,1,false,,"Garden City, NY, USA",40.7203954551,-73.6520091444,,,,,,,,false,,,Pennsylvania Grass Spider,Agelenopsis pennsylvanica,Pennsylvania Grass Spider,Arachnida,143215,,
63080625,11bb886e-e5ff-4e28-ba87-39db69f45e0e,2020-09-18 2:44:54 PM EDT,2020-09-18,2020-09-18 18:44:54 UTC,Eastern Time (US & Canada),233262,ellipsoptera,Alyssa,2020-10-20 10:34:00 UTC,2023-02-28 19:26:18 UTC,research,CC-BY-NC,https://www.inaturalist.org/observations/63080625,https://inaturalist-open-data.s3.amazonaws.com/photos/101178966/medium.jpeg,,"",Psychological pest near cabins,2,0,false,2,"Highlands, NC, USA",35.0299444444,-83.2568777778,,,,,,,,false,gps,gps,Agelenopsis naevia,Agelenopsis naevia,Dark-legged Grass Spider,Arachnida,153491,,
66099990,7696472f-2452-45ed-8da4-2461306fa0ad,2016/10/09 12:10 PM CDT,2016-10-09,2016-10-09 17:10:00 UTC,Central Time (US & Canada),484237,vcharny,Vitaly Charny,2020-12-04 19:11:34 UTC,2023-07-08 01:42:23 UTC,research,CC-BY-NC,https://www.inaturalist.org/observations/66099990,https://inaturalist-open-data.s3.amazonaws.com/photos/106484437/medium.jpeg,,"",,2,0,false,,"Co Rd 47, Bay Minette, AL 36507, USA",31.0252642,-87.6851302,209,,,,209,,,false,,,Agelenopsis naevia,Agelenopsis naevia,Dark-legged Grass Spider,Arachnida,153491,,
66609963,8ae2cf84-31d5-4211-a9de-1fd9e214e87b,2020/09/09 2:38 PM EDT,2020-09-09,2020-09-09 18:38:00 UTC,Eastern Time (US & Canada),12158,erikamitchell,Erika Mitchell,2020-12-15 12:44:04 UTC,2025-01-10 09:47:11 UTC,research,CC-BY-NC,https://www.inaturalist.org/observations/66609963,https://inaturalist-open-data.s3.amazonaws.com/photos/107417897/medium.jpg,,"Dover Rd, Miscellaneous, Montpelier, New England, North America, Places, September, United States of America, Vermont, spiders",,1,0,false,,"Washington, Vermont, United States",44.2653245833,-72.5486604167,,,,,,,,false,,,Potter's Grass Spider,Agelenopsis potteri,Potter's Grass Spider,Arachnida,212722,,
68184715,3bcfe345-03af-45ed-a109-fc7f26e42939,2020/07/13 4:16 PM PDT,2020-07-13,2020-07-13 23:16:00 UTC,Pacific Time (US & Canada),3958490,jcollier2,,2021-01-17 00:28:07 UTC,2021-01-20 22:32:05 UTC,research,CC-BY-NC,https://www.inaturalist.org/observations/68184715,https://inaturalist-open-data.s3.amazonaws.com/photos/110341963/medium.jpg,,"","",1,0,false,,"Los Angeles County, US-CA, US",34.2769057528,-118.3798018707,244,,,,28846,obscured,,true,,,Agelenopsis aperta,Agelenopsis aperta,Desert Grass Spider,Arachnida,201680,,
80573465,32422c53-ac8c-4af5-92f6-3227441b8be6,2021-05-27 23:10:15,2021-05-27,2021-05-27 23:10:15 UTC,UTC,1518277,boazsolorio,Boaz Benaiah Solorio,2021-05-28 07:46:58 UTC,2023-07-03 19:20:10 UTC,research,CC-BY-NC,https://www.inaturalist.org/observations/80573465,https://inaturalist-open-data.s3.amazonaws.com/photos/132076014/medium.jpeg,,"","61°
Found beside it's old exuvia, underneath a rock.",1,0,false,2,"Glendora, CA 91740, USA",34.1258699722,-117.850852,,,,,,,,false,,,Desert Grass Spider,Agelenopsis aperta,Desert Grass Spider,Arachnida,201680,,
82911118,00d908d2-89e6-46b6-b713-43bdcad26999,2021/06/10 10:35 AM PDT,2021-06-10,2021-06-10 17:35:00 UTC,Pacific Time (US & Canada),26610,anudibranchmom,Robin Gwen Agarwal,2021-06-13 21:33:45 UTC,2021-06-15 15:51:41 UTC,research,CC-BY-NC,https://www.inaturalist.org/observations/82911118,https://inaturalist-open-data.s3.amazonaws.com/photos/136118326/medium.jpg,,"",On closed part of Rancho Canada del Oro OSP with permission.,1,0,false,,"Santa Clara, California, United States",37.13346,-121.7785083333,,,,,,,,false,,,Agelenopsis aperta,Agelenopsis aperta,Desert Grass Spider,Arachnida,201680,,
84907616,c2bc8343-f32c-4fc2-97e2-bd0abca1ca08,Mon Jun 28 2021 15:36:47 GMT-0700 (PDT),2021-06-28,2021-06-28 22:36:47 UTC,Pacific Time (US & Canada),942607,martinthomas3,Martin Thomas,2021-06-28 22:38:15 UTC,2025-01-17 23:12:32 UTC,research,,https://www.inaturalist.org/observations/84907616,https://static.inaturalist.org/photos/139612776/medium.jpg,,"","",3,1,false,3,"4S Ranch Pkwy, San Diego, CA, US",33.0253971667,-117.1072611667,8,,,,8,,,false,,,Desert Grass Spider,Agelenopsis aperta,Desert Grass Spider,Arachnida,201680,,
86235606,ee56eff8-10e9-4daf-a023-74738d80a8d5,2021/07/04 9:37 PM PDT,2021-07-04,2021-07-05 04:37:00 UTC,Pacific Time (US & Canada),394031,ctrubo,Cindy Trubovitz,2021-07-09 02:11:53 UTC,2021-07-09 03:13:39 UTC,research,CC-BY-NC,https://www.inaturalist.org/observations/86235606,https://inaturalist-open-data.s3.amazonaws.com/photos/142031370/medium.png,,"",,1,0,false,,"San Diego, California, United States",32.82133611,-117.07832222,,,,,,,,false,,,Desert Grass Spider,Agelenopsis aperta,Desert Grass Spider,Arachnida,201680,,
86822766,6961e274-93c4-4b86-90f6-295b04a1e855,2021/07/12 10:36 PM CDT,2021-07-12,2021-07-13 03:36:00 UTC,Central Time (US & Canada),929743,a24,a f,2021-07-13 06:46:35 UTC,2022-12-11 18:18:30 UTC,research,CC-BY-NC,https://www.inaturalist.org/observations/86822766,https://inaturalist-open-data.s3.amazonaws.com/photos/143099767/medium.jpeg,,"",,1,0,false,,"Wildwood, AL 36278, USA",33.4434448,-85.5799563,1810,,,,1810,,,false,,,Dark-legged Grass Spider,Agelenopsis naevia,Dark-legged Grass Spider,Arachnida,153491,,
87739933,a7691b8e-0bde-42cc-b75a-e45780ed41c0,Mon Jul 19 2021 10:30:44 GMT-0700 (PDT),2021-07-19,2021-07-19 17:30:44 UTC,Pacific Time (US & Canada),1189020,skunk_cabbage,Audie,2021-07-19 17:32:33 UTC,2025-05-22 13:31:02 UTC,research,CC-BY-NC,https://www.inaturalist.org/observations/87739933,https://inaturalist-open-data.s3.amazonaws.com/photos/144797335/medium.jpg,,"","",1,0,false,3,"Sutro Springs Rd, Dayton, NV, US",39.3114166667,-119.546555,12,,,,12,,,false,,,Desert Grass Spider,Agelenopsis aperta,Desert Grass Spider,Arachnida,201680,,
89351757,fbc6b1d2-cb6a-4c24-97b3-7de21256c2a8,Sat Jul 31 2021 08:11:59 GMT-0700 (PDT),2021-07-31,2021-07-31 15:11:59 UTC,Pacific Time (US & Canada),924523,jordyboy,Jordan Rhodes,2021-07-31 17:45:00 UTC,2021-08-21 21:43:32 UTC,research,CC-BY-NC,https://www.inaturalist.org/observations/89351757,https://inaturalist-open-data.s3.amazonaws.com/photos/147542461/medium.jpg,,"","",2,0,false,3,"Stoneview Nature Center, Culver City, CA, US",34.0143888833,-118.37655,65,,,,65,,,false,,,Desert Grass Spider,Agelenopsis aperta,Desert Grass Spider,Arachnida,201680,,
91050627,0731df41-cee4-4936-9821-74ed3f3282c6,2021-08-13 13:46:37,2021-08-13,2021-08-13 18:46:37 UTC,Central Time (US & Canada),4124763,pearl123456,,2021-08-13 22:31:39 UTC,2022-12-11 18:18:47 UTC,research,CC-BY-NC,https://www.inaturalist.org/observations/91050627,https://inaturalist-open-data.s3.amazonaws.com/photos/150548014/medium.jpeg,,"",,1,0,false,2,"Stokes County, US-NC, US",36.4063385997,-80.2562551,,,,,,,,false,,,Dark-legged Grass Spider,Agelenopsis naevia,Dark-legged Grass Spider,Arachnida,153491,,
91890795,ca346b1b-5f3f-4b24-9fff-41d314ab410f,2021-08-20 16:33:02,2021-08-20,2021-08-20 20:33:02 UTC,Eastern Time (US & Canada),655391,leanne44,Leanne Lentz,2021-08-20 20:34:47 UTC,2023-05-05 16:48:17 UTC,research,CC-BY-NC,https://www.inaturalist.org/observations/91890795,https://inaturalist-open-data.s3.amazonaws.com/photos/152066613/medium.jpeg,,"",,1,0,false,2,"Falls Township, OH, USA",40.0179092997,-82.089864,,,,,,,,false,gps,gps,Grass Spiders,Agelenopsis naevia,Dark-legged Grass Spider,Arachnida,153491,,
91930819,21478875-09fe-4936-bc52-4c7cafc0aa21,2021-08-21 00:18:32,2021-08-21,2021-08-21 05:18:32 UTC,Central Time (US & Canada),2357213,tgrant999,Tyler Grant,2021-08-21 05:25:49 UTC,2023-03-03 15:55:25 UTC,research,,https://www.inaturalist.org/observations/91930819,https://static.inaturalist.org/photos/152139850/medium.jpeg,,"",,3,0,false,2,"Ames, IA, USA",41.9931724327,-93.6097333208,9,,,,9,,,false,gps,gps,Pennsylvania Grass Spider,Agelenopsis pennsylvanica,Pennsylvania Grass Spider,Arachnida,143215,,
92155908,134d1a47-ec9d-449e-8e83-95f2e4590f00,Sun Aug 22 2021 10:00:51 GMT-0700 (PDT),2021-08-22,2021-08-22 17:00:51 UTC,Pacific Time (US & Canada),3246281,jackiesnapz,,2021-08-22 20:28:53 UTC,2024-01-06 07:03:22 UTC,research,CC-BY-NC,https://www.inaturalist.org/observations/92155908,https://inaturalist-open-data.s3.amazonaws.com/photos/152540881/medium.jpg,,"","Wow so beautiful! Was about 2 inches long with its legs, does anyone know it’s species?",3,1,false,3,"Lower Arroyo Park, Pasadena, CA, US",34.1403,-118.1665945,5,,,,5,,,false,,,Desert Grass Spider,Agelenopsis aperta,Desert Grass Spider,Arachnida,201680,,
92251535,75d03188-dadd-4814-a528-22ab4969ece9,Sun Aug 22 2021 23:18:23 GMT-0500 (CDT),2021-08-22,2021-08-23 04:18:23 UTC,Central Time (US & Canada),291746,greenesnake,Mark Greene,2021-08-23 16:21:55 UTC,2023-02-28 19:25:53 UTC,research,CC-BY-NC,https://www.inaturalist.org/observations/92251535,https://inaturalist-open-data.s3.amazonaws.com/photos/152718144/medium.jpg,,"","",2,0,false,3,"Mt Orange Rd, Trenton, TN, US",35.956425,-88.99907,5,,,,5,,,false,,,Agelenopsis naevia,Agelenopsis naevia,Dark-legged Grass Spider,Arachnida,153491,,
92346836,8395503e-783c-4eef-91bf-6ea153511275,2021/08/23 6:50 AM CDT,2021-08-23,2021-08-23 11:50:00 UTC,Central Time (US & Canada),211492,cheins1,"",2021-08-24 11:54:12 UTC,2025-01-10 09:51:27 UTC,research,,https://www.inaturalist.org/observations/92346836,https://static.inaturalist.org/photos/152894482/medium.jpg,,"",The hook of the embolus is barely visible in this lucky photo.,1,0,false,,"Mankato, MN, USA",44.1635775,-93.9993996,3064,,,,3064,,,false,,,Potter's Grass Spider,Agelenopsis potteri,Potter's Grass Spider,Arachnida,212722,,
92874207,a9d2e4b9-470e-4462-b6e7-b1e6dea79973,Sun Aug 29 2021 00:36:05 GMT-0500 (CDT),2021-08-29,2021-08-29 05:36:05 UTC,Central Time (US & Canada),291746,greenesnake,Mark Greene,2021-08-29 05:46:06 UTC,2023-08-25 14:47:27 UTC,research,CC-BY-NC,https://www.inaturalist.org/observations/92874207,https://inaturalist-open-data.s3.amazonaws.com/photos/153846299/medium.jpg,,"","",2,0,false,3,"Mt Orange Rd, Trenton, TN, US",35.956425,-88.9990216667,5,,,,5,,,false,,,Agelenopsis naevia,Agelenopsis naevia,Dark-legged Grass Spider,Arachnida,153491,,
93000969,b91f36c8-4915-4718-aae9-5ae552f42884,2021-08-29 13:51:39,2021-08-29,2021-08-29 20:51:39 UTC,Pacific Time (US & Canada),3469891,snapshotbirder,Christopher,2021-08-30 02:45:58 UTC,2023-11-02 07:12:30 UTC,research,CC-BY-NC,https://www.inaturalist.org/observations/93000969,https://inaturalist-open-data.s3.amazonaws.com/photos/154071979/medium.jpeg,,"",,2,0,false,2,"Pierce County, US-WA, US",47.1016091093,-122.2297067839,183,,,,26903,obscured,,true,gps,gps,Agelenopsis oregonensis,Agelenopsis oregonensis,,Arachnida,212721,,
93119650,c0dd7413-07e1-460e-9fcc-056ab7c829e9,2021/08/21 9:24 AM UTC,2021-08-21,2021-08-21 09:24:00 UTC,UTC,3270487,tefetro,Woldu Araya,2021-08-31 04:52:04 UTC,2025-01-10 09:50:05 UTC,research,,https://www.inaturalist.org/observations/93119650,https://static.inaturalist.org/photos/154291096/medium.jpeg,,"",,1,0,false,,"Bloomington, MN, USA",44.840798,-93.2982799,8350,,,,8350,,,false,,,Potter's Grass Spider,Agelenopsis potteri,Potter's Grass Spider,Arachnida,212722,,
93226107,885c97e2-f41d-42ea-9830-dadcb5a13177,2021/08/23 11:22 AM UTC,2021-08-23,2021-08-23 11:22:00 UTC,UTC,3270487,tefetro,Woldu Araya,2021-09-01 04:06:32 UTC,2025-01-10 09:50:20 UTC,research,,https://www.inaturalist.org/observations/93226107,https://static.inaturalist.org/photos/154483788/medium.jpeg,,"",,1,0,false,,"Minneapolis, MN, USA",44.977753,-93.2650108,9905,,,,9905,,,false,,,Potter's Grass Spider,Agelenopsis potteri,Potter's Grass Spider,Arachnida,212722,,
93479732,677ba845-75e2-46b3-97af-cb7209922e49,2015/09/06,2015-09-06,,Central Time (US & Canada),211492,cheins1,"",2021-09-03 15:40:03 UTC,2025-01-08 17:23:10 UTC,research,,https://www.inaturalist.org/observations/93479732,https://static.inaturalist.org/photos/154940284/medium.jpeg,,"",,1,0,false,,"Sandstone, MN 55072, USA",46.1310598,-92.8674231,3462,,,,3462,,,false,,,Potter's Grass Spider,Agelenopsis potteri,Potter's Grass Spider,Arachnida,212722,,
93893189,06760304-bee0-4173-947c-c00f388d78ec,Mon Sep 06 2021 12:19:40 GMT-0500 (CDT),2021-09-06,2021-09-06 12:19:40 UTC,UTC,4536725,john_erickson,John Matthew Erickson,2021-09-06 18:45:38 UTC,2023-02-28 19:25:27 UTC,research,,https://www.inaturalist.org/observations/93893189,https://static.inaturalist.org/photos/155681123/medium.jpg,,"","",1,0,false,3,"Red Mountain Park, Birmingham, AL, US",33.4478759133,-86.8639744354,24,,,,24,,,false,,,Dark-legged Grass Spider,Agelenopsis naevia,Dark-legged Grass Spider,Arachnida,153491,,
93936399,7fb8452a-9939-4b5a-b9d1-7b6b0e14fc96,Mon Sep 06 2021 02:09:16 GMT-0400 (EDT),2021-09-06,2021-09-06 06:09:16 UTC,Eastern Time (US & Canada),1473441,swilkinson,,2021-09-06 23:59:05 UTC,2025-01-10 09:53:10 UTC,research,CC-BY-NC,https://www.inaturalist.org/observations/93936399,https://inaturalist-open-data.s3.amazonaws.com/photos/155758041/medium.jpg,,"","",1,0,false,3,"Irving St, Arlington, MA, US",42.4116968041,-71.1590261349,19,,,,19,,,false,,,Potter's Grass Spider,Agelenopsis potteri,Potter's Grass Spider,Arachnida,212722,,
94079116,4ee5587a-0a4d-4d8a-9bb0-76f1560521f6,Tue Sep 07 2021 22:00:02 GMT-0700 (PDT),2021-09-07,2021-09-08 05:00:02 UTC,Pacific Time (US & Canada),92426,cyndibrast,Cynthia Brast,2021-09-08 05:38:46 UTC,2023-07-04 13:39:05 UTC,research,CC-BY-NC-ND,https://www.inaturalist.org/observations/94079116,https://static.inaturalist.org/photos/156018384/medium.jpg,,"","",2,0,false,3,"San Juan Island, Friday Harbor, WA, US",48.5716033333,-123.1001666667,11,,,,11,,,false,,,Agelenopsis oregonensis,Agelenopsis oregonensis,,Arachnida,212721,,
94098280,79382c1a-f5f2-440a-9467-c5af913a43ff,2021/09/07 5:53 PM CDT,2021-09-07,2021-09-07 22:53:00 UTC,Central Time (US & Canada),3524952,curtisburke,Curtis Burke,2021-09-08 12:41:00 UTC,2024-08-30 15:44:46 UTC,research,CC-BY,https://www.inaturalist.org/observations/94098280,https://inaturalist-open-data.s3.amazonaws.com/photos/156053298/medium.jpg,,"",,1,0,false,,"Marion County, TN, USA",35.0916270292,-85.525657547,15,,,,15,,,false,,,Dark-legged Grass Spider,Agelenopsis naevia,Dark-legged Grass Spider,Arachnida,153491,,
94224322,b462e04f-cbf9-4b42-a763-5c510957b0c3,2021/09/09 8:16 AM EDT,2021-09-09,2021-09-09 12:16:00 UTC,Eastern Time (US & Canada),792463,shespider,"",2021-09-09 16:06:13 UTC,2022-12-08 02:06:19 UTC,research,CC-BY-NC,https://www.inaturalist.org/observations/94224322,https://inaturalist-open-data.s3.amazonaws.com/photos/156279065/medium.jpeg,,"",https://bugguide.net/node/view/2036389/bgimage,3,0,false,,"Gloucester County, NJ, USA",39.7103023,-75.1078332,27929,,,,27929,,,false,,,Pennsylvania Grass Spider,Agelenopsis pennsylvanica,Pennsylvania Grass Spider,Arachnida,143215,,
94265923,2b97c29a-4084-4a6f-beaa-dcaa387c13fd,2021/09/01 11:32 AM UTC,2021-09-01,2021-09-01 11:32:00 UTC,UTC,3270487,tefetro,Woldu Araya,2021-09-09 22:31:33 UTC,2025-01-10 09:52:26 UTC,research,,https://www.inaturalist.org/observations/94265923,https://static.inaturalist.org/photos/156351865/medium.jpeg,,"",,1,0,false,,"Minneapolis, MN, USA",44.977753,-93.2650108,9905,,,,9905,,,false,,,Potter's Grass Spider,Agelenopsis potteri,Potter's Grass Spider,Arachnida,212722,,
94482969,02e9ccd8-63c7-4cef-908a-742b49936471,2021-09-11 14:59:38,2021-09-11,2021-09-11 19:59:38 UTC,Central Time (US & Canada),905676,heathere,Heathere Willoughby,2021-09-11 20:00:38 UTC,2025-01-10 09:54:04 UTC,research,,https://www.inaturalist.org/observations/94482969,https://static.inaturalist.org/photos/156734986/medium.jpeg,,"",,2,0,false,2,"New Hope, MN, USA",45.0285289,-93.3844887,13,,,,13,,,false,,,Potter's Grass Spider,Agelenopsis potteri,Potter's Grass Spider,Arachnida,212722,,
94494419,060bc764-53c9-4f5a-9d6a-52b01ab791e5,2021/09/11 8:09 AM PDT,2021-09-11,2021-09-11 15:09:00 UTC,Pacific Time (US & Canada),1390012,trickman,Tom Rickman,2021-09-11 21:24:39 UTC,2021-11-22 15:21:15 UTC,research,CC-BY-NC,https://www.inaturalist.org/observations/94494419,https://inaturalist-open-data.s3.amazonaws.com/photos/156754489/medium.jpeg,,"","Large, 6mm lines on paper; under a rock in a dry creekbed; collected",1,0,false,,"Lassen County, CA, USA",40.4936431003,-120.3329589458,24,,,,24,,,false,,,Desert Grass Spider,Agelenopsis aperta,Desert Grass Spider,Arachnida,201680,,
94600044,74f5f7b1-768d-48f4-a5f7-0fe4c1194d5d,Sun Sep 12 2021 13:29:54 GMT-0400 (EDT),2021-09-12,2021-09-12 17:29:54 UTC,Eastern Time (US & Canada),174169,emilydove,Emily Dove Barton,2021-09-12 17:30:21 UTC,2023-02-22 21:26:45 UTC,research,CC-BY-NC,https://www.inaturalist.org/observations/94600044,https://inaturalist-open-data.s3.amazonaws.com/photos/156943751/medium.jpg,,"","",1,0,false,3,"Euclid Ave, Cleveland, OH, US",41.513295,-81.5936666667,4,,,,4,,,false,,,Dark-legged Grass Spider,Agelenopsis naevia,Dark-legged Grass Spider,Arachnida,153491,,
94785335,690349fe-991e-46a9-8b25-233728a772a4,2021/09/06 2:02 PM UTC,2021-09-06,2021-09-06 14:02:00 UTC,UTC,3270487,tefetro,Woldu Araya,2021-09-14 03:38:08 UTC,2025-01-10 09:53:33 UTC,research,,https://www.inaturalist.org/observations/94785335,https://static.inaturalist.org/photos/157276758/medium.jpeg,,"",,1,0,false,,"Edina, MN, USA",44.8896866,-93.3499489,5170,,,,5170,,,false,,,Potter's Grass Spider,Agelenopsis potteri,Potter's Grass Spider,Arachnida,212722,,
94968977,c01bf811-9b60-468d-a1f1-fb892df28fac,2021/09/08 6:07 PM UTC,2021-09-08,2021-09-08 18:07:00 UTC,UTC,3270487,tefetro,Woldu Araya,2021-09-15 20:59:05 UTC,2025-01-10 09:53:42 UTC,research,,https://www.inaturalist.org/observations/94968977,https://static.inaturalist.org/photos/157601387/medium.jpeg,,"",,1,0,false,,"Edina, MN, USA",44.8896866,-93.3499489,5170,,,,5170,,,false,,,Potter's Grass Spider,Agelenopsis potteri,Potter's Grass Spider,Arachnida,212722,,
95625778,0db395de-3a4a-4558-bd09-f38b4c27d72c,2021-09-20 12:44:58,2021-09-20,2021-09-20 19:44:58 UTC,Pacific Time (US & Canada),2546631,autumndawn10,,2021-09-21 04:25:53 UTC,2023-07-04 13:30:13 UTC,research,CC-BY-NC,https://www.inaturalist.org/observations/95625778,https://inaturalist-open-data.s3.amazonaws.com/photos/158772268/medium.jpeg,,"",,2,0,false,2,"Mossyrock, WA 98564, USA",46.5351349722,-122.4902309722,,,,,,,,false,gps,gps,Agelenopsis oregonensis,Agelenopsis oregonensis,,Arachnida,212721,,
95904812,e63ab5e6-897d-41e1-96dd-9fbb996ebda1,2021/09/16 11:32 AM UTC,2021-09-16,2021-09-16 11:32:00 UTC,UTC,3270487,tefetro,Woldu Araya,2021-09-23 22:48:10 UTC,2025-01-10 09:55:29 UTC,research,,https://www.inaturalist.org/observations/95904812,https://static.inaturalist.org/photos/159269138/medium.jpeg,,"",,1,0,false,,"Minneapolis, MN, USA",44.977753,-93.2650108,9905,,,,9905,,,false,,,Potter's Grass Spider,Agelenopsis potteri,Potter's Grass Spider,Arachnida,212722,,
96216944,3a460ecf-9c84-43ac-a26e-9e75dcb2ea77,2021/09/20 11:32 AM UTC,2021-09-20,2021-09-20 11:32:00 UTC,UTC,3270487,tefetro,Woldu Araya,2021-09-26 12:42:48 UTC,2025-01-10 09:55:36 UTC,research,,https://www.inaturalist.org/observations/96216944,https://static.inaturalist.org/photos/159818588/medium.jpeg,,"",,1,0,false,,"Minneapolis, MN, USA",44.977753,-93.2650108,9905,,,,9905,,,false,,,Potter's Grass Spider,Agelenopsis potteri,Potter's Grass Spider,Arachnida,212722,,
96217109,06763a69-315f-4aa2-be10-469efbc46e24,2021/09/20 11:32 AM UTC,2021-09-20,2021-09-20 11:32:00 UTC,UTC,3270487,tefetro,Woldu Araya,2021-09-26 12:44:22 UTC,2025-01-10 09:55:40 UTC,research,,https://www.inaturalist.org/observations/96217109,https://static.inaturalist.org/photos/159818835/medium.jpeg,,"",,1,0,false,,"Minneapolis, MN, USA",44.977753,-93.2650108,9905,,,,9905,,,false,,,Potter's Grass Spider,Agelenopsis potteri,Potter's Grass Spider,Arachnida,212722,,
96750897,4e97d603-d7b1-4120-96cd-c0bb08f42f12,2021-09-30 20:24:29,2021-09-30,2021-10-01 01:24:29 UTC,Central Time (US & Canada),2889059,mikeljones,Michael Jones,2021-10-01 02:46:56 UTC,2025-01-10 09:55:47 UTC,research,CC-BY-NC,https://www.inaturalist.org/observations/96750897,https://inaturalist-open-data.s3.amazonaws.com/photos/160781042/medium.jpeg,,"","On burlap landscaping fabric. Night photo. Appears to be missing second right leg. Species ID made based on palps, see last photo",1,0,false,2,"Lake Mills, WI 53551, USA",43.0849496704,-88.906109333,20,,,,20,,,false,,,Potter's Grass Spider,Agelenopsis potteri,Potter's Grass Spider,Arachnida,212722,,
96841806,1683b85c-9d5c-45b2-aeea-35a6b7333c5e,Fri Oct 01 2021 17:18:21 GMT-0700 (PDT),2021-10-01,2021-10-02 00:18:21 UTC,Pacific Time (US & Canada),4554074,zoe_bishop,Zoe Bishop,2021-10-02 00:18:34 UTC,2025-01-10 09:55:57 UTC,research,,https://www.inaturalist.org/observations/96841806,https://static.inaturalist.org/photos/160942715/medium.jpg,,"","",2,0,false,3,"University of Washington, Seattle, WA, US",47.6582047111,-122.2927355581,30,,,,30,,,false,,,Potter's Grass Spider,Agelenopsis potteri,Potter's Grass Spider,Arachnida,212722,,
97634051,14e2604f-7ec2-4d7c-893e-93b13ff17b6e,2021/10/06 11:56 AM UTC,2021-10-06,2021-10-06 11:56:00 UTC,UTC,3270487,tefetro,Woldu Araya,2021-10-09 12:02:30 UTC,2025-01-10 09:56:04 UTC,research,,https://www.inaturalist.org/observations/97634051,https://static.inaturalist.org/photos/162409043/medium.jpeg,,"",,1,0,false,,"Minneapolis, MN, USA",44.977753,-93.2650108,9905,,,,9905,,,false,,,Potter's Grass Spider,Agelenopsis potteri,Potter's Grass Spider,Arachnida,212722,,
97634283,3f094141-4bb5-4f68-95f9-6fc30326bfb0,2021/10/06 11:56 AM UTC,2021-10-06,2021-10-06 11:56:00 UTC,UTC,3270487,tefetro,Woldu Araya,2021-10-09 12:05:26 UTC,2025-01-10 09:56:34 UTC,research,,https://www.inaturalist.org/observations/97634283,https://static.inaturalist.org/photos/162409338/medium.jpeg,,"",,1,0,false,,"Minneapolis, MN, USA",44.977753,-93.2650108,9905,,,,9905,,,false,,,Potter's Grass Spider,Agelenopsis potteri,Potter's Grass Spider,Arachnida,212722,,
97811339,e70371ca-a448-412d-a905-834fc8a0bead,Thu Oct 07 2021 11:42:47 GMT-0700 (PDT),2021-10-07,2021-10-07 18:42:47 UTC,Pacific Time (US & Canada),528056,spifferella,Becky Escalante,2021-10-10 19:50:13 UTC,2021-11-19 21:21:35 UTC,research,CC-BY-NC,https://www.inaturalist.org/observations/97811339,https://inaturalist-open-data.s3.amazonaws.com/photos/162732241/medium.jpg,,"",Thicc visitor moved outside ,1,0,false,3,United States,32.7684228785,-116.6597160196,5,,,,29066,obscured,,true,,,Grass Spiders,Agelenopsis aperta,Desert Grass Spider,Arachnida,201680,,
98311326,9f902c8f-b5c9-4b17-baf9-63ef09c32f39,Wed Sep 22 2021 08:27:58 GMT-0700 (PDT),2021-09-22,2021-09-22 15:27:58 UTC,Pacific Time (US & Canada),3406526,naturalizednet,J Ochoa,2021-10-15 20:21:20 UTC,2021-10-16 19:29:55 UTC,research,,https://www.inaturalist.org/observations/98311326,https://static.inaturalist.org/photos/163650366/medium.jpg,,"","",1,0,false,3,"Ruffin Canyon Open-Space Preser, San Diego, CA, US",32.7911479889,-117.1320088243,450,,,,450,,,false,,,Desert Grass Spider,Agelenopsis aperta,Desert Grass Spider,Arachnida,201680,,
98618215,8eae1cc2-856b-41a0-8dd3-54812ae9bc94,2021-10-17 18:07:04,2021-10-17,2021-10-17 23:07:04 UTC,Central Time (US & Canada),31648,richleighton,Rich Leighton,2021-10-18 16:46:18 UTC,2022-05-02 20:44:04 UTC,research,,https://www.inaturalist.org/observations/98618215,https://static.inaturalist.org/photos/164232501/medium.jpeg,,"",,1,0,false,2,"Mission, TX, USA",26.1927449722,-98.336886,,,,,,,,false,gps,gps,Desert Grass Spider,Agelenopsis aperta,Desert Grass Spider,Arachnida,201680,,
98823173,d7f8e255-0989-49cf-b8c7-e8756a19d122,2021/04/16 11:14 AM PDT,2021-04-16,2021-04-16 18:14:00 UTC,Pacific Time (US & Canada),2773032,kailh,Kaj Hoffman,2021-10-20 20:47:22 UTC,2022-05-25 07:26:04 UTC,research,CC-BY-NC,https://www.inaturalist.org/observations/98823173,https://inaturalist-open-data.s3.amazonaws.com/photos/164615251/medium.jpg,,Parma Park,,1,0,false,,"Cielito, Santa Barbara, CA, USA",34.4474905017,-119.6824749817,,,,,,,,false,,,Desert Grass Spider,Agelenopsis aperta,Desert Grass Spider,Arachnida,201680,,
103473198,4266f553-4f02-4c93-bd35-8e7a6df5a985,2017/08/13 12:37 PM PDT,2017-08-13,2017-08-13 19:37:00 UTC,Pacific Time (US & Canada),2071217,macrhybopsis,,2021-12-22 15:11:41 UTC,2023-02-19 13:32:22 UTC,research,CC-BY-NC,https://www.inaturalist.org/observations/103473198,https://inaturalist-open-data.s3.amazonaws.com/photos/173186400/medium.jpg,,"",,1,0,false,,"Stark County, OH, USA",40.9727762019,-81.1811019218,562,,,,562,,,false,,,Dark-legged Grass Spider,Agelenopsis naevia,Dark-legged Grass Spider,Arachnida,153491,,
113062431,0e7748e7-54ef-4dc1-ab3f-e43176401499,2017-08-24 23:22:00-07:00,2017-08-24,2017-08-25 06:22:00 UTC,Pacific Time (US & Canada),364244,eridanlover,,2022-04-27 06:24:03 UTC,2023-07-08 08:05:46 UTC,research,CC-BY-NC,https://www.inaturalist.org/observations/113062431,https://inaturalist-open-data.s3.amazonaws.com/photos/191027513/medium.jpg,,"","",1,0,false,3,"Rancho del Oro Dr, Oceanside, CA, US",33.2295337947,-117.3169737552,42,,,,42,,,false,,,Desert Grass Spider,Agelenopsis aperta,Desert Grass Spider,Arachnida,201680,,
116238734,1624dd92-cb98-4363-936e-1287ced286b8,2022-05-08 17:11:28-07:00,2022-05-08,2022-05-09 00:11:28 UTC,Pacific Time (US & Canada),746072,pea,Pea Hicks,2022-05-09 05:37:04 UTC,2022-05-09 07:37:37 UTC,research,,https://www.inaturalist.org/observations/116238734,https://static.inaturalist.org/photos/196195023/medium.jpg,,"","",1,0,false,3,"Mission Trails Regional Park, San Diego, CA, US",32.8321,-117.0671833333,4,,,,4,,,false,,,Desert Grass Spider,Agelenopsis aperta,Desert Grass Spider,Arachnida,201680,,
117670846,fa9100da-da4f-40d6-81e8-1fb8cce913a2,Thu May 12 2022 09:35:59 GMT -0700 (PDT),2022-05-12,2022-05-12 16:35:59 UTC,Pacific Time (US & Canada),4034941,zoogenhovel,,2022-05-19 00:44:07 UTC,2022-05-19 01:16:48 UTC,research,CC-BY-NC,https://www.inaturalist.org/observations/117670846,https://inaturalist-open-data.s3.amazonaws.com/photos/198751011/medium.jpeg,,"",,1,0,false,333,Lake Forest,33.688129425,-117.6349182129,,,,,,,,false,,,Desert Grass Spider,Agelenopsis aperta,Desert Grass Spider,Arachnida,201680,,
117758529,1f58e379-7638-48f6-8499-89eab897281c,2022-05-19 10:20:16-07:00,2022-05-19,2022-05-19 17:20:16 UTC,Pacific Time (US & Canada),4184729,laiahbanks,,2022-05-19 18:07:59 UTC,2024-08-14 05:29:25 UTC,research,CC-BY-NC,https://www.inaturalist.org/observations/117758529,https://inaturalist-open-data.s3.amazonaws.com/photos/198905130/medium.jpg,,"","",1,0,false,3,"Janes Village, Altadena, CA, US",34.2045883333,-118.1537028333,16,,,,16,,,false,,,Desert Grass Spider,Agelenopsis aperta,Desert Grass Spider,Arachnida,201680,,
120080560,d16bcaf2-2230-4dae-a180-77169066b014,2022/06/03 2:08 PM,2022-06-03,2022-06-03 19:08:00 UTC,Central Time (US & Canada),4314166,guyercr,Craig&amp;Sharon,2022-06-03 23:06:08 UTC,2023-02-28 19:25:09 UTC,research,CC-BY-NC,https://www.inaturalist.org/observations/120080560,https://inaturalist-open-data.s3.amazonaws.com/photos/203057717/medium.jpeg,,"","",1,0,false,,"Covington County, AL, USA",31.0575465585,-86.5877228576,15,,,,15,,,false,,,Dark-legged Grass Spider,Agelenopsis naevia,Dark-legged Grass Spider,Arachnida,153491,,
121011486,b96ce3a8-02cc-4d18-9e5c-315b4e6218d6,Thu Jun 09 2022 07:37:50 GMT-0700 (PDT),2022-06-09,2022-06-09 14:37:50 UTC,Pacific Time (US & Canada),516268,bobby23,Bobby McCabe,2022-06-09 21:23:39 UTC,2024-04-30 06:08:56 UTC,research,CC-BY,https://www.inaturalist.org/observations/121011486,https://inaturalist-open-data.s3.amazonaws.com/photos/204731910/medium.jpg,,"",In sparse shrubland habitat.,1,0,false,3,"Jean, NV, US",35.6130916667,-115.3240966667,4,,,,4,,,false,,,Desert Grass Spider,Agelenopsis aperta,Desert Grass Spider,Arachnida,201680,,
121507044,7e017f16-06c1-4c99-b399-4cab7028faed,Sat Jun 11 2022 14:45:00 GMT -0700 (PDT),2022-06-11,2022-06-11 21:45:00 UTC,Pacific Time (US & Canada),4257939,dafulcrum,David Newman,2022-06-12 23:29:12 UTC,2022-06-18 17:15:03 UTC,research,CC-BY-NC,https://www.inaturalist.org/observations/121507044,https://inaturalist-open-data.s3.amazonaws.com/photos/207117659/medium.jpeg,,"",,1,0,false,333,Solana Beach,33.0082931519,-117.2549667358,2167,,,,2167,,,false,,,Desert Grass Spider,Agelenopsis aperta,Desert Grass Spider,Arachnida,201680,,
122393476,ff10ed9b-baed-4fbe-8c02-0824c6723484,2022/06/18 9:24 AM,2022-06-18,2022-06-18 16:24:00 UTC,Pacific Time (US & Canada),4631459,waterclover,Fern,2022-06-18 23:25:14 UTC,2025-05-25 06:58:18 UTC,research,CC-BY-NC-ND,https://www.inaturalist.org/observations/122393476,https://inaturalist-open-data.s3.amazonaws.com/photos/207213660/medium.jpeg,,"",,1,0,false,,Satwiwa Preserve,34.1498906566,-118.9586178487,911,,,,911,,,false,,,Desert Grass Spider,Agelenopsis aperta,Desert Grass Spider,Arachnida,201680,,
125716385,e372abba-514b-4dfa-9fa0-16954050fc31,2022-07-10 15:21:08,2022-07-10,2022-07-10 22:21:08 UTC,Pacific Time (US & Canada),4935586,jesus-garcia,Jesus Garcia,2022-07-11 01:22:00 UTC,2022-07-11 02:00:45 UTC,research,CC-BY-NC,https://www.inaturalist.org/observations/125716385,https://inaturalist-open-data.s3.amazonaws.com/photos/213224784/medium.jpeg,,"",,1,0,false,2,"Lakeside, CA 92040, USA",32.9195322952,-116.8820998818,1492560,,,,1492560,,,false,gps,gps,Desert Grass Spider,Agelenopsis aperta,Desert Grass Spider,Arachnida,201680,,
126225355,7ff4dd3e-d0ba-4639-b9a6-bf3306739ba8,2022-07-14 09:52:21,2022-07-14,2022-07-14 16:52:21 UTC,Pacific Time (US & Canada),2392566,baileyd,Bailey Ann DeLao,2022-07-14 16:52:05 UTC,2025-05-25 06:59:36 UTC,research,,https://www.inaturalist.org/observations/126225355,https://static.inaturalist.org/photos/214146512/medium.jpeg,,"",,2,0,false,2,"Moorpark, CA 93021, USA",34.30152098,-118.83895567,4,,,,4,,,false,,,Desert Grass Spider,Agelenopsis aperta,Desert Grass Spider,Arachnida,201680,,
126286030,00868b0f-3616-43ab-bd42-f67ca5de4029,2022-07-14 01:12:03-07:00,2022-07-14,2022-07-14 08:12:03 UTC,Pacific Time (US & Canada),528056,spifferella,Becky Escalante,2022-07-15 01:34:58 UTC,2022-07-17 02:16:30 UTC,research,CC-BY-NC,https://www.inaturalist.org/observations/126286030,https://inaturalist-open-data.s3.amazonaws.com/photos/214258622/medium.jpg,,"","",1,0,false,3,United States,32.7211399824,-116.7975945452,4,,,,29066,obscured,,true,,,Desert Grass Spider,Agelenopsis aperta,Desert Grass Spider,Arachnida,201680,,
126364844,03e21ab3-787b-4843-b0f9-8c6e996c5833,2022/07/15 11:27 AM,2022-07-15,2022-07-15 16:27:00 UTC,Central Time (US & Canada),5663914,prsonnen,PRSonnen,2022-07-15 17:19:24 UTC,2023-02-28 19:24:52 UTC,research,CC-BY-NC,https://www.inaturalist.org/observations/126364844,https://inaturalist-open-data.s3.amazonaws.com/photos/214396848/medium.jpeg,,"",,2,0,false,,"Columbia County, AR, USA",33.1285176,-93.1779659,40768,,,,40768,,,false,,,Agelenopsis naevia,Agelenopsis naevia,Dark-legged Grass Spider,Arachnida,153491,,
126505910,65f6f88d-849f-4775-9c66-f0db0b2d254c,2022-07-16 09:46:20,2022-07-16,2022-07-16 16:46:20 UTC,Pacific Time (US & Canada),5923015,sar1203,,2022-07-16 17:14:28 UTC,2022-07-16 22:56:41 UTC,research,CC-BY-NC,https://www.inaturalist.org/observations/126505910,https://static.inaturalist.org/photos/214651862/medium.jpeg,,"",,1,0,false,2,"Torrey Preserve, San Diego, CA, USA",32.91869754,-117.25431265,7,,,,7,,,false,,,Desert Grass Spider,Agelenopsis aperta,Desert Grass Spider,Arachnida,201680,,
126593374,18a69a57-52ad-4e17-b6c2-d6a707d29804,2022-07-16 16:37:49-07:00,2022-07-16,2022-07-16 23:37:49 UTC,Pacific Time (US & Canada),92769,petercsanadi,Peter Csanadi,2022-07-17 04:31:34 UTC,2024-08-30 03:46:11 UTC,research,CC-BY-NC,https://www.inaturalist.org/observations/126593374,https://inaturalist-open-data.s3.amazonaws.com/photos/214813619/medium.jpg,,"","",2,0,false,3,"Morena Blvd, San Diego, CA, US",32.8221783333,-117.2242583333,10,,,,10,,,false,,,Desert Grass Spider,Agelenopsis aperta,Desert Grass Spider,Arachnida,201680,,
126766574,0ba899f0-1255-44b5-b9df-e0ca2a69be62,2022-07-17 21:22:47-07:00,2022-07-17,2022-07-18 04:22:47 UTC,Pacific Time (US & Canada),4285753,dreaminginblue,Amanda Bueno-Kling,2022-07-18 04:26:43 UTC,2022-07-18 14:51:28 UTC,research,CC-BY-NC,https://www.inaturalist.org/observations/126766574,https://inaturalist-open-data.s3.amazonaws.com/photos/215127622/medium.jpg,,"","",1,0,false,3,"Cleveland National Forest, Julian, CA, US",33.0398555,-116.6395633333,10,,,,10,,,false,,,Desert Grass Spider,Agelenopsis aperta,Desert Grass Spider,Arachnida,201680,,
126924462,2c9ebf5e-4ce0-4b5f-a2b0-541f986910fc,2022-07-18 9:15:22 PM PDT,2022-07-18,2022-07-19 04:15:22 UTC,Pacific Time (US & Canada),525720,klyle161,Kristin Sweeney,2022-07-19 06:55:06 UTC,2023-07-01 05:49:55 UTC,research,CC-BY-NC,https://www.inaturalist.org/observations/126924462,https://inaturalist-open-data.s3.amazonaws.com/photos/215417304/medium.jpeg,,"",,2,0,false,2,"Jamul, CA 91935, USA",32.6778783665,-116.8229484558,98,,,,98,,,false,gps,gps,Desert Grass Spider,Agelenopsis aperta,Desert Grass Spider,Arachnida,201680,,
127013971,bece1d52-a3fc-41b8-961f-c184d9ece531,2022-07-19 14:45:52,2022-07-19,2022-07-19 21:45:52 UTC,Pacific Time (US & Canada),5785795,kyle_morales,,2022-07-19 21:49:04 UTC,2022-07-19 22:49:07 UTC,research,CC-BY-NC,https://www.inaturalist.org/observations/127013971,https://inaturalist-open-data.s3.amazonaws.com/photos/215578539/medium.jpeg,,"",,1,0,false,2,"San Marcos, CA 92069, USA",33.1660305556,-117.1555027778,,,,,,,,false,gps,gps,Desert Grass Spider,Agelenopsis aperta,Desert Grass Spider,Arachnida,201680,,
127260275,0b882dc8-9bb8-4d6c-81ad-d28205363561,2022-07-21 11:49:05,2022-07-21,2022-07-21 18:49:05 UTC,Pacific Time (US & Canada),763586,wyrdtina,,2022-07-21 18:53:38 UTC,2024-01-21 09:21:51 UTC,research,CC-BY-NC,https://www.inaturalist.org/observations/127260275,https://inaturalist-open-data.s3.amazonaws.com/photos/216038604/medium.jpeg,,"",,3,1,false,2,"Warner Springs, CA 92086, USA",33.3377496531,-116.7051260546,9,,,,9,,,false,gps,gps,Desert Grass Spider,Agelenopsis aperta,Desert Grass Spider,Arachnida,201680,,
127551239,496a4bd2-eaed-4a5c-91bd-e4c271d7fa4e,2022-07-20 21:24:01-07:00,2022-07-20,2022-07-21 04:24:01 UTC,Pacific Time (US & Canada),2086626,llaves,Llaves,2022-07-23 18:57:40 UTC,2022-12-03 07:29:08 UTC,research,CC-BY-NC,https://www.inaturalist.org/observations/127551239,https://inaturalist-open-data.s3.amazonaws.com/photos/216555048/medium.jpg,,"","",1,0,false,3,"Date St, San Diego, CA, US",32.7231533333,-117.1212388333,27,,,,27,,,false,,,Desert Grass Spider,Agelenopsis aperta,Desert Grass Spider,Arachnida,201680,,
127583116,4b50c74d-6f8f-439e-a7eb-0b95730d1f7a,2022-07-22 18:50:42-07:00,2022-07-22,2022-07-23 01:50:42 UTC,Pacific Time (US & Canada),2971348,doc_ern,,2022-07-23 22:24:24 UTC,2024-01-21 09:21:16 UTC,research,CC-BY-NC,https://www.inaturalist.org/observations/127583116,https://inaturalist-open-data.s3.amazonaws.com/photos/216613142/medium.jpg,,"","Pretty big spider, that’s my thumb ",3,1,false,3,"Plainview Rd, San Diego, CA, US",32.7739716667,-117.1955033333,4,,,,4,,,false,,,Desert Grass Spider,Agelenopsis aperta,Desert Grass Spider,Arachnida,201680,,
127628171,34b9dc99-8432-4683-8075-c6f14801add6,2022-07-23 22:12:43-07:00,2022-07-23,2022-07-24 05:12:43 UTC,Pacific Time (US & Canada),63792,kestrelsparverius,Paul G.,2022-07-24 05:16:53 UTC,2022-07-24 05:57:50 UTC,research,CC-BY-NC,https://www.inaturalist.org/observations/127628171,https://inaturalist-open-data.s3.amazonaws.com/photos/216697143/medium.jpg,,"","",1,0,false,3,"Santa Ana Rd, Oak View, CA, US",34.4052589719,-119.3107848865,8,,,,8,,,false,,,Desert Grass Spider,Agelenopsis aperta,Desert Grass Spider,Arachnida,201680,,
128158389,88a807dd-f77c-4525-9ba5-37f5c8a32506,2022-07-27 07:10:15-07:00,2022-07-27,2022-07-27 14:10:15 UTC,Pacific Time (US & Canada),962682,marleycrow,"",2022-07-27 16:02:25 UTC,2022-08-16 19:40:27 UTC,research,CC-BY-NC,https://www.inaturalist.org/observations/128158389,https://inaturalist-open-data.s3.amazonaws.com/photos/217661718/medium.jpg,,"","",1,0,false,3,"Via Frontera, San Diego, CA, US",33.0130053122,-117.0972422266,63,,,,63,,,false,,,Desert Grass Spider,Agelenopsis aperta,Desert Grass Spider,Arachnida,201680,,
128253576,4503cecb-39d5-4965-9235-fcc4ebc8eb7d,2022-07-27 21:54:44-07:00,2022-07-27,2022-07-28 04:54:44 UTC,Pacific Time (US & Canada),960703,jlagrange,,2022-07-28 04:56:58 UTC,2022-11-08 22:02:17 UTC,research,,https://www.inaturalist.org/observations/128253576,https://static.inaturalist.org/photos/217834678/medium.jpg,,"","",1,0,false,3,"California State University San Marcos, San Marcos, CA, US",33.1341674196,-117.1544194323,16,,,,16,,,false,,,Desert Grass Spider,Agelenopsis aperta,Desert Grass Spider,Arachnida,201680,,
128624136,804d8d09-748f-420c-8ad4-f641a127d621,2022-07-30 10:36:27-04:00,2022-07-30,2022-07-30 14:36:27 UTC,Eastern Time (US & Canada),1711858,pwilson96,Peter Wilson,2022-07-30 15:49:48 UTC,2023-05-05 16:48:20 UTC,research,CC-BY-NC,https://www.inaturalist.org/observations/128624136,https://inaturalist-open-data.s3.amazonaws.com/photos/218494960/medium.jpg,,"","",1,0,false,3,"Buckhorn Rd, Greer, SC, US",35.0126416667,-82.2997133333,11,,,,11,,,false,,,Dark-legged Grass Spider,Agelenopsis naevia,Dark-legged Grass Spider,Arachnida,153491,,
128696798,14e2f894-1b72-4379-89f9-bb8d73c9b536,2022-07-30 15:11:17-07:00,2022-07-30,2022-07-30 22:11:17 UTC,Pacific Time (US & Canada),4285753,dreaminginblue,Amanda Bueno-Kling,2022-07-30 22:38:28 UTC,2022-07-30 23:57:02 UTC,research,CC-BY-NC,https://www.inaturalist.org/observations/128696798,https://inaturalist-open-data.s3.amazonaws.com/photos/218625460/medium.jpg,,"","",1,0,false,3,"Cleveland National Forest, Julian, CA, US",33.039991873,-116.6395696041,24,,,,24,,,false,,,Desert Grass Spider,Agelenopsis aperta,Desert Grass Spider,Arachnida,201680,,
128907110,532ba798-5ed3-4332-b109-0eddddecff15,2022-07-31 18:04:44-07:00,2022-07-31,2022-08-01 01:04:44 UTC,Pacific Time (US & Canada),942607,martinthomas3,Martin Thomas,2022-08-01 01:05:32 UTC,2024-01-21 09:19:39 UTC,research,,https://www.inaturalist.org/observations/128907110,https://static.inaturalist.org/photos/219001656/medium.jpg,,"","",3,1,false,3,"Russet St, San Diego, CA, US",33.0257833333,-117.1065361667,10,,,,10,,,false,,,Desert Grass Spider,Agelenopsis aperta,Desert Grass Spider,Arachnida,201680,,
129183590,647b72ba-b460-42d9-9479-54c9aa71c408,2022-07-31 09:33:39-07:00,2022-07-31,2022-07-31 16:33:39 UTC,Pacific Time (US & Canada),1441525,hiphipforay,,2022-08-02 19:50:58 UTC,2022-10-30 16:36:30 UTC,research,CC-BY-NC,https://www.inaturalist.org/observations/129183590,https://inaturalist-open-data.s3.amazonaws.com/photos/219501339/medium.jpg,,"","",1,0,false,3,"Mimulus Way, San Diego, CA, US",32.8382216667,-117.2619033333,10,,,,10,,,false,,,Desert Grass Spider,Agelenopsis aperta,Desert Grass Spider,Arachnida,201680,,
129212048,4f138381-ee5e-4862-800f-9e90b3050d9f,2022/07/30 8:47 PM,2022-07-30,2022-07-31 03:47:00 UTC,Pacific Time (US & Canada),704502,ectothermist,William Mason,2022-08-02 23:55:09 UTC,2022-08-06 23:59:50 UTC,research,CC-BY-NC,https://www.inaturalist.org/observations/129212048,https://inaturalist-open-data.s3.amazonaws.com/photos/219553011/medium.jpg,,"","",1,0,false,,"Eaton Canyon, Los Angeles County, CA, USA",34.1851202928,-118.0997795584,15,,,,15,,,false,,,Desert Grass Spider,Agelenopsis aperta,Desert Grass Spider,Arachnida,201680,,
129437463,c760c1e1-fd8a-4825-89fa-a80479cf2341,2022-08-03 12:45:31-07:00,2022-08-03,2022-08-03 19:45:31 UTC,Pacific Time (US & Canada),508158,somehuman,JT Tomaschke,2022-08-04 17:49:52 UTC,2024-08-11 17:59:54 UTC,research,CC-BY-NC,https://www.inaturalist.org/observations/129437463,https://inaturalist-open-data.s3.amazonaws.com/photos/219976249/medium.jpg,,"","",4,0,false,3,"Revelstoke Terr, San Diego, CA, US",32.933975,-117.1301638333,4,,,,4,,,false,,,Desert Grass Spider,Agelenopsis aperta,Desert Grass Spider,Arachnida,201680,,
129448578,e0bb0cbc-6557-4afd-bfba-06ad93a0b682,2022-08-04 10:53:28-08:00,2022-08-04,2022-08-04 18:53:28 UTC,Alaska,1533494,darrenoh,Darren Oh,2022-08-04 19:19:58 UTC,2024-08-29 16:43:49 UTC,research,CC-BY-SA,https://www.inaturalist.org/observations/129448578,https://inaturalist-open-data.s3.amazonaws.com/photos/220179644/medium.jpg,,"","",1,0,false,3,"Skagway County, US-AK, US",59.4527688628,-135.315632261,981,,,,981,,,false,,,Agelenopsis utahana,Agelenopsis utahana,Utah Funnelweb Spider,Arachnida,153497,,
129462777,a4fd8c5c-9e15-47b2-b2ee-897c26eb1efa,2022-08-04 13:29:18,2022-08-04,2022-08-04 20:29:18 UTC,Pacific Time (US & Canada),5640454,blakewxb,"",2022-08-04 21:19:45 UTC,2024-04-30 06:20:40 UTC,research,CC-BY-NC,https://www.inaturalist.org/observations/129462777,https://inaturalist-open-data.s3.amazonaws.com/photos/220012369/medium.jpeg,,"",,1,0,false,2,"Las Vegas, NV 89166, USA",36.4390248962,-115.3596485406,24,,,,24,,,false,gps,gps,Desert Grass Spider,Agelenopsis aperta,Desert Grass Spider,Arachnida,201680,,
129484961,70adde3b-48dc-4afe-845e-23052b913d4b,2022-08-04 12:16:23-07:00,2022-08-04,2022-08-04 19:16:23 UTC,Pacific Time (US & Canada),92769,petercsanadi,Peter Csanadi,2022-08-05 00:50:04 UTC,2024-08-30 03:46:12 UTC,research,CC-BY-NC,https://www.inaturalist.org/observations/129484961,https://inaturalist-open-data.s3.amazonaws.com/photos/220051792/medium.jpg,,"","",1,0,false,3,"Morena Blvd, San Diego, CA, US",32.8226083333,-117.2242366667,9,,,,9,,,false,,,Desert Grass Spider,Agelenopsis aperta,Desert Grass Spider,Arachnida,201680,,
129505874,87e0de06-5a27-4149-a2d6-f507596537ea,2022-08-03 06:42:27-07:00,2022-08-03,2022-08-03 13:42:27 UTC,Pacific Time (US & Canada),5516745,galolopez123,Galo Lopez,2022-08-05 04:50:09 UTC,2024-03-07 12:01:06 UTC,research,,https://www.inaturalist.org/observations/129505874,https://static.inaturalist.org/photos/220091633/medium.jpg,,"","",2,0,false,3,"Santa Catalina Island, CA, US",33.4414033333,-118.48603,5000,,,,5000,,,false,,,Desert Grass Spider,Agelenopsis aperta,Desert Grass Spider,Arachnida,201680,,
129688898,e4265e7a-e637-4c00-a946-ffbf66d82ad7,2022-08-06 08:50:17,2022-08-06,2022-08-06 15:50:17 UTC,Pacific Time (US & Canada),5905200,montlou,"",2022-08-06 15:52:26 UTC,2023-11-02 07:16:22 UTC,research,CC-BY-NC,https://www.inaturalist.org/observations/129688898,https://inaturalist-open-data.s3.amazonaws.com/photos/220430819/medium.jpeg,,"",,2,0,false,2,Bellevue,47.6101049963,-122.201516144,10742,,,,10742,,,false,gps,gps,Agelenopsis oregonensis,Agelenopsis oregonensis,,Arachnida,212721,,
129731283,6dc3f17b-eace-4e41-8b7f-f12a7084c296,2022/07/13 5:04 PM,2022-07-13,2022-07-14 00:04:00 UTC,Pacific Time (US & Canada),5910467,jshodd,,2022-08-06 21:02:49 UTC,2023-07-04 13:14:31 UTC,research,CC-BY-NC,https://www.inaturalist.org/observations/129731283,https://inaturalist-open-data.s3.amazonaws.com/photos/220506278/medium.jpg,,"Macro, Spiders",,2,0,false,,Poo Poo Point Trail,47.4969640572,-122.0164669862,720,,,,720,,,false,,,Agelenopsis oregonensis,Agelenopsis oregonensis,,Arachnida,212721,,
129904433,40b1336a-ee24-4a3c-927e-2357cdf42237,2022-08-07 12:17:58-07:00,2022-08-07,2022-08-07 19:17:58 UTC,Pacific Time (US & Canada),70290,erinriley,,2022-08-07 23:10:08 UTC,2024-01-21 09:33:05 UTC,research,,https://www.inaturalist.org/observations/129904433,https://static.inaturalist.org/photos/220829672/medium.jpg,,"","",3,1,false,3,"Cleveland National Forest, Descanso, CA, US",32.8717216667,-116.6215583333,9,,,,9,,,false,,,Desert Grass Spider,Agelenopsis aperta,Desert Grass Spider,Arachnida,201680,,
129933006,89a1978b-0cc9-4116-999c-ec7a276ab5ab,Thu Jul 21 2022 09:51:37 GMT -0700 (PDT),2022-07-21,2022-07-21 16:51:37 UTC,Pacific Time (US & Canada),6003991,cjopson,,2022-08-08 03:21:00 UTC,2022-10-15 17:12:17 UTC,research,CC-BY-NC,https://www.inaturalist.org/observations/129933006,https://inaturalist-open-data.s3.amazonaws.com/photos/220884567/medium.jpeg,,"",,1,0,false,333,San Diego,32.7838821411,-117.202041626,2499,,,,2499,,,false,,,Desert Grass Spider,Agelenopsis aperta,Desert Grass Spider,Arachnida,201680,,
130065724,ef57f492-f4a8-4b1c-ae15-08834cc86817,2022-07-31 18:49:01,2022-07-31,2022-08-01 01:49:01 UTC,Pacific Time (US & Canada),892641,kmaccormick,"",2022-08-09 03:08:45 UTC,2022-09-11 01:35:47 UTC,research,CC-BY-NC,https://www.inaturalist.org/observations/130065724,https://inaturalist-open-data.s3.amazonaws.com/photos/221133160/medium.jpeg,,"",Funnel shaped dense web (no spider seen) Two other funnel webs directly adjacent,1,0,false,2,"Chino Hills, CA 91709, USA",33.922986,-117.7121159722,,,,,,,,false,gps,gps,Desert Grass Spider,Agelenopsis aperta,Desert Grass Spider,Arachnida,201680,,
130736517,a98427cf-c61a-40a2-ba47-674535649610,2022-08-11 08:18:13-07:00,2022-08-11,2022-08-11 15:18:13 UTC,Pacific Time (US & Canada),528056,spifferella,Becky Escalante,2022-08-14 04:59:49 UTC,2022-08-14 06:44:41 UTC,research,CC-BY-NC,https://www.inaturalist.org/observations/130736517,https://inaturalist-open-data.s3.amazonaws.com/photos/222381325/medium.jpg,,"","",1,0,false,3,United States,32.6300515348,-116.661567067,4,,,,29066,obscured,,true,,,Desert Grass Spider,Agelenopsis aperta,Desert Grass Spider,Arachnida,201680,,
132207791,504bf25f-0eaf-4493-bf19-227f7019a75b,2022/07/25 8:59 AM,2022-07-25,2022-07-25 15:59:00 UTC,Pacific Time (US & Canada),305683,zdanko,Zachary Dankowicz,2022-08-24 23:32:16 UTC,2023-07-04 13:10:27 UTC,research,CC-BY-NC,https://www.inaturalist.org/observations/132207791,https://inaturalist-open-data.s3.amazonaws.com/photos/225105489/medium.jpg,,"",,2,0,false,,"Snoqualmie, WA, USA",47.543478583,-121.8373120036,344,,,,344,,,false,,,Agelenopsis oregonensis,Agelenopsis oregonensis,,Arachnida,212721,,
132682556,58d627b4-8319-40da-975c-5971952f9eac,2022/08/28 12:42 PM,2022-08-28,2022-08-28 17:42:00 UTC,Central Time (US & Canada),529560,sgoodchild,Shawn Goodchild,2022-08-28 20:32:42 UTC,2025-01-10 10:03:16 UTC,research,CC-BY-NC,https://www.inaturalist.org/observations/132682556,https://inaturalist-open-data.s3.amazonaws.com/photos/225920190/medium.jpeg,,"",potteri?,2,0,false,,"Becker County, MN, USA",46.7986398486,-96.1220511417,31,,,,31,,,false,,,Potter's Grass Spider,Agelenopsis potteri,Potter's Grass Spider,Arachnida,212722,,
132858038,608e8be3-83d9-42c2-ba6a-59479b732ced,2022/08/26 3:56 PM,2022-08-26,2022-08-26 22:56:00 UTC,Pacific Time (US & Canada),269916,jonathangoff,Jonathan Goff,2022-08-29 19:22:41 UTC,2023-07-04 13:09:13 UTC,research,CC-BY-NC-SA,https://www.inaturalist.org/observations/132858038,https://inaturalist-open-data.s3.amazonaws.com/photos/226206616/medium.jpeg,,"","",2,0,false,,"Whatcom County, WA, USA",48.6667168632,-121.2503533137,1936,,,,1936,,,false,,,Agelenopsis oregonensis,Agelenopsis oregonensis,,Arachnida,212721,,
132905067,cd526aa1-71ed-4f8f-8f8e-db1d16bfb1c6,2022-08-29 22:09:27-04:00,2022-08-29,2022-08-30 02:09:27 UTC,Eastern Time (US & Canada),1253275,jwboreal,"",2022-08-30 02:47:49 UTC,2025-01-10 10:04:27 UTC,research,CC-BY-NC,https://www.inaturalist.org/observations/132905067,https://inaturalist-open-data.s3.amazonaws.com/photos/226302969/medium.jpg,,"","",2,0,false,3,"Chestnut St, Gardiner, ME, US",44.2260775526,-69.7786351034,22,,,,22,,,false,,,Potter's Grass Spider,Agelenopsis potteri,Potter's Grass Spider,Arachnida,212722,,
133007022,2517233b-92c2-4e26-969e-f915859e2d4b,2022/08/20 9:25 AM,2022-08-20,2022-08-20 14:25:00 UTC,Central Time (US & Canada),3270487,tefetro,Woldu Araya,2022-08-30 21:57:25 UTC,2025-01-10 10:02:38 UTC,research,,https://www.inaturalist.org/observations/133007022,https://static.inaturalist.org/photos/226490664/medium.jpeg,,"","",1,0,false,,"Hennepin, County, MN",45.020891,-93.509457,36183,,,,36183,,,false,,,Potter's Grass Spider,Agelenopsis potteri,Potter's Grass Spider,Arachnida,212722,,
133173120,cb7d3073-0ad9-4130-8012-4fdded4814b9,2022/08/28 9:51 PM,2022-08-28,2022-08-29 01:51:00 UTC,Eastern Time (US & Canada),2899624,donmarsille,Don Marsille,2022-09-01 05:14:37 UTC,2025-01-10 10:03:26 UTC,research,CC-BY-NC,https://www.inaturalist.org/observations/133173120,https://inaturalist-open-data.s3.amazonaws.com/photos/226723602/medium.jpg,,"",,1,0,false,,"Wayne County, New York USA",43.1162361894,-77.1348999887,185,,,,185,,,false,,,Potter's Grass Spider,Agelenopsis potteri,Potter's Grass Spider,Arachnida,212722,,
133486971,60c98610-a385-44cc-8a66-a9f2850d66e3,Sat Sep 03 2022 12:01:31 GMT -0500 (CDT),2022-09-03,2022-09-03 17:01:31 UTC,Central Time (US & Canada),5723811,vroomwife,,2022-09-03 17:01:51 UTC,2025-01-10 10:07:23 UTC,research,CC-BY-NC,https://www.inaturalist.org/observations/133486971,https://inaturalist-open-data.s3.amazonaws.com/photos/227377751/medium.jpeg,,"",,2,0,false,333,Randolph,43.5112838745,-88.9966278076,11468,,,,11468,,,false,,,Potter's Grass Spider,Agelenopsis potteri,Potter's Grass Spider,Arachnida,212722,,
133541905,a0d7a0c0-5e6d-4117-8cd3-a56c46c57510,2022-09-03 18:23:04-05:00,2022-09-03,2022-09-03 23:23:04 UTC,Central Time (US & Canada),5486142,dafoley,,2022-09-03 23:54:33 UTC,2025-01-10 10:07:36 UTC,research,CC-BY-NC,https://www.inaturalist.org/observations/133541905,https://inaturalist-open-data.s3.amazonaws.com/photos/227650527/medium.jpg,,"","",1,0,false,3,"Lake St NW, Rochester, MN, US",44.0274861667,-92.5153283333,6,,,,6,,,false,,,Potter's Grass Spider,Agelenopsis potteri,Potter's Grass Spider,Arachnida,212722,,
133623361,99c809e6-d85c-4dd5-a3c9-23410eb1a46d,2022-09-04 10:42:34-04:00,2022-09-04,2022-09-04 14:42:34 UTC,America/Detroit,5789481,thespoodersanctuary,,2022-09-04 15:39:45 UTC,2025-01-10 10:07:45 UTC,research,CC-BY-NC,https://www.inaturalist.org/observations/133623361,https://inaturalist-open-data.s3.amazonaws.com/photos/227633337/medium.jpg,,"","",1,0,false,3,"S East Torch Lake Dr, Bellaire, MI, US",44.957255,-85.2779466667,4,,,,4,,,false,,,Potter's Grass Spider,Agelenopsis potteri,Potter's Grass Spider,Arachnida,212722,,
133797983,c38e9b5b-a99e-46a0-9346-999ac5ddc6a8,2022/09/04 9:15 PM,2022-09-04,2022-09-05 01:15:00 UTC,Eastern Time (US & Canada),2899624,donmarsille,Don Marsille,2022-09-05 18:22:51 UTC,2025-01-12 19:01:47 UTC,research,CC-BY-NC,https://www.inaturalist.org/observations/133797983,https://inaturalist-open-data.s3.amazonaws.com/photos/227941459/medium.jpg,,"",,1,0,false,,"Wayne County, New York USA",43.1162361894,-77.1348999887,185,,,,185,,,false,,,Potter's Grass Spider,Agelenopsis potteri,Potter's Grass Spider,Arachnida,212722,,
134102514,1035a558-f084-4387-8af4-83869b73b88e,2022/09/07 1:21 PM,2022-09-07,2022-09-07 17:21:00 UTC,Eastern Time (US & Canada),1597696,sc_beetles,Phillip Harpootlian,2022-09-07 22:52:56 UTC,2023-02-28 19:22:49 UTC,research,CC-BY-NC,https://www.inaturalist.org/observations/134102514,https://inaturalist-open-data.s3.amazonaws.com/photos/228567687/medium.jpeg,,"","",1,0,false,,"Rose Hill Plantation State Historic Site, SC, USA",34.6081133333,-81.65852,,,,,,,,false,,,Dark-legged Grass Spider,Agelenopsis naevia,Dark-legged Grass Spider,Arachnida,153491,,
134685095,6fde3f3d-4c86-4ffe-a2ca-09eae7738dcc,2022/09/06 9:23 PM,2022-09-06,2022-09-07 02:23:00 UTC,Central Time (US & Canada),734903,bekahwal,"",2022-09-12 02:50:52 UTC,2025-01-10 10:07:56 UTC,research,CC-BY-NC,https://www.inaturalist.org/observations/134685095,https://inaturalist-open-data.s3.amazonaws.com/photos/229614842/medium.jpg,,"",,3,0,false,,"Park Point, Duluth, MN 55802, USA",46.7212424221,-92.040522039,122,,,,122,,,false,,,Potter's Grass Spider,Agelenopsis potteri,Potter's Grass Spider,Arachnida,212722,,
134751621,c10ac606-1fdb-45b0-966e-1b9393e3a2d2,2022-09-12 10:12:19-07:00,2022-09-12,2022-09-12 17:12:19 UTC,Arizona,756861,deserteddane,Kirsten Bjergarde,2022-09-12 17:14:34 UTC,2022-09-12 21:41:03 UTC,research,CC-BY-NC,https://www.inaturalist.org/observations/134751621,https://inaturalist-open-data.s3.amazonaws.com/photos/229740107/medium.jpg,,"","",1,0,false,3,"N Flat Granite Dr, Oro Valley, AZ, US",32.4095383333,-110.9348366667,20,,,,20,,,false,,,Desert Grass Spider,Agelenopsis aperta,Desert Grass Spider,Arachnida,201680,,
135028587,97b770ca-e267-478d-9481-6647c4c9dba3,2022-09-14 15:42:19,2022-09-14,2022-09-14 19:42:19 UTC,Eastern Time (US & Canada),1963479,sds_02360,"",2022-09-14 19:44:36 UTC,2025-01-10 10:08:32 UTC,research,CC-BY-NC,https://www.inaturalist.org/observations/135028587,https://inaturalist-open-data.s3.amazonaws.com/photos/230251774/medium.jpeg,,"",,1,0,false,2,"Plymouth, MA 02360, USA",41.846011,-70.5953183,20,,,,20,,,false,,,Potter's Grass Spider,Agelenopsis potteri,Potter's Grass Spider,Arachnida,212722,,
135111425,a07a88ed-2f41-4797-8423-78406ccfff95,2022-09-14 11:42:49,2022-09-14,2022-09-14 16:42:49 UTC,Central Time (US & Canada),1410487,j-dar,Jason Dart,2022-09-15 13:40:22 UTC,2025-01-10 10:08:28 UTC,research,CC-BY-NC,https://www.inaturalist.org/observations/135111425,https://inaturalist-open-data.s3.amazonaws.com/photos/230405599/medium.jpeg,,"","",1,0,false,2,"Aurdal Township, MN, USA",46.2873299722,-95.9697319722,,,,,,,,false,gps,gps,Potter's Grass Spider,Agelenopsis potteri,Potter's Grass Spider,Arachnida,212722,,
135587147,8b100fbc-8c7f-4e2d-a0dc-c29ee9cbccc5,2022-09-18,2022-09-18,,Central Time (US & Canada),2889059,mikeljones,Michael Jones,2022-09-18 22:16:01 UTC,2025-01-10 10:08:44 UTC,research,CC-BY-NC,https://www.inaturalist.org/observations/135587147,https://inaturalist-open-data.s3.amazonaws.com/photos/231277032/medium.jpeg,,"",,1,0,false,2,"Lake Mills, WI 53551, USA",43.0849496704,-88.906109333,20,,,,20,,,false,gps,gps,Potter's Grass Spider,Agelenopsis potteri,Potter's Grass Spider,Arachnida,212722,,
136289748,e6222f01-4cef-49f7-abad-23226ba472f4,2022/09/24 10:52 AM,2022-09-24,2022-09-24 14:52:00 UTC,Eastern Time (US & Canada),4482940,anycade1,Cade Schmidt,2022-09-24 15:43:34 UTC,2023-10-01 18:40:06 UTC,research,CC-BY-NC,https://www.inaturalist.org/observations/136289748,https://inaturalist-open-data.s3.amazonaws.com/photos/232578829/medium.jpeg,,"",,1,0,false,,"Toledo, OH, USA",41.7117690742,-83.4790695061,31,,,,31,,,false,,,Pennsylvania Grass Spider,Agelenopsis pennsylvanica,Pennsylvania Grass Spider,Arachnida,143215,,
136346274,2637d653-5b45-4b3b-858a-1a6bcb7d5e3d,2022/09/24 6:18 PM,2022-09-24,2022-09-24 22:18:00 UTC,Eastern Time (US & Canada),4482940,anycade1,Cade Schmidt,2022-09-24 22:17:06 UTC,2023-10-01 18:40:19 UTC,research,CC-BY-NC,https://www.inaturalist.org/observations/136346274,https://inaturalist-open-data.s3.amazonaws.com/photos/232682554/medium.jpeg,,"",belongs to https://www.inaturalist.org/observations/136289748#activity_comment_99354772-60ed-4808-be80-a87d34ee2b55,1,0,false,,"Toledo, OH, USA",41.7117020412,-83.4791965137,31,,,,31,,,false,,,Pennsylvania Grass Spider,Agelenopsis pennsylvanica,Pennsylvania Grass Spider,Arachnida,143215,,
136753643,6ac29035-d306-4f35-bc98-0f182d597d1f,2022-09-27 15:25:28-04:00,2022-09-27,2022-09-27 19:25:28 UTC,Eastern Time (US & Canada),5661278,agentfinnegan,,2022-09-28 00:08:39 UTC,2025-01-14 11:03:49 UTC,research,CC-BY-NC,https://www.inaturalist.org/observations/136753643,https://inaturalist-open-data.s3.amazonaws.com/photos/233444547/medium.jpg,,"","",1,0,false,3,"Clear Creek Metro Park, Sugar Grove, OH, US",39.5943133333,-82.60405,4,,,,4,,,false,,,Dark-legged Grass Spider,Agelenopsis naevia,Dark-legged Grass Spider,Arachnida,153491,,
136973063,ee9c6934-c9d0-4f39-9615-9cc33803c668,2022-09-29 19:35:30-04:00,2022-09-29,2022-09-29 23:35:30 UTC,Eastern Time (US & Canada),6053172,bailey02,Bailey Lutz,2022-09-29 23:36:06 UTC,2023-02-11 14:53:15 UTC,research,,https://www.inaturalist.org/observations/136973063,https://static.inaturalist.org/photos/233852645/medium.jpg,,"",Found in boxwood bush. ,1,0,false,3,"Cox Arboretum Park, Dayton, OH, US",39.6531033333,-84.22635,194,,,,194,,,false,,,Dark-legged Grass Spider,Agelenopsis naevia,Dark-legged Grass Spider,Arachnida,153491,,
137101769,f381cb1b-6bbd-42c8-85ce-b9d235dc1fed,2022/09/30 12:58 PM,2022-09-30,2022-09-30 19:58:00 UTC,Pacific Time (US & Canada),949372,ljr2018,Laurel J. Ramseyer,2022-10-01 02:26:24 UTC,2025-02-16 10:41:34 UTC,research,CC-BY-NC,https://www.inaturalist.org/observations/137101769,https://inaturalist-open-data.s3.amazonaws.com/photos/234091746/medium.jpeg,,"",In web in Rubus armeniacus.,2,0,false,,"Bothell, WA, USA",47.7582277778,-122.1901053613,4,,,,4,,,false,,,Potter's Grass Spider,Agelenopsis potteri,Potter's Grass Spider,Arachnida,212722,,
137646258,b5ef2375-9733-43bd-bf3b-3be7811757b1,2022/10/04 1:12 PM,2022-10-04,2022-10-04 20:12:00 UTC,Pacific Time (US & Canada),2565401,spinescence,"",2022-10-05 15:57:06 UTC,2025-04-08 21:55:33 UTC,research,CC-BY-NC,https://www.inaturalist.org/observations/137646258,https://inaturalist-open-data.s3.amazonaws.com/photos/235123242/medium.jpeg,,"","",2,0,false,,"King County, US-WA, US",47.5398958718,-122.1894823488,527,,,,26839,obscured,,true,,,Agelenopsis oregonensis,Agelenopsis oregonensis,,Arachnida,212721,,
137694496,3040dcc6-5932-48c5-9245-dedb12a10b35,2022/10/04 7:50 PM,2022-10-04,2022-10-05 02:50:00 UTC,Pacific Time (US & Canada),1134341,calebv15,Caleb Villar,2022-10-05 23:40:46 UTC,2024-09-29 23:09:37 UTC,research,CC-BY-NC,https://www.inaturalist.org/observations/137694496,https://inaturalist-open-data.s3.amazonaws.com/photos/235212221/medium.jpeg,,"",,1,0,false,,"Lemon Grove, CA, USA",32.7168572588,-117.0490761017,9,,,,9,,,false,,,Desert Grass Spider,Agelenopsis aperta,Desert Grass Spider,Arachnida,201680,,
137755757,b60787cc-a512-4603-8902-0df0fc9b67f2,2022-10-06 10:31:59-05:00,2022-10-06,2022-10-06 15:31:59 UTC,Central Time (US & Canada),5446528,brockb1229,,2022-10-06 15:56:22 UTC,2023-02-28 19:22:36 UTC,research,CC-BY-NC,https://www.inaturalist.org/observations/137755757,https://inaturalist-open-data.s3.amazonaws.com/photos/235330218/medium.jpg,,"","Pine forest
On monte sano",1,0,false,3,"Monte Sano State Park, Huntsville, AL, US",34.7396283333,-86.5122916667,925,,,,925,,,false,,,Dark-legged Grass Spider,Agelenopsis naevia,Dark-legged Grass Spider,Arachnida,153491,,
137828966,48366f8f-4207-4b49-a61a-8c25839ba2f7,2022/10/06 10:57 PM,2022-10-06,2022-10-07 02:57:00 UTC,Eastern Time (US & Canada),2011464,whateverwatcher,Donna J. Parry,2022-10-07 04:26:41 UTC,2023-05-05 16:48:16 UTC,research,CC-BY-NC,https://www.inaturalist.org/observations/137828966,https://inaturalist-open-data.s3.amazonaws.com/photos/235464360/medium.jpeg,,"","Tentative ID; improvement welcomed.
She prepared a lovely display on the front porch. Hope she sticks around for Halloween!",1,0,false,,United States,39.3649862519,-84.6919456888,,,,,28121,obscured,,true,,,Dark-legged Grass Spider,Agelenopsis naevia,Dark-legged Grass Spider,Arachnida,153491,,
138168492,f4340bb9-c4f4-4d99-8aab-f5c4b4405566,2017/07/12 5:26 PM,2017-07-12,2017-07-13 00:26:00 UTC,Pacific Time (US & Canada),949372,ljr2018,Laurel J. Ramseyer,2022-10-09 20:27:36 UTC,2023-02-28 20:37:48 UTC,research,CC-BY-NC,https://www.inaturalist.org/observations/138168492,https://inaturalist-open-data.s3.amazonaws.com/photos/236103617/medium.jpeg,,"","Web of a penultimate female A. oregonensis that was collected from the web, reared to maturity, and identified to species via genitalia.",1,0,false,,"Ruby Creek, Chelan County, WA, USA",47.4345650705,-120.6309385441,61,,,,61,,,false,,,Agelenopsis oregonensis,Agelenopsis oregonensis,,Arachnida,212721,,
138168850,c0084497-3874-4527-bde9-72a3607ab4e1,2017/07/12 5:31 PM,2017-07-12,2017-07-13 00:31:00 UTC,Pacific Time (US & Canada),949372,ljr2018,Laurel J. Ramseyer,2022-10-09 20:30:01 UTC,2023-02-28 20:37:48 UTC,research,CC-BY-NC,https://www.inaturalist.org/observations/138168850,https://inaturalist-open-data.s3.amazonaws.com/photos/236104624/medium.jpeg,,"","Collected from the web as penultimate, reared to maturity, and identified to species via genitalia.",1,0,false,,"Ruby Creek, Chelan County, WA, USA",47.4345650705,-120.6309385441,61,,,,61,,,false,,,Agelenopsis oregonensis,Agelenopsis oregonensis,,Arachnida,212721,,
138560176,38716378-82d9-45e1-9ef5-0626183fd159,2022/10/11 1:01 PM,2022-10-11,2022-10-11 20:01:00 UTC,Pacific Time (US & Canada),949372,ljr2018,Laurel J. Ramseyer,2022-10-12 23:33:19 UTC,2025-02-16 10:43:38 UTC,research,CC-BY-NC,https://www.inaturalist.org/observations/138560176,https://inaturalist-open-data.s3.amazonaws.com/photos/236850351/medium.jpg,,"",In funnel web in grassy field.,2,0,false,,"Magnuson Park central grassland, Sand Point, Seattle, WA 98115, USA",47.6792714889,-122.2533571111,145,,,,145,,,false,,,Potter's Grass Spider,Agelenopsis potteri,Potter's Grass Spider,Arachnida,212722,,
138881422,fe6e2322-05ee-4be5-a58b-6da72c0b164e,2022-10-15 12:38:11-07:00,2022-10-15,2022-10-15 19:38:11 UTC,Pacific Time (US & Canada),1419394,lauraspencer,laura spencer,2022-10-15 19:40:19 UTC,2022-10-27 22:47:38 UTC,research,,https://www.inaturalist.org/observations/138881422,https://static.inaturalist.org/photos/237433984/medium.jpg,,"","",1,0,false,3,"Fillbrook Dr, Lakeside, CA, US",32.877995,-116.91333,3,,,,3,,,false,,,Desert Grass Spider,Agelenopsis aperta,Desert Grass Spider,Arachnida,201680,,
139152889,60822c6b-253d-4571-a451-cf0ddbe1908c,2022-10-17 15:24:29-04:00,2022-10-17,2022-10-17 19:24:29 UTC,Eastern Time (US & Canada),2656074,pastides,,2022-10-17 19:51:51 UTC,2025-04-11 22:14:01 UTC,research,CC-BY-NC,https://www.inaturalist.org/observations/139152889,https://inaturalist-open-data.s3.amazonaws.com/photos/237950897/medium.jpg,,"","",2,0,false,3,"Georgia, US",33.5123080325,-84.3695930887,37,,,,28957,obscured,,true,,,Dark-legged Grass Spider,Agelenopsis naevia,Dark-legged Grass Spider,Arachnida,153491,,
139396280,bb9e185b-0eef-4b6f-9f40-015c7a219f6b,2018/10/21,2018-10-21,,Pacific Time (US & Canada),949372,ljr2018,Laurel J. Ramseyer,2022-10-20 03:22:55 UTC,2025-01-08 17:26:54 UTC,research,CC-BY-NC,https://www.inaturalist.org/observations/139396280,https://inaturalist-open-data.s3.amazonaws.com/photos/238413011/medium.jpg,,"",Sifted from tree trunk moss.,3,0,false,,"Nathan Chapman Memorial Trail, South Hill, WA, USA",47.129048,-122.310507,,,,,,,,false,,,Potter's Grass Spider,Agelenopsis potteri,Potter's Grass Spider,Arachnida,212722,,
140832551,df016686-59ba-45ee-a5f6-eaffec8dd205,2022-11-01 16:42:59-07:00,2022-11-01,2022-11-01 23:42:59 UTC,Pacific Time (US & Canada),92769,petercsanadi,Peter Csanadi,2022-11-02 00:48:07 UTC,2024-08-30 03:46:17 UTC,research,CC-BY-NC,https://www.inaturalist.org/observations/140832551,https://inaturalist-open-data.s3.amazonaws.com/photos/241134322/medium.jpg,,"","",1,0,false,3,"Morena Blvd, San Diego, CA, US",32.8225033333,-117.2241666667,5,,,,5,,,false,,,Desert Grass Spider,Agelenopsis aperta,Desert Grass Spider,Arachnida,201680,,
141128827,00ed1936-8116-4f29-a158-ea9c3ec1aba0,2022/08/31 12:04 PM,2022-08-31,2022-08-31 17:04:00 UTC,Central Time (US & Canada),3270487,tefetro,Woldu Araya,2022-11-05 04:34:52 UTC,2025-01-10 10:04:51 UTC,research,,https://www.inaturalist.org/observations/141128827,https://static.inaturalist.org/photos/241692539/medium.jpeg,,"","",1,0,false,,"Hennepin County, MN",45.020891,-93.509457,36183,,,,36183,,,false,,,Potter's Grass Spider,Agelenopsis potteri,Potter's Grass Spider,Arachnida,212722,,
141313957,fb0fa307-7967-4953-806e-e1c37562e20c,2022/11/06 2:24 PM,2022-11-06,2022-11-06 22:24:00 UTC,Pacific Time (US & Canada),219922,walterlamb,"",2022-11-06 22:32:58 UTC,2022-11-06 22:56:52 UTC,research,CC-BY-NC,https://www.inaturalist.org/observations/141313957,https://inaturalist-open-data.s3.amazonaws.com/photos/242059044/medium.png,,"",,1,0,false,,"Los Angeles County, CA, USA",33.782748854,-118.345480118,124,,,,124,,,false,,,Desert Grass Spider,Agelenopsis aperta,Desert Grass Spider,Arachnida,201680,,
144162479,0ea3c6d0-b31e-4dce-a3b3-6822f10e155c,2022/07/19 4:18 PM,2022-07-19,2022-07-19 21:18:00 UTC,Central Time (US & Canada),5853518,birdgirlmarissa,Marissa Shelton,2022-12-11 17:18:37 UTC,2022-12-11 18:21:11 UTC,research,,https://www.inaturalist.org/observations/144162479,https://static.inaturalist.org/photos/247368294/medium.jpeg,,"",,1,0,false,,"Alabama, US",34.6717566214,-85.5237602379,977,,,,28790,obscured,,true,,,Dark-legged Grass Spider,Agelenopsis naevia,Dark-legged Grass Spider,Arachnida,153491,,
144798452,798ca26c-6bef-43eb-a24d-a79a6f0b3572,2022/08/09 ,2022-08-09,,Central Time (US & Canada),211492,cheins1,"",2022-12-21 16:56:16 UTC,2024-01-30 20:21:39 UTC,research,,https://www.inaturalist.org/observations/144798452,https://static.inaturalist.org/photos/248600298/medium.jpeg,,"",,2,0,false,,"St Louis County, MN, USA",47.332772677,-92.6507070413,61,,,,61,,,false,,,Agelenopsis utahana,Agelenopsis utahana,Utah Funnelweb Spider,Arachnida,153497,,
145103508,e0dad725-e184-4aae-8c29-8399882597f9,2022/08/30 4:37 AM,2022-08-30,2022-08-30 09:37:00 UTC,Central Time (US & Canada),643751,jeffgarner,Jeff Garner,2022-12-26 12:37:40 UTC,2025-04-03 03:56:15 UTC,research,CC-BY-NC,https://www.inaturalist.org/observations/145103508,https://inaturalist-open-data.s3.amazonaws.com/photos/249194448/medium.jpeg,,"",,1,0,false,,"Isaac Creek Campground, Monroe County, AL, USA",31.6230444444,-87.5493305556,4,,,,4,,,false,,,Dark-legged Grass Spider,Agelenopsis naevia,Dark-legged Grass Spider,Arachnida,153491,,
147847593,cf99fc1a-3229-4671-b393-9d1ec23d70c4,2022-09-07 18:25:00-07:00,2022-09-07,2022-09-08 01:25:00 UTC,Pacific Time (US & Canada),6085457,ellahorvath,Ella Horvath,2023-02-01 20:47:18 UTC,2023-03-19 14:55:55 UTC,research,CC-BY-NC,https://www.inaturalist.org/observations/147847593,https://inaturalist-open-data.s3.amazonaws.com/photos/254482534/medium.jpg,,"","",1,0,false,3,"Los Peñasquitos Canyon Preserve, San Diego, CA, US",32.9254083333,-117.18522,5,,,,5,,,false,,,Desert Grass Spider,Agelenopsis aperta,Desert Grass Spider,Arachnida,201680,,
148202081,6f7fb43d-f61c-40d8-b393-493dfd6f6716,2022/01/04 1:11 PM,2022-01-04,2022-01-04 18:11:00 UTC,Eastern Time (US & Canada),6315096,huttonia,Matthew Lindsey,2023-02-06 20:32:11 UTC,2024-09-11 04:05:47 UTC,research,CC-BY,https://www.inaturalist.org/observations/148202081,https://inaturalist-open-data.s3.amazonaws.com/photos/255164633/medium.jpeg,,"",Apologies for the poor quality - some of my earliest photos.,1,0,false,,"Ohio, US",39.6375461796,-84.0868857401,19873,,,,28060,obscured,,true,,,Pennsylvania Grass Spider,Agelenopsis pennsylvanica,Pennsylvania Grass Spider,Arachnida,143215,,
150414459,30776085-8173-4d5b-ad64-69a00eccf522,2023-03-04 12:42:06-08:00,2023-03-04,2023-03-04 20:42:06 UTC,Pacific Time (US & Canada),389935,eogren,Elizabeth Ogren Erickson,2023-03-06 16:05:31 UTC,2023-08-10 03:48:36 UTC,research,,https://www.inaturalist.org/observations/150414459,https://static.inaturalist.org/photos/259359081/medium.jpg,,"","",1,0,false,3,"Mecca, CA, US",33.5105966667,-115.8268366667,4,,,,4,,,false,,,Desert Grass Spider,Agelenopsis aperta,Desert Grass Spider,Arachnida,201680,,
155414601,893c3c3c-827b-4b22-8d51-484e18fbdfe8,2023-02-25 08:39:33,2023-02-25,2023-02-25 15:39:33 UTC,Arizona,1178311,deanna54,DeAnna,2023-04-18 01:57:42 UTC,2023-04-20 05:33:26 UTC,research,,https://www.inaturalist.org/observations/155414601,https://static.inaturalist.org/photos/268645534/medium.jpeg,,"","Although I wanted this to be A longistyla, you can clearly see the embolis tip doesn't turn in and matches Agelonopsis aperta ",1,0,false,2,Cordes Lakes,34.3138534717,-112.1048217639,4098,,,,4098,,,false,gps,gps,Desert Grass Spider,Agelenopsis aperta,Desert Grass Spider,Arachnida,201680,,
155533861,b9feb831-ce15-4fcb-80ec-5066855a5e91,2021-09-18 13:52:25-05:00,2021-09-18,2021-09-18 18:52:25 UTC,Central Time (US & Canada),1174034,natev,Nate Venarske,2023-04-18 22:30:04 UTC,2025-04-04 15:35:30 UTC,research,CC-BY-NC,https://www.inaturalist.org/observations/155533861,https://inaturalist-open-data.s3.amazonaws.com/photos/268863460/medium.jpg,,"","",4,0,false,3,"Brandon City Park, Brandon, MS, US",32.2822982545,-90.0168999367,236,,,,236,,,false,,,Dark-legged Grass Spider,Agelenopsis naevia,Dark-legged Grass Spider,Arachnida,153491,,
160231290,ba9258ff-e9e6-4eff-8d6e-dc36516644cd,2023-05-06 08:41:15-07:00,2023-05-06,2023-05-06 15:41:15 UTC,Pacific Time (US & Canada),2097280,maryallisoncowles,Mary Allison Cowles Berg,2023-05-07 03:27:21 UTC,2023-06-01 08:03:51 UTC,research,,https://www.inaturalist.org/observations/160231290,https://inaturalist-open-data.s3.amazonaws.com/photos/276878462/medium.jpg,,"","",1,0,false,3,"Split Rock Rd, Ramona, CA, US",33.0043015774,-116.9098539178,25,,,,25,,,false,,,Desert Grass Spider,Agelenopsis aperta,Desert Grass Spider,Arachnida,201680,,
161366279,2d93d128-ad24-4e65-9ef7-7c2135bf6065,2023-05-12 18:17:57,2023-05-12,2023-05-13 01:17:57 UTC,Pacific Time (US & Canada),525720,klyle161,Kristin Sweeney,2023-05-13 08:50:43 UTC,2023-07-01 06:18:56 UTC,research,CC-BY-NC,https://www.inaturalist.org/observations/161366279,https://inaturalist-open-data.s3.amazonaws.com/photos/278918875/medium.jpeg,,"",,1,0,false,2,"Jamul, CA, USA",32.6925539723,-116.8316140026,203,,,,203,,,false,gps,gps,Desert Grass Spider,Agelenopsis aperta,Desert Grass Spider,Arachnida,201680,,
161367424,6b1330b4-26cf-4c72-a0f1-262c0db50aeb,2023-05-12 17:40:01,2023-05-12,2023-05-13 00:40:01 UTC,Pacific Time (US & Canada),525720,klyle161,Kristin Sweeney,2023-05-13 09:04:21 UTC,2023-07-01 06:19:00 UTC,research,CC-BY-NC,https://www.inaturalist.org/observations/161367424,https://inaturalist-open-data.s3.amazonaws.com/photos/278920595/medium.jpeg,,"",,1,0,false,2,"Jamul, CA 91935, USA",32.6771138889,-116.8253194444,,,,,,,,false,gps,gps,Desert Grass Spider,Agelenopsis aperta,Desert Grass Spider,Arachnida,201680,,
161901087,1ad07238-0de1-4171-9407-5979e637018f,2023-05-15 17:42:24,2023-05-15,2023-05-16 00:42:24 UTC,Pacific Time (US & Canada),6108272,bjleininger,Bruce Leininger,2023-05-16 00:43:46 UTC,2024-03-04 14:08:51 UTC,research,CC-BY-NC,https://www.inaturalist.org/observations/161901087,https://inaturalist-open-data.s3.amazonaws.com/photos/279884495/medium.jpeg,,"",,1,0,false,2,"Rancho San Diego, CA, USA",32.7477566667,-116.9399316667,3,,,,3,,,false,,,Desert Grass Spider,Agelenopsis aperta,Desert Grass Spider,Arachnida,201680,,
162251130,4264794a-aa64-4898-b638-6d9e4fb1a3a6,2023-05-17 16:11:19-07:00,2023-05-17,2023-05-17 23:11:19 UTC,Pacific Time (US & Canada),1741810,hsug1747,,2023-05-18 04:57:28 UTC,2024-01-12 20:29:23 UTC,research,CC-BY-NC,https://www.inaturalist.org/observations/162251130,https://inaturalist-open-data.s3.amazonaws.com/photos/280535641/medium.jpg,,"","",2,0,false,3,"Los Angeles County, US-CA, US",34.0354920027,-118.392841336,5,,,,28874,obscured,,true,,"",Desert Grass Spider,Agelenopsis aperta,Desert Grass Spider,Arachnida,201680,,
162314349,a5f540be-aac0-41b1-9708-ec58cf34fb78,2023-05-17 17:42:24-07:00,2023-05-17,2023-05-18 00:42:24 UTC,Pacific Time (US & Canada),775530,rjarquin,Ria Jarquin-Lewis,2023-05-18 15:12:18 UTC,2024-03-07 12:25:37 UTC,research,CC-BY-NC,https://www.inaturalist.org/observations/162314349,https://inaturalist-open-data.s3.amazonaws.com/photos/280647313/medium.jpg,,"","",3,0,false,3,"Santa Catalina Island, CA, US",33.3871127243,-118.410560101,106,,,,106,,,false,,,Desert Grass Spider,Agelenopsis aperta,Desert Grass Spider,Arachnida,201680,,
162693682,7bb44900-7764-43a7-9637-7a850d3a7c49,2023-05-20 08:36:45,2023-05-20,2023-05-20 15:36:45 UTC,Pacific Time (US & Canada),2033009,rsupczak,Randy Supczak,2023-05-20 16:35:25 UTC,2023-06-01 07:59:06 UTC,research,CC-BY-NC,https://www.inaturalist.org/observations/162693682,https://inaturalist-open-data.s3.amazonaws.com/photos/281330502/medium.jpeg,,"",,2,0,false,2,"Carlsbad, CA 92011, USA",33.0915583333,-117.2983888889,,,,,,,,false,gps,gps,Desert Grass Spider,Agelenopsis aperta,Desert Grass Spider,Arachnida,201680,,
163015583,75fe5e75-e492-447c-b9be-66311d3d4120,2023/05/20 10:07 AM,2023-05-20,2023-05-20 17:07:00 UTC,Pacific Time (US & Canada),459714,guyincognito,"",2023-05-21 23:11:25 UTC,2023-05-26 00:42:23 UTC,research,CC-BY-NC,https://www.inaturalist.org/observations/163015583,https://inaturalist-open-data.s3.amazonaws.com/photos/281906876/medium.jpg,,"",,2,0,false,,"San Bernardino County, CA, USA",35.4567183333,-115.5270233333,,,,,,,,false,,,Desert Grass Spider,Agelenopsis aperta,Desert Grass Spider,Arachnida,201680,,
164064847,160d7a04-5048-4ea6-b8cc-b82306e5de36,2023-05-27 12:19:48,2023-05-27,2023-05-27 19:19:48 UTC,Pacific Time (US & Canada),6470617,nymphaeaceae,"",2023-05-27 20:17:40 UTC,2023-06-01 08:02:46 UTC,research,CC-BY-NC,https://www.inaturalist.org/observations/164064847,https://inaturalist-open-data.s3.amazonaws.com/photos/283829877/medium.jpeg,,"",,1,0,false,2,"Elizabeth Lake, CA 93532, USA",34.7291519722,-118.6177409722,,,,,,,,false,gps,gps,Desert Grass Spider,Agelenopsis aperta,Desert Grass Spider,Arachnida,201680,,
164119171,83347ea9-71fd-4aea-b726-a810bb65215c,2023-05-27 17:48:33,2023-05-27,2023-05-28 00:48:33 UTC,Pacific Time (US & Canada),5330164,snugglymisha,Misha I.,2023-05-28 01:29:05 UTC,2023-06-01 08:01:44 UTC,research,,https://www.inaturalist.org/observations/164119171,https://static.inaturalist.org/photos/283930635/medium.jpeg,,"",,1,0,false,2,"University City, San Diego, CA, USA",32.8888662,-117.2218462,,,,,,,,false,gps,gps,Desert Grass Spider,Agelenopsis aperta,Desert Grass Spider,Arachnida,201680,,
164328211,3ff82859-af0a-45a2-820b-eac6dedae3a0,2023/05/28 10:12 AM,2023-05-28,2023-05-28 17:12:00 UTC,Pacific Time (US & Canada),223005,dlbowls,"",2023-05-29 00:25:31 UTC,2023-05-29 00:59:43 UTC,research,CC-BY-NC,https://www.inaturalist.org/observations/164328211,https://inaturalist-open-data.s3.amazonaws.com/photos/284305160/medium.jpeg,,"",,1,0,false,,"Ventura County, CA, USA",34.1830376179,-118.6773437347,20,,,,20,,,false,,,Desert Grass Spider,Agelenopsis aperta,Desert Grass Spider,Arachnida,201680,,
164884952,439bd583-bd99-42e9-ae65-0392f0a7ca42,2023/05/29 12:16 PM,2023-05-29,2023-05-29 19:16:00 UTC,Pacific Time (US & Canada),4631459,waterclover,Fern,2023-05-31 22:28:40 UTC,2025-05-25 06:58:05 UTC,research,CC-BY-NC-ND,https://www.inaturalist.org/observations/164884952,https://inaturalist-open-data.s3.amazonaws.com/photos/285337071/medium.jpg,,"",,1,0,false,,"Ventura County, CA, USA",34.149180343,-118.9608494466,911,,,,911,,,false,,,Desert Grass Spider,Agelenopsis aperta,Desert Grass Spider,Arachnida,201680,,
166116719,15f08067-dcab-4a0b-a3a7-8ee754c98a4e,2023-06-07 11:51:53-07:00,2023-06-07,2023-06-07 18:51:53 UTC,Pacific Time (US & Canada),34308,terriv,Terri Varnell,2023-06-07 19:02:40 UTC,2024-12-06 00:43:39 UTC,research,CC-BY-NC,https://www.inaturalist.org/observations/166116719,https://inaturalist-open-data.s3.amazonaws.com/photos/287630848/medium.jpg,,"","",1,0,false,3,"San Diego County, US-CA, US",32.8480272765,-116.8185976981,10,,,,29039,obscured,,true,,,Desert Grass Spider,Agelenopsis aperta,Desert Grass Spider,Arachnida,201680,,
166140214,a4b5cba5-ad18-417e-a6af-d96f761ddc2d,2023-06-07 07:27:10-07:00,2023-06-07,2023-06-07 14:27:10 UTC,Pacific Time (US & Canada),227362,graysonrenee,Renee Grayson,2023-06-07 21:36:51 UTC,2024-04-30 06:39:13 UTC,research,,https://www.inaturalist.org/observations/166140214,https://static.inaturalist.org/photos/287673124/medium.jpg,,"","",1,0,false,3,"S Valley View Blvd, Las Vegas, NV, US",36.1700176,-115.1900834,34,,,,34,,,false,,,Desert Grass Spider,Agelenopsis aperta,Desert Grass Spider,Arachnida,201680,,
166161053,fe6bc120-1b86-426b-a50f-24e0b1a81d2c,2023-06-07 10:36:38-07:00,2023-06-07,2023-06-07 17:36:38 UTC,Pacific Time (US & Canada),774063,markkjames,Mark K. James,2023-06-08 00:10:34 UTC,2023-11-13 05:45:48 UTC,research,,https://www.inaturalist.org/observations/166161053,https://inaturalist-open-data.s3.amazonaws.com/photos/287712448/medium.jpg,,"","",1,0,false,3,"Mission Trails Regional Park, San Diego, CA, US",32.8393833333,-117.0429833333,4,,,,4,,,false,,,Desert Grass Spider,Agelenopsis aperta,Desert Grass Spider,Arachnida,201680,,
166363622,94b5f613-7edc-4f2e-820f-74cc0fb62f0f,2023/06/08 9:01 AM,2023-06-08,2023-06-08 16:01:00 UTC,Pacific Time (US & Canada),1963023,chrisdean,Christine A Dean,2023-06-09 04:50:10 UTC,2023-06-09 04:53:07 UTC,research,CC-BY-NC,https://www.inaturalist.org/observations/166363622,https://inaturalist-open-data.s3.amazonaws.com/photos/288089469/medium.jpeg,,"",,1,0,false,,"Los Angeles County, CA, USA",34.7923276252,-118.1041665957,134,,,,134,,,false,,,Desert Grass Spider,Agelenopsis aperta,Desert Grass Spider,Arachnida,201680,,
166508181,bef9ba4e-f01a-498e-9c94-51fc092a6316,2023/06/09 4:53 PM,2023-06-09,2023-06-09 23:53:00 UTC,Pacific Time (US & Canada),2843576,tj4444,TJ Hastings,2023-06-10 00:41:31 UTC,2023-06-10 00:48:10 UTC,research,,https://www.inaturalist.org/observations/166508181,https://static.inaturalist.org/photos/288349223/medium.jpeg,,"","",1,0,false,,"Los Angeles, CA, USA",34.0768316667,-118.5448183333,,,,,,,,false,,,Desert Grass Spider,Agelenopsis aperta,Desert Grass Spider,Arachnida,201680,,
166607192,44e0c844-6605-4467-8cf7-3a46019bce2b,2023-06-10 08:29:39-07:00,2023-06-10,2023-06-10 15:29:39 UTC,Pacific Time (US & Canada),1276212,ilovesandiego,,2023-06-10 15:39:56 UTC,2023-06-10 20:27:23 UTC,research,CC-BY-NC,https://www.inaturalist.org/observations/166607192,https://inaturalist-open-data.s3.amazonaws.com/photos/288526471/medium.jpg,,"","",1,0,false,3,"El Cajon, CA, US",32.8303869954,-116.9135106544,111,,,,111,,,false,,,Desert Grass Spider,Agelenopsis aperta,Desert Grass Spider,Arachnida,201680,,
166624089,f26758e9-950c-4136-abdb-4f0583c5c3ee,2023-06-10 10:06:05-07:00,2023-06-10,2023-06-10 17:06:05 UTC,Pacific Time (US & Canada),6471932,alaiagiglio,,2023-06-10 17:10:04 UTC,2023-06-10 20:26:48 UTC,research,CC-BY-NC,https://www.inaturalist.org/observations/166624089,https://inaturalist-open-data.s3.amazonaws.com/photos/288557057/medium.jpg,,"","",1,0,false,3,"Los Peñasquitos Canyon Preserve, San Diego, CA, US",32.9171966667,-117.2010633333,4,,,,4,,,false,,,Desert Grass Spider,Agelenopsis aperta,Desert Grass Spider,Arachnida,201680,,
166633547,a69f424b-b964-4dda-9fd4-846dcc6aa481,2023-06-10 10:54:27-07:00,2023-06-10,2023-06-10 17:54:27 UTC,Pacific Time (US & Canada),6228434,kailey59,Kailey Clarke,2023-06-10 17:57:13 UTC,2023-06-10 20:25:04 UTC,research,,https://www.inaturalist.org/observations/166633547,https://static.inaturalist.org/photos/288573241/medium.jpg,,"",Has got two little butt prongs. Back outside now,1,0,false,3,"Elderwood Rd, San Diego, CA, US",32.9201500521,-117.0721055372,9,,,,9,,,false,,,Desert Grass Spider,Agelenopsis aperta,Desert Grass Spider,Arachnida,201680,,
166845491,9bcdeb55-3bac-4f3a-a6c6-f1608a7291fe,2023-06-11 10:30:43-07:00,2023-06-11,2023-06-11 17:30:43 UTC,Pacific Time (US & Canada),3718438,bianchijocelyn,,2023-06-11 17:43:00 UTC,2024-02-19 02:21:10 UTC,research,CC-BY-NC,https://www.inaturalist.org/observations/166845491,https://inaturalist-open-data.s3.amazonaws.com/photos/288957379/medium.jpg,,"","",1,0,false,3,"Via Santa Clara, Mission Viejo, CA, US",33.6091633333,-117.65078,68,,,,68,,,false,,,Desert Grass Spider,Agelenopsis aperta,Desert Grass Spider,Arachnida,201680,,
167220000,5b005489-3255-4128-b0c1-2893c429d713,2023/05/27 2:50 PM,2023-05-27,2023-05-27 21:50:00 UTC,Pacific Time (US & Canada),6971,silversea_starsong,James Bailey,2023-06-13 17:10:54 UTC,2023-06-13 18:28:35 UTC,research,CC-BY-NC,https://www.inaturalist.org/observations/167220000,https://inaturalist-open-data.s3.amazonaws.com/photos/289645342/medium.jpeg,,"",,1,0,false,,"San Diego County, CA, USA",33.1448745851,-116.5390250612,,,,,,,,false,,,Desert Grass Spider,Agelenopsis aperta,Desert Grass Spider,Arachnida,201680,,
167740683,f19d58ac-a8e9-4109-968c-b648ee9cc776,2023-06-16 10:28:39-07:00,2023-06-16,2023-06-16 17:28:39 UTC,Pacific Time (US & Canada),4146845,datafoya2314,,2023-06-16 18:28:43 UTC,2023-06-16 21:07:04 UTC,research,CC-BY-NC,https://www.inaturalist.org/observations/167740683,https://inaturalist-open-data.s3.amazonaws.com/photos/290617929/medium.jpg,,"","",1,0,false,3,"Iodine Springs Rd, Wildomar, CA, US",33.5987133333,-117.2372283333,4,,,,4,,,false,,,Desert Grass Spider,Agelenopsis aperta,Desert Grass Spider,Arachnida,201680,,
168683934,cb95ff0f-bff6-4b7c-94c4-bd3461350b91,2023/06/15 2:52 PM,2023-06-15,2023-06-15 21:52:00 UTC,Pacific Time (US & Canada),515865,malibupost,Suzanne Guldimann,2023-06-21 17:11:44 UTC,2025-05-25 06:59:01 UTC,research,CC-BY-NC-ND,https://www.inaturalist.org/observations/168683934,https://static.inaturalist.org/photos/292368633/medium.jpeg,,"",,1,0,false,,"107 Kanan Dume Rd, Malibu, CA 90265, USA",34.0999312,-118.8159812,545,,,,545,,,false,,,Desert Grass Spider,Agelenopsis aperta,Desert Grass Spider,Arachnida,201680,,
170122456,63a03cc0-e876-446e-a347-cbf91dd5d158,2023-06-29 08:26:28,2023-06-29,2023-06-29 15:26:28 UTC,Pacific Time (US & Canada),3977918,joelene4,Joelene Tamm,2023-06-29 15:27:45 UTC,2023-07-13 04:25:11 UTC,research,,https://www.inaturalist.org/observations/170122456,https://static.inaturalist.org/photos/295020883/medium.jpeg,,"",,1,0,false,2,Pauma Valley,33.3033669948,-116.9814167172,1813,,,,1813,,,false,,,Desert Grass Spider,Agelenopsis aperta,Desert Grass Spider,Arachnida,201680,,
170742044,20ad5041-cdc7-4839-8d31-1d04a77280d6,2023-06-25 10:46:00-07:00,2023-06-25,2023-06-25 17:46:00 UTC,Pacific Time (US & Canada),5484603,ashleycavan,,2023-07-02 22:46:36 UTC,2023-07-08 01:31:47 UTC,research,CC-BY-NC,https://www.inaturalist.org/observations/170742044,https://inaturalist-open-data.s3.amazonaws.com/photos/297904503/medium.jpg,,"","",1,0,false,3,"Woodview Rd, Chino Hills, CA, US",33.965251713,-117.7211225591,27,,,,27,,,false,,,Desert Grass Spider,Agelenopsis aperta,Desert Grass Spider,Arachnida,201680,,
170791496,7e36dfc1-afd5-4a34-ad4f-c9f97ab4d1b5,2023-07-02 22:49:15-07:00,2023-07-02,2023-07-03 05:49:15 UTC,Pacific Time (US & Canada),4285753,dreaminginblue,Amanda Bueno-Kling,2023-07-03 05:49:59 UTC,2025-02-14 23:07:15 UTC,research,CC-BY-NC,https://www.inaturalist.org/observations/170791496,https://inaturalist-open-data.s3.amazonaws.com/photos/296282702/medium.jpg,,"","",1,0,false,3,"Cleveland National Forest, Julian, CA, US",33.03968006,-116.6428121366,41,,,,41,,,false,,,Desert Grass Spider,Agelenopsis aperta,Desert Grass Spider,Arachnida,201680,,
171092020,368f7d13-43f0-408c-a429-c54cbccf4f0b,2023-07-04 14:34:08,2023-07-04,2023-07-04 20:34:08 UTC,Mountain Time (US & Canada),1010991,tanyahales,Tanya Hales,2023-07-04 20:47:30 UTC,2023-07-09 04:00:31 UTC,research,CC-BY-NC,https://www.inaturalist.org/observations/171092020,https://inaturalist-open-data.s3.amazonaws.com/photos/296848101/medium.jpeg,,"",,1,0,false,2,"Washington County, US-UT, US",37.2338250863,-113.3673687279,32,,,,32,,,false,gps,gps,Desert Grass Spider,Agelenopsis aperta,Desert Grass Spider,Arachnida,201680,,
171698672,e10cb480-232c-4bd3-9674-adcb6a7feafc,2023/07/07 10:06 AM,2023-07-07,2023-07-07 17:06:00 UTC,Pacific Time (US & Canada),4561144,helmwige,Arthur Yang,2023-07-08 07:34:08 UTC,2023-07-09 01:28:25 UTC,research,CC-BY-NC,https://www.inaturalist.org/observations/171698672,https://inaturalist-open-data.s3.amazonaws.com/photos/297943136/medium.jpeg,,"",,2,0,false,,"Palo Alto, CA, USA",37.3859605229,-122.1787785381,4,,,,4,,,false,,,Desert Grass Spider,Agelenopsis aperta,Desert Grass Spider,Arachnida,201680,,
171698714,db8d3357-51a1-427b-98db-b218cd28eeaf,2023/07/07 10:46 AM,2023-07-07,2023-07-07 17:46:00 UTC,Pacific Time (US & Canada),4561144,helmwige,Arthur Yang,2023-07-08 07:34:26 UTC,2023-07-09 01:49:00 UTC,research,CC-BY-NC,https://www.inaturalist.org/observations/171698714,https://inaturalist-open-data.s3.amazonaws.com/photos/297946889/medium.jpeg,,"",,2,0,false,,"Palo Alto, CA, USA",37.3804142446,-122.1817384634,4,,,,4,,,false,,,Desert Grass Spider,Agelenopsis aperta,Desert Grass Spider,Arachnida,201680,,
171999488,dd803008-f13b-4fe4-8b99-460b60b7afa9,2023-07-09 10:54:51-07:00,2023-07-09,2023-07-09 17:54:51 UTC,Arizona,556249,naturegirlkh,"",2023-07-09 18:03:23 UTC,2023-07-09 18:04:20 UTC,research,CC-BY-NC,https://www.inaturalist.org/observations/171999488,https://inaturalist-open-data.s3.amazonaws.com/photos/298524845/medium.jpg,,"","",1,0,false,3,"SR-83, Sonoita, AZ, US",31.6813666667,-110.654695,11,,,,11,,,false,,,Desert Grass Spider,Agelenopsis aperta,Desert Grass Spider,Arachnida,201680,,
172002424,38f789fb-d8f8-4a46-8ebe-6d48c2ad1b60,2023-07-08 10:35:16-07:00,2023-07-08,2023-07-08 17:35:16 UTC,Pacific Time (US & Canada),1422807,wildlife_lover,,2023-07-09 18:17:42 UTC,2023-07-09 23:01:21 UTC,research,CC-BY-NC,https://www.inaturalist.org/observations/172002424,https://inaturalist-open-data.s3.amazonaws.com/photos/298530226/medium.jpg,,"","",1,0,false,3,"Abalone Cove Park, Rancho Palos Verdes, CA, US",33.7417716667,-118.3779616667,53,,,,53,,,false,,,Desert Grass Spider,Agelenopsis aperta,Desert Grass Spider,Arachnida,201680,,
172432047,627e89ba-bfa7-458c-a317-063efba84336,Tue Jul 11 2023 17:37:53 GMT -0700 (PDT),2023-07-11,2023-07-12 00:37:53 UTC,Pacific Time (US & Canada),6742658,matticusg,,2023-07-12 00:38:04 UTC,2023-08-10 03:47:32 UTC,research,CC-BY-NC,https://www.inaturalist.org/observations/172432047,https://inaturalist-open-data.s3.amazonaws.com/photos/299338223/medium.jpeg,,"",,2,0,false,333,Escondido,33.1026916504,-117.1388549805,4,,,,4,,,false,,,Desert Grass Spider,Agelenopsis aperta,Desert Grass Spider,Arachnida,201680,,
172539976,5a6df05c-ab7d-46c7-8955-fa1b151cd87e,Wed Jul 12 2023 08:54:20 GMT-0700 (PDT),2023-07-12,2023-07-12 15:54:20 UTC,Pacific Time (US & Canada),1659486,golden_heron,Hannah Melde,2023-07-12 17:44:58 UTC,2023-07-12 18:16:32 UTC,research,,https://www.inaturalist.org/observations/172539976,https://static.inaturalist.org/photos/299538719/medium.jpg,,"",,1,0,false,3,"Casanova St, Los Angeles, CA, US",34.0753055,-118.2312,4,,,,4,,,false,,,Desert Grass Spider,Agelenopsis aperta,Desert Grass Spider,Arachnida,201680,,
172601947,8f35ea3a-6590-40f4-9543-4b75968b896e,2023-07-09 08:11:12-07:00,2023-07-09,2023-07-09 15:11:12 UTC,Pacific Time (US & Canada),860017,hendricksb,,2023-07-13 01:06:11 UTC,2023-07-14 23:53:17 UTC,research,,https://www.inaturalist.org/observations/172601947,https://static.inaturalist.org/photos/299655986/medium.jpg,,"","",1,0,false,3,"Ronan Dr, Ramona, CA, US",32.9660533333,-116.90892,10,,,,10,,,false,,,Desert Grass Spider,Agelenopsis aperta,Desert Grass Spider,Arachnida,201680,,
172766459,5dde2146-00df-4796-8e81-5bd1df8b5d96,2023/07/13 11:51 AM,2023-07-13,2023-07-13 18:51:00 UTC,Pacific Time (US & Canada),344896,brhebert,BRHebert,2023-07-14 00:00:38 UTC,2023-08-22 05:57:44 UTC,research,CC-BY-NC,https://www.inaturalist.org/observations/172766459,https://inaturalist-open-data.s3.amazonaws.com/photos/299956710/medium.jpeg,,"",,1,0,false,,"Crescenta Highlands, Glendale, CA, USA",34.24958,-118.25305,,,,,,,,false,,,Desert Grass Spider,Agelenopsis aperta,Desert Grass Spider,Arachnida,201680,,
173166908,1be9ebda-81eb-4944-bee1-768ab18cce72,2023-07-16 00:33:49,2023-07-16,2023-07-16 07:33:49 UTC,Pacific Time (US & Canada),1717047,david_szymanski,David Szymanski,2023-07-16 07:47:07 UTC,2023-07-16 12:42:09 UTC,research,,https://www.inaturalist.org/observations/173166908,https://static.inaturalist.org/photos/300697198/medium.jpeg,,"",,1,0,false,2,"Tierrasanta, San Diego, CA 92124, USA",32.8288245585,-117.0773046836,7,,,,7,,,false,,,Desert Grass Spider,Agelenopsis aperta,Desert Grass Spider,Arachnida,201680,,
173482097,6c097ae2-c48f-4f44-83b3-138a17230c3d,2023/07/17 10:49 AM,2023-07-17,2023-07-17 17:49:00 UTC,Pacific Time (US & Canada),2890292,phlherper,"",2023-07-17 20:53:16 UTC,2023-07-18 02:03:58 UTC,research,CC-BY-NC,https://www.inaturalist.org/observations/173482097,https://inaturalist-open-data.s3.amazonaws.com/photos/301276264/medium.jpg,,"",Quite large,1,0,false,,"San Diego County, US-CA, US",32.921915215,-117.2865716086,100,,,,29039,obscured,,true,,,Desert Grass Spider,Agelenopsis aperta,Desert Grass Spider,Arachnida,201680,,
173537520,8edb70df-50b7-4f6c-b11f-8ff0f4fc55b4,2023-07-17 19:02:34,2023-07-17,2023-07-18 02:02:34 UTC,Pacific Time (US & Canada),6958654,sailorjune,Ashley Cook,2023-07-18 03:38:37 UTC,2023-07-18 20:22:20 UTC,research,,https://www.inaturalist.org/observations/173537520,https://static.inaturalist.org/photos/301380937/medium.jpeg,,"",,1,0,false,2,"Santa Maria, CA 93454, USA",35.079996,-120.395262,,,,,,,,false,gps,gps,Desert Grass Spider,Agelenopsis aperta,Desert Grass Spider,Arachnida,201680,,
173796114,c4526f30-e501-4680-86f7-1836390d988a,2023-07-19 09:47:21,2023-07-19,2023-07-19 16:47:21 UTC,Pacific Time (US & Canada),1134224,lkyoder,Leslie K Yoder,2023-07-19 17:11:48 UTC,2024-08-29 20:39:01 UTC,research,CC-BY-NC,https://www.inaturalist.org/observations/173796114,https://inaturalist-open-data.s3.amazonaws.com/photos/301858071/medium.jpeg,,"",,1,0,false,2,"Jamul, CA 91935, USA",32.7494268,-116.7522326997,,,,,,,,false,gps,gps,Desert Grass Spider,Agelenopsis aperta,Desert Grass Spider,Arachnida,201680,,
173956113,9f91692f-a78e-4555-9d90-eb46c4e3741c,2023-07-20 08:50:21,2023-07-20,2023-07-20 15:50:21 UTC,Pacific Time (US & Canada),1134224,lkyoder,Leslie K Yoder,2023-07-20 16:19:11 UTC,2024-08-29 20:39:01 UTC,research,CC-BY-NC,https://www.inaturalist.org/observations/173956113,https://inaturalist-open-data.s3.amazonaws.com/photos/302153546/medium.jpeg,,"",Another mature male found indoors. ,1,0,false,2,"Jamul, CA 91935, USA",32.743163,-116.7520389997,,,,,,,,false,gps,gps,Desert Grass Spider,Agelenopsis aperta,Desert Grass Spider,Arachnida,201680,,
173971834,9770434c-a797-4121-805c-021e51d3fd03,2023-07-20 10:59:56,2023-07-20,2023-07-20 17:59:56 UTC,Pacific Time (US & Canada),1577275,demi5,Demi Eslava,2023-07-20 18:00:53 UTC,2023-07-20 19:28:39 UTC,research,CC-BY-NC,https://www.inaturalist.org/observations/173971834,https://inaturalist-open-data.s3.amazonaws.com/photos/302182515/medium.jpeg,,"",,1,0,false,2,"Imperial Beach, CA, USA",32.5739956,-117.1241969997,,,,,,,,false,gps,gps,Desert Grass Spider,Agelenopsis aperta,Desert Grass Spider,Arachnida,201680,,
173973620,5ded2e30-342b-44b9-8d5c-26c1922d057c,2023-07-19 22:38:00-07:00,2023-07-19,2023-07-20 05:38:00 UTC,Pacific Time (US & Canada),722773,jwpffpm79,John,2023-07-20 18:12:22 UTC,2023-12-08 09:29:42 UTC,research,CC-BY-NC,https://www.inaturalist.org/observations/173973620,https://inaturalist-open-data.s3.amazonaws.com/photos/302185932/medium.jpg,,"","",2,0,false,3,"Carlata Ln, Valley Center, CA, US",33.212140074,-116.9394351522,20,,,,20,,,false,,,Desert Grass Spider,Agelenopsis aperta,Desert Grass Spider,Arachnida,201680,,
173996408,a24d9be0-d57e-4d7b-872f-8419d9a94cc7,2023-07-20 13:37:22,2023-07-20,2023-07-20 20:37:22 UTC,Pacific Time (US & Canada),5822682,mcurtin58,,2023-07-20 20:39:04 UTC,2023-07-22 04:36:10 UTC,research,CC-BY-NC,https://www.inaturalist.org/observations/173996408,https://inaturalist-open-data.s3.amazonaws.com/photos/302228319/medium.jpeg,,"",,2,0,false,2,"Poway, CA, USA",32.99923,-116.9978445,11,,,,11,,,false,,,Desert Grass Spider,Agelenopsis aperta,Desert Grass Spider,Arachnida,201680,,
174209666,28a0d264-0723-4c0a-8548-39a5a2eff9d7,2023-07-16 09:37:26-07:00,2023-07-16,2023-07-16 16:37:26 UTC,Pacific Time (US & Canada),5411186,lmduran,,2023-07-22 03:23:05 UTC,2025-01-06 01:18:35 UTC,research,CC-BY-NC,https://www.inaturalist.org/observations/174209666,https://inaturalist-open-data.s3.amazonaws.com/photos/302800711/medium.jpg,,"","",1,0,false,3,"Cabrillo National Monument, San Diego, CA, US",32.6743964017,-117.2404998503,166,,,,166,,,false,,,Desert Grass Spider,Agelenopsis aperta,Desert Grass Spider,Arachnida,201680,,
174227874,8d3eda74-c71d-4c4d-8b72-e16163f0a0e2,2023-07-21 19:34:46,2023-07-21,2023-07-22 02:34:46 UTC,Pacific Time (US & Canada),525720,klyle161,Kristin Sweeney,2023-07-22 07:07:26 UTC,2023-07-22 17:30:16 UTC,research,CC-BY-NC,https://www.inaturalist.org/observations/174227874,https://inaturalist-open-data.s3.amazonaws.com/photos/302662284/medium.jpeg,,"",,1,0,false,2,"Lakeside, CA 92040, USA",32.8601035299,-116.9399058446,23,,,,23,,,false,gps,gps,Desert Grass Spider,Agelenopsis aperta,Desert Grass Spider,Arachnida,201680,,
174419012,85082007-7e07-4387-a8dc-b3c73bf4bf87,2023-07-22 22:07:57-07:00,2023-07-22,2023-07-23 05:07:57 UTC,Pacific Time (US & Canada),1113553,ericamills33,,2023-07-23 05:08:16 UTC,2025-04-04 07:57:40 UTC,research,,https://www.inaturalist.org/observations/174419012,https://static.inaturalist.org/photos/304204392/medium.jpg,,"","",1,0,false,3,"Hutchison St, Vista, CA, US",33.2369709329,-117.2430537913,42,,,,42,,,false,,,Desert Grass Spider,Agelenopsis aperta,Desert Grass Spider,Arachnida,201680,,
174513168,f2260c18-4d00-4439-9250-5f9dc41289d5,2023-07-21 07:00:02-07:00,2023-07-21,2023-07-21 14:00:02 UTC,Pacific Time (US & Canada),121211,wrenwick,Walter Renwick,2023-07-23 17:21:25 UTC,2024-03-07 11:52:53 UTC,research,CC-BY-NC,https://www.inaturalist.org/observations/174513168,https://inaturalist-open-data.s3.amazonaws.com/photos/303183051/medium.jpg,,"","",2,0,false,3,"Santa Catalina Island, CA, US",33.4508883424,-118.5062033333,20,,,,20,,,false,,,Desert Grass Spider,Agelenopsis aperta,Desert Grass Spider,Arachnida,201680,,
174527544,f0891d7e-9069-4b92-8d08-8f606f07353c,2023-07-23 11:22:45-07:00,2023-07-23,2023-07-23 18:22:45 UTC,Pacific Time (US & Canada),4063596,arogers7777,,2023-07-23 18:30:39 UTC,2024-06-30 22:28:46 UTC,research,CC-BY-NC,https://www.inaturalist.org/observations/174527544,https://inaturalist-open-data.s3.amazonaws.com/photos/303209298/medium.jpg,,"","",1,0,false,3,"Brawley Ave, Jacumba, CA, US",32.6206383333,-116.184355,5,,,,5,,,false,,,Desert Grass Spider,Agelenopsis aperta,Desert Grass Spider,Arachnida,201680,,
174813317,72cc3c22-0844-4df0-9458-9167852a5674,2023-07-24 21:59:31-07:00,2023-07-24,2023-07-25 04:59:31 UTC,Pacific Time (US & Canada),925270,graha50258,Grahampa,2023-07-25 04:59:57 UTC,2023-07-25 17:13:45 UTC,research,,https://www.inaturalist.org/observations/174813317,https://static.inaturalist.org/photos/303744161/medium.jpg,,"","",2,0,false,3,"Agramonte Dr, Santa Clarita, CA, US",34.3661944992,-118.5373524331,19,,,,19,,,false,,,Desert Grass Spider,Agelenopsis aperta,Desert Grass Spider,Arachnida,201680,,
174984578,a370eb8f-f8a9-4736-a37b-4c98606d5752,2023-07-25 18:44:34,2023-07-25,2023-07-26 01:44:34 UTC,Pacific Time (US & Canada),193112,gtsueng,"",2023-07-26 04:22:34 UTC,2023-08-02 05:00:31 UTC,research,CC-BY-NC,https://www.inaturalist.org/observations/174984578,https://inaturalist-open-data.s3.amazonaws.com/photos/304062832/medium.jpeg,,"",,1,0,false,2,"San Diego, CA 92124, USA",32.8286648172,-117.065317221,1032,,,,1032,,,false,gps,gps,Desert Grass Spider,Agelenopsis aperta,Desert Grass Spider,Arachnida,201680,,
174992081,bb75045b-5f81-4a7f-bc40-e2801bc61161,2023-07-25 22:43:03,2023-07-25,2023-07-26 05:43:03 UTC,Pacific Time (US & Canada),7140495,genafm,Gena,2023-07-26 06:02:06 UTC,2023-07-26 06:59:12 UTC,research,,https://www.inaturalist.org/observations/174992081,https://static.inaturalist.org/photos/304077834/medium.jpeg,,"",Legs and body each look about 2cm long,1,0,false,2,"Elizabeth Lake, CA 93532, USA",34.7295099862,-118.6141262949,5,,,,5,,,false,gps,gps,Desert Grass Spider,Agelenopsis aperta,Desert Grass Spider,Arachnida,201680,,
175076339,3148a0c4-fa0c-43ea-a012-e75cad35ae14,2023-07-25 21:34:58,2023-07-25,2023-07-26 04:34:58 UTC,Pacific Time (US & Canada),2033009,rsupczak,Randy Supczak,2023-07-26 18:12:01 UTC,2023-07-26 19:05:39 UTC,research,CC-BY-NC,https://www.inaturalist.org/observations/175076339,https://inaturalist-open-data.s3.amazonaws.com/photos/304229601/medium.jpeg,,"",On side of house,1,0,false,2,"San Diego County, US-CA, US",32.7149837213,-116.9766405608,,,,,29066,obscured,,true,gps,gps,Desert Grass Spider,Agelenopsis aperta,Desert Grass Spider,Arachnida,201680,,
175258424,5465cd7e-1859-4147-91e0-ace5c11d5214,2023-07-27 12:32:45,2023-07-27,2023-07-27 19:32:45 UTC,Pacific Time (US & Canada),5071538,juniperac,Juniper Allen-Cantú,2023-07-27 19:40:35 UTC,2023-07-27 20:06:25 UTC,research,CC-BY-NC,https://www.inaturalist.org/observations/175258424,https://inaturalist-open-data.s3.amazonaws.com/photos/304559299/medium.jpeg,,"",,1,0,false,2,"Ramona, CA 92065, USA",33.0946318914,-117.0013187081,15,,,,15,,,false,gps,gps,Desert Grass Spider,Agelenopsis aperta,Desert Grass Spider,Arachnida,201680,,
175382224,88f96470-fc65-42d3-9d88-95f020e505b9,2023-07-25 06:54:30-07:00,2023-07-25,2023-07-25 13:54:30 UTC,Pacific Time (US & Canada),445469,rinnes,,2023-07-28 15:24:21 UTC,2024-02-17 04:14:03 UTC,research,CC-BY-NC,https://www.inaturalist.org/observations/175382224,https://inaturalist-open-data.s3.amazonaws.com/photos/304789903/medium.jpg,,"","",2,0,false,3,"Eugene Pl, San Diego, CA, US",32.7682416667,-117.1139361667,9,,,,9,,,false,,,Desert Grass Spider,Agelenopsis aperta,Desert Grass Spider,Arachnida,201680,,
175396778,cde78e13-9bfb-4c89-a93e-f0b7d1830c40,2023-07-28 08:52:38-07:00,2023-07-28,2023-07-28 15:52:38 UTC,Pacific Time (US & Canada),4146845,datafoya2314,,2023-07-28 16:54:47 UTC,2023-07-28 17:57:35 UTC,research,CC-BY-NC,https://www.inaturalist.org/observations/175396778,https://inaturalist-open-data.s3.amazonaws.com/photos/304816803/medium.jpg,,"","",1,0,false,3,"Darlene Ln, Winchester, CA, US",33.690975,-117.0691138333,4,,,,4,,,false,,,Desert Grass Spider,Agelenopsis aperta,Desert Grass Spider,Arachnida,201680,,
175414349,3d44b449-fc01-4058-a24b-14f4611c9dd4,2023-07-26 16:28:35-07:00,2023-07-26,2023-07-26 23:28:35 UTC,Pacific Time (US & Canada),5103088,ryanhutch,,2023-07-28 18:50:08 UTC,2023-07-28 19:23:23 UTC,research,CC-BY-NC,https://www.inaturalist.org/observations/175414349,https://inaturalist-open-data.s3.amazonaws.com/photos/304849467/medium.jpg,,"","",1,0,false,3,"E Highland Ave, Redlands, CA, US",34.0511361667,-117.1547,4,,,,4,,,false,,,Desert Grass Spider,Agelenopsis aperta,Desert Grass Spider,Arachnida,201680,,
175487876,4a2f1f6c-b74d-443c-bf8e-5295aa02bacf,2023-07-27 22:53:58-07:00,2023-07-27,2023-07-28 05:53:58 UTC,Pacific Time (US & Canada),4285753,dreaminginblue,Amanda Bueno-Kling,2023-07-29 05:11:11 UTC,2025-02-14 23:06:57 UTC,research,CC-BY-NC,https://www.inaturalist.org/observations/175487876,https://inaturalist-open-data.s3.amazonaws.com/photos/304988184/medium.jpg,,"","",1,0,false,3,"Cleveland National Forest, Julian, CA, US",33.040694317,-116.6399063805,25,,,,25,,,false,,,Desert Grass Spider,Agelenopsis aperta,Desert Grass Spider,Arachnida,201680,,
175595227,af11a0ea-048c-4d1a-8ebe-169f7188941a,Sat Jul 29 2023 12:16:05 GMT -0700 (PDT),2023-07-29,2023-07-29 19:16:05 UTC,Pacific Time (US & Canada),6329074,nerdyasianguy,,2023-07-29 19:16:45 UTC,2023-07-31 23:45:01 UTC,research,CC-BY-NC,https://www.inaturalist.org/observations/175595227,https://inaturalist-open-data.s3.amazonaws.com/photos/305178758/medium.jpeg,,"",,1,0,false,333,Escondido,33.1100502014,-117.1319732666,114,,,,114,,,false,,,Desert Grass Spider,Agelenopsis aperta,Desert Grass Spider,Arachnida,201680,,
175610133,4f992f1b-e3a8-4bfa-88f1-a0e9cc68aea9,2023-07-28 21:15:59-07:00,2023-07-28,2023-07-29 04:15:59 UTC,Pacific Time (US & Canada),447475,als93,,2023-07-29 20:42:29 UTC,2023-07-29 20:47:35 UTC,research,CC-BY-NC,https://www.inaturalist.org/observations/175610133,https://inaturalist-open-data.s3.amazonaws.com/photos/305205427/medium.jpg,,"",iNat suggestion ,1,0,false,3,"Los Angeles County, US-CA, US",34.289331449,-118.6957782157,11,,,,28846,obscured,,true,,,Desert Grass Spider,Agelenopsis aperta,Desert Grass Spider,Arachnida,201680,,
175620455,29dd68be-355b-4c33-993b-0e85439d7d8d,2023-07-28 22:36:51-07:00,2023-07-28,2023-07-29 05:36:51 UTC,Pacific Time (US & Canada),1741810,hsug1747,,2023-07-29 21:49:24 UTC,2023-08-04 15:38:05 UTC,research,CC-BY-NC,https://www.inaturalist.org/observations/175620455,https://inaturalist-open-data.s3.amazonaws.com/photos/305229119/medium.jpg,,"","",1,0,false,3,"Los Angeles County, US-CA, US",34.0182784892,-118.2350400583,22,,,,28874,obscured,,true,,,Desert Grass Spider,Agelenopsis aperta,Desert Grass Spider,Arachnida,201680,,
175623283,76bd7698-f8a3-4692-9d08-3e017d50aa39,2023-07-28 22:19:29-07:00,2023-07-28,2023-07-29 05:19:29 UTC,Pacific Time (US & Canada),1741810,hsug1747,,2023-07-29 22:08:26 UTC,2023-08-17 13:59:33 UTC,research,CC-BY-NC,https://www.inaturalist.org/observations/175623283,https://inaturalist-open-data.s3.amazonaws.com/photos/305229206/medium.jpg,,"","",2,0,false,3,"Los Angeles County, US-CA, US",34.033527385,-118.3225092982,22,,,,28874,obscured,,true,,,Desert Grass Spider,Agelenopsis aperta,Desert Grass Spider,Arachnida,201680,,
175753557,7951dbac-b4e7-4c0f-b384-8fb4a221b040,2023-07-27 06:03:29-07:00,2023-07-27,2023-07-27 13:03:29 UTC,Pacific Time (US & Canada),147542,robertcooper,Robert Cooper,2023-07-30 16:13:38 UTC,2023-09-20 01:23:51 UTC,research,,https://www.inaturalist.org/observations/175753557,https://static.inaturalist.org/photos/305472290/medium.jpg,,"","",2,0,false,3,"Vista Dorado Ln, Oak Park, CA, US",34.1755416667,-118.7657166667,35,,,,35,,,false,,,Desert Grass Spider,Agelenopsis aperta,Desert Grass Spider,Arachnida,201680,,
175886685,927be174-3650-4ce8-81b5-2489dbe502b3,2023-07-29 21:22:47,2023-07-29,2023-07-30 04:22:47 UTC,Pacific Time (US & Canada),525720,klyle161,Kristin Sweeney,2023-07-31 05:33:54 UTC,2023-07-31 06:41:29 UTC,research,CC-BY-NC,https://www.inaturalist.org/observations/175886685,https://inaturalist-open-data.s3.amazonaws.com/photos/305721159/medium.jpeg,,"",,1,0,false,2,"Jamul, CA 91935, USA",32.6808079238,-116.8300103769,265,,,,265,,,false,gps,gps,Desert Grass Spider,Agelenopsis aperta,Desert Grass Spider,Arachnida,201680,,
175889519,7c48f1f9-43f3-46e5-916e-a35e3bd81ff3,2023-07-30 20:01:44,2023-07-30,2023-07-31 03:01:44 UTC,Pacific Time (US & Canada),2498080,lilliecaseae,leo c.,2023-07-31 06:07:02 UTC,2024-01-04 01:39:33 UTC,research,,https://www.inaturalist.org/observations/175889519,https://static.inaturalist.org/photos/305727833/medium.jpeg,,"",Feasting upon some Apis mellifera. At least 3 other bees in web,1,0,false,2,"Thousand Oaks, CA 91320, USA",34.1962444444,-118.9107972222,,,,,,,,false,,,Desert Grass Spider,Agelenopsis aperta,Desert Grass Spider,Arachnida,201680,,
175890510,321b8845-9647-4961-b29f-5399b17c81a7,2023-07-29 19:13:22,2023-07-29,2023-07-30 02:13:22 UTC,Pacific Time (US & Canada),525720,klyle161,Kristin Sweeney,2023-07-31 06:20:05 UTC,2023-07-31 06:43:13 UTC,research,CC-BY-NC,https://www.inaturalist.org/observations/175890510,https://inaturalist-open-data.s3.amazonaws.com/photos/305728834/medium.jpeg,,"",,1,0,false,2,"Jamul, CA 91935, USA",32.6756444444,-116.8253888889,,,,,,,,false,gps,gps,Desert Grass Spider,Agelenopsis aperta,Desert Grass Spider,Arachnida,201680,,
175890830,2a987b09-2c03-4def-b9a2-c1eb7cb48b4a,2023-07-29 19:11:43,2023-07-29,2023-07-30 02:11:43 UTC,Pacific Time (US & Canada),525720,klyle161,Kristin Sweeney,2023-07-31 06:25:53 UTC,2023-07-31 17:32:47 UTC,research,CC-BY-NC,https://www.inaturalist.org/observations/175890830,https://inaturalist-open-data.s3.amazonaws.com/photos/305729674/medium.jpeg,,"",,1,0,false,2,"Jamul, CA 91935, USA",32.6755777778,-116.8253666667,,,,,,,,false,gps,gps,Desert Grass Spider,Agelenopsis aperta,Desert Grass Spider,Arachnida,201680,,
175929121,48842a4f-ea3a-4e8b-92c8-e5b0a238ada6,2023-07-06 15:55:00-04:00,2023-07-06,2023-07-06 19:55:00 UTC,Pacific Time (US & Canada),6893239,jgilwil,,2023-07-31 13:45:36 UTC,2023-09-20 01:25:20 UTC,research,CC-BY-NC,https://www.inaturalist.org/observations/175929121,https://inaturalist-open-data.s3.amazonaws.com/photos/305801488/medium.jpg,,"","",1,0,false,3,"Blair Hills, Culver City, CA, US",34.013225014,-118.3780272519,169,,,,169,,,false,,,Desert Grass Spider,Agelenopsis aperta,Desert Grass Spider,Arachnida,201680,,
175953286,0d8fc998-d267-4e01-a18d-a0fda79e4418,2023-07-24 10:27:24-07:00,2023-07-24,2023-07-24 17:27:24 UTC,Pacific Time (US & Canada),4048558,malsh,,2023-07-31 16:14:03 UTC,2023-08-04 18:29:06 UTC,research,CC-BY-NC,https://www.inaturalist.org/observations/175953286,https://inaturalist-open-data.s3.amazonaws.com/photos/305845417/medium.jpg,,"","",1,0,false,3,"California Department of Parks and Recreation, San Clemente, CA, US",33.4034105934,-117.6006119961,23,,,,23,,,false,,,Desert Grass Spider,Agelenopsis aperta,Desert Grass Spider,Arachnida,201680,,
176003889,41e1f878-1f3b-4659-807b-1b526a1abce4,2023-07-31 11:29:18-07:00,2023-07-31,2023-07-31 18:29:18 UTC,Pacific Time (US & Canada),4324006,pavelbykau,,2023-07-31 21:30:54 UTC,2023-07-31 21:44:43 UTC,research,CC-BY-NC,https://www.inaturalist.org/observations/176003889,https://inaturalist-open-data.s3.amazonaws.com/photos/305938401/medium.jpg,,"","",1,0,false,3,"Sorrento Valley, San Diego, CA, US",32.9174466667,-117.1935883333,4,,,,4,,,false,,,Desert Grass Spider,Agelenopsis aperta,Desert Grass Spider,Arachnida,201680,,
176217837,0163ba6a-5a5e-4403-b52b-b7170d3f4038,2023-08-01 13:24:29,2023-08-01,2023-08-01 20:24:29 UTC,Pacific Time (US & Canada),525351,akbirder,Aaron Kreisberg,2023-08-02 03:07:36 UTC,2025-01-09 22:25:13 UTC,research,CC-BY,https://www.inaturalist.org/observations/176217837,https://inaturalist-open-data.s3.amazonaws.com/photos/306338428/medium.jpeg,,"",,1,0,false,2,"Avalon, CA 90704, USA",33.3565194444,-118.4360388889,,,,,,,,false,gps,gps,Desert Grass Spider,Agelenopsis aperta,Desert Grass Spider,Arachnida,201680,,
176221452,403c301b-a3b7-44ce-89c9-f34a19582e09,2023/08/01 9:52 PM,2023-08-01,2023-08-02 02:52:00 UTC,Central Time (US & Canada),929743,a24,a f,2023-08-02 03:40:57 UTC,2023-08-02 06:29:30 UTC,research,CC-BY-NC,https://www.inaturalist.org/observations/176221452,https://inaturalist-open-data.s3.amazonaws.com/photos/306344919/medium.jpeg,,"",,1,0,false,,"Wildwood, AL 36278",33.4434448,-85.5799563,1810,,,,1810,,,false,,,Dark-legged Grass Spider,Agelenopsis naevia,Dark-legged Grass Spider,Arachnida,153491,,
176537346,2fac5f8d-9b8e-405e-ad37-c0a1ffcc9f28,2023-08-02 09:37:01,2023-08-02,2023-08-02 16:37:01 UTC,Pacific Time (US & Canada),2055559,kronk,"",2023-08-04 02:01:49 UTC,2023-08-04 06:09:10 UTC,research,CC-BY-NC,https://www.inaturalist.org/observations/176537346,https://inaturalist-open-data.s3.amazonaws.com/photos/306931694/medium.jpeg,,"",,2,0,false,2,"San Pasqual Valley, San Diego, CA, USA",33.0850122035,-117.033633627,12,,,,12,,,false,gps,gps,Desert Grass Spider,Agelenopsis aperta,Desert Grass Spider,Arachnida,201680,,
176547290,0a0a6956-1d1b-441d-bc06-976f56632ad0,2023-08-03 18:26:16-07:00,2023-08-03,2023-08-04 01:26:16 UTC,Pacific Time (US & Canada),775530,rjarquin,Ria Jarquin-Lewis,2023-08-04 03:29:30 UTC,2023-08-04 16:56:06 UTC,research,CC-BY-NC,https://www.inaturalist.org/observations/176547290,https://inaturalist-open-data.s3.amazonaws.com/photos/306950734/medium.jpg,,"","",1,0,false,3,United States,32.7921206906,-117.0568119121,4,,,,29066,obscured,,true,,,Desert Grass Spider,Agelenopsis aperta,Desert Grass Spider,Arachnida,201680,,
176547986,7430941e-af9f-441d-b9fa-c03a9c60215e,2023-08-03 18:55:31-07:00,2023-08-03,2023-08-04 01:55:31 UTC,Pacific Time (US & Canada),1670372,jesbds,,2023-08-04 03:36:20 UTC,2023-08-04 06:17:42 UTC,research,CC-BY-NC,https://www.inaturalist.org/observations/176547986,https://inaturalist-open-data.s3.amazonaws.com/photos/306951879/medium.jpg,,"","",2,0,false,3,"Del Mar Mesa, San Diego, CA, US",32.9199881242,-117.2074077468,5041,,,,5041,,,false,,,Desert Grass Spider,Agelenopsis aperta,Desert Grass Spider,Arachnida,201680,,
176660939,a549c169-442f-41b1-ad7a-9081888973f7,2023-08-01 11:49:15-04:00,2023-08-01,2023-08-01 15:49:15 UTC,Eastern Time (US & Canada),7074463,emsteinberg,Ethan,2023-08-04 20:40:17 UTC,2023-08-04 22:46:04 UTC,research,CC-BY-NC,https://www.inaturalist.org/observations/176660939,https://inaturalist-open-data.s3.amazonaws.com/photos/307161517/medium.jpg,,"","",1,0,false,3,"Rocky River Reservation, North Olmsted, OH, US",41.4121383333,-81.8821866667,24,,,,24,,,false,,,Dark-legged Grass Spider,Agelenopsis naevia,Dark-legged Grass Spider,Arachnida,153491,,
176668926,d7defd55-9ee6-4cdc-9026-fbf64da35892,2023/08/04 11:39 AM,2023-08-04,2023-08-04 18:39:00 UTC,Pacific Time (US & Canada),2843576,tj4444,TJ Hastings,2023-08-04 21:27:42 UTC,2023-09-20 01:26:29 UTC,research,,https://www.inaturalist.org/observations/176668926,https://static.inaturalist.org/photos/307172769/medium.jpeg,,"","",1,0,false,,"Topanga, CA, USA",34.0976233333,-118.585355,,,,,,,,false,,,Desert Grass Spider,Agelenopsis aperta,Desert Grass Spider,Arachnida,201680,,
176727824,47f4e3e1-8cc8-4e3e-83cb-98e998d04b86,2023/08/04 10:16 PM,2023-08-04,2023-08-05 05:16:00 UTC,Pacific Time (US & Canada),1769948,aymeelaurain,Aymee Laurain,2023-08-05 06:29:00 UTC,2023-08-05 08:07:19 UTC,research,CC-BY-NC,https://www.inaturalist.org/observations/176727824,https://inaturalist-open-data.s3.amazonaws.com/photos/307290058/medium.jpg,,"",,1,0,false,,"2800 E Observatory Rd, Los Angeles, CA 90027",34.1184341,-118.3003935,230,,,,230,,,false,,,Desert Grass Spider,Agelenopsis aperta,Desert Grass Spider,Arachnida,201680,,
176818731,52da21c5-dddf-47fa-b57d-6f03cc6f77b1,2023/08/05 6:04 AM,2023-08-05,2023-08-05 13:04:00 UTC,Pacific Time (US & Canada),6002699,clownpecker,Brady Goldman,2023-08-05 18:34:45 UTC,2023-09-20 01:26:59 UTC,research,CC-BY-NC,https://www.inaturalist.org/observations/176818731,https://inaturalist-open-data.s3.amazonaws.com/photos/307452078/medium.jpg,,"",,1,0,false,,"Lake Balboa, Los Angeles, CA, USA",34.1727080887,-118.4716268434,66,,,,66,,,false,,,Desert Grass Spider,Agelenopsis aperta,Desert Grass Spider,Arachnida,201680,,
176930825,1ef7b161-2ef5-4afb-a3ba-67ce5fa5cc75,2023-08-04 20:54:11,2023-08-04,2023-08-05 03:54:11 UTC,Pacific Time (US & Canada),525720,klyle161,Kristin Sweeney,2023-08-06 09:09:00 UTC,2023-08-06 15:47:50 UTC,research,CC-BY-NC,https://www.inaturalist.org/observations/176930825,https://inaturalist-open-data.s3.amazonaws.com/photos/307663291/medium.jpeg,,"",,1,0,false,2,"Ramona, CA 92065, USA",33.0341,-116.9554472222,,,,,,,,false,gps,gps,Desert Grass Spider,Agelenopsis aperta,Desert Grass Spider,Arachnida,201680,,
177070940,cfeca585-9a90-4593-902b-81cbd260f4c6,2023-08-06 16:12:00,2023-08-06,2023-08-06 23:12:00 UTC,Pacific Time (US & Canada),5381939,lafiametta,"",2023-08-06 23:12:51 UTC,2023-08-19 21:07:43 UTC,research,CC-BY-NC,https://www.inaturalist.org/observations/177070940,https://inaturalist-open-data.s3.amazonaws.com/photos/307920086/medium.jpeg,,"",Found dead in a swimming pool,2,0,false,2,"Tierrasanta, San Diego, CA 92124, USA",32.8288277778,-117.0761472222,,,,,,,,false,,,Desert Grass Spider,Agelenopsis aperta,Desert Grass Spider,Arachnida,201680,,
177299394,1ded29ef-5b3b-4e51-a7f9-571db4e68798,2023-08-07 21:02:07,2023-08-07,2023-08-08 02:02:07 UTC,Central Time (US & Canada),1020576,inotherwordsfly,Kt Reed Schrage,2023-08-08 04:40:40 UTC,2025-01-29 20:05:01 UTC,research,,https://www.inaturalist.org/observations/177299394,https://static.inaturalist.org/photos/308348138/medium.jpeg,,"",,1,0,false,2,"Lauderdale Lakes, WI 53121, USA",42.7748249722,-88.5725149722,,,,,,,,false,gps,gps,Potter's Grass Spider,Agelenopsis potteri,Potter's Grass Spider,Arachnida,212722,,
177403894,cc88eb3b-f3e0-4753-a164-1f3a59c2102b,2023-08-08 07:25:24-07:00,2023-08-08,2023-08-08 14:25:24 UTC,Pacific Time (US & Canada),92426,cyndibrast,Cynthia Brast,2023-08-08 20:45:21 UTC,2023-11-02 07:21:55 UTC,research,CC-BY-NC-ND,https://www.inaturalist.org/observations/177403894,https://static.inaturalist.org/photos/308539838/medium.jpg,,"","",2,0,false,3,"San Juan Island, Friday Harbor, WA, US",48.5713966667,-123.0999138333,5,,,,5,,,false,,,Agelenopsis oregonensis,Agelenopsis oregonensis,,Arachnida,212721,,
177490472,e20ab301-ebcd-4d82-9ff7-8197ee60d225,2023-08-09 05:13:49-07:00,2023-08-09,2023-08-09 12:13:49 UTC,Pacific Time (US & Canada),174900,carboncardiff,Danni Cardiff,2023-08-09 12:19:07 UTC,2023-09-20 01:27:48 UTC,research,,https://www.inaturalist.org/observations/177490472,https://static.inaturalist.org/photos/308704944/medium.jpg,,"","",2,0,false,3,"Potrero County Park, Potrero, CA, US",32.6132666667,-116.5941,5,,,,5,,,false,,,Desert Grass Spider,Agelenopsis aperta,Desert Grass Spider,Arachnida,201680,,
177593429,dd9f39c9-d631-4b3c-b917-30759a6dfcbd,2023-07-25 21:39:27,2023-07-25,2023-07-26 04:39:27 UTC,Pacific Time (US & Canada),7144056,pavloveiandog,"",2023-08-10 00:16:00 UTC,2024-12-29 09:42:19 UTC,research,CC-BY-NC,https://www.inaturalist.org/observations/177593429,https://inaturalist-open-data.s3.amazonaws.com/photos/308898096/medium.jpeg,,"","Not sure of species, pictures aren't good enough to id off of suggestions",1,0,false,2,"Ramona, CA 92065, USA",33.0500361111,-116.8704194444,,,,,,,,false,gps,gps,Desert Grass Spider,Agelenopsis aperta,Desert Grass Spider,Arachnida,201680,,
177694089,d22b79d6-55db-4993-b242-881c4a0b8d9b,2023-08-10 09:41:42-07:00,2023-08-10,2023-08-10 16:41:42 UTC,Pacific Time (US & Canada),920550,mabart,,2023-08-10 17:18:46 UTC,2023-08-25 16:09:54 UTC,research,CC-BY-NC,https://www.inaturalist.org/observations/177694089,https://inaturalist-open-data.s3.amazonaws.com/photos/309087234/medium.jpg,,"","",1,0,false,3,"McGroarty St, Los Angeles, CA, US",34.2522083333,-118.3159033333,4,,,,4,,,false,,,Desert Grass Spider,Agelenopsis aperta,Desert Grass Spider,Arachnida,201680,,
177715313,ca86ac81-c10c-461a-a0b4-3352ff586ceb,2023/08/05 9:23 PM,2023-08-05,2023-08-06 04:23:00 UTC,Pacific Time (US & Canada),150454,david99,David Rankin,2023-08-10 19:36:09 UTC,2023-09-20 01:22:40 UTC,research,CC-BY-NC,https://www.inaturalist.org/observations/177715313,https://inaturalist-open-data.s3.amazonaws.com/photos/309116463/medium.jpg,,"",,2,0,false,,"Moreno Valley, CA, USA",33.9521444444,-117.2639833333,11,,,,11,,,false,,,Desert Grass Spider,Agelenopsis aperta,Desert Grass Spider,Arachnida,201680,,
177745172,aef7d4e8-c20a-4fbb-b417-f3169a67446e,2023/08/10 9:07 PM,2023-08-10,2023-08-11 04:07:00 UTC,Pacific Time (US & Canada),150454,david99,David Rankin,2023-08-10 23:17:31 UTC,2023-08-11 01:22:57 UTC,research,CC-BY-NC,https://www.inaturalist.org/observations/177745172,https://inaturalist-open-data.s3.amazonaws.com/photos/309180298/medium.jpeg,,"",,2,0,false,,"Moreno Valley, CA, USA",33.9518556109,-117.2640247875,2,,,,2,,,false,,,Desert Grass Spider,Agelenopsis aperta,Desert Grass Spider,Arachnida,201680,,
177745205,a6460d58-7e84-451b-98b4-19114125760a,2023/08/10 9:07 PM,2023-08-10,2023-08-11 04:07:00 UTC,Pacific Time (US & Canada),150454,david99,David Rankin,2023-08-10 23:17:41 UTC,2023-09-20 01:22:20 UTC,research,CC-BY-NC,https://www.inaturalist.org/observations/177745205,https://inaturalist-open-data.s3.amazonaws.com/photos/309181193/medium.jpg,,"",,2,0,false,,"Moreno Valley, CA, USA",33.9518556109,-117.2640247875,2,,,,2,,,false,,,Desert Grass Spider,Agelenopsis aperta,Desert Grass Spider,Arachnida,201680,,
178045877,c056d72c-3961-46d0-b61a-9cf89577d11c,2023-08-12 14:18:41,2023-08-12,2023-08-12 19:18:41 UTC,Central Time (US & Canada),211492,cheins1,"",2023-08-12 19:22:44 UTC,2025-01-29 20:05:29 UTC,research,,https://www.inaturalist.org/observations/178045877,https://static.inaturalist.org/photos/309746033/medium.jpeg,,"","If taking a picture of a male Agelenopsis, try to get this angle of the palp.  The clearly visible hook of the embolus indicates this is A. potteri.",1,0,false,2,"Mankato, MN, USA",44.1673811635,-93.9897808805,3484,,,,3484,,,false,,,Potter's Grass Spider,Agelenopsis potteri,Potter's Grass Spider,Arachnida,212722,,
178092728,4c889feb-0348-47f2-a380-b08d6fe0815b,2023/08/12 2:09 PM,2023-08-12,2023-08-12 21:09:00 UTC,Pacific Time (US & Canada),2107265,nature4lzw,Luann Wright,2023-08-13 00:32:13 UTC,2023-09-18 02:05:18 UTC,research,CC-BY-NC,https://www.inaturalist.org/observations/178092728,https://inaturalist-open-data.s3.amazonaws.com/photos/309834976/medium.jpeg,,"",Spider came out of its funnel for just a few seconds as I was walking by. ,1,0,false,,"Rancho Mission Canyon Trail, San Diego, CA, USA",32.8097070623,-117.0583463841,8,,,,8,,,false,,,Desert Grass Spider,Agelenopsis aperta,Desert Grass Spider,Arachnida,201680,,
178192988,bb7a75a7-f1f4-4722-ac67-44823db19c3e,2023/08/13 7:43 AM,2023-08-13,2023-08-13 14:43:00 UTC,Pacific Time (US & Canada),92426,cyndibrast,Cynthia Brast,2023-08-13 15:31:32 UTC,2024-04-24 05:36:46 UTC,research,CC-BY-NC-ND,https://www.inaturalist.org/observations/178192988,https://static.inaturalist.org/photos/310027152/medium.jpeg,,"",,3,0,false,,"San Juan County, WA, USA",48.5713888889,-123.0999972222,4,,,,4,,,false,,,Agelenopsis oregonensis,Agelenopsis oregonensis,,Arachnida,212721,,
178202430,8cae4efa-9d4c-4d16-9e0d-00e3a14a081c,2023-08-13 09:47:01,2023-08-13,2023-08-13 13:47:01 UTC,Eastern Time (US & Canada),4165315,bjcrisman,Benjamin Crisman,2023-08-13 16:21:30 UTC,2023-08-13 22:41:05 UTC,research,CC-BY-NC,https://www.inaturalist.org/observations/178202430,https://inaturalist-open-data.s3.amazonaws.com/photos/310044491/medium.jpeg,,"",,1,0,false,2,Battelle Darby Creek Metro Park,39.9039163604,-83.2147933915,563,,,,563,,,false,,,Dark-legged Grass Spider,Agelenopsis naevia,Dark-legged Grass Spider,Arachnida,153491,,
178222617,d418796e-be70-4fdb-98af-fe745d494b59,2023-08-13 08:34:37-07:00,2023-08-13,2023-08-13 15:34:37 UTC,Pacific Time (US & Canada),4048558,malsh,,2023-08-13 18:06:04 UTC,2023-08-25 16:10:11 UTC,research,CC-BY-NC,https://www.inaturalist.org/observations/178222617,https://inaturalist-open-data.s3.amazonaws.com/photos/310083693/medium.jpg,,"","",1,0,false,3,"California Department of Parks and Recreation, San Clemente, CA, US",33.4025459318,-117.6011602775,53,,,,53,,,false,,,Desert Grass Spider,Agelenopsis aperta,Desert Grass Spider,Arachnida,201680,,
178316563,acd08d2c-a143-483b-99bf-25efb963713d,2023/08/07 10:07 PM,2023-08-07,2023-08-08 05:07:00 UTC,Pacific Time (US & Canada),3703274,ca_photo_hobbyist,"",2023-08-14 04:30:01 UTC,2023-08-17 13:57:28 UTC,research,CC-BY-NC-SA,https://www.inaturalist.org/observations/178316563,https://inaturalist-open-data.s3.amazonaws.com/photos/310267092/medium.jpg,,Home,,2,0,false,,"San Diego County, US-CA, US",33.3926218733,-117.3294144649,5,,,,28984,obscured,,true,,,Desert Grass Spider,Agelenopsis aperta,Desert Grass Spider,Arachnida,201680,,
178360057,90f22c56-2b5b-4dc2-b9c7-722ad4b58172,2023-07-23 17:46:10,2023-07-23,2023-07-24 00:46:10 UTC,Pacific Time (US & Canada),6770125,andie59,Andie Ledesma,2023-08-14 13:16:04 UTC,2023-08-14 20:52:01 UTC,research,,https://www.inaturalist.org/observations/178360057,https://static.inaturalist.org/photos/310352035/medium.jpeg,,"",,1,0,false,2,"San Diego County, US-CA, US",32.8193047142,-117.2743185699,4,,,,29039,obscured,,true,gps,gps,Desert Grass Spider,Agelenopsis aperta,Desert Grass Spider,Arachnida,201680,,
178396403,4991c062-97f9-4967-afc1-105f08848f6c,2023/08/13 8:48 PM,2023-08-13,2023-08-14 03:48:00 UTC,Arizona,421102,wendybirds,Wendy McCrady,2023-08-14 17:16:17 UTC,2023-08-17 13:57:07 UTC,research,CC-BY,https://www.inaturalist.org/observations/178396403,https://inaturalist-open-data.s3.amazonaws.com/photos/310408882/medium.jpg,,"",,2,0,false,,"Pima County, AZ, USA",32.4177666799,-110.930435551,4,,,,4,,,false,,,Desert Grass Spider,Agelenopsis aperta,Desert Grass Spider,Arachnida,201680,,
178443879,c93b6a1f-c60a-4ede-895f-a38b34e04f44,2023/08/14 10:22 AM,2023-08-14,2023-08-14 17:22:00 UTC,Pacific Time (US & Canada),5282074,maddiemcewen,"",2023-08-14 22:41:08 UTC,2023-10-14 05:54:02 UTC,research,CC-BY-NC,https://www.inaturalist.org/observations/178443879,https://static.inaturalist.org/photos/310506243/medium.jpeg,,"",,1,0,false,,United States,32.4664473761,-117.1440500019,258,,,,29093,obscured,,true,,,Desert Grass Spider,Agelenopsis aperta,Desert Grass Spider,Arachnida,201680,,
178477126,cc3fb972-ae38-4a5b-8b2f-d1e1c8213b6d,2023-08-14 09:57:30-08:00,2023-08-14,2023-08-14 17:57:30 UTC,Pacific Time (US & Canada),312286,amberenergy,Amber M. King,2023-08-15 03:36:12 UTC,2024-03-21 04:27:56 UTC,research,CC-BY,https://www.inaturalist.org/observations/178477126,https://inaturalist-open-data.s3.amazonaws.com/photos/310576039/medium.jpg,,"","",1,0,false,3,"Tijuana Slough National Wildlife Refuge, Imperial Beach, CA, US",32.5742020908,-117.1255496615,96,,,,96,,,false,,,Desert Grass Spider,Agelenopsis aperta,Desert Grass Spider,Arachnida,201680,,
178480999,ca6d3f3d-e565-4e4a-891d-9308b3ba38b9,2023/08/14 4:55 PM,2023-08-14,2023-08-14 23:55:00 UTC,Pacific Time (US & Canada),4344262,mountainsong,Sing to the Mountain Studio,2023-08-15 04:20:34 UTC,2023-08-15 13:49:36 UTC,research,CC-BY-NC,https://www.inaturalist.org/observations/178480999,https://inaturalist-open-data.s3.amazonaws.com/photos/310583876/medium.jpg,,"",,1,0,false,,"Oak Canyon, MTRP, San Diego, CA, USA",32.8405077818,-117.0440948598,37,,,,37,,,false,,,Desert Grass Spider,Agelenopsis aperta,Desert Grass Spider,Arachnida,201680,,
178624561,9ea71ef7-2893-4189-8d21-99ef2da6d493,2023-08-15 18:47:32,2023-08-15,2023-08-16 01:47:32 UTC,Pacific Time (US & Canada),5381939,lafiametta,"",2023-08-16 01:48:48 UTC,2023-08-19 21:07:18 UTC,research,CC-BY-NC,https://www.inaturalist.org/observations/178624561,https://inaturalist-open-data.s3.amazonaws.com/photos/310855565/medium.jpeg,,"",Found tangled in a spider web and quite dead,2,0,false,2,"Santee, CA, USA",32.8648638889,-116.9949916667,,,,,,,,false,,,Desert Grass Spider,Agelenopsis aperta,Desert Grass Spider,Arachnida,201680,,
178646304,14fad291-3b5c-4c73-a1dd-61d51f5fa472,2023-07-31 21:44:33-08:00,2023-07-31,2023-08-01 05:44:33 UTC,Pacific Time (US & Canada),152848,aaron_echols,Aaron Echols,2023-08-16 06:08:42 UTC,2023-10-31 21:00:31 UTC,research,CC-BY-NC,https://www.inaturalist.org/observations/178646304,https://inaturalist-open-data.s3.amazonaws.com/photos/310899160/medium.jpg,,"","",1,0,false,3,"Louis Robidoux Nature Center, Jurupa Valley, CA, US",33.9767466684,-117.4270791827,58,,,,58,,,false,,,Desert Grass Spider,Agelenopsis aperta,Desert Grass Spider,Arachnida,201680,,
178774845,8b348efa-39cd-4a1e-b74d-d0544da16649,2023-08-16 18:06:28-07:00,2023-08-16,2023-08-17 01:06:28 UTC,Pacific Time (US & Canada),2498774,sculpin808,,2023-08-17 01:07:29 UTC,2023-08-17 16:36:27 UTC,research,CC-BY-NC,https://www.inaturalist.org/observations/178774845,https://inaturalist-open-data.s3.amazonaws.com/photos/311302649/medium.jpg,,"","",2,0,false,3,"Glorietta Ave, Glendale, CA, US",34.1860922138,-118.2321844438,463,,,,463,,,false,,,Desert Grass Spider,Agelenopsis aperta,Desert Grass Spider,Arachnida,201680,,
178826561,8d055325-7497-435d-8bed-9e8602da6813,2023-08-13 08:59:05-04:00,2023-08-13,2023-08-13 12:59:05 UTC,Eastern Time (US & Canada),7268543,kkhs2576,,2023-08-17 12:29:34 UTC,2023-08-18 16:54:06 UTC,research,CC-BY-NC,https://www.inaturalist.org/observations/178826561,https://inaturalist-open-data.s3.amazonaws.com/photos/311243153/medium.jpg,,"","",1,0,false,3,"Wayne National Forest, Corning, OH, US",39.6245633333,-82.113425,4,,,,4,,,false,,,Dark-legged Grass Spider,Agelenopsis naevia,Dark-legged Grass Spider,Arachnida,153491,,
178878671,79f61838-38a9-46f0-a29b-4038d259dcd9,2023-08-16 21:23:40,2023-08-16,2023-08-17 04:23:40 UTC,Pacific Time (US & Canada),1518277,boazsolorio,Boaz Benaiah Solorio,2023-08-17 18:54:06 UTC,2023-08-17 20:10:52 UTC,research,CC-BY-NC,https://www.inaturalist.org/observations/178878671,https://inaturalist-open-data.s3.amazonaws.com/photos/311341084/medium.jpeg,,"",,1,0,false,2,Eaton Canyon Falls Trail,34.1915906951,-118.1039466709,51,,,,51,,,false,gps,gps,Desert Grass Spider,Agelenopsis aperta,Desert Grass Spider,Arachnida,201680,,
178895928,c0a36957-d0da-4c0b-a8c0-64d3ef03bdef,2023/08/16 10:18 PM,2023-08-16,2023-08-17 05:18:00 UTC,Pacific Time (US & Canada),150454,david99,David Rankin,2023-08-17 20:51:03 UTC,2023-09-20 01:13:42 UTC,research,CC-BY-NC,https://www.inaturalist.org/observations/178895928,https://inaturalist-open-data.s3.amazonaws.com/photos/311369126/medium.jpg,,"",,2,0,false,,"Moreno Valley, CA, USA",33.9520928916,-117.2639464185,2,,,,2,,,false,,,Desert Grass Spider,Agelenopsis aperta,Desert Grass Spider,Arachnida,201680,,
178912482,7f5a4d8c-0c55-46ef-9650-ffaa7bb4b947,2023/08/15 9:49 PM,2023-08-15,2023-08-16 04:49:00 UTC,Pacific Time (US & Canada),861881,chilipossum,Cricket Raspet,2023-08-17 23:10:27 UTC,2023-08-26 02:13:33 UTC,research,CC-BY,https://www.inaturalist.org/observations/178912482,https://inaturalist-open-data.s3.amazonaws.com/photos/311391596/medium.jpeg,,"","",1,0,false,,"Contra Costa County, CA, USA",37.878475,-121.9331583333,,,,,,,,false,,,Desert Grass Spider,Agelenopsis aperta,Desert Grass Spider,Arachnida,201680,,
179009353,faa8ca69-bebe-4d75-82c1-60284f282572,2023-08-18 06:18:21-07:00,2023-08-18,2023-08-18 13:18:21 UTC,Pacific Time (US & Canada),2315117,decafdodo,DecafDodo !,2023-08-18 16:40:03 UTC,2023-08-26 02:13:10 UTC,research,,https://www.inaturalist.org/observations/179009353,https://static.inaturalist.org/photos/311591968/medium.jpg,,"","",1,0,false,3,"San Diego County, US-CA, US",32.9806634882,-117.1357847442,22,,,,29039,obscured,,true,,,Desert Grass Spider,Agelenopsis aperta,Desert Grass Spider,Arachnida,201680,,
179180948,7801f36f-51a6-478d-a17e-3930be49eba0,2023-08-19 09:59:11,2023-08-19,2023-08-19 16:59:11 UTC,Pacific Time (US & Canada),6873317,will762,Will Hagler,2023-08-19 17:00:37 UTC,2023-11-02 07:23:53 UTC,research,,https://www.inaturalist.org/observations/179180948,https://static.inaturalist.org/photos/311911254/medium.jpeg,,"",,3,0,false,2,"Friday Harbor, WA 98250, USA",48.46472698,-123.02419581,12,,,,12,,,false,,,Grass Spiders,Agelenopsis oregonensis,,Arachnida,212721,,
179398313,ed5f7096-067a-4472-99e6-2f5253230519,2023-08-20 15:14:39,2023-08-20,2023-08-20 19:14:39 UTC,Eastern Time (US & Canada),5010580,benwolsieffer,Ben Wolsieffer,2023-08-20 19:18:48 UTC,2025-01-29 20:06:56 UTC,research,CC-BY-NC,https://www.inaturalist.org/observations/179398313,https://inaturalist-open-data.s3.amazonaws.com/photos/312316244/medium.jpeg,,"",,1,0,false,2,"Essex County, US-MA, US",42.4702328901,-70.6808799244,12,,,,27630,obscured,,true,,,Potter's Grass Spider,Agelenopsis potteri,Potter's Grass Spider,Arachnida,212722,,
179771244,734f78aa-825f-469e-b452-94819a5ba649,2023/08/22 9:47 AM,2023-08-22,2023-08-22 16:47:00 UTC,Pacific Time (US & Canada),92426,cyndibrast,Cynthia Brast,2023-08-23 02:04:55 UTC,2024-04-24 05:37:15 UTC,research,CC-BY-NC-ND,https://www.inaturalist.org/observations/179771244,https://static.inaturalist.org/photos/313032809/medium.jpeg,,"",,2,0,false,,"San Juan County, WA, USA",48.5714083333,-123.0999222222,7,,,,7,,,false,,,Agelenopsis oregonensis,Agelenopsis oregonensis,,Arachnida,212721,,
179775437,a4c66b9d-1600-47e8-90d5-8c5f36eed329,2023/08/22 12:00 AM,2023-08-22,2023-08-22 04:00:00 UTC,Eastern Time (US & Canada),745726,laura1122,"",2023-08-23 02:44:42 UTC,2025-01-29 20:07:15 UTC,research,,https://www.inaturalist.org/observations/179775437,https://static.inaturalist.org/photos/313041758/medium.jpeg,,"",,1,0,false,,"South Berwick, ME 03908, USA",43.2778845353,-70.7005347826,191,,,,191,,,false,,,Potter's Grass Spider,Agelenopsis potteri,Potter's Grass Spider,Arachnida,212722,,
179901062,eb2708b3-3e60-4249-8474-b96b1453c2a1,Wed Aug 23 2023 16:54:34 GMT -0700 (GMT-7),2023-08-23,2023-08-23 23:54:34 UTC,Pacific Time (US & Canada),290885,mrsmartian,Marian,2023-08-23 23:54:40 UTC,2023-08-24 04:32:33 UTC,research,CC-BY-NC,https://www.inaturalist.org/observations/179901062,https://inaturalist-open-data.s3.amazonaws.com/photos/313280255/medium.jpeg,,"",,2,0,false,333,Los Angeles,34.123790741,-118.4795761108,100,,,,100,,,false,,,Desert Grass Spider,Agelenopsis aperta,Desert Grass Spider,Arachnida,201680,,
179962439,84822d4f-6182-490d-aacc-8fe4d82e2d80,2023-08-15 13:44:30-05:00,2023-08-15,2023-08-15 18:44:30 UTC,Central Time (US & Canada),5903787,mothwizard,,2023-08-24 13:02:17 UTC,2024-01-18 22:57:14 UTC,research,CC-BY-NC,https://www.inaturalist.org/observations/179962439,https://inaturalist-open-data.s3.amazonaws.com/photos/313397782/medium.jpg,,"","",2,0,false,3,"Bay Shore Park, New Franken, WI, US",44.6344116667,-87.79927,6396,,,,6396,,,false,,,Agelenopsis utahana,Agelenopsis utahana,Utah Funnelweb Spider,Arachnida,153497,,
180135415,09b15ae7-8929-40af-8da9-c56e9eb3ada3,2023-08-25 09:04:26-07:00,2023-08-25,2023-08-25 16:04:26 UTC,Pacific Time (US & Canada),92426,cyndibrast,Cynthia Brast,2023-08-25 16:23:34 UTC,2024-04-24 05:37:44 UTC,research,CC-BY-NC-ND,https://www.inaturalist.org/observations/180135415,https://static.inaturalist.org/photos/313726579/medium.jpg,,"","",1,0,false,3,"San Juan Island, Friday Harbor, WA, US",48.5714283333,-123.1000278333,5,,,,5,,,false,,,Agelenopsis oregonensis,Agelenopsis oregonensis,,Arachnida,212721,,
180135819,2d351c9f-622e-48f1-8774-202318dc59bf,2023-08-25 06:58:51-07:00,2023-08-25,2023-08-25 13:58:51 UTC,Pacific Time (US & Canada),92426,cyndibrast,Cynthia Brast,2023-08-25 16:26:16 UTC,2023-11-02 07:25:06 UTC,research,CC-BY-NC-ND,https://www.inaturalist.org/observations/180135819,https://static.inaturalist.org/photos/313727318/medium.jpg,,"","",2,0,false,3,"San Juan Island, Friday Harbor, WA, US",48.5714133333,-123.1000583333,5,,,,5,,,false,,,Agelenopsis oregonensis,Agelenopsis oregonensis,,Arachnida,212721,,
180217536,a8aedae3-fb40-4c20-94af-282293cac4f9,2023-08-25 20:31:45-07:00,2023-08-25,2023-08-26 03:31:45 UTC,Pacific Time (US & Canada),1173068,matsya,Andrew Chaves,2023-08-26 03:31:50 UTC,2024-03-07 12:01:30 UTC,research,CC-BY-NC,https://www.inaturalist.org/observations/180217536,https://inaturalist-open-data.s3.amazonaws.com/photos/313884920/medium.jpg,,"","",2,0,false,3,"USC - Wrigley Marine Science Center, CA, US",33.4447938443,-118.4820672588,35,,,,35,,,false,,,Desert Grass Spider,Agelenopsis aperta,Desert Grass Spider,Arachnida,201680,,
180363994,f5e32c64-545f-4977-9c1a-4b8acdebaf0a,2023-08-25 06:49:41-07:00,2023-08-25,2023-08-25 13:49:41 UTC,Pacific Time (US & Canada),92426,cyndibrast,Cynthia Brast,2023-08-27 00:20:54 UTC,2023-11-02 07:25:23 UTC,research,CC-BY-NC-ND,https://www.inaturalist.org/observations/180363994,https://static.inaturalist.org/photos/314162701/medium.jpg,,"","",2,0,false,3,"San Juan Island, Friday Harbor, WA, US",48.5713583333,-123.0999971667,4,,,,4,,,false,,,Agelenopsis oregonensis,Agelenopsis oregonensis,,Arachnida,212721,,
180395876,7ad4a26c-eba5-42b9-b223-6f11ba48e9ab,2023-08-26 21:22:34-07:00,2023-08-26,2023-08-27 04:22:34 UTC,Pacific Time (US & Canada),92426,cyndibrast,Cynthia Brast,2023-08-27 05:51:03 UTC,2024-04-24 05:39:07 UTC,research,CC-BY-NC-ND,https://www.inaturalist.org/observations/180395876,https://static.inaturalist.org/photos/314459781/medium.jpg,,"","",2,0,false,3,"San Juan Island, Friday Harbor, WA, US",48.5713716667,-123.099975,6,,,,6,,,false,,,Agelenopsis oregonensis,Agelenopsis oregonensis,,Arachnida,212721,,
180669127,e92c39a2-01da-4942-93b2-22ee44aa8522,2023/08/27 2:25 PM,2023-08-27,2023-08-27 21:25:00 UTC,Pacific Time (US & Canada),3371321,brian_wright,Brian Wright,2023-08-28 20:01:36 UTC,2024-01-21 05:51:41 UTC,research,CC-BY-NC,https://www.inaturalist.org/observations/180669127,https://inaturalist-open-data.s3.amazonaws.com/photos/314750475/medium.jpg,,"",Sunset Trail,2,0,false,,"San Diego County, CA, USA",32.8623298032,-116.4647608802,11,,,,11,,,false,,,Desert Grass Spider,Agelenopsis aperta,Desert Grass Spider,Arachnida,201680,,
180945505,d3ea5234-22f0-4b4b-b9a2-8e249cba4f5c,2023-08-30 10:55:05-07:00,2023-08-30,2023-08-30 17:55:05 UTC,Pacific Time (US & Canada),1421619,merrinandplants,Merrin,2023-08-30 18:04:15 UTC,2023-11-02 07:26:11 UTC,research,CC-BY-NC,https://www.inaturalist.org/observations/180945505,https://inaturalist-open-data.s3.amazonaws.com/photos/315280518/medium.jpg,,"","",2,0,false,3,"Washington, US",47.2921879857,-122.5678250482,35,,,,26871,obscured,,true,,,Agelenopsis oregonensis,Agelenopsis oregonensis,,Arachnida,212721,,
181233194,917956b3-4aa4-4ecf-af88-f4153ac87f1a,2023-09-01 10:58:12-07:00,2023-09-01,2023-09-01 17:58:12 UTC,Pacific Time (US & Canada),4818,misternatural,Russ DiFiori,2023-09-01 18:02:24 UTC,2023-09-02 21:38:21 UTC,research,CC-BY,https://www.inaturalist.org/observations/181233194,https://static.inaturalist.org/photos/315956715/medium.jpg,,"","",1,0,false,3,"Lower Arroyo Park Area, Pasadena, CA, US",34.1402085984,-118.1667221104,8,,,,8,,,false,,,Desert Grass Spider,Agelenopsis aperta,Desert Grass Spider,Arachnida,201680,,
181280817,a65f6905-7a8e-4ed6-9254-32f7562b3a5e,2023-09-01 17:37:56,2023-09-01,2023-09-01 22:37:56 UTC,Central Time (US & Canada),2889059,mikeljones,Michael Jones,2023-09-01 23:54:33 UTC,2025-01-29 20:08:54 UTC,research,CC-BY-NC,https://www.inaturalist.org/observations/181280817,https://inaturalist-open-data.s3.amazonaws.com/photos/315916728/medium.jpeg,,"",,1,0,false,2,"Lake Mills, WI 53551, USA",43.0849494255,-88.906109333,20,,,,20,,,false,gps,gps,Potter's Grass Spider,Agelenopsis potteri,Potter's Grass Spider,Arachnida,212722,,
181600861,af771863-f83b-4a6a-8ad0-04289bbedde0,2023/09/03 9:07 AM,2023-09-03,2023-09-03 16:07:00 UTC,Pacific Time (US & Canada),92426,cyndibrast,Cynthia Brast,2023-09-03 18:01:40 UTC,2023-11-02 07:26:30 UTC,research,CC-BY-NC-ND,https://www.inaturalist.org/observations/181600861,https://static.inaturalist.org/photos/316476375/medium.jpeg,,"",,2,0,false,,"San Juan County, WA, USA",48.5714555556,-123.1000888889,4,,,,4,,,false,,,Agelenopsis oregonensis,Agelenopsis oregonensis,,Arachnida,212721,,
181679505,fd61c843-8bfc-44d1-8a70-51196f84ae56,2023-09-03 18:32:18-07:00,2023-09-03,2023-09-04 01:32:18 UTC,Pacific Time (US & Canada),7286224,andrewparra,,2023-09-04 02:32:53 UTC,2023-11-03 19:27:50 UTC,research,CC-BY-NC,https://www.inaturalist.org/observations/181679505,https://inaturalist-open-data.s3.amazonaws.com/photos/316626946/medium.jpg,,"","",1,0,false,3,"Red Rock Ave, Riverside, CA, US",34.00694,-117.3119756514,31,,,,31,,,false,,,Desert Grass Spider,Agelenopsis aperta,Desert Grass Spider,Arachnida,201680,,
182221328,e8daa357-f7c7-4d69-9e1e-aaf82bb9d88c,2023-09-07 13:20:14,2023-09-07,2023-09-07 18:20:14 UTC,Central Time (US & Canada),3994963,lil_slugger,Lil' Slugger,2023-09-07 18:42:12 UTC,2025-01-29 20:10:33 UTC,research,,https://www.inaturalist.org/observations/182221328,https://static.inaturalist.org/photos/317670609/medium.jpeg,,"",,2,0,false,2,"Whitefish Bay, WI, USA",43.1114861111,-87.9060027778,,,,,,,,false,gps,gps,Potter's Grass Spider,Agelenopsis potteri,Potter's Grass Spider,Arachnida,212722,,
182546052,6687ba22-1815-40a5-a50b-7eefb39f638a,2023-09-09 15:10:00,2023-09-09,2023-09-09 19:10:00 UTC,Eastern Time (US & Canada),5546048,starving_tapeworm,frank...,2023-09-09 22:26:05 UTC,2025-04-04 15:09:34 UTC,research,CC-BY-NC,https://www.inaturalist.org/observations/182546052,https://inaturalist-open-data.s3.amazonaws.com/photos/318298134/medium.jpeg,,"",,1,0,false,2,"Chatmoss, VA, USA",36.6782061503,-79.8166541755,193,,,,193,,,false,,,Dark-legged Grass Spider,Agelenopsis naevia,Dark-legged Grass Spider,Arachnida,153491,,
182552476,6f879619-fe35-456d-b7bb-bbda53d9791f,2023-09-09 18:24:58-04:00,2023-09-09,2023-09-09 22:24:58 UTC,Eastern Time (US & Canada),1537014,human_landfill,,2023-09-09 23:20:03 UTC,2025-01-29 20:10:54 UTC,research,CC-BY-NC,https://www.inaturalist.org/observations/182552476,https://inaturalist-open-data.s3.amazonaws.com/photos/318310190/medium.jpg,,"","",1,0,false,3,"SUNY College of Environmental Science and Forestry, Syracuse, NY, US",43.0338834928,-76.1394058361,95,,,,95,,,false,,,Potter's Grass Spider,Agelenopsis potteri,Potter's Grass Spider,Arachnida,212722,,
182564241,0860e269-4864-48e3-a22d-adf688c3b699,2023-09-09 16:20:17,2023-09-09,2023-09-09 20:20:17 UTC,Eastern Time (US & Canada),5138566,ana_juarez,Ana Juárez,2023-09-10 01:03:19 UTC,2023-09-15 13:16:16 UTC,research,,https://www.inaturalist.org/observations/182564241,https://static.inaturalist.org/photos/318333469/medium.jpeg,,"",,1,0,false,2,"Municipio de Massie, Ohio, EE. UU.",39.485081,-84.0548359722,,,,,,,,false,,,Agelenopsis naevia,Agelenopsis naevia,Dark-legged Grass Spider,Arachnida,153491,,
182702601,8c153ce6-84ef-4175-923a-510c5b1d2c67,2023-09-10 13:07:40-07:00,2023-09-10,2023-09-10 20:07:40 UTC,Pacific Time (US & Canada),3723909,randall_english,Randall English,2023-09-10 20:41:15 UTC,2023-09-29 22:54:56 UTC,research,CC-BY-NC,https://www.inaturalist.org/observations/182702601,https://inaturalist-open-data.s3.amazonaws.com/photos/318600201/medium.jpg,,"","",1,0,false,3,"Park Newport, Newport Beach, CA, US",33.627308998,-117.8838003941,45,,,,45,,,false,,,Desert Grass Spider,Agelenopsis aperta,Desert Grass Spider,Arachnida,201680,,
182918142,2434b055-1cb5-4bc6-b249-d92f3103306e,2023-09-09 12:43:44,2023-09-09,2023-09-09 19:43:44 UTC,Pacific Time (US & Canada),1518277,boazsolorio,Boaz Benaiah Solorio,2023-09-12 08:20:58 UTC,2023-09-20 01:17:21 UTC,research,CC-BY-NC,https://www.inaturalist.org/observations/182918142,https://inaturalist-open-data.s3.amazonaws.com/photos/319026553/medium.jpeg,,"",,1,0,false,2,"Imperial Beach, CA, USA",32.5723314186,-117.1256635711,118,,,,118,,,false,gps,gps,Desert Grass Spider,Agelenopsis aperta,Desert Grass Spider,Arachnida,201680,,
183140564,fdfe0f82-e897-4db8-b11c-872798d91f59,2023-09-13 15:09:00-04:00,2023-09-13,2023-09-13 19:09:00 UTC,Eastern Time (US & Canada),900260,poecile2ava,ava!,2023-09-13 22:12:02 UTC,2023-09-14 00:40:18 UTC,research,,https://www.inaturalist.org/observations/183140564,https://static.inaturalist.org/photos/319460178/medium.jpg,,"","",1,0,false,3,"North Carolina, US",35.1309388094,-80.6677341192,372,,,,28734,obscured,,true,,,Grass Spiders,Agelenopsis naevia,Dark-legged Grass Spider,Arachnida,153491,,
183332202,44eb6930-5c32-4c00-b884-48ea8e30c940,2023-09-15 04:46:02,2023-09-15,2023-09-15 08:46:02 UTC,America/Detroit,7152181,kelseypea,Kelsey Burson,2023-09-15 08:47:06 UTC,2025-01-29 20:11:28 UTC,research,,https://www.inaturalist.org/observations/183332202,https://static.inaturalist.org/photos/319828561/medium.jpeg,,"",,1,0,false,2,"Cadillac, MI 49601, USA",44.2646228,-85.4326331,12,,,,12,,,false,,,Potter's Grass Spider,Agelenopsis potteri,Potter's Grass Spider,Arachnida,212722,,
183506753,880e9124-aadd-4819-8330-80ddc2653d33,2023-09-16 07:53:00,2023-09-16,2023-09-16 11:53:00 UTC,Eastern Time (US & Canada),2267615,jpl146,,2023-09-16 14:49:51 UTC,2025-01-29 20:11:32 UTC,research,CC-BY-NC,https://www.inaturalist.org/observations/183506753,https://inaturalist-open-data.s3.amazonaws.com/photos/320163761/medium.jpeg,,"",,1,0,false,2,United States,42.7015467672,-72.1185422801,,,,,27599,obscured,,true,gps,gps,Potter's Grass Spider,Agelenopsis potteri,Potter's Grass Spider,Arachnida,212722,,
183614876,08a7c963-e6e0-4c8e-88a1-0c664f0331f5,2023-09-16 19:46:20,2023-09-16,2023-09-17 02:46:20 UTC,Pacific Time (US & Canada),1518277,boazsolorio,Boaz Benaiah Solorio,2023-09-17 03:50:47 UTC,2023-09-30 00:09:35 UTC,research,CC-BY-NC,https://www.inaturalist.org/observations/183614876,https://inaturalist-open-data.s3.amazonaws.com/photos/320367857/medium.jpeg,,"",,1,0,false,2,"Glendora, CA 91740, USA",34.1254250839,-117.8500886634,121,,,,121,,,false,gps,gps,Desert Grass Spider,Agelenopsis aperta,Desert Grass Spider,Arachnida,201680,,
183693273,50724d32-8b13-4c03-ba1e-320608f9579f,2023-09-17 09:44:16,2023-09-17,2023-09-17 16:44:16 UTC,Pacific Time (US & Canada),7334277,gfreitag,Greta,2023-09-17 16:50:39 UTC,2023-09-20 01:16:37 UTC,research,CC-BY-NC,https://www.inaturalist.org/observations/183693273,https://inaturalist-open-data.s3.amazonaws.com/photos/320518941/medium.jpeg,,"","Had a large web on sandy ground, it was sitting in it's hole but came out when I got too close",1,0,false,2,"Descanso, CA 91916, USA",32.8724027778,-116.621775,,,,,,,,false,gps,gps,Desert Grass Spider,Agelenopsis aperta,Desert Grass Spider,Arachnida,201680,,
183804990,067c83bf-7c0e-43d8-a130-c465c125249f,2023-09-17 17:59:37-07:00,2023-09-17,2023-09-18 00:59:37 UTC,Pacific Time (US & Canada),3416518,nettiecat,Annette Herz,2023-09-18 05:22:24 UTC,2024-03-27 01:14:11 UTC,research,,https://www.inaturalist.org/observations/183804990,https://static.inaturalist.org/photos/320726232/medium.jpg,,"","",1,0,false,3,"Calero County Park, San Jose, CA, US",37.1506166667,-121.7859333333,5,,,,5,,,false,,,Desert Grass Spider,Agelenopsis aperta,Desert Grass Spider,Arachnida,201680,,
183915961,d3618a88-2515-45a0-b74f-d2b734eff30d,2023/09/13 11:55 AM,2023-09-13,2023-09-13 18:55:00 UTC,Pacific Time (US & Canada),177904,mbavolunteer,Steve Johnston,2023-09-18 23:20:55 UTC,2023-09-20 14:09:44 UTC,research,CC-BY-NC,https://www.inaturalist.org/observations/183915961,https://inaturalist-open-data.s3.amazonaws.com/photos/320942007/medium.jpeg,,"",Can anyone help with species?,1,0,false,,"Gilroy Hot Springs, Gilroy, CA 95020, USA",37.0759632,-121.4664888,180,,,,180,,,false,,,Desert Grass Spider,Agelenopsis aperta,Desert Grass Spider,Arachnida,201680,,
183923025,684b4808-3b00-4a38-8a74-115feb5344bd,2023/09/18 12:08 PM,2023-09-18,2023-09-18 19:08:00 UTC,Pacific Time (US & Canada),92426,cyndibrast,Cynthia Brast,2023-09-19 00:28:40 UTC,2023-11-02 07:27:16 UTC,research,CC-BY-NC-ND,https://www.inaturalist.org/observations/183923025,https://static.inaturalist.org/photos/320957920/medium.jpeg,,"",,2,0,false,,"San Juan County, WA, USA",48.5713972222,-123.1000444444,5,,,,5,,,false,,,Agelenopsis oregonensis,Agelenopsis oregonensis,,Arachnida,212721,,
184471277,a68f0cda-451c-4fa6-a933-1c50b32e2dce,2023-08-25 01:19:44-06:00,2023-08-25,2023-08-25 07:19:44 UTC,Central Time (US & Canada),5749797,jsarachnid,"",2023-09-23 02:05:10 UTC,2025-01-29 20:13:00 UTC,research,,https://www.inaturalist.org/observations/184471277,https://static.inaturalist.org/photos/322012426/medium.jpg,,"","",2,0,false,3,"Evergreen Ln, Montello, WI, US",43.8246665482,-89.3611679389,42,,,,42,,,false,,,Potter's Grass Spider,Agelenopsis potteri,Potter's Grass Spider,Arachnida,212722,,
184489527,51f09879-429c-4cea-a6e6-dc8ed660297b,2023-09-22 05:35:00+09:00,2023-09-21,2023-09-21 20:35:00 UTC,Pacific Time (US & Canada),561177,cordulegaster,,2023-09-23 06:05:33 UTC,2023-11-02 07:28:05 UTC,research,CC-BY-NC,https://www.inaturalist.org/observations/184489527,https://inaturalist-open-data.s3.amazonaws.com/photos/322048867/medium.jpg,,"",Species I’d vetted by Rod Crawford,2,0,false,3,"Ridgefield, WA, US",45.8545972201,-122.7254774471,129,,,,129,,,false,,,Agelenopsis oregonensis,Agelenopsis oregonensis,,Arachnida,212721,,
184493275,3f30939c-74bf-47c4-8c0c-ed796004683a,Thu Sep 14 2023 16:46:28 GMT+0000 (Coordinated Universal Time),2023-09-14,2023-09-14 20:46:28 UTC,Eastern Time (US & Canada),1889483,burke_nc,"",2023-09-23 07:10:00 UTC,2024-12-13 23:22:36 UTC,research,CC-BY-NC,https://www.inaturalist.org/observations/184493275,https://inaturalist-open-data.s3.amazonaws.com/photos/322055665/medium.jpeg,,"",ecoEXPLORE Username: geode,1,0,false,349,"North Carolina, US",35.6538394868,-81.4489489029,,,,,28649,obscured,,true,,,Dark-legged Grass Spider,Agelenopsis naevia,Dark-legged Grass Spider,Arachnida,153491,,
184573229,9f092153-ca9c-45a2-92e2-6fb4b3d2ebec,2023-09-23 10:07:22-07:00,2023-09-23,2023-09-23 17:07:22 UTC,Pacific Time (US & Canada),92426,cyndibrast,Cynthia Brast,2023-09-23 18:55:48 UTC,2024-04-24 05:38:59 UTC,research,CC-BY-NC-ND,https://www.inaturalist.org/observations/184573229,https://static.inaturalist.org/photos/322204000/medium.jpg,,"","",2,0,false,3,"San Juan Island, Friday Harbor, WA, US",48.5713833333,-123.1000221667,4,,,,4,,,false,,,Agelenopsis oregonensis,Agelenopsis oregonensis,,Arachnida,212721,,
184603337,3206d0c4-4488-4f43-81ca-ea22736a7d6b,2023-09-23 15:21:07,2023-09-23,2023-09-23 22:21:07 UTC,Pacific Time (US & Canada),2651019,melindaw,,2023-09-23 22:28:05 UTC,2023-11-02 07:28:57 UTC,research,CC-BY-NC,https://www.inaturalist.org/observations/184603337,https://inaturalist-open-data.s3.amazonaws.com/photos/322262429/medium.jpeg,,"",,2,0,false,2,"Phinney Ridge, Seattle, WA, USA",47.6681041,-122.3597015,32,,,,32,,,false,,,Agelenopsis oregonensis,Agelenopsis oregonensis,,Arachnida,212721,,
184632718,e52d21e0-f251-4dfe-8e3b-982bc86ff5ef,2023-09-23 19:41:04,2023-09-23,2023-09-24 02:41:04 UTC,Pacific Time (US & Canada),2651019,melindaw,,2023-09-24 02:42:05 UTC,2023-11-02 07:29:21 UTC,research,CC-BY-NC,https://www.inaturalist.org/observations/184632718,https://inaturalist-open-data.s3.amazonaws.com/photos/322322372/medium.jpeg,,"",,2,0,false,2,"Phinney Ridge, Seattle, WA, USA",47.66813941,-122.35973144,9,,,,9,,,false,,,Agelenopsis oregonensis,Agelenopsis oregonensis,,Arachnida,212721,,
184999032,478e09f7-c391-4c31-8155-6cfae894ee01,2023/09/25 11:36 AM,2023-09-25,2023-09-25 18:36:00 UTC,Pacific Time (US & Canada),10201,edwardrooks,edwardrooks,2023-09-26 13:21:20 UTC,2023-09-29 22:08:00 UTC,research,CC-BY-NC,https://www.inaturalist.org/observations/184999032,https://inaturalist-open-data.s3.amazonaws.com/photos/323019307/medium.jpeg,,"","",1,0,false,,"Coyote Valley Open Space Preserve, Coyote, CA, USA",37.1686198874,-121.7300596015,524,,,,524,,,false,,,Desert Grass Spider,Agelenopsis aperta,Desert Grass Spider,Arachnida,201680,,
185213877,72c5995a-2396-4ea3-9348-3342608223ac,2023-09-18 08:49:24-05:00,2023-09-18,2023-09-18 13:49:24 UTC,Central Time (US & Canada),3056132,gutenfrog,Brett Ortler,2023-09-27 23:52:51 UTC,2025-01-29 20:13:15 UTC,research,CC-BY,https://www.inaturalist.org/observations/185213877,https://inaturalist-open-data.s3.amazonaws.com/photos/323433973/medium.jpg,,"","",1,0,false,3,"Minnesota, US",45.1348396864,-93.2219811227,9,,,,27222,obscured,,true,,,Potter's Grass Spider,Agelenopsis potteri,Potter's Grass Spider,Arachnida,212722,,
185479969,da3dc82d-0f30-41d8-a0a8-0dcddc7b65d6,2023-09-27 11:28:41-07:00,2023-09-27,2023-09-27 18:28:41 UTC,Pacific Time (US & Canada),7266118,ma_ff_hew,,2023-09-29 20:44:25 UTC,2023-09-30 02:48:07 UTC,research,CC-BY-NC,https://www.inaturalist.org/observations/185479969,https://inaturalist-open-data.s3.amazonaws.com/photos/323938865/medium.jpg,,"","",2,0,false,3,"Arroyo Verde Park, Ventura, CA, US",34.29235,-119.2268216667,4,,,,4,,,false,,,Desert Grass Spider,Agelenopsis aperta,Desert Grass Spider,Arachnida,201680,,
185781697,960e8fe0-28cb-4075-bdb0-516c2d6a128d,2023-10-01 08:33:59,2023-10-01,2023-10-01 15:33:59 UTC,Arizona,61010,vikkijackson,Vikki Jackson,2023-10-01 18:58:08 UTC,2023-10-01 21:06:01 UTC,research,CC-BY-NC,https://www.inaturalist.org/observations/185781697,https://inaturalist-open-data.s3.amazonaws.com/photos/324522947/medium.jpeg,,"",,1,0,false,2,"Ajo, AZ 85321, USA",32.0662353997,-112.715928,,,,,,,,false,gps,gps,Desert Grass Spider,Agelenopsis aperta,Desert Grass Spider,Arachnida,201680,,
185938577,23cac4ac-5fac-4b9f-bd20-95c31cc1fbb4,2023/10/02 8:00 AM,2023-10-02,2023-10-02 12:00:00 UTC,Eastern Time (US & Canada),254706,dclump,"",2023-10-02 18:48:52 UTC,2023-10-02 18:54:24 UTC,research,,https://www.inaturalist.org/observations/185938577,https://static.inaturalist.org/photos/324827228/medium.jpg,,"",,1,0,false,,"Ohio, US",41.3528515487,-82.3969447648,4,,,,27816,obscured,,true,,,Pennsylvania Grass Spider,Agelenopsis pennsylvanica,Pennsylvania Grass Spider,Arachnida,143215,,
185976109,0b568c8c-012d-4373-bbd0-3356ebfc7a4a,2023-10-02 16:42:38-07:00,2023-10-02,2023-10-02 23:42:38 UTC,Pacific Time (US & Canada),5198798,sjside,,2023-10-02 23:46:44 UTC,2023-10-03 05:14:31 UTC,research,CC-BY-NC,https://www.inaturalist.org/observations/185976109,https://inaturalist-open-data.s3.amazonaws.com/photos/324904722/medium.jpg,,"",This spider was the size of a quarter but moved really quickly. Spider hid in a hole before it came out. ,1,0,false,3,"Morena, San Diego, CA, US",32.77516196,-117.1890129972,25,,,,25,,,false,,,Desert Grass Spider,Agelenopsis aperta,Desert Grass Spider,Arachnida,201680,,
185976364,ee3838a2-40f7-4f32-82bb-f8da157158d3,2023-10-02 16:44:25-07:00,2023-10-02,2023-10-02 23:44:25 UTC,Pacific Time (US & Canada),7413572,dkhanthaphixay,,2023-10-02 23:49:23 UTC,2023-10-03 21:35:35 UTC,research,CC-BY-NC,https://www.inaturalist.org/observations/185976364,https://inaturalist-open-data.s3.amazonaws.com/photos/324905489/medium.jpg,,"",Seen on a web on the bushes in a canyon trail at the University of San Diego. It was hiding in a hole by its web before coming out.,2,0,false,3,"Morena, San Diego, CA, US",32.77515,-117.1888966667,4,,,,4,,,false,,,Desert Grass Spider,Agelenopsis aperta,Desert Grass Spider,Arachnida,201680,,
187014824,b7b50f12-384a-4191-b15c-e4e2b0051370,2023-10-10 09:59:00-05:00,2023-10-10,2023-10-10 14:59:00 UTC,Central Time (US & Canada),3739417,skylar_papike,Skylar Papike,2023-10-10 17:27:49 UTC,2024-04-20 07:49:44 UTC,research,,https://www.inaturalist.org/observations/187014824,https://static.inaturalist.org/photos/326954076/medium.jpg,,"","",3,0,false,3,"Homochitto National Forest, Roxie, MS, US",31.4367916667,-90.9819716667,7,,,,7,,,false,,,Dark-legged Grass Spider,Agelenopsis naevia,Dark-legged Grass Spider,Arachnida,153491,,
188048138,8128271b-f7f2-42c1-9d70-ad6f84ae7318,2023-10-18 13:12:29,2023-10-18,2023-10-18 18:12:29 UTC,Central Time (US & Canada),3975511,jor_drd,J,2023-10-18 18:18:48 UTC,2023-10-19 19:25:53 UTC,research,,https://www.inaturalist.org/observations/188048138,https://static.inaturalist.org/photos/329005120/medium.jpeg,,"",,1,0,false,2,"Cedar Rapids, IA 52402, USA",42.0037188314,-91.652306132,68,,,,68,,,false,,,Pennsylvania Grass Spider,Agelenopsis pennsylvanica,Pennsylvania Grass Spider,Arachnida,143215,,
188116022,d79e0c1a-e76a-4295-83ef-7d547b8ecf70,2023-10-18 18:49:53,2023-10-18,2023-10-19 01:49:53 UTC,Pacific Time (US & Canada),525720,klyle161,Kristin Sweeney,2023-10-19 07:18:47 UTC,2023-10-19 16:59:12 UTC,research,CC-BY-NC,https://www.inaturalist.org/observations/188116022,https://inaturalist-open-data.s3.amazonaws.com/photos/329147414/medium.jpeg,,"",,1,0,false,2,"Lakeside, CA, USA",32.860202664,-116.9374549761,37,,,,37,,,false,gps,gps,Desert Grass Spider,Agelenopsis aperta,Desert Grass Spider,Arachnida,201680,,
188776666,15227635-37f0-483d-a776-c37539d6fbc3,2023-07-03 09:44:18-05:00,2023-07-03,2023-07-03 14:44:18 UTC,Pacific Time (US & Canada),3288854,franfauna,,2023-10-24 13:17:04 UTC,2023-10-24 19:37:27 UTC,research,CC-BY-NC,https://www.inaturalist.org/observations/188776666,https://inaturalist-open-data.s3.amazonaws.com/photos/330508325/medium.jpg,,"","",1,0,false,3,"Santa Catalina Island, Avalon, CA, US",33.3889749,-118.4549308,8252,,,,8252,,,false,,,Desert Grass Spider,Agelenopsis aperta,Desert Grass Spider,Arachnida,201680,,
190602104,3db5a76c-efa2-45a6-aada-9461b21f4457,2023-11-10 13:09:18-05:00,2023-11-10,2023-11-10 18:09:18 UTC,Eastern Time (US & Canada),519230,treekoinahat,,2023-11-10 19:01:23 UTC,2023-12-05 12:23:09 UTC,research,,https://www.inaturalist.org/observations/190602104,https://static.inaturalist.org/photos/334171232/medium.jpg,,"","",1,0,false,3,"Western Carolina University, Cullowhee, NC, US",35.312805,-83.1811833333,8,,,,8,,,false,,,Dark-legged Grass Spider,Agelenopsis naevia,Dark-legged Grass Spider,Arachnida,153491,,
192461132,e9355642-e6d1-4988-8912-44d487f04c8e,2023-11-26 15:26:58-08:00,2023-11-26,2023-11-26 23:26:58 UTC,Pacific Time (US & Canada),92426,cyndibrast,Cynthia Brast,2023-11-28 15:53:21 UTC,2023-12-05 08:33:44 UTC,research,CC-BY-NC-ND,https://www.inaturalist.org/observations/192461132,https://static.inaturalist.org/photos/337865394/medium.jpg,,"","",2,0,false,3,"San Juan Island, Friday Harbor, WA, US",48.5713116667,-123.0997083333,4,,,,4,,,false,,,Agelenopsis oregonensis,Agelenopsis oregonensis,,Arachnida,212721,,
193090456,e8952b07-dc2e-449e-be69-6ce0118c7d5f,2023-09-01 15:05:38,2023-09-01,2023-09-01 22:05:38 UTC,Pacific Time (US & Canada),5408718,wolfram06,Sebastian Sierra,2023-12-05 02:30:40 UTC,2023-12-05 23:43:02 UTC,research,,https://www.inaturalist.org/observations/193090456,https://static.inaturalist.org/photos/339129736/medium.jpeg,,"",,2,0,false,2,Silverdale,47.6445168113,-122.6948696002,7504,,,,7504,,,false,gps,gps,Agelenopsis oregonensis,Agelenopsis oregonensis,,Arachnida,212721,,
194385063,f9c4e07f-bb75-4f48-8fe7-0f3cca10ff2c,2023/10/07 8:24 PM,2023-10-07,2023-10-08 03:24:00 UTC,Pacific Time (US & Canada),7511588,a59243,A W,2023-12-19 22:15:46 UTC,2025-02-27 00:58:05 UTC,research,,https://www.inaturalist.org/observations/194385063,https://static.inaturalist.org/photos/341674339/medium.jpg,,"Novalena Intermedia, Lewis and Clark College",Genus identification based on relative eye sizes and spinneret length. Species identification based on geographic data. ,2,0,false,,"Oxbow Regional Park, Portland, OR",45.4897,-122.2969,4,,,,4,,,false,,,Agelenopsis oregonensis,Agelenopsis oregonensis,,Arachnida,212721,,
194485975,88e3e64e-0ffe-4272-b582-6608bce8a31e,2023/09/12 9:35 PM,2023-09-12,2023-09-13 04:35:00 UTC,Pacific Time (US & Canada),3373525,giantcicada,"",2023-12-21 06:33:31 UTC,2024-04-24 05:39:36 UTC,research,CC-BY,https://www.inaturalist.org/observations/194485975,https://inaturalist-open-data.s3.amazonaws.com/photos/341876087/medium.jpg,,"","",2,0,false,,"Washington, US",46.6957115545,-121.9960926871,15,,,,26967,obscured,,true,,,Agelenopsis oregonensis,Agelenopsis oregonensis,,Arachnida,212721,,
195233271,25b10770-fe52-4cd9-b2ad-9bb7e8b65e80,2023-10-04 02:29:27,2023-10-04,2023-10-04 09:29:27 UTC,Pacific Time (US & Canada),5408718,wolfram06,Sebastian Sierra,2023-12-30 03:21:28 UTC,2024-04-24 05:39:51 UTC,research,,https://www.inaturalist.org/observations/195233271,https://static.inaturalist.org/photos/343406623/medium.jpeg,,"",,2,0,false,2,Silverdale,47.6445168113,-122.6948696002,7504,,,,7504,,,false,gps,gps,Agelenopsis oregonensis,Agelenopsis oregonensis,,Arachnida,212721,,
197187151,c83e8f35-90b1-45a9-ad69-b0d0adbbd3ae,2023-07-10 16:46:46,2023-07-10,2023-07-10 23:46:46 UTC,Pacific Time (US & Canada),2402009,lamebrain,Fidel,2024-01-21 01:25:24 UTC,2024-11-26 06:43:32 UTC,research,,https://www.inaturalist.org/observations/197187151,https://inaturalist-open-data.s3.amazonaws.com/photos/347233065/medium.jpeg,,"","",2,0,false,2,"Rancho Palos Verdes, CA, USA",33.7432999722,-118.3643139722,200,,,,200,,,false,gps,gps,Desert Grass Spider,Agelenopsis aperta,Desert Grass Spider,Arachnida,201680,,
201547052,19438da5-4700-4200-8de5-7a08341bda09,2021-07-03 22:01:19,2021-07-03,2021-07-04 05:01:19 UTC,Pacific Time (US & Canada),3617690,sophiacara,Sophia Carangalan,2024-03-07 04:58:59 UTC,2024-03-07 10:20:27 UTC,research,,https://www.inaturalist.org/observations/201547052,https://static.inaturalist.org/photos/355800846/medium.jpeg,,"",,1,0,false,2,"Chula Vista, CA 91915, USA",32.6204920644,-116.9486686215,99,,,,99,,,false,gps,gps,Desert Grass Spider,Agelenopsis aperta,Desert Grass Spider,Arachnida,201680,,
201883118,136852ea-75bb-4f3d-9cb7-b9a15fd0d64c,2024-03-09 19:31:05-08:00,2024-03-09,2024-03-10 03:31:05 UTC,Pacific Time (US & Canada),364244,eridanlover,,2024-03-10 05:24:25 UTC,2024-03-10 12:52:31 UTC,research,CC-BY-NC,https://www.inaturalist.org/observations/201883118,https://inaturalist-open-data.s3.amazonaws.com/photos/356451583/medium.jpg,,"","",1,0,false,3,"Marine Corps Base Camp Pendleton, Oceanside, CA, US",33.2903133333,-117.307555,4,,,,4,,,false,,,Desert Grass Spider,Agelenopsis aperta,Desert Grass Spider,Arachnida,201680,,
203252669,fec1c28f-d932-4385-90f7-4042b4723bd1,2023-07-03 10:48:13,2023-07-03,2023-07-03 17:48:13 UTC,Pacific Time (US & Canada),1972423,miguelacosta2,Miguel Acosta,2024-03-20 17:44:39 UTC,2024-03-20 23:29:24 UTC,research,,https://www.inaturalist.org/observations/203252669,https://static.inaturalist.org/photos/359082230/medium.jpeg,,"",,2,0,false,2,"Campo, CA 91906, USA",32.6243635,-116.4284439,,,,,,,,false,gps,gps,Desert Grass Spider,Agelenopsis aperta,Desert Grass Spider,Arachnida,201680,,
203288123,41bad9c5-e82d-493c-8ef3-1ac4e24e6c39,2023-08-11 21:50:21-07:00,2023-08-11,2023-08-12 04:50:21 UTC,Pacific Time (US & Canada),7772842,jessc4647,,2024-03-20 22:52:22 UTC,2024-06-05 06:59:22 UTC,research,CC-BY-NC,https://www.inaturalist.org/observations/203288123,https://inaturalist-open-data.s3.amazonaws.com/photos/359148280/medium.jpg,,"","",3,1,false,3,"San Diego County, US-CA, US",32.8598261631,-116.5485087775,4,,,,29039,obscured,,true,,,Desert Grass Spider,Agelenopsis aperta,Desert Grass Spider,Arachnida,201680,,
206184563,8b5feaeb-d7bb-4eba-b519-cf7f53771d9b,2023-08-11 17:54:19-07:00,2023-08-11,2023-08-12 00:54:19 UTC,Pacific Time (US & Canada),7934220,kiddophido,Madeline King,2024-04-09 02:20:56 UTC,2024-10-08 05:07:17 UTC,research,,https://www.inaturalist.org/observations/206184563,https://static.inaturalist.org/photos/364652828/medium.jpg,,"","",2,0,false,3,"San Bernardino National Forest, Mountain Center, CA, US",33.643345,-116.5901116667,40,,,,40,,,false,,,Desert Grass Spider,Agelenopsis aperta,Desert Grass Spider,Arachnida,201680,,
212117020,ddb4acec-fc80-4177-a5b9-de7b0c70fbde,2024-04-26 09:59:24-07:00,2024-04-26,2024-04-26 16:59:24 UTC,Arizona,65660,eric_hough,Eric Hough,2024-04-30 04:02:38 UTC,2024-05-01 04:20:37 UTC,research,CC-BY-NC,https://www.inaturalist.org/observations/212117020,https://inaturalist-open-data.s3.amazonaws.com/photos/374870461/medium.jpg,,"",Not sure if this or Sosippus californicus,1,0,false,3,"Cave Creek, AZ, US",33.82263,-111.987555,10,,,,10,,,false,,,Desert Grass Spider,Agelenopsis aperta,Desert Grass Spider,Arachnida,201680,,
214625625,6465664e-516e-43b6-9f43-53f5afb83d56,2024-05-09 10:34:15-07:00,2024-05-09,2024-05-09 17:34:15 UTC,Pacific Time (US & Canada),4149446,jase_oesterblad,Jase Oesterblad,2024-05-09 17:36:01 UTC,2024-09-20 10:10:38 UTC,research,,https://www.inaturalist.org/observations/214625625,https://static.inaturalist.org/photos/379378597/medium.jpg,,"","",3,1,false,3,"Sliger Rd, Mentone, CA, US",34.0711166667,-117.0925305,6,,,,6,,,false,,,Desert Grass Spider,Agelenopsis aperta,Desert Grass Spider,Arachnida,201680,,
215612760,81c553a1-47e4-4205-ad69-3bba573e7a3f,2024-05-13 17:25:44,2024-05-13,2024-05-14 00:25:44 UTC,Pacific Time (US & Canada),6657708,leo739,Leo Re,2024-05-14 00:27:08 UTC,2024-05-17 18:45:35 UTC,research,,https://www.inaturalist.org/observations/215612760,https://static.inaturalist.org/photos/381223296/medium.jpeg,,"",,1,0,false,2,"Banning, CA, USA",33.93154843,-116.88651463,7,,,,7,,,false,,,Desert Grass Spider,Agelenopsis aperta,Desert Grass Spider,Arachnida,201680,,
215959140,1914ed23-a7b5-4b01-bff2-7cc75ae69cad,2024-05-13 11:28:42-07:00,2024-05-13,2024-05-13 18:28:42 UTC,Pacific Time (US & Canada),7527973,mary_drake,Mary Drake,2024-05-15 18:27:22 UTC,2024-08-30 02:28:22 UTC,research,CC-BY-NC,https://www.inaturalist.org/observations/215959140,https://inaturalist-open-data.s3.amazonaws.com/photos/381875867/medium.jpg,,"","",1,0,false,3,"Shaw Lopez Rd, San Diego, CA, US",32.914024926,-117.1923701349,42,,,,42,,,false,,,Desert Grass Spider,Agelenopsis aperta,Desert Grass Spider,Arachnida,201680,,
219225746,ece9aa46-604b-46d0-a9c5-08682cb2443c,2024-05-29 16:38:16-07:00,2024-05-29,2024-05-29 23:38:16 UTC,Pacific Time (US & Canada),6919114,hdunahoo,Hailey Dunahoo,2024-05-30 00:15:34 UTC,2024-06-05 22:02:30 UTC,research,CC-BY-NC,https://www.inaturalist.org/observations/219225746,https://inaturalist-open-data.s3.amazonaws.com/photos/388010545/medium.jpg,,"","",1,0,false,3,"Santa Catalina Island, Avalon, CA, US",33.3518866667,-118.332145,3,,,,3,,,false,,,Desert Grass Spider,Agelenopsis aperta,Desert Grass Spider,Arachnida,201680,,
220613089,ee1f35dd-2e98-48a5-9853-5719dbb145a6,2024-06-04 19:06:03,2024-06-04,2024-06-05 02:06:03 UTC,Arizona,5382845,ecalvoal,Emiliano,2024-06-05 03:52:15 UTC,2024-06-05 12:34:03 UTC,research,CC-BY-NC,https://www.inaturalist.org/observations/220613089,https://inaturalist-open-data.s3.amazonaws.com/photos/390615267/medium.jpeg,,"",,1,0,false,2,"Tucson, AZ 85750, USA",32.3163203,-110.8169781997,,,,,,,,false,gps,gps,Desert Grass Spider,Agelenopsis aperta,Desert Grass Spider,Arachnida,201680,,
220833168,e1526b14-295f-4dd9-ad5d-5c8d183101d9,2024-06-05 15:43:12-07:00,2024-06-05,2024-06-05 22:43:12 UTC,Pacific Time (US & Canada),3227358,nathantay,,2024-06-06 06:33:20 UTC,2024-06-06 22:51:52 UTC,research,CC-BY-NC,https://www.inaturalist.org/observations/220833168,https://inaturalist-open-data.s3.amazonaws.com/photos/391027848/medium.jpg,,"","",1,0,false,3,"Santa Rosa Plateau Ecological Reserve, Temecula, CA, US",33.5104466667,-117.2611383333,,,,,,,,false,,,Desert Grass Spider,Agelenopsis aperta,Desert Grass Spider,Arachnida,201680,,
221125651,366fea57-4f04-4558-a42d-c9bdbb2e5653,2024/06/06 12:37 PM,2024-06-06,2024-06-06 16:37:00 UTC,Eastern Time (US & Canada),6315765,mikeymacro,Michael,2024-06-07 16:42:24 UTC,2025-05-19 13:08:09 UTC,research,CC-BY-NC,https://www.inaturalist.org/observations/221125651,https://inaturalist-open-data.s3.amazonaws.com/photos/391569457/medium.jpg,,"",,2,0,false,,"Delaware County, OH, USA",40.1517403582,-83.0360456009,552,,,,552,,,false,,,Utah Funnelweb Spider,Agelenopsis utahana,Utah Funnelweb Spider,Arachnida,153497,,
221158188,c0c281bd-92e8-46f3-8a17-8a7e3e5070fc,2024-06-07 10:51:59-07:00,2024-06-07,2024-06-07 17:51:59 UTC,Pacific Time (US & Canada),6056450,emmashelton,,2024-06-07 19:40:31 UTC,2024-11-23 18:55:40 UTC,research,CC-BY-NC,https://www.inaturalist.org/observations/221158188,https://inaturalist-open-data.s3.amazonaws.com/photos/391631377/medium.jpg,,"","",1,0,false,3,"Edgewood Park & Natural Preserve, Woodside, CA, US",37.4602166667,-122.2826616667,9,,,,9,,,false,,,Desert Grass Spider,Agelenopsis aperta,Desert Grass Spider,Arachnida,201680,,
222079719,3d3ee957-c3a9-4c92-8b62-a7aa0d1ff9b3,2024/06/09 5:36 PM,2024-06-09,2024-06-10 00:36:00 UTC,Pacific Time (US & Canada),7862315,osifer_dan,Dan Hayes,2024-06-11 18:16:29 UTC,2024-06-11 19:20:14 UTC,research,CC-BY-NC,https://www.inaturalist.org/observations/222079719,https://inaturalist-open-data.s3.amazonaws.com/photos/393347238/medium.jpeg,,"",,1,0,false,,"San Diego County, CA, USA",32.7523795766,-116.4523830679,8,,,,8,,,false,,,Desert Grass Spider,Agelenopsis aperta,Desert Grass Spider,Arachnida,201680,,
224806655,a6d7f218-13c3-4914-a953-d1364034a1be,2024-06-23 20:29:46-07:00,2024-06-23,2024-06-24 03:29:46 UTC,Pacific Time (US & Canada),7256354,ak131852,,2024-06-24 03:31:46 UTC,2024-06-24 04:24:12 UTC,research,CC-BY-NC,https://www.inaturalist.org/observations/224806655,https://inaturalist-open-data.s3.amazonaws.com/photos/398488025/medium.jpg,,"","",1,0,false,3,"Mount Eden, Saratoga, CA, US",37.2810383333,-122.0575195,1,,,,1,,,false,,,Desert Grass Spider,Agelenopsis aperta,Desert Grass Spider,Arachnida,201680,,
226077244,cfa4e0ad-3e9d-445a-b8d8-e88d7211e4e8,2024-06-25 10:47:15,2024-06-25,2024-06-25 15:47:15 UTC,Central Time (US & Canada),6528669,gdunham28,Gabrielle Dunham,2024-06-30 01:20:42 UTC,2024-09-12 20:16:37 UTC,research,CC-BY-NC,https://www.inaturalist.org/observations/226077244,https://inaturalist-open-data.s3.amazonaws.com/photos/400904902/medium.jpeg,,"",,1,0,false,2,"Midway, AL 36053, USA",32.06,-85.45,,,,,,,,false,gps,gps,Dark-legged Grass Spider,Agelenopsis naevia,Dark-legged Grass Spider,Arachnida,153491,,
227116207,280fa643-72cc-4582-b650-19d748d53156,2024-07-03 21:29:00-07:00,2024-07-03,2024-07-04 04:29:00 UTC,Pacific Time (US & Canada),1741810,hsug1747,,2024-07-04 16:05:39 UTC,2024-07-04 16:18:20 UTC,research,CC-BY-NC,https://www.inaturalist.org/observations/227116207,https://inaturalist-open-data.s3.amazonaws.com/photos/402867744/medium.jpg,,"",With beetle prey ,1,0,false,3,"Los Angeles County, US-CA, US",34.1847058397,-118.2891600055,,,,,28874,obscured,,true,,,Desert Grass Spider,Agelenopsis aperta,Desert Grass Spider,Arachnida,201680,,
227666562,abe376fa-1d45-4528-9abf-6149fd9f0977,2024/07/06 6:19 PM,2024-07-06,2024-07-06 23:19:00 UTC,Central Time (US & Canada),5356844,konijntje,MJ,2024-07-07 01:34:05 UTC,2024-08-30 00:45:13 UTC,research,CC-BY-NC,https://www.inaturalist.org/observations/227666562,https://inaturalist-open-data.s3.amazonaws.com/photos/403908581/medium.jpeg,,CCR,"",1,0,false,,"Weatherford, TX 76088, USA ",32.7478479233,-97.8779090568,33,,,,33,,,false,,"",Dark-legged Grass Spider,Agelenopsis naevia,Dark-legged Grass Spider,Arachnida,153491,,
227951405,155fd616-d4c0-42b1-85f2-4451bba7f00f,2024-07-07 21:30:02-07:00,2024-07-07,2024-07-08 04:30:02 UTC,Pacific Time (US & Canada),7602072,allymmartin1,,2024-07-08 05:24:07 UTC,2024-07-10 07:02:44 UTC,research,CC-BY-NC,https://www.inaturalist.org/observations/227951405,https://inaturalist-open-data.s3.amazonaws.com/photos/404456262/medium.jpg,,"","",1,0,false,3,"Cleveland National Forest, Julian, CA, US",33.0361028333,-116.6410133333,5,,,,5,,,false,,,Desert Grass Spider,Agelenopsis aperta,Desert Grass Spider,Arachnida,201680,,
228096897,bdbfb69f-f210-4bb8-9b4e-4caeb9113ced,2024-06-30 18:11:48-07:00,2024-06-30,2024-07-01 01:11:48 UTC,Pacific Time (US & Canada),6295696,olsh10,,2024-07-08 20:15:32 UTC,2025-04-06 02:04:28 UTC,research,CC-BY-NC,https://www.inaturalist.org/observations/228096897,https://inaturalist-open-data.s3.amazonaws.com/photos/404727162/medium.jpg,,"","",1,0,false,3,"Bluff Cove, Palos Verdes Estates, CA, US",33.7964166667,-118.4070883333,3,,,,3,,,false,,,Desert Grass Spider,Agelenopsis aperta,Desert Grass Spider,Arachnida,201680,,
229565282,97afefe0-9e1e-4895-9a1c-63f335eab2b4,2024-07-15 09:43:52,2024-07-15,2024-07-15 16:43:52 UTC,Pacific Time (US & Canada),5237649,elisabethsr,Elisabeth R.,2024-07-15 20:07:50 UTC,2024-07-16 04:15:47 UTC,research,,https://www.inaturalist.org/observations/229565282,https://static.inaturalist.org/photos/407504301/medium.jpeg,,"",,1,0,false,2,"San Diego, CA 92120, USA",32.8058960614,-117.0628355071,196,,,,196,,,false,gps,gps,Desert Grass Spider,Agelenopsis aperta,Desert Grass Spider,Arachnida,201680,,
230211285,1ee6554e-b616-4a61-9bc7-960b9114c7a3,2024-07-18 18:27:42,2024-07-18,2024-07-19 01:27:42 UTC,Pacific Time (US & Canada),8373551,zakeno,"",2024-07-19 01:29:05 UTC,2024-07-19 09:09:20 UTC,research,CC-BY-NC,https://www.inaturalist.org/observations/230211285,https://inaturalist-open-data.s3.amazonaws.com/photos/408736249/medium.jpeg,,"",,1,0,false,2,"Sylmar, Los Angeles, CA, USA",34.3253138889,-118.4795444444,,,,,,,,false,gps,gps,Desert Grass Spider,Agelenopsis aperta,Desert Grass Spider,Arachnida,201680,,
230405332,b98c6f2f-d13b-4b31-ae77-15ee451ee281,2024-07-19 09:10:26,2024-07-19,2024-07-19 16:10:26 UTC,Pacific Time (US & Canada),8376607,ciara7716,Ciara Schacht,2024-07-20 00:55:16 UTC,2024-08-22 17:27:56 UTC,research,"",https://www.inaturalist.org/observations/230405332,https://static.inaturalist.org/photos/409110067/medium.jpeg,,"",,1,0,false,2,"Santa Barbara County, US-CA, US",34.6435232689,-120.1901822818,,,,,28790,obscured,,true,,,Desert Grass Spider,Agelenopsis aperta,Desert Grass Spider,Arachnida,201680,,
230497619,93f72c9b-c5e9-4654-9299-65a75de0d9a0,2024-07-20 06:58:53-07:00,2024-07-20,2024-07-20 13:58:53 UTC,Pacific Time (US & Canada),79342,maryalicek,Mary Alice Kessler,2024-07-20 14:03:20 UTC,2024-07-22 23:12:47 UTC,research,,https://www.inaturalist.org/observations/230497619,https://static.inaturalist.org/photos/409280200/medium.jpeg,,"","",3,1,false,3,"Millar Ranch Rd, Spring Valley, CA, US",32.72213,-116.9281166667,3,,,,3,,,false,,,Desert Grass Spider,Agelenopsis aperta,Desert Grass Spider,Arachnida,201680,,
231207188,ae4b4313-4713-485d-b13e-03b92263da7b,2024-07-23 07:32:30,2024-07-23,2024-07-23 14:32:30 UTC,Pacific Time (US & Canada),5208557,diana1243,Diana Terreros,2024-07-23 14:32:50 UTC,2024-07-23 15:33:34 UTC,research,,https://www.inaturalist.org/observations/231207188,https://static.inaturalist.org/photos/410613522/medium.jpeg,,"",,1,0,false,2,"Mesa Verde, Costa Mesa, CA, USA",33.6611680997,-117.9392830997,,,,,,,,false,gps,gps,Desert Grass Spider,Agelenopsis aperta,Desert Grass Spider,Arachnida,201680,,
231496877,dbc72553-1c0f-4f10-ad0a-1d6ecbc95bce,2024/07/24 9:35 AM,2024-07-24,2024-07-24 16:35:00 UTC,Pacific Time (US & Canada),2993204,suelindner,Sue Lindner,2024-07-24 21:35:04 UTC,2024-11-23 18:55:28 UTC,research,CC-BY-NC,https://www.inaturalist.org/observations/231496877,https://inaturalist-open-data.s3.amazonaws.com/photos/411164612/medium.jpeg,,"",Nest,1,0,false,,"Edgewood Park and Natural Preserve, Redwood City, CA, USA",37.4678694444,-122.2846138889,4,,,,4,,,false,,,Desert Grass Spider,Agelenopsis aperta,Desert Grass Spider,Arachnida,201680,,
231902760,ec3feca5-b1f6-4584-beb4-67a11b62b68b,2024-07-26 14:02:09-07:00,2024-07-26,2024-07-26 21:02:09 UTC,Pacific Time (US & Canada),3199354,lherrell,Lynne Herrell,2024-07-26 21:05:34 UTC,2024-07-27 02:30:59 UTC,research,,https://www.inaturalist.org/observations/231902760,https://static.inaturalist.org/photos/411934076/medium.jpeg,,"","",1,0,false,3,"Oak Ridge Rd, Santa Barbara, CA, US",34.4376916667,-119.7974466667,4,,,,4,,,false,,,Desert Grass Spider,Agelenopsis aperta,Desert Grass Spider,Arachnida,201680,,
231964323,c9b76606-ed20-4d33-ac0f-b464860e3b9c,2024-07-26 21:18:50-07:00,2024-07-26,2024-07-27 04:18:50 UTC,Pacific Time (US & Canada),7602072,allymmartin1,,2024-07-27 04:30:47 UTC,2024-07-27 05:23:15 UTC,research,CC-BY-NC,https://www.inaturalist.org/observations/231964323,https://inaturalist-open-data.s3.amazonaws.com/photos/412054595/medium.jpeg,,"","",1,0,false,3,"Cleveland National Forest, Julian, CA, US",33.036125,-116.6407866667,3,,,,3,,,false,,,Desert Grass Spider,Agelenopsis aperta,Desert Grass Spider,Arachnida,201680,,
232616347,bf9a63a8-3a8e-4922-a0d6-07373d97c295,2024-07-29 18:19:11-07:00,2024-07-29,2024-07-30 01:19:11 UTC,Pacific Time (US & Canada),8108071,kat_marinelli,Kat Marinelli,2024-07-30 01:37:51 UTC,2024-08-12 18:10:46 UTC,research,,https://www.inaturalist.org/observations/232616347,https://static.inaturalist.org/photos/413289017/medium.jpeg,,"","",2,0,false,3,"Foxen Dr, Santa Barbara, CA, US",34.4482466667,-119.7410133333,3,,,,3,,,false,,,Desert Grass Spider,Agelenopsis aperta,Desert Grass Spider,Arachnida,201680,,
232754897,d322dd66-563c-4234-ae7f-5dc3c46574c6,2024-07-30 15:22:47,2024-07-30,2024-07-30 19:22:47 UTC,Eastern Time (US & Canada),438488,alisonnorthup,Alison Northup,2024-07-30 19:36:03 UTC,2024-07-31 01:38:49 UTC,research,CC0,https://www.inaturalist.org/observations/232754897,https://inaturalist-open-data.s3.amazonaws.com/photos/413552932/medium.jpeg,,"",,1,0,false,2,"Rural Hall, NC, USA",36.231861044,-80.3018721566,4,,,,4,,,false,gps,gps,Dark-legged Grass Spider,Agelenopsis naevia,Dark-legged Grass Spider,Arachnida,153491,,
232916345,63788117-fd29-4383-a56d-89a177fa964d,2024-07-31 08:50:51-07:00,2024-07-31,2024-07-31 15:50:51 UTC,Pacific Time (US & Canada),3589110,pmb_fishes,Parker Brannon,2024-07-31 15:51:37 UTC,2024-08-01 01:15:50 UTC,research,CC-BY-NC,https://www.inaturalist.org/observations/232916345,https://inaturalist-open-data.s3.amazonaws.com/photos/413865753/medium.jpeg,,"","",1,0,false,3,"SR-487, Baker, NV, US",39.0147445617,-114.1266530062,35,,,,35,,,false,,,Desert Grass Spider,Agelenopsis aperta,Desert Grass Spider,Arachnida,201680,,
233044068,2e9377d9-4202-429f-a331-33ff215bed84,2024-07-31 21:40:00-07:00,2024-07-31,2024-08-01 04:40:00 UTC,Pacific Time (US & Canada),1741810,hsug1747,,2024-08-01 06:59:59 UTC,2024-08-02 03:27:44 UTC,research,CC-BY-NC,https://www.inaturalist.org/observations/233044068,https://inaturalist-open-data.s3.amazonaws.com/photos/414114823/medium.jpeg,,"","",1,0,false,3,"Los Angeles County, US-CA, US",34.0132578706,-118.2399953882,,,,,28874,obscured,,true,,,Desert Grass Spider,Agelenopsis aperta,Desert Grass Spider,Arachnida,201680,,
233204752,470d251d-6ae8-44f2-aac2-f303d4b1daa6,2024-08-01 17:00:00-07:00,2024-08-01,2024-08-02 00:00:00 UTC,Pacific Time (US & Canada),1741810,hsug1747,,2024-08-02 01:49:22 UTC,2024-12-27 06:13:34 UTC,research,CC-BY-NC,https://www.inaturalist.org/observations/233204752,https://inaturalist-open-data.s3.amazonaws.com/photos/414421925/medium.jpeg,,"24na, CCTV lens, fisheye, pfohsug, wide angle macro, cctvWAMfavesฅ^•ﻌ•^ฅ, pcc24, f24^x^","",2,0,false,3,"Los Angeles County, US-CA, US",34.1488537295,-118.2223459531,,,,,28874,obscured,,true,,,Desert Grass Spider,Agelenopsis aperta,Desert Grass Spider,Arachnida,201680,,
233234549,02b23e79-fc44-4d6c-acfa-28bb14ab5801,2024-08-01 22:15:00-07:00,2024-08-01,2024-08-02 05:15:00 UTC,Pacific Time (US & Canada),1741810,hsug1747,,2024-08-02 06:52:24 UTC,2024-12-17 08:31:44 UTC,research,CC-BY-NC,https://www.inaturalist.org/observations/233234549,https://inaturalist-open-data.s3.amazonaws.com/photos/414480459/medium.jpeg,,"pfohsug, CCTV lens, fisheye, wide angle macro","",1,0,false,3,"Los Angeles County, US-CA, US",34.1086898012,-118.3812601577,,,,,28874,obscured,,true,,,Desert Grass Spider,Agelenopsis aperta,Desert Grass Spider,Arachnida,201680,,
233881773,4ef33ca5-a7b9-4253-a555-d617ef577d32,2024-08-04 22:12:35,2024-08-04,2024-08-05 05:12:35 UTC,Pacific Time (US & Canada),3975108,selvam,Selvam,2024-08-05 05:13:50 UTC,2024-08-05 05:36:26 UTC,research,,https://www.inaturalist.org/observations/233881773,https://static.inaturalist.org/photos/415704623/medium.jpeg,,"",,1,0,false,2,"Central Escondido, Escondido, CA, USA",33.113825,-117.0678555556,,,,,,,,false,gps,gps,Desert Grass Spider,Agelenopsis aperta,Desert Grass Spider,Arachnida,201680,,
234013422,5e7d05b0-f9a9-48f4-9fec-f07c8f88a1c6,2024/08/03,2024-08-03,,Central Time (US & Canada),211492,cheins1,"",2024-08-05 20:29:25 UTC,2024-11-04 03:19:29 UTC,research,,https://www.inaturalist.org/observations/234013422,https://static.inaturalist.org/photos/415954198/medium.jpeg,,"",,1,0,false,,"Big Stone County, MN, USA",45.4571026157,-96.7207122276,103,,,,103,,,false,,,Agelenopsis emertoni,Agelenopsis emertoni,,Arachnida,212718,,
234013424,f1a01e19-9963-4195-aaa1-7679e5b39234,2024/08/03,2024-08-03,,Central Time (US & Canada),211492,cheins1,"",2024-08-05 20:29:25 UTC,2024-11-04 03:14:37 UTC,research,,https://www.inaturalist.org/observations/234013424,https://static.inaturalist.org/photos/415954569/medium.jpeg,,"",,1,0,false,,"Big Stone County, MN, USA",45.456744626,-96.7210134931,129,,,,129,,,false,,,Potter's Grass Spider,Agelenopsis potteri,Potter's Grass Spider,Arachnida,212722,,
234055113,cd81ffc6-f286-4df2-a00a-41ec31661e9b,2024-08-05 17:32:36,2024-08-05,2024-08-06 00:32:36 UTC,Pacific Time (US & Canada),2142427,ark234,Ark,2024-08-06 00:35:01 UTC,2024-08-07 02:01:59 UTC,research,CC-BY-NC,https://www.inaturalist.org/observations/234055113,https://inaturalist-open-data.s3.amazonaws.com/photos/416033203/medium.jpeg,,"",,2,0,false,2,"Los Angeles County, US-CA, US",34.0223525115,-118.0123813326,,,,,28874,obscured,,true,gps,gps,Desert Grass Spider,Agelenopsis aperta,Desert Grass Spider,Arachnida,201680,,
234165401,e61ceb1a-e5b1-4a7a-92e8-f4efe30bba11,2024-08-02 13:54:11-07:00,2024-08-02,2024-08-02 20:54:11 UTC,Pacific Time (US & Canada),8390652,ginger_brit,,2024-08-06 15:57:25 UTC,2024-08-07 01:56:13 UTC,research,CC-BY-NC,https://www.inaturalist.org/observations/234165401,https://inaturalist-open-data.s3.amazonaws.com/photos/416241620/medium.jpeg,,"","",2,0,false,3,"Cleveland National Forest, Julian, CA, US",33.0390055,-116.6384416667,4,,,,4,,,false,,,Desert Grass Spider,Agelenopsis aperta,Desert Grass Spider,Arachnida,201680,,
234174300,4502381f-0c87-44e7-bf82-e779e42fe801,2024-08-06 09:48:27-07:00,2024-08-06,2024-08-06 16:48:27 UTC,Pacific Time (US & Canada),3380175,debogman,,2024-08-06 16:48:58 UTC,2024-08-09 17:03:29 UTC,research,CC-BY-NC,https://www.inaturalist.org/observations/234174300,https://inaturalist-open-data.s3.amazonaws.com/photos/416258824/medium.jpeg,,"","",1,0,false,3,"Caminito Mojado, San Diego, CA, US",32.9016216667,-117.0745,15,,,,15,,,false,,,Desert Grass Spider,Agelenopsis aperta,Desert Grass Spider,Arachnida,201680,,
234548616,7cdfbfa3-de28-4ca1-a41f-adebc11c3ed6,2024-08-08 10:22:00-07:00,2024-08-08,2024-08-08 17:22:00 UTC,Pacific Time (US & Canada),6422403,egallegos,Eli Gallegos,2024-08-08 17:23:08 UTC,2024-08-18 09:13:51 UTC,research,CC-BY-NC,https://www.inaturalist.org/observations/234548616,https://inaturalist-open-data.s3.amazonaws.com/photos/416985975/medium.jpeg,,"","",3,1,false,3,"Birch Aquarium, San Diego, CA, US",32.8654076716,-117.2507508365,8,,,,8,,,false,,,Desert Grass Spider,Agelenopsis aperta,Desert Grass Spider,Arachnida,201680,,
235267327,4848f003-ed31-48c0-9318-94425f6bf1f7,2024-08-10 12:12:19-07:00,2024-08-10,2024-08-10 19:12:19 UTC,Pacific Time (US & Canada),718774,andyfoundabug,Andy Harmsen,2024-08-12 03:33:25 UTC,2024-12-27 21:44:48 UTC,research,,https://www.inaturalist.org/observations/235267327,https://static.inaturalist.org/photos/418380690/medium.jpeg,,"","",1,0,false,3,"Battle Ground Lake State Park, Battle Ground, WA, US",45.8043583333,-122.49643,11,,,,11,,,false,,,Agelenopsis oregonensis,Agelenopsis oregonensis,,Arachnida,212721,,
235271624,2ff98761-7cd7-4dc7-91de-df8afdaf7834,2024-08-11 15:29:30-07:00,2024-08-11,2024-08-11 22:29:30 UTC,Pacific Time (US & Canada),6056450,emmashelton,,2024-08-12 04:13:32 UTC,2024-08-12 15:02:24 UTC,research,CC-BY-NC,https://www.inaturalist.org/observations/235271624,https://inaturalist-open-data.s3.amazonaws.com/photos/418390163/medium.jpeg,,"","",1,0,false,3,"Edgewood Park & Natural Preserve, Woodside, CA, US",37.4616916726,-122.281495,20,,,,20,,,false,,,Desert Grass Spider,Agelenopsis aperta,Desert Grass Spider,Arachnida,201680,,
235462814,b34c75a1-07f8-4d25-b414-6339d36a53fc,2024-08-12 20:50:45,2024-08-12,2024-08-13 00:50:45 UTC,Eastern Time (US & Canada),7160445,juniebug,June Damon,2024-08-13 02:43:20 UTC,2024-08-13 11:10:58 UTC,research,CC-BY-NC,https://www.inaturalist.org/observations/235462814,https://inaturalist-open-data.s3.amazonaws.com/photos/418762351/medium.jpeg,,"",,1,0,false,2,"Oxford County, US-ME, US",44.3174740038,-70.5411012065,9,,,,27348,obscured,,true,,,Potter's Grass Spider,Agelenopsis potteri,Potter's Grass Spider,Arachnida,212722,,
235486038,cb4b71a4-3fb3-441c-86ad-e127658c7dfb,2024-08-12 21:51:00-07:00,2024-08-12,2024-08-13 04:51:00 UTC,Pacific Time (US & Canada),1741810,hsug1747,,2024-08-13 06:59:25 UTC,2024-08-13 16:15:36 UTC,research,CC-BY-NC,https://www.inaturalist.org/observations/235486038,https://inaturalist-open-data.s3.amazonaws.com/photos/418808853/medium.jpeg,,"","",1,0,false,3,"Los Angeles County, US-CA, US",34.0569333629,-118.3546403868,,,,,28874,obscured,,true,,,Desert Grass Spider,Agelenopsis aperta,Desert Grass Spider,Arachnida,201680,,
236562369,70d4ed74-43f1-48f1-b5bc-0d0e5f03bf34,2024-08-17 19:56:52,2024-08-17,2024-08-17 23:56:52 UTC,Eastern Time (US & Canada),7160445,juniebug,June Damon,2024-08-18 18:27:56 UTC,2024-08-18 19:10:07 UTC,research,CC-BY-NC,https://www.inaturalist.org/observations/236562369,https://inaturalist-open-data.s3.amazonaws.com/photos/420870984/medium.jpeg,,"",,1,0,false,2,"Oxford County, US-ME, US",44.2468338991,-70.4574239171,9,,,,27348,obscured,,true,gps,gps,Potter's Grass Spider,Agelenopsis potteri,Potter's Grass Spider,Arachnida,212722,,
236641220,778d1950-2201-46a6-9f67-0d5dc6a7e9ea,2024-08-18 18:36:04-07:00,2024-08-18,2024-08-19 01:36:04 UTC,Pacific Time (US & Canada),3058741,toadcrawlquick,,2024-08-19 01:36:17 UTC,2024-09-20 11:28:30 UTC,research,CC-BY-NC,https://www.inaturalist.org/observations/236641220,https://inaturalist-open-data.s3.amazonaws.com/photos/421024901/medium.jpeg,,"","",1,0,false,3,"Bakton Way, Valley Center, CA, US",33.2626198652,-117.1058695392,3,,,,3,,,false,,,Desert Grass Spider,Agelenopsis aperta,Desert Grass Spider,Arachnida,201680,,
236641843,7d4de5d8-2889-473b-8f43-f79aa4c5443f,2024/08/18 4:40 PM,2024-08-18,2024-08-18 23:40:00 UTC,Pacific Time (US & Canada),147491,cjackson,cjackson,2024-08-19 01:40:35 UTC,2024-08-20 06:24:44 UTC,research,CC-BY-NC,https://www.inaturalist.org/observations/236641843,https://inaturalist-open-data.s3.amazonaws.com/photos/421026109/medium.jpg,,"",,1,0,false,,"San Carlos, San Diego, CA, USA",32.8201968518,-117.0556476403,31,,,,31,,,false,,,Desert Grass Spider,Agelenopsis aperta,Desert Grass Spider,Arachnida,201680,,
237161456,aca942c7-53c2-4515-80f6-3b778c3441b0,2024-08-21 10:46:06-07:00,2024-08-21,2024-08-21 17:46:06 UTC,Central Time (US & Canada),1207180,bellsofblue,,2024-08-21 19:59:18 UTC,2024-11-24 19:33:36 UTC,research,,https://www.inaturalist.org/observations/237161456,https://static.inaturalist.org/photos/422028764/medium.jpeg,,"",Found deceased,4,0,false,3,"Otter Tail County, US-MN, US",46.3760154908,-95.8694346926,37,,,,27031,obscured,,true,,,Potter's Grass Spider,Agelenopsis potteri,Potter's Grass Spider,Arachnida,212722,,
237177483,1a99679f-0c18-4fc5-bd39-83c268cd284b,2024-08-21 14:31:56,2024-08-21,2024-08-21 21:31:56 UTC,Pacific Time (US & Canada),8150945,gooly,,2024-08-21 21:35:43 UTC,2024-08-27 17:26:53 UTC,research,CC-BY-NC,https://www.inaturalist.org/observations/237177483,https://inaturalist-open-data.s3.amazonaws.com/photos/422059923/medium.jpeg,,"","My friend's web has grown and he's had a few successful meals. A fly is lurking around his home at the moment: I hope he gets to have a lovely dinner. His web is noticeably more funnel-shaped today. I think there's something underneath him, but I can't tell: I don't want to disturb him to pry further.",1,0,false,2,"Belfair, WA 98528, USA",47.4514542182,-122.8269459307,3398,,,,3398,,,false,,,Agelenopsis oregonensis,Agelenopsis oregonensis,,Arachnida,212721,,
237205748,313cbbd4-33da-42c2-a899-d8cd3ea453ab,2024-08-14 17:15:57,2024-08-14,2024-08-14 22:15:57 UTC,Central Time (US & Canada),7937762,z0mborg,,2024-08-22 00:56:10 UTC,2024-08-22 17:41:04 UTC,research,CC-BY-NC,https://www.inaturalist.org/observations/237205748,https://inaturalist-open-data.s3.amazonaws.com/photos/422115164/medium.jpeg,,"",,1,0,false,2,"Minnesota, US",45.1617437568,-93.3192170159,22,,,,27222,obscured,,true,gps,gps,Potter's Grass Spider,Agelenopsis potteri,Potter's Grass Spider,Arachnida,212722,,
238094916,25894f82-5d15-43bf-891e-b64782766a1a,2024/08/26 12:12 PM,2024-08-26,2024-08-26 16:12:00 UTC,Eastern Time (US & Canada),1059434,cbuelow45,chris buelow,2024-08-26 16:43:49 UTC,2024-08-26 17:07:22 UTC,research,CC-BY-NC,https://www.inaturalist.org/observations/238094916,https://inaturalist-open-data.s3.amazonaws.com/photos/423831878/medium.jpeg,,"",,1,0,false,,"Hardwick, MA, USA",42.3243411197,-72.2060463745,4,,,,4,,,false,,,Potter's Grass Spider,Agelenopsis potteri,Potter's Grass Spider,Arachnida,212722,,
238195419,0ad6b952-45dd-427b-b462-b616a6912583,2024/08/26 9:53 PM,2024-08-26,2024-08-27 02:53:00 UTC,Central Time (US & Canada),2173044,nip13,Ivan Nevirkovets,2024-08-27 04:50:36 UTC,2024-08-27 04:57:50 UTC,research,CC-BY-NC,https://www.inaturalist.org/observations/238195419,https://inaturalist-open-data.s3.amazonaws.com/photos/424031623/medium.jpg,,"",,1,0,false,,"Evanston, IL, USA",42.0499906055,-87.6864570379,7813,,,,7813,,,false,,,Potter's Grass Spider,Agelenopsis potteri,Potter's Grass Spider,Arachnida,212722,,
238355009,6b458ead-a907-421a-82e9-c8b235278088,2024-08-27 21:46:20-05:00,2024-08-27,2024-08-28 02:46:20 UTC,Central Time (US & Canada),4432022,auggie32,,2024-08-28 02:49:55 UTC,2024-08-28 03:51:01 UTC,research,CC-BY-NC,https://www.inaturalist.org/observations/238355009,https://inaturalist-open-data.s3.amazonaws.com/photos/424340677/medium.jpeg,,"","",1,0,false,3,"Ironwood Ave N, Grant, MN, US",45.1157916667,-92.9389583333,11,,,,11,,,false,,,Potter's Grass Spider,Agelenopsis potteri,Potter's Grass Spider,Arachnida,212722,,
238535208,b23ab0ac-9ab0-45b6-a314-e3828b203fe9,2024-08-28 17:52:00-07:00,2024-08-28,2024-08-29 00:52:00 UTC,Pacific Time (US & Canada),3280779,michenn,,2024-08-29 03:31:21 UTC,2024-08-30 04:06:19 UTC,research,CC-BY-NC,https://www.inaturalist.org/observations/238535208,https://inaturalist-open-data.s3.amazonaws.com/photos/424684963/medium.jpeg,,"","",2,0,false,3,"Skirball Cultural Center, Los Angeles, CA, US",34.1254333566,-118.4794715556,52,,,,52,,,false,,,Grass Spiders,Agelenopsis aperta,Desert Grass Spider,Arachnida,201680,,
238645630,25dc8056-d577-495b-9ffd-f68d6396d0dc,2024-08-28 17:37:04,2024-08-28,2024-08-28 21:37:04 UTC,Eastern Time (US & Canada),7246865,arkaen,,2024-08-29 19:10:06 UTC,2024-08-29 19:40:57 UTC,research,CC-BY-NC,https://www.inaturalist.org/observations/238645630,https://inaturalist-open-data.s3.amazonaws.com/photos/424896196/medium.jpeg,,"",,1,0,false,2,"Chester-Chester Depot, Chester, VT 05143, USA",43.2590335462,-72.5874420628,3,,,,3,,,false,gps,gps,Potter's Grass Spider,Agelenopsis potteri,Potter's Grass Spider,Arachnida,212722,,
238744150,574b5e7d-da55-46c5-b372-de2a13358464,2024-08-30 06:04:12,2024-08-30,2024-08-30 10:04:12 UTC,Eastern Time (US & Canada),7838751,rtedlock,R Tedlock,2024-08-30 10:05:47 UTC,2024-09-01 23:04:56 UTC,research,CC-BY,https://www.inaturalist.org/observations/238744150,https://inaturalist-open-data.s3.amazonaws.com/photos/425093219/medium.jpeg,,"",,1,0,false,2,"Erie County, US-NY, US",42.704974217,-78.7958874916,7,,,,27599,obscured,,true,,,Potter's Grass Spider,Agelenopsis potteri,Potter's Grass Spider,Arachnida,212722,,
238776511,938a6e70-fa03-42c9-8347-d9ff19a0ab31,2024-08-30 07:37:43-07:00,2024-08-30,2024-08-30 14:37:43 UTC,Pacific Time (US & Canada),721514,timdowns,,2024-08-30 14:38:31 UTC,2024-08-30 15:19:35 UTC,research,,https://www.inaturalist.org/observations/238776511,https://static.inaturalist.org/photos/425156074/medium.jpeg,,"","",1,0,false,3,"Manzanita Dr, San Diego, CA, US",32.7360116667,-117.1065666667,5,,,,5,,,false,,,Desert Grass Spider,Agelenopsis aperta,Desert Grass Spider,Arachnida,201680,,
238814985,6d8fdb64-54ea-4907-b7c1-1f17bde2431d,2024-08-30 14:01:38-04:00,2024-08-30,2024-08-30 18:01:38 UTC,Eastern Time (US & Canada),4390006,elijah__edwards,,2024-08-30 18:03:04 UTC,2024-08-31 16:14:11 UTC,research,CC-BY-NC,https://www.inaturalist.org/observations/238814985,https://inaturalist-open-data.s3.amazonaws.com/photos/425228285/medium.jpeg,,"","",1,0,false,3,"Camp Rd, Charlottesville, VA, US",37.9428214936,-78.5325546238,56,,,,56,,,false,,,Dark-legged Grass Spider,Agelenopsis naevia,Dark-legged Grass Spider,Arachnida,153491,,
239151817,6e4e7fe4-f8ed-478a-bd78-0809a225e9de,2024-08-31 19:28:32-04:00,2024-08-31,2024-08-31 23:28:32 UTC,Eastern Time (US & Canada),7976288,enderflash,Brooke,2024-09-01 11:28:14 UTC,2024-09-01 17:48:36 UTC,research,CC-BY-NC,https://www.inaturalist.org/observations/239151817,https://inaturalist-open-data.s3.amazonaws.com/photos/425884319/medium.jpeg,,"","",1,0,false,3,"Birch Ln, Lebanon, ME, US",43.4024,-70.925225,6,,,,6,,,false,,,Potter's Grass Spider,Agelenopsis potteri,Potter's Grass Spider,Arachnida,212722,,
239442318,0b38120d-64f1-4f47-a66e-fc050c5ec68c,2024-09-01 22:01:00-07:00,2024-09-01,2024-09-02 05:01:00 UTC,Pacific Time (US & Canada),1741810,hsug1747,,2024-09-02 18:08:46 UTC,2024-12-27 06:15:57 UTC,research,CC-BY-NC,https://www.inaturalist.org/observations/239442318,https://inaturalist-open-data.s3.amazonaws.com/photos/426450126/medium.jpeg,,"24na, pfohsug, f24^x^","",1,0,false,3,"Los Angeles County, US-CA, US",34.0655474924,-118.2940029038,,,,,28874,obscured,,true,,,Desert Grass Spider,Agelenopsis aperta,Desert Grass Spider,Arachnida,201680,,
239458399,9fb380e3-054b-4549-b03e-88c1a6e9e665,2024-06-09 20:25:59-07:00,2024-06-09,2024-06-10 03:25:59 UTC,Pacific Time (US & Canada),1817201,its4britt,,2024-09-02 19:20:51 UTC,2024-09-17 06:36:22 UTC,research,CC-BY-NC,https://www.inaturalist.org/observations/239458399,https://inaturalist-open-data.s3.amazonaws.com/photos/426479727/medium.jpeg,,"","",1,0,false,3,"Agua Dulce Canyon Rd, Agua Dulce, CA, US",34.5036799277,-118.3245390063,49,,,,49,,,false,,,Desert Grass Spider,Agelenopsis aperta,Desert Grass Spider,Arachnida,201680,,
239502127,a4fcf213-285b-4cd1-a706-c0a56c86427a,2024-09-02 13:20:11-07:00,2024-09-02,2024-09-02 20:20:11 UTC,Pacific Time (US & Canada),8142032,hollylawrence26,,2024-09-02 22:46:39 UTC,2024-09-04 03:37:29 UTC,research,CC-BY-NC,https://www.inaturalist.org/observations/239502127,https://inaturalist-open-data.s3.amazonaws.com/photos/426566469/medium.jpeg,,"","",2,0,false,3,"Glenshire Pl SW, Port Orchard, WA, US",47.4102367685,-122.6869040936,14,,,,14,,,false,,,Agelenopsis oregonensis,Agelenopsis oregonensis,,Arachnida,212721,,
239687027,c7672873-4fb0-4934-83f6-d621fa1f9aa2,2024-09-03 09:15:21-07:00,2024-09-03,2024-09-03 16:15:21 UTC,Pacific Time (US & Canada),3873073,jakegarcia,Jake Garcia (they/them),2024-09-03 21:27:54 UTC,2024-09-05 04:33:12 UTC,research,CC-BY-NC,https://www.inaturalist.org/observations/239687027,https://inaturalist-open-data.s3.amazonaws.com/photos/426922793/medium.jpeg,,"","",1,0,false,3,"La Vina Ln, Altadena, CA, US",34.207445,-118.1595388333,2000,,,,2000,,,false,,,Desert Grass Spider,Agelenopsis aperta,Desert Grass Spider,Arachnida,201680,,
239729465,9a3ff354-445a-45f7-a898-70e49b6b33b2,2024/09/02 10:13 AM,2024-09-02,2024-09-02 17:13:00 UTC,Pacific Time (US & Canada),2284685,robogenesis,Brodie Springer,2024-09-04 02:48:17 UTC,2024-09-07 19:35:29 UTC,research,CC-BY-NC,https://www.inaturalist.org/observations/239729465,https://inaturalist-open-data.s3.amazonaws.com/photos/426999315/medium.jpg,,6D,"",2,0,false,,"Clallam County, WA, USA",48.098755,-123.468221,1000,,,,1000,,,false,,,Agelenopsis oregonensis,Agelenopsis oregonensis,,Arachnida,212721,,
239782090,2875a3aa-9899-411f-b3d9-6b0a4458d668,2024-09-04 09:02:22,2024-09-04,2024-09-04 13:02:22 UTC,Eastern Time (US & Canada),7838751,rtedlock,R Tedlock,2024-09-04 13:04:34 UTC,2024-09-05 06:39:32 UTC,research,CC-BY,https://www.inaturalist.org/observations/239782090,https://inaturalist-open-data.s3.amazonaws.com/photos/427108868/medium.jpeg,,"",,1,0,false,2,"Erie County, US-NY, US",42.6876290018,-78.7119107336,6,,,,27599,obscured,,true,,,Potter's Grass Spider,Agelenopsis potteri,Potter's Grass Spider,Arachnida,212722,,
239973300,99ce6853-8b7d-490d-8807-6064cc380c5f,2024-09-02 10:23:54-04:00,2024-09-02,2024-09-02 14:23:54 UTC,Eastern Time (US & Canada),6504550,forest--dweller,Anna Vess,2024-09-05 15:07:30 UTC,2024-09-22 15:53:22 UTC,research,CC-BY-NC,https://www.inaturalist.org/observations/239973300,https://static.inaturalist.org/photos/427475430/medium.jpeg,,"","",1,0,false,3,"North Carolina, US",35.4264408488,-82.6388697058,16,,,,28677,obscured,,true,,,Dark-legged Grass Spider,Agelenopsis naevia,Dark-legged Grass Spider,Arachnida,153491,,
240238776,8af521f3-525b-4c1d-b844-4e625a9f3e4b,2024-09-06 18:01:19,2024-09-06,2024-09-07 01:01:19 UTC,Pacific Time (US & Canada),1911405,aaronmager,Lisa Mager,2024-09-07 01:05:12 UTC,2024-09-07 01:50:25 UTC,research,,https://www.inaturalist.org/observations/240238776,https://static.inaturalist.org/photos/427983440/medium.jpeg,,"",,1,0,false,2,"San Diego, CA 92122, USA",32.8474527997,-117.1950530997,,,,,,,,false,gps,gps,Desert Grass Spider,Agelenopsis aperta,Desert Grass Spider,Arachnida,201680,,
240536281,dc41d226-91a4-4f36-b03f-5c4e39e37939,2024/09/07 10:38 PM,2024-09-07,2024-09-08 02:38:00 UTC,Eastern Time (US & Canada),298979,akilee,Claire O'Neill,2024-09-08 13:41:10 UTC,2024-09-08 16:59:07 UTC,research,CC-BY-NC,https://www.inaturalist.org/observations/240536281,https://inaturalist-open-data.s3.amazonaws.com/photos/428545779/medium.jpg,,"",,1,0,false,,"Spring Hill, Somerville, MA, USA",42.3865384636,-71.1084196387,1,,,,1,,,false,,,Potter's Grass Spider,Agelenopsis potteri,Potter's Grass Spider,Arachnida,212722,,
240703834,7ad95c68-e0b2-4069-bbd2-96a0e55bfdc4,2024-09-08 09:35:50-07:00,2024-09-08,2024-09-08 16:35:50 UTC,Pacific Time (US & Canada),92426,cyndibrast,Cynthia Brast,2024-09-09 05:07:31 UTC,2024-09-09 23:01:01 UTC,research,CC-BY-NC-ND,https://www.inaturalist.org/observations/240703834,https://static.inaturalist.org/photos/428879316/medium.jpeg,,"","",1,0,false,3,"San Juan Island, Friday Harbor, WA, US",48.5713616667,-123.1000445,17,,,,17,,,false,,,Agelenopsis oregonensis,Agelenopsis oregonensis,,Arachnida,212721,,
241049800,1734fb56-cc22-4aca-90d0-2414419cb3f2,2018/08/30 9:15 AM,2018-08-30,2018-08-30 16:15:00 UTC,Pacific Time (US & Canada),8244242,scwraw,Stanley Wood,2024-09-11 03:08:43 UTC,2025-01-08 17:24:53 UTC,research,CC-BY-NC,https://www.inaturalist.org/observations/241049800,https://inaturalist-open-data.s3.amazonaws.com/photos/429549594/medium.jpg,,"",,2,0,false,,"Coeur d'Alene, ID, USA",47.7296705354,-116.8168885449,4,,,,4,,,false,,,Potter's Grass Spider,Agelenopsis potteri,Potter's Grass Spider,Arachnida,212722,,
241559765,ec198038-1eb7-4c0c-b72f-195ec95b5e53,2024-09-13 15:17:00-07:00,2024-09-13,2024-09-13 22:17:00 UTC,Pacific Time (US & Canada),1741810,hsug1747,,2024-09-14 00:13:00 UTC,2024-09-21 17:52:11 UTC,research,CC-BY-NC,https://www.inaturalist.org/observations/241559765,https://inaturalist-open-data.s3.amazonaws.com/photos/430531058/medium.jpeg,,pfohsug,"",1,0,false,3,"Los Angeles County, US-CA, US",34.1470861424,-118.3865771234,,,,,28874,obscured,,true,,,Desert Grass Spider,Agelenopsis aperta,Desert Grass Spider,Arachnida,201680,,
241790488,b4e0a22d-ad03-45ad-80c6-d2878548cb26,2024-09-14 21:57:21,2024-09-14,2024-09-15 02:57:21 UTC,Central Time (US & Canada),211492,cheins1,"",2024-09-15 03:07:23 UTC,2024-09-15 05:20:57 UTC,research,,https://www.inaturalist.org/observations/241790488,https://static.inaturalist.org/photos/430976313/medium.jpeg,,"",Note the shadow and the terminal curl on the embolus.,1,0,false,2,"Mankato, MN, USA",44.1656743384,-93.9851805568,312,,,,312,,,false,gps,gps,Potter's Grass Spider,Agelenopsis potteri,Potter's Grass Spider,Arachnida,212722,,
241904717,d3c35427-10f9-4cdf-b8e2-349d938460ba,2024-09-15 12:41:57,2024-09-15,2024-09-15 16:41:57 UTC,Eastern Time (US & Canada),7838751,rtedlock,R Tedlock,2024-09-15 16:43:19 UTC,2024-09-15 17:37:36 UTC,research,CC-BY,https://www.inaturalist.org/observations/241904717,https://inaturalist-open-data.s3.amazonaws.com/photos/431190962/medium.jpeg,,"",,1,0,false,2,"Erie County, US-NY, US",42.6644905668,-78.7254838207,7,,,,27599,obscured,,true,,,Potter's Grass Spider,Agelenopsis potteri,Potter's Grass Spider,Arachnida,212722,,
242168249,c6b1852c-71b4-4e59-85ba-49862ed9ec61,Mon Sep 16 2024 09:47:10 GMT -0700 (PDT),2024-09-16,2024-09-16 16:47:10 UTC,Pacific Time (US & Canada),5228724,riverbone,,2024-09-16 21:04:40 UTC,2025-04-08 04:17:34 UTC,research,CC-BY-NC,https://www.inaturalist.org/observations/242168249,https://inaturalist-open-data.s3.amazonaws.com/photos/431701594/medium.jpeg,,"",,1,0,false,333,Woodland,45.9277839661,-122.7383651733,76,,,,76,,,false,,,Agelenopsis oregonensis,Agelenopsis oregonensis,,Arachnida,212721,,
242529417,f678567c-2c74-49a5-a528-6bb60b27d00e,2024-09-18 10:53:12-07:00,2024-09-18,2024-09-18 17:53:12 UTC,Pacific Time (US & Canada),5334445,mauvaguava,,2024-09-18 17:58:09 UTC,2024-09-18 20:15:15 UTC,research,CC-BY-NC,https://www.inaturalist.org/observations/242529417,https://inaturalist-open-data.s3.amazonaws.com/photos/432365969/medium.jpeg,,"","Missing a leg. Approx 2"" big. ",2,0,false,3,"Shellback Way, San Diego, CA, US",32.8680727957,-117.2518371819,162,,,,162,,,false,,,Desert Grass Spider,Agelenopsis aperta,Desert Grass Spider,Arachnida,201680,,
242698032,c85ac7d2-5def-410f-a4db-ead50d5e33ad,2024/09/18 6:57 PM,2024-09-18,2024-09-18 22:57:00 UTC,Eastern Time (US & Canada),792463,shespider,"",2024-09-19 15:59:32 UTC,2024-11-20 07:51:00 UTC,research,CC-BY-NC,https://www.inaturalist.org/observations/242698032,https://inaturalist-open-data.s3.amazonaws.com/photos/432682985/medium.jpeg,,"",9mm,2,0,false,,"Gloucester County, NJ, USA",39.7103023,-75.1078332,27925,,,,27925,,,false,,,Agelenopsis emertoni,Agelenopsis emertoni,,Arachnida,212718,,
242788475,9df50f7b-aeb3-42cd-917e-99c9e0c1521b,2024-08-24 10:58:02-07:00,2024-08-24,2024-08-24 17:58:02 UTC,Pacific Time (US & Canada),1682214,arlopelegrin,ArloPelegrin,2024-09-20 01:55:02 UTC,2024-09-20 20:57:16 UTC,research,CC-BY-NC,https://www.inaturalist.org/observations/242788475,https://inaturalist-open-data.s3.amazonaws.com/photos/432858349/medium.jpeg,,"","",1,0,false,3,"Snoqualmie Ln SE, Monroe, WA, US",47.8537894625,-122.0068943808,78,,,,78,,,false,,,Potter's Grass Spider,Agelenopsis potteri,Potter's Grass Spider,Arachnida,212722,,
242809989,c9b0eff2-16a7-4b3d-bddb-9f6d2a48deb7,2024-09-18 07:28:46-07:00,2024-09-18,2024-09-18 14:28:46 UTC,Pacific Time (US & Canada),6958620,stephinsequim,"",2024-09-20 05:18:43 UTC,2024-09-21 06:31:28 UTC,research,CC-BY-NC,https://www.inaturalist.org/observations/242809989,https://inaturalist-open-data.s3.amazonaws.com/photos/432901366/medium.jpeg,,"","",2,0,false,3,"Orcas Island, Eastsound, WA, US",48.693411812,-122.9136886347,23,,,,23,,,false,,,Agelenopsis oregonensis,Agelenopsis oregonensis,,Arachnida,212721,,
242938915,9079e3a9-90db-4188-bf7b-90ddc6b9ae68,2024-09-20 12:26:35-07:00,2024-09-20,2024-09-20 19:26:35 UTC,Pacific Time (US & Canada),8407317,biadove12,,2024-09-20 19:52:38 UTC,2024-09-21 15:56:38 UTC,research,CC-BY-NC,https://www.inaturalist.org/observations/242938915,https://inaturalist-open-data.s3.amazonaws.com/photos/433135307/medium.jpeg,,"","",2,0,false,3,"La Cañada Flintridge, CA, US",34.200875,-118.2147,4,,,,4,,,false,,,Desert Grass Spider,Agelenopsis aperta,Desert Grass Spider,Arachnida,201680,,
242962923,8a247a56-ade9-4df1-9788-53ca64ec59f1,2024-09-20 13:08:12,2024-09-20,2024-09-20 20:08:12 UTC,Pacific Time (US & Canada),501632,julezjewelz,Julia,2024-09-20 22:13:00 UTC,2024-09-21 15:52:59 UTC,research,CC-BY-NC,https://www.inaturalist.org/observations/242962923,https://inaturalist-open-data.s3.amazonaws.com/photos/433181922/medium.jpeg,,"",,1,0,false,2,"Newhall, Santa Clarita, CA, USA",34.373375,-118.5227,,,,,,,,false,gps,gps,Desert Grass Spider,Agelenopsis aperta,Desert Grass Spider,Arachnida,201680,,
244056566,ea34d431-cc9f-441c-886d-f37ce365c334,2024-09-25 19:29:37,2024-09-25,2024-09-25 23:29:37 UTC,Eastern Time (US & Canada),1135407,sorzecho,Scott Orzechowski,2024-09-25 23:38:30 UTC,2024-09-25 23:45:11 UTC,research,,https://www.inaturalist.org/observations/244056566,https://static.inaturalist.org/photos/435288058/medium.jpeg,,"",,1,0,false,2,"Somersworth, NH, USA",43.2647861111,-70.8781666667,,,,,,,,false,gps,gps,Potter's Grass Spider,Agelenopsis potteri,Potter's Grass Spider,Arachnida,212722,,
246349448,644f60e7-ae9a-402f-8591-5f77d60e560d,2024-10-08 13:51:17,2024-10-08,2024-10-08 17:51:17 UTC,Eastern Time (US & Canada),1828183,momonoymaam,Valerie Bourdeau,2024-10-08 17:52:41 UTC,2024-10-08 19:26:38 UTC,research,CC0,https://www.inaturalist.org/observations/246349448,https://inaturalist-open-data.s3.amazonaws.com/photos/439772214/medium.jpeg,,"",,1,0,false,2,"Wellfleet, MA 02667, USA",41.8817999183,-69.9928909913,18,,,,18,,,false,gps,gps,Potter's Grass Spider,Agelenopsis potteri,Potter's Grass Spider,Arachnida,212722,,
247847707,2960f5fd-83b2-4d89-859f-4ce0840de607,2023-08-09 15:35:10,2023-08-09,2023-08-09 22:35:10 UTC,Pacific Time (US & Canada),7209378,mitch71217,Mitch Ruibal,2024-10-18 01:19:56 UTC,2024-10-18 13:56:49 UTC,research,,https://www.inaturalist.org/observations/247847707,https://static.inaturalist.org/photos/442740880/medium.jpeg,,"",,1,0,false,2,"San Diego, CA 92122, USA",32.8600669667,-117.1925126484,6,,,,6,,,false,,,Desert Grass Spider,Agelenopsis aperta,Desert Grass Spider,Arachnida,201680,,
249910643,bc49c848-f78e-44c2-b472-0b19467ccb3b,2024-10-31 10:24:09-07:00,2024-10-31,2024-10-31 17:24:09 UTC,Pacific Time (US & Canada),8503859,herrerab211,,2024-10-31 17:57:00 UTC,2025-04-21 02:29:48 UTC,research,CC-BY-NC,https://www.inaturalist.org/observations/249910643,https://inaturalist-open-data.s3.amazonaws.com/photos/446833766/medium.jpeg,,"","",1,0,false,3,"Fort Ord Dunes State Park, Marina, CA, US",36.670595,-121.8167583333,4,,,,4,,,false,,,Desert Grass Spider,Agelenopsis aperta,Desert Grass Spider,Arachnida,201680,,
251610617,83dc2bf4-a7b1-47eb-98df-6606d98f926e,2024/11/13 2:12 PM,2024-11-13,2024-11-13 22:12:00 UTC,Pacific Time (US & Canada),3421715,allmand,,2024-11-14 00:03:13 UTC,2024-11-14 10:20:57 UTC,research,CC-BY-NC,https://www.inaturalist.org/observations/251610617,https://inaturalist-open-data.s3.amazonaws.com/photos/450235914/medium.jpg,,"",I have no confidence in this ID. Found on the outside wall of my house.,2,0,false,,Kelso,46.1142573841,-122.8326366156,4,,,,4,,,false,,,Agelenopsis oregonensis,Agelenopsis oregonensis,,Arachnida,212721,,
253123879,140fd98e-1b46-4c70-b34a-a6e14c0cb345,2024-10-13 16:44:14-07:00,2024-10-13,2024-10-13 23:44:14 UTC,Pacific Time (US & Canada),7969807,jtarnay,Jacqueline T,2024-11-26 02:56:39 UTC,2025-04-13 02:51:22 UTC,research,,https://www.inaturalist.org/observations/253123879,https://static.inaturalist.org/photos/453176471/medium.jpeg,,"","",1,0,false,3,"N Fairview Ave, Goleta, CA, US",34.464825,-119.8298333333,24,,,,24,,,false,,,Desert Grass Spider,Agelenopsis aperta,Desert Grass Spider,Arachnida,201680,,
254652279,80244508-ddea-4bdf-938b-02ba4cc588f9,2023-07-06 23:40:47-07:00,2023-07-06,2023-07-07 06:40:47 UTC,Pacific Time (US & Canada),4210630,bugboyjax,Wild Brody,2024-12-09 20:18:37 UTC,2024-12-12 22:41:12 UTC,research,CC-BY-NC,https://www.inaturalist.org/observations/254652279,https://inaturalist-open-data.s3.amazonaws.com/photos/456173692/medium.jpg,,"","",1,0,false,3,"Lake Isabella, CA, US",35.6195314403,-118.5230602377,19300,,,,19300,,,false,,,Desert Grass Spider,Agelenopsis aperta,Desert Grass Spider,Arachnida,201680,,
256012864,7f0a6f1b-4622-432d-9258-23d5354d82fa,2024/08/15 4:49 PM,2024-08-15,2024-08-15 20:49:00 UTC,Eastern Time (US & Canada),6315096,huttonia,Matthew Lindsey,2024-12-23 19:54:13 UTC,2025-01-03 07:25:40 UTC,research,CC-BY,https://www.inaturalist.org/observations/256012864,https://inaturalist-open-data.s3.amazonaws.com/photos/458904216/medium.jpg,,"focusstack, Portrait","Stacked images: 157, 157, 33, 64, 49, 29, 25.
Compare palp images to those on [BugGuide](https://bugguide.net/node/view/244810/bgimage).",1,0,false,,"Ohio, US",39.6103796359,-84.1061963477,19873,,,,28060,obscured,,true,,,Pennsylvania Grass Spider,Agelenopsis pennsylvanica,Pennsylvania Grass Spider,Arachnida,143215,,
261458973,e55312ea-9dfa-4137-b461-0d5e27d6bdbd,2022-08-10 21:47:43-07:00,2022-08-10,2022-08-11 04:47:43 UTC,Pacific Time (US & Canada),3847294,madszn95,Cory Butterfield,2025-02-12 17:30:47 UTC,2025-04-15 10:03:47 UTC,research,CC-BY,https://www.inaturalist.org/observations/261458973,https://inaturalist-open-data.s3.amazonaws.com/photos/469726101/medium.jpg,,"","",1,0,false,3,"Whitestone Dr, Riverside, CA, US",33.9385216667,-117.354325,9,,,,9,,,false,,,Desert Grass Spider,Agelenopsis aperta,Desert Grass Spider,Arachnida,201680,,
261805302,5dd7582c-1422-414e-9238-c465b0043a08,2017/09/02,2017-09-02,,Central Time (US & Canada),8954282,sonoran_midnight,Zack Saavedra,2025-02-16 04:10:12 UTC,2025-05-04 00:01:36 UTC,research,CC-BY-NC,https://www.inaturalist.org/observations/261805302,https://inaturalist-open-data.s3.amazonaws.com/photos/470413858/medium.jpg,,"","Collected by pitfall trap in shinnery oak (Quercus havardii) habitat at Yoakum Dunes Wildlife Management Area between 2 and 10 September 2017.

Photographed on 2 February 2018.

https://bugguide.net/node/view/1489064",1,0,false,,"Cochran County, TX, USA",33.401767,-102.714183,5,,,,5,,,false,,,Agelenopsis longistyla,Agelenopsis longistyla,,Arachnida,777339,,
261807865,755adf36-5ca8-4b2a-84a3-5447264b7e81,2018/09/01,2018-09-01,,Central Time (US & Canada),8954282,sonoran_midnight,Zack Saavedra,2025-02-16 04:46:20 UTC,2025-05-03 23:57:48 UTC,research,CC-BY-NC,https://www.inaturalist.org/observations/261807865,https://inaturalist-open-data.s3.amazonaws.com/photos/470423354/medium.jpg,,"","Collected by pitfall trap in shinnery oak (Quercus havardii) habitat at Yoakum Dunes Wildlife Management Area between 1 and 8 September 2018.

Photographed on 11 November 2019.

https://bugguide.net/node/view/1751248",2,0,false,,"Cochran County, US-TX, US",33.3998,-102.7138,5,,,,5,,,false,,,Agelenopsis spatula,Agelenopsis spatula,,Arachnida,243552,,
268586758,6ce45514-4ea7-4171-a7ef-d33b2e80edb1,2024/07/14 5:19 PM,2024-07-14,2024-07-14 21:19:00 UTC,Eastern Time (US & Canada),273672,megraptor,Meghan Pierce,2025-04-04 18:04:19 UTC,2025-04-08 15:38:15 UTC,research,CC-BY-NC,https://www.inaturalist.org/observations/268586758,https://inaturalist-open-data.s3.amazonaws.com/photos/482798186/medium.jpeg,,"",,1,0,false,,"Lawrence County, PA, USA",40.9313110923,-80.2390332931,376,,,,376,,,false,,,Utah Funnelweb Spider,Agelenopsis utahana,Utah Funnelweb Spider,Arachnida,153497,,
