record_type|state_code|station_id|travel_dir|travel_lane|year_record|f_system|num_lanes|sample_type_volume|num_lanes_volume|method_volume|sample_type_class|num_lanes_class|method_class|algorithm_volume|num_classes|sample_type_truck|num_lanes_truck|method_truck|calibration|data_retrieval|type_sensor_1|type_sensor_2|primary_purpose|lrs_id|lrs_point|latitude|longitude|shrp_id|prev_station_id|year_established|year_discontinued|county_code|is_sample|sample_id|nhs|posted_route_signing|posted_signed_route|con_route_signing|con_signed_route|station_location
S|26|071369|5|1|22|3R|2|T|2|3|N|0|0| |15|N|0|0| |2|L|L|P|000001189907| 42974|46892726| 88477185|    |154SPD|99|00|013|Y|0000Multiple|Y|2|00000041|2|00000002|US-41 BARAGA N-S BD. TOTAL                        
S|26|137169|7|1|22|1R|2|T|2|3|H|2|3|K|15|T|2|5|T|2|Q|L|P|000001296506| 22868|42282893| 84872587|    |017WIM|61|00|025|Y|003_1_25_005|Y|1|00000094|1|00000001|I-94 MARSHALL E-W BD. VOL.                        
S|26|172109|5|1|22|2R|1|T|2|3| |0|0| |13| |0|0| |1|Z|L|P|000001466401| 27277|46507522| 84361009|    |Bridge|70|00|017|N|000000000000|N|1|00000075|1|00000001|I-75 INTERNATIONAL BRIDGE N-S BD. VOL.            
S|26|183249|5|2|22|2R|3|T|3|3|N|0|0| |15|N|0|0| |2|L|L|P|000001040803|  3609|43858293| 84776857|    |033SPD|85|00|035|Y|0000Multiple|Y|2|00000127|2|00000127|US-10 US-127 CLARE NORTH-SOUTH TOTAL VOL          
S|26|195049|7|1|22|1U|2|T|2|3|N|0|0| |15|N|0|0| |2|L|L|P|000000369105|  2260|42798420| 84641694|    |073SPD|88|00|037|N|000000000000|Y|1|00000069|1|00000001|I-69 DEWITT EAST-WEST TOTAL VOLUME                
S|26|195319|7|1|22|1R|2|N|2|3|N|2|3|K|15|N|2|5|T|2|Q|L|P|000000208901|  1184|42820736| 84815421|    |072WIM|14|00|037|Y|008_1_67_001|Y|1|00000096|1|00000001|I-96 800 FT E OF JONES RD EB & WB TOTAL           
S|26|099669|7|2|22|3U|2|T|2|3|N|0|0| |15|N|0|0| |2|L|L|P|000000768706|  1223|43597570| 83899168|    |014CNT|79|00|017|Y|019_1_17_031|Y|3|00000025|3|00000003|M-25(VET. BRIDGE) BAY CITY E.-W. TOTAL VOLUME     
S|26|239090|7|2|22|1U|4|T|4|3|N|0|0| |15|N|0|0| |2|L|L|P|000000567905|  4500|42704773| 84669704|    |170SPD|02|00|045|Y|006_1_45_031|Y|1|00000096|1|00000069|I-96 MT. HOPE EB & WB TOTAL                       
S|26|117189|1|2|22|1R|3|T|3|3|N|3|3|G|15|T|2|5|T|2|Q|L|P|000001360804|   920|41769077| 86737941|    |023WIM|62|00|021|Y|004_1_21_057|Y|1|00000094|1|00000001|I-94 NEW BUFFALO N-S BD. VOL.                     
S|26|256449|7|1|22|1U|2|T|2|3|H|2|3|K|15|T|2|5|T|2|Q|L|P|000001494005|  7492|42967257| 83781988|    |074WIM|89|00|049|N|000000000000|Y|1|00000069|1|00000001|I-69 SWARTZ CREEK EAST-WEST TOTAL VOLUME          
S|26|117189|1|3|22|1R|3|T|3|3|N|3|3|G|15|T|0|5|T|2|Q|L|P|000001360804|   920|41769077| 86737941|    |023WIM|62|00|021|Y|004_1_21_057|Y|1|00000094|1|00000001|I-94 NEW BUFFALO N-S BD. VOL.                     
S|26|283039|3|1|22|3R|1|T|1|3|N|0|0| |15|N|0|0| |2|L|L|P|000000994307|  2836|44772761| 85443170|    |127SPD|98|00|055|N|000000000000|Y|3|00000072|3|00000003|M-72 ACME EB-WB                                   
S|26|183029|4|1|22|3R|1|T|1|3|N|1|3|K|15|N|0|0| |2|P|L|P|000001042308|  5546|43926405| 85011945|    |060WIM|73|00|035|N|000000000000|Y|3|00000115|3|00000003|M-115 FARWELL NW-SE BD. VOL.                      
S|26|339040|7|2|22|3U|2|T|3|3|N|0|0| |15|N|0|0| |2|L|L|P|000000341208|   360|42741076| 84595819|    |159SPD|00|00|065|N|000000000000|Y|3|00000043|3|00000003|M-43 E. OF WAVERLY EB & WB TOTALS                 
S|26|099629|3|2|22|3U|2|T|2|3|N|0|0| |15|N|0|0| |2|L|L|P|000001887810|    31|43603072| 83897071|    |015CNT|93|00|017|N|000000000000|Y|7|00000000|7|00000007|LIBERTY BRIDGE BAY CITY E-W BD. TOTAL VOLUME      
S|26|195319|3|2|22|1R|2|N|2|3|N|2|3|K|15|N|2|5|T|2|Q|L|P|000000208901|  1184|42820736| 84815421|    |072WIM|14|00|037|Y|008_1_67_001|Y|1|00000096|1|00000001|I-96 800 FT E OF JONES RD EB & WB TOTAL           
S|26|387049|5|1|22|3U|1|T|1|3|H|1|3|K|15|T|1|5|T|2|Q|L|P|000000899004|  6894|42173382| 84364643|    |057WIM|12|00|075|Y|002_1_75_047|Y|2|00000127|2|00000002|US-127 CLARK LAKE NB&SB TOTAL, 1700 S. OF HART RD 
S|26|117189|5|3|22|1R|3|T|3|3|N|3|3|G|15|T|0|5|T|2|Q|L|P|000001360804|   920|41769077| 86737941|    |023WIM|62|00|021|Y|004_1_21_057|Y|1|00000094|1|00000001|I-94 NEW BUFFALO N-S BD. VOL.                     
S|26|212229|1|2|22|3R|2|T|2|3|H|2|3|K|15|T|2|5|T|2|Q|L|P|000001349006| 30702|45912371| 86992369|    |155WIM|99|00|041|N|000000000000|Y|2|00000002|2|00000041|US-2US-41 RAPID RIVER N-S BD TOTAL 1 MI. S. OF    
S|26|064249|6|2|22|3R|2|T|2|3|H|2|3|G|15|N|0|0| |2|P|L|P|000001066603|  5628|44034122| 83883332|    |167WIM|01|00|011|N|000000000000|Y|2|00000023|2|00000002|US-23 OMER NE-SW TOTAL VOLUME                     
S|26|117189|5|2|22|1R|3|T|3|3|N|3|3|G|15|T|0|5|T|2|Q|L|P|000001360804|   920|41769077| 86737941|    |023WIM|62|00|021|Y|004_1_21_057|Y|1|00000094|1|00000001|I-94 NEW BUFFALO N-S BD. VOL.                     
S|26|064249|2|2|22|3R|2|T|2|3|H|2|3|G|15|N|0|0| |2|P|L|P|000001066603|  5628|44034122| 83883332|    |167WIM|01|00|011|N|000000000000|Y|2|00000023|2|00000002|US-23 OMER NE-SW TOTAL VOLUME                     
S|26|099629|7|1|22|3U|2|T|2|3|N|0|0| |15|N|0|0| |2|L|L|P|000001887810|    31|43603072| 83897071|    |015CNT|93|00|017|N|000000000000|Y|7|00000000|7|00000007|LIBERTY BRIDGE BAY CITY E-W BD. TOTAL VOLUME      
S|26|037319|5|2|22|1R|2|T|2|3|H|2|3|K|15|T|0|5|T|2|Q|L|P|000000784007|  1273|42437088| 86247634|    |004WIM|08|00|005|Y|0000Multiple|Y|1|00000196|1|00000001|I-196 SOUTH HAVEN LN TOTALS 1 MILE N. OF EXIT 22  
S|26|022209|3|1|22|3R|1|T|1|3|H|1|3|D|15|N|0|0| |2|L|L|P|000001138809|  2107|46492906| 87072705|    |088SPD|89|00|003|Y|0000Multiple|Y|3|00000028|3|00000003|M-28 DEERTON EAST-WEST BOUND TOTAL VOLUME         
S|26|096479|7|1|22|2R|2|T|2|3|H|2|3|K|15|N|0|0| |2|P|L|P|000000769407|  7132|43596478| 84035083|    |119WIM|95|00|017|Y|0000Multiple|Y|2|00000010|2|00000002|US-10 BAY CITY E.-W. BD. Total Volume             
S|26|037319|1|2|22|1R|2|T|2|3|H|2|3|K|15|T|2|5|T|2|Q|L|P|000000784007|  1273|42437088| 86247634|    |004WIM|08|00|005|Y|0000Multiple|Y|1|00000196|1|00000001|I-196 SOUTH HAVEN LN TOTALS 1 MILE N. OF EXIT 22  
S|26|044029|1|1|22|3U|1|T|1|3|N|0|0| |15|N|0|0| |2|L|L|P|000001024309| 11078|45009256| 83464468|    |062SPD|42|00|007|Y|0000Multiple|Y|2|00000023|2|00000002|US-23 ALPENA N-S BD. VOL                          
S|26|022209|7|1|22|3R|1|T|1|3|H|1|3|D|15|N|0|0| |2|L|L|P|000001138809|  2107|46492906| 87072705|    |088SPD|89|00|003|Y|0000Multiple|Y|3|00000028|3|00000003|M-28 DEERTON EAST-WEST BOUND TOTAL VOLUME         
S|26|037319|1|1|22|1R|2|T|2|3|H|2|3|K|15|T|2|5|T|2|Q|L|P|000000784007|  1273|42437088| 86247634|    |004WIM|08|00|005|Y|0000Multiple|Y|1|00000196|1|00000001|I-196 SOUTH HAVEN LN TOTALS 1 MILE N. OF EXIT 22  
S|26|099629|3|1|22|3U|2|T|2|3|N|0|0| |15|N|0|0| |2|L|L|P|000001887810|    31|43603072| 83897071|    |015CNT|93|00|017|N|000000000000|Y|7|00000000|7|00000007|LIBERTY BRIDGE BAY CITY E-W BD. TOTAL VOLUME      
S|26|037319|5|1|22|1R|2|T|2|3|H|2|3|K|15|T|0|5|T|2|Q|L|P|000000784007|  1273|42437088| 86247634|    |004WIM|08|00|005|Y|0000Multiple|Y|1|00000196|1|00000001|I-196 SOUTH HAVEN LN TOTALS 1 MILE N. OF EXIT 22  
S|26|064249|6|1|22|3R|2|T|2|3|H|2|3|G|15|N|0|0| |2|P|L|P|000001066603|  5628|44034122| 83883332|    |167WIM|01|00|011|N|000000000000|Y|2|00000023|2|00000002|US-23 OMER NE-SW TOTAL VOLUME                     
S|26|117139|1|1|22|2R|2|T|2|3|H|2|3|G|15|N|0|0| |2|P|L|P|000001773603|  1000|41773518| 86323907|    |016WIM|09|00|021|Y|0000Multiple|Y|2|00000031|2|00000002|US-31 NILES 1 MILE N. OF INDIANA N&S TOTAL        
S|26|096479|7|2|22|2R|2|T|2|3|H|2|3|K|15|N|0|0| |2|P|L|P|000000769407|  7132|43596478| 84035083|    |119WIM|95|00|017|Y|0000Multiple|Y|2|00000010|2|00000002|US-10 BAY CITY E.-W. BD. Total Volume             
S|26|099669|3|1|22|3U|2|T|2|3|N|0|0| |15|N|0|0| |2|L|L|P|000000768706|  1223|43597570| 83899168|    |014CNT|79|00|017|Y|019_1_17_031|Y|3|00000025|3|00000003|M-25(VET. BRIDGE) BAY CITY E.-W. TOTAL VOLUME     
S|26|172189|7|1|22|3R|1|T|1|3|N|0|0| |15|N|0|0| |2|L|L|P|000001464803| 26315|46374313| 84713554|    |087SPD|73|00|033|Y|0000Multiple|Y|3|00000028|3|00000003|M-28 RACO CORNERS EAST-WEST TOTAL VOLUME          
S|26|238869|5|1|22|1R|2|T|2|3|N|2|3|K|15|T|2|5|T|2|Q|L|P|000000566401| 11060|42534278| 84820753|    |042WIM|10|00|045|Y|006_1_45_015|Y|1|00000069|1|00000001|I-69 NB&SB TOTAL CHARLOTTE 3MI. S. OF KALAMO HWY. 
S|26|397109|5|2|22|3R|2|T|2|3|H|2|3|G|13|T|0|0|0|2|P|L|P|000000238202| 13410|42073670| 85636652|0000|036WIM|59|00|077|N|000000000000|Y|2|00000131|0|00000000|US-131 SCHOOLCRAFT LN-2 S. BD.                    
S|26|044029|5|1|22|3U|1|T|1|3|N|0|0| |15|N|0|0| |2|L|L|P|000001024309| 11078|45009256| 83464468|    |062SPD|42|00|007|Y|0000Multiple|Y|2|00000023|2|00000002|US-23 ALPENA N-S BD. VOL                          
S|26|099629|7|2|22|3U|2|T|2|3|N|0|0| |15|N|0|0| |2|L|L|P|000001887810|    31|43603072| 83897071|    |015CNT|93|00|017|N|000000000000|Y|7|00000000|7|00000007|LIBERTY BRIDGE BAY CITY E-W BD. TOTAL VOLUME      
S|26|183249|1|2|22|2R|3|T|3|3|N|0|0| |15|N|0|0| |2|L|L|P|000001040803|  3609|43858293| 84776857|    |033SPD|85|00|035|Y|0000Multiple|Y|2|00000127|2|00000127|US-10 US-127 CLARE NORTH-SOUTH TOTAL VOL          
S|26|172109|1|1|22|2R|1|T|2|3| |0|0| |13| |0|0| |1|Z|L|P|000001466310| 27270|46507522| 84361009|    |Bridge|70|00|017|N|000000000000|N|1|00000075|1|00000001|I-75 INTERNATIONAL BRIDGE N-S BD. VOL.            
S|26|117139|5|2|22|2R|2|T|2|3|H|2|3|G|15|N|0|0| |2|P|L|P|000001773603|  1000|41773518| 86323907|    |016WIM|09|00|021|Y|0000Multiple|Y|2|00000031|2|00000002|US-31 NILES 1 MILE N. OF INDIANA N&S TOTAL        
S|26|256119|1|2|22|1R|4|T|4|3|H|4|3|K|15|B|2|5|T|2|Q|L|P|000001497804| 26998|43208603| 83768874|    |012WIM|10|00|049|Y|005_1_49_020|Y|1|00000075|2|00000023|I-75 US-23 BIRCH RUN NB&SB TOTAL N. OF LAKE RD. O 
S|26|256269|7|2|22|1U|2|T|2|3|N|0|0| |15|N|0|0| |2|L|L|P|000001497903| 16281|43096367| 83756064|    |029CNT|75|00|049|Y|005_1_49_005|Y|1|00000475|1|00000001|I-475 MT. MORRIS EAST-WEST BOUND TOTAL VOLUME     
S|26|403079|7|1|22|3R|1|T|1|3|N|0|0| |15|N|0|0| |2|L|L|P|000001097603|  7025|44713463| 85048108|    |123SPD|98|00|079|N|000000000000|Y|3|00000072|3|00000003|M-72 KALKASKA E.BD.-W.BD.                         
S|26|096429|1|2|22|1R|2|T|2|3|H|2|3|K|15|T|2|5|T|2|Q|L|P|000000765901|  9218|43645933| 83981905|    |075WIM|89|00|017|Y|019_1_17_011|Y|1|00000075|2|00000023|I-75 KAWKAWLIN NORTH-SOUTH TOTAL VOLUME           
S|26|195319|7|2|22|1R|2|N|2|3|N|2|3|K|15|N|2|5|T|2|Q|L|P|000000208901|  1184|42820736| 84815421|    |072WIM|14|00|037|Y|008_1_67_001|Y|1|00000096|1|00000001|I-96 800 FT E OF JONES RD EB & WB TOTAL           
S|26|071369|1|1|22|3R|2|T|2|3|N|0|0| |15|N|0|0| |2|L|L|P|000001189907| 42974|46892726| 88477185|    |154SPD|99|00|013|Y|0000Multiple|Y|2|00000041|2|00000002|US-41 BARAGA N-S BD. TOTAL                        
S|26|221199|5|1|22|3R|1|T|1|3|H|1|3|K|15|T|1|5|T|2|Q|L|P|000001551804| 11992|46029142| 88060026|    |051WIM|09|00|043|Y|014_1_43_001|Y|3|00000095|3|00000003|M-95 SAGOLA N&S TOTAL 1.67 MILES N. OF THE S. LEG 
S|26|071369|5|2|22|3R|2|T|2|3|N|0|0| |15|N|0|0| |2|L|L|P|000001189907| 42974|46892726| 88477185|    |154SPD|99|00|013|Y|0000Multiple|Y|2|00000041|2|00000002|US-41 BARAGA N-S BD. TOTAL                        
S|26|064249|2|1|22|3R|2|T|2|3|H|2|3|G|15|N|0|0| |2|P|L|P|000001066603|  5628|44034122| 83883332|    |167WIM|01|00|011|N|000000000000|Y|2|00000023|2|00000002|US-23 OMER NE-SW TOTAL VOLUME                     
S|26|099669|3|2|22|3U|2|T|2|3|N|0|0| |15|N|0|0| |2|L|L|P|000000768706|  1223|43597570| 83899168|    |014CNT|79|00|017|Y|019_1_17_031|Y|3|00000025|3|00000003|M-25(VET. BRIDGE) BAY CITY E.-W. TOTAL VOLUME     
S|26|096479|3|2|22|2R|2|T|2|3|H|2|3|K|15|N|0|0| |2|P|L|P|000000769407|  7132|43596478| 84035083|    |119WIM|95|00|017|Y|0000Multiple|Y|2|00000010|2|00000002|US-10 BAY CITY E.-W. BD. Total Volume             
S|26|099669|7|1|22|3U|2|T|2|3|N|0|0| |15|N|0|0| |2|L|L|P|000000768706|  1223|43597570| 83899168|    |014CNT|79|00|017|Y|019_1_17_031|Y|3|00000025|3|00000003|M-25(VET. BRIDGE) BAY CITY E.-W. TOTAL VOLUME     
S|26|137069|7|1|22|4R|1|T|1|3|H|1|3|G|15|N|0|0| |2|P|L|P|000001295308| 17569|42146498| 84831773|    |053WIM|42|00|025|N|000000000000|N|3|00000060|3|00000003|M-60 HOMER  E-W BD. VOL.                          
S|26|211459|3|1|22|3R|1|T|1|3|H|1|3|K|15|T|1|5|T|2|Q|L|P|000001351805|  5386|45729805| 87222112|    |093WIM|06|00|041|N|000000000000|Y|2|00000002|2|00000041|US-2 US-41 BARK RIVER 2 mi. E. OF M-69            
S|26|096429|5|2|22|1R|2|T|2|3|H|2|3|K|15|T|2|5|T|2|Q|L|P|000000765901|  9218|43645933| 83981905|    |075WIM|89|00|017|Y|019_1_17_011|Y|1|00000075|2|00000023|I-75 KAWKAWLIN NORTH-SOUTH TOTAL VOLUME           
S|26|139529|3|1|22|3U|2|T|2|3|N|0|0| |15|N|0|0| |2|L|L|P|000001298108|  5166|42319805| 85209545|    |097SPD|79|00|025|N|000000000000|Y|4|00000094|4|00000004|BL-94(DICKMAN) BATTLE CREEK E-W TOT VOL E OF 20TH 
S|26|221199|1|1|22|3R|1|T|1|3|H|1|3|K|15|T|1|5|T|2|Q|L|P|000001551804| 11992|46029142| 88060026|    |051WIM|09|00|043|Y|014_1_43_001|Y|3|00000095|3|00000003|M-95 SAGOLA N&S TOTAL 1.67 MILES N. OF THE S. LEG 
S|26|139529|7|1|22|3U|2|T|2|3|N|0|0| |15|N|0|0| |2|L|L|P|000001298108|  5166|42319805| 85209545|    |097SPD|79|00|025|N|000000000000|Y|4|00000094|4|00000004|BL-94(DICKMAN) BATTLE CREEK E-W TOT VOL E OF 20TH 
S|26|256269|3|1|22|1U|2|T|2|3|N|0|0| |15|N|0|0| |2|L|L|P|000001497903| 16281|43096367| 83756064|    |029CNT|75|00|049|Y|005_1_49_005|Y|1|00000475|1|00000001|I-475 MT. MORRIS EAST-WEST BOUND TOTAL VOLUME     
S|26|256449|7|2|22|1U|2|T|2|3|H|2|3|K|15|T|2|5|T|2|Q|L|P|000001494005|  7492|42967257| 83781988|    |074WIM|89|00|049|N|000000000000|Y|1|00000069|1|00000001|I-69 SWARTZ CREEK EAST-WEST TOTAL VOLUME          
S|26|137159|3|1|22|1R|2|T|2|3|H|2|3|K|15|T|2|5|T|2|Q|L|P|000001296506| 14836|42297387| 85023477|    |149WIM|98|00|025|Y|0000Multiple|Y|1|00000094|1|00000001|I-94 BATTLE CREEK E.BD.-W.BD.                     
S|26|415069|5|2|22|2U|3|T|3|3|N|0|0| |15|N|0|0| |2|L|L|P|000000410203|  7355|42873231| 85681156|    |077SPD|89|00|081|Y|009_1_81_038|Y|2|00000131|2|00000002|US-131 WYOMING @ 50TH ST. NB-SB TOTAL             
S|26|239090|3|2|22|1U|3|T|3|3|N|0|0| |15|N|0|0| |2|L|L|P|000000567905|  4500|42704773| 84669704|    |170SPD|02|00|045|Y|006_1_45_031|Y|1|00000096|1|00000069|I-96 MT. HOPE EB & WB TOTAL                       
S|26|183249|5|3|22|2R|3|T|3|3|N|0|0| |15|N|0|0| |2|L|L|P|000001040803|  3609|43858293| 84776857|    |033SPD|85|00|035|Y|0000Multiple|Y|2|00000127|2|00000127|US-10 US-127 CLARE NORTH-SOUTH TOTAL VOL          
S|26|338029|1|1|22|2U|2|T|2|3|H|2|3|K|15|T|1|5|T|2|Q|L|P|000000354209|  8617|42545215| 84443267|    |020WIM|57|00|065|Y|006_1_65_015|Y|2|00000127|2|00000002|US-127 MASON N-S BD. VOL.                         
S|26|212229|5|1|22|3R|2|T|2|3|H|2|3|K|15|T|2|5|T|2|Q|L|P|000001349006| 30702|45912371| 86992369|    |155WIM|99|00|041|N|000000000000|Y|2|00000002|2|00000041|US-2US-41 RAPID RIVER N-S BD TOTAL 1 MI. S. OF    
S|26|239090|7|1|22|1U|4|T|4|3|N|0|0| |15|N|0|0| |2|L|L|P|000000567905|  4500|42704773| 84669704|    |170SPD|02|00|045|Y|006_1_45_031|Y|1|00000096|1|00000069|I-96 MT. HOPE EB & WB TOTAL                       
S|26|271009|3|2|22|3U|2|N|2|3|N|2|3|K|15|N|2|5|T|2|E|L|P|000001476001|    25|46465261| 90192055|    |025WIM|10|00|053|Y|015_1_53_010|Y|2|00000002|2|00000002|US-2 IRONWOOD EB & WB                             
S|26|127269|5|2|22|1R|2|T|2|3|H|2|3|K|15|T|2|5|T|2|Q|L|P|000000924307|  5258|41834656| 84998235|    |044WIM|85|00|023|Y|003_1_23_008|Y|1|00000069|1|00000001|I-69 COLDWATER NORTH-SOUTH TOTAL VOL.             
S|26|137159|3|2|22|1R|2|T|2|3|H|2|3|K|15|T|2|5|T|2|Q|L|P|000001296506| 14836|42297387| 85023477|    |149WIM|98|00|025|Y|0000Multiple|Y|1|00000094|1|00000001|I-94 BATTLE CREEK E.BD.-W.BD.                     
S|26|399369|7|2|22|1U|4|T|4|3|N|0|0| |15|N|0|0| |2|L|L|P|000000014903|  8419|42237698| 85606057|    |071CNT|95|00|077|Y|021_1_77_023|Y|1|00000094|1|00000001|I-94 KALAMAZOO E-W BD. VOL.                       
S|26|415229|7|1|22|1R|2|T|2|3|N|0|0| |15|N|0|0| |2|L|L|P|000000405406| 25375|42878378| 85410151|    |018SPD|61|00|081|Y|009_1_81_006|Y|1|00000096|1|00000001|I-96 GD. RAPIDS E-W BD. VOL.                      
S|26|239090|7|4|22|1U|4|T|4|3|N|0|0| |15|N|0|0| |2|L|L|P|000000567905|  4500|42704773| 84669704|    |170SPD|02|00|045|Y|006_1_45_031|Y|1|00000096|1|00000069|I-96 MT. HOPE EB & WB TOTAL                       
S|26|117189|5|1|22|1R|3|T|3|3|N|3|3|G|15|T|0|5|T|2|Q|L|P|000001360804|   920|41769077| 86737941|    |023WIM|62|00|021|Y|004_1_21_057|Y|1|00000094|1|00000001|I-94 NEW BUFFALO N-S BD. VOL.                     
S|26|339029|3|1|22|1U|3|T|3|3|N|0|0| |01|N|0|0| |2|L|L|P|000000355110|  3975|42725419| 84526331|    |006CNT|71|00|065|Y|006_1_65_051|Y|1|00000496|1|00000001|I-496 LANSING E-W BD. VOL. AT CLEMENS             
S|26|295169|7|1|22|4R|1|T|1|3|N|0|0| |15|N|0|0| |2|L|L|P|000000497406| 11446|43175894| 84610022|    |047SPD|59|00|057|N|000000000000|N|3|00000057|3|00000003|M-57 PERRINTON E-W BD. VOL.                       
S|26|256309|7|1|22|4R|1|T|1|3|H|1|3|G|15|N|0|5| |2|P|L|P|000001494503| 14385|43179097| 83645969|    |126WIM|95|00|049|Y|005_1_49_028|N|3|00000057|3|00000003|M-57 CLIO E-W BD.                                 
S|26|172189|3|1|22|3R|1|T|1|3|N|0|0| |15|N|0|0| |2|L|L|P|000001464803| 26315|46374313| 84713554|    |087SPD|73|00|033|Y|0000Multiple|Y|3|00000028|3|00000003|M-28 RACO CORNERS EAST-WEST TOTAL VOLUME          
S|26|137159|7|2|22|1R|2|T|2|3|H|2|3|K|15|T|2|5|T|2|Q|L|P|000001296506| 14836|42297387| 85023477|    |149WIM|98|00|025|Y|0000Multiple|Y|1|00000094|1|00000001|I-94 BATTLE CREEK E.BD.-W.BD.                     
S|26|071369|1|2|22|3R|2|T|2|3|N|0|0| |15|N|0|0| |2|L|L|P|000001189907| 42974|46892726| 88477185|    |154SPD|99|00|013|Y|0000Multiple|Y|2|00000041|2|00000002|US-41 BARAGA N-S BD. TOTAL                        
S|26|127269|1|2|22|1R|2|T|2|3|H|2|3|K|15|T|2|5|T|2|Q|L|P|000000924307|  5258|41834656| 84998235|    |044WIM|85|00|023|Y|003_1_23_008|Y|1|00000069|1|00000001|I-69 COLDWATER NORTH-SOUTH TOTAL VOL.             
S|26|339029|3|3|22|1U|3|T|3|3|N|0|0| |01|N|0|0| |2|L|L|P|000000355110|  3975|42725419| 84526331|    |006CNT|71|00|065|Y|006_1_65_051|Y|1|00000496|1|00000001|I-496 LANSING E-W BD. VOL. AT CLEMENS             
S|26|338029|5|2|22|2U|2|T|2|3|H|2|3|K|15|T|0|5|T|2|Q|L|P|000000354209|  8617|42545215| 84443267|    |020WIM|57|00|065|Y|006_1_65_015|Y|2|00000127|2|00000002|US-127 MASON N-S BD. VOL.                         
S|26|256349|5|2|22|1U|3|T|3|3|H|3|3|G|15|N|0|0| |2|P|L|P|000001497804| 15311|43041057| 83753456|    |144WIM|00|00|049|N|000000000000|Y|1|00000075|2|00000023|I-75 FLINT NB-SB TOTAL 0.1 mi. S of Pasadena Rd   
S|26|211459|7|1|22|3R|1|T|1|3|H|1|3|K|15|T|1|5|T|2|Q|L|P|000001351805|  5386|45729805| 87222112|    |093WIM|06|00|041|N|000000000000|Y|2|00000002|2|00000041|US-2 US-41 BARK RIVER 2 mi. E. OF M-69            
S|26|137169|3|2|22|1R|2|T|2|3|H|2|3|K|15|T|2|5|T|2|Q|L|P|000001296506| 22868|42282893| 84872587|    |017WIM|61|00|025|Y|003_1_25_005|Y|1|00000094|1|00000001|I-94 MARSHALL E-W BD. VOL.                        
S|26|096429|1|1|22|1R|2|T|2|3|H|2|3|K|15|T|2|5|T|2|Q|L|P|000000765901|  9218|43645933| 83981905|    |075WIM|89|00|017|Y|019_1_17_011|Y|1|00000075|2|00000023|I-75 KAWKAWLIN NORTH-SOUTH TOTAL VOLUME           
S|26|172109|1|2|22|2R|1|T|2|3| |0|0| |13| |0|0| |1|Z|L|P|000001466310| 27270|46507522| 84361009|    |Bridge|70|00|017|N|000000000000|N|1|00000075|1|00000001|I-75 INTERNATIONAL BRIDGE N-S BD. VOL.            
S|26|238869|1|2|22|1R|2|T|2|3|N|2|3|K|15|T|2|5|T|2|Q|L|P|000000566401| 11060|42534278| 84820753|    |042WIM|10|00|045|Y|006_1_45_015|Y|1|00000069|1|00000001|I-69 NB&SB TOTAL CHARLOTTE 3MI. S. OF KALAMO HWY. 
S|26|212229|5|2|22|3R|2|T|2|3|H|2|3|K|15|T|2|5|T|2|Q|L|P|000001349006| 30702|45912371| 86992369|    |155WIM|99|00|041|N|000000000000|Y|2|00000002|2|00000041|US-2US-41 RAPID RIVER N-S BD TOTAL 1 MI. S. OF    
S|26|127269|1|1|22|1R|2|T|2|3|H|2|3|K|15|T|2|5|T|2|Q|L|P|000000924307|  5258|41834656| 84998235|    |044WIM|85|00|023|Y|003_1_23_008|Y|1|00000069|1|00000001|I-69 COLDWATER NORTH-SOUTH TOTAL VOL.             
S|26|339040|3|1|22|3U|3|T|3|3|N|0|0| |15|N|0|0| |2|L|L|P|000000341208|   360|42741076| 84595819|    |159SPD|00|00|065|N|000000000000|Y|3|00000043|3|00000003|M-43 E. OF WAVERLY EB & WB TOTALS                 
S|26|415229|3|1|22|1R|2|T|2|3|N|0|0| |15|N|0|0| |2|L|L|P|000000405406| 25375|42878378| 85410151|    |018SPD|61|00|081|Y|009_1_81_006|Y|1|00000096|1|00000001|I-96 GD. RAPIDS E-W BD. VOL.                      
S|26|339029|7|2|22|1U|3|T|3|3|N|0|0| |01|N|0|0| |2|L|L|P|000000355110|  3975|42725419| 84526331|    |006CNT|71|00|065|Y|006_1_65_051|Y|1|00000496|1|00000001|I-496 LANSING E-W BD. VOL. AT CLEMENS             
S|26|195019|1|2|22|2U|2|T|2|3|H|2|3|K|15|B|2|5|T|2|Q|L|P|000003190000|  7443|43024300| 84544072|0100|317SHR|05|00|037|Y|006_1_37_004|Y|2|00000127|2|00000002|US-127 ST.JOHNS NB & SB TOTAL 500 N. OF SCOTT R   
S|26|096429|5|1|22|1R|2|T|2|3|H|2|3|K|15|T|2|5|T|2|Q|L|P|000000765901|  9218|43645933| 83981905|    |075WIM|89|00|017|Y|019_1_17_011|Y|1|00000075|2|00000023|I-75 KAWKAWLIN NORTH-SOUTH TOTAL VOLUME           
S|26|238869|5|2|22|1R|2|T|2|3|N|2|3|K|15|T|0|5|T|2|Q|L|P|000000566401| 11060|42534278| 84820753|    |042WIM|10|00|045|Y|006_1_45_015|Y|1|00000069|1|00000001|I-69 NB&SB TOTAL CHARLOTTE 3MI. S. OF KALAMO HWY. 
S|26|397440|1|1|22|3U|3|T|3|3| |0|0| |13| |0|0| |2|L|L|P|000000010208|  3167|42250849| 85589659|    |160CNT|00|00|039|Y|435380020600|Y|3|00000331|3|00000003|M-331 WESTNEDGE 1/2 MI N OF KILGORE NB & SB TOTAL 
S|26|127269|5|1|22|1R|2|T|2|3|H|2|3|K|15|T|2|5|T|2|Q|L|P|000000924307|  5258|41834656| 84998235|    |044WIM|85|00|023|Y|003_1_23_008|Y|1|00000069|1|00000001|I-69 COLDWATER NORTH-SOUTH TOTAL VOL.             
S|26|387029|7|1|22|1R|2|T|2|3|H|2|3|K|15|T|2|5|T|2|Q|L|P|000000897107| 22538|42284688| 84283280|    |054WIM|85|00|075|N|000000000000|Y|1|00000094|1|00000001|I-94 GRASS LAKE TOTAL VOLUME AT THE TRUCK SCALES  
S|26|256119|5|3|22|1R|4|T|4|3|H|4|3|K|15|B|0|5|T|2|Q|L|P|000001497804| 26998|43208603| 83768874|    |012WIM|10|00|049|Y|005_1_49_020|Y|1|00000075|2|00000023|I-75 US-23 BIRCH RUN NB&SB TOTAL N. OF LAKE RD. O 
S|26|239090|3|3|22|1U|3|T|3|3|N|0|0| |15|N|0|0| |2|L|L|P|000000567905|  4500|42704773| 84669704|    |170SPD|02|00|045|Y|006_1_45_031|Y|1|00000096|1|00000069|I-96 MT. HOPE EB & WB TOTAL                       
S|26|419729|3|4|22|1U|4|T|4|3|N|0|0| |15|N|0|0| |2|L|L|P|000000406305| 11395|42973418| 85647182|    |005SPD|85|00|081|Y|009_1_81_089|Y|1|00000196|1|00000001|I-196 GRAND RAPIDS E-W BD. TOTAL EAST OF COLLEGE  
S|26|283129|1|1|22|3U|1|T|1|3|N|0|0| |15|N|0|0| |2|L|L|P|000000992703|  6756|44653009| 85656163|    |045SPD|78|00|055|N|000000000000|Y|3|00000037|3|00000003|M-37 TRAVERSE CITY N-S BD. VOL. S. OF US-31       
S|26|339020|5|1|22|3U|2|T|2|3|N|0|0| |15|N|0|0| |2|L|L|P|000000359606|  9998|42717026| 84546161|    |156SPD|00|00|065|N|000000000000|Y|4|00000096|4|00000004|BR-96 CEDAR @ CHRISTIANCY NB & SB TOTAL           
S|26|256269|3|2|22|1U|2|T|2|3|N|0|0| |15|N|0|0| |2|L|L|P|000001497903| 16281|43096367| 83756064|    |029CNT|75|00|049|Y|005_1_49_005|Y|1|00000475|1|00000001|I-475 MT. MORRIS EAST-WEST BOUND TOTAL VOLUME     
S|26|399369|3|3|22|1U|4|T|4|3|N|0|0| |15|N|0|0| |2|L|L|P|000000014903|  8419|42237698| 85606057|    |071CNT|95|00|077|Y|021_1_77_023|Y|1|00000094|1|00000001|I-94 KALAMAZOO E-W BD. VOL.                       
S|26|419769|5|3|22|2U|3|T|3|3|N|0|0| |15|N|0|0| |2|L|L|P|000000410203| 13221|42956173| 85671225|    |083CNT|88|00|081|Y|009_1_81_014|Y|2|00000131|2|00000002|US-131 GRAND RAPIDS N.&SB TOTAL @ WEALTHY         
S|26|492029|7|1|22|3R|1|T|1|3|H|1|3|K|15|T|1|5|T|2|Q|L|P|000001142108| 38881|46031423| 85091339|    |038WIM|55|00|097|N|000000000000|Y|2|00000002|2|00000002|US-2 BREVORT E-W VOL  1.8 MILE E. OF CUTRIVER BR  
S|26|399369|7|1|22|1U|4|T|4|3|N|0|0| |15|N|0|0| |2|L|L|P|000000014903|  8419|42237698| 85606057|    |071CNT|95|00|077|Y|021_1_77_023|Y|1|00000094|1|00000001|I-94 KALAMAZOO E-W BD. VOL.                       
S|26|339049|1|2|22|2U|3|T|3|3|N|0|0| |15|N|0|0| |2|L|L|P|000000349804|  1837|42747860| 84507585|    |081SPD|74|00|065|Y|006_1_65_034|Y|2|00000127|2|00000002|US-127 LANSING NORTH-SOUTH BD. N. OF GRAND RIVER  
S|26|212229|1|1|22|3R|2|T|2|3|H|2|3|K|15|T|2|5|T|2|Q|L|P|000001349006| 30702|45912371| 86992369|    |155WIM|99|00|041|N|000000000000|Y|2|00000002|2|00000041|US-2US-41 RAPID RIVER N-S BD TOTAL 1 MI. S. OF    
S|26|096479|3|1|22|2R|2|T|2|3|H|2|3|K|15|N|0|0| |2|P|L|P|000000769407|  7132|43596478| 84035083|    |119WIM|95|00|017|Y|0000Multiple|Y|2|00000010|2|00000002|US-10 BAY CITY E.-W. BD. Total Volume             
S|26|117139|1|2|22|2R|2|T|2|3|H|2|3|G|15|N|0|0| |2|P|L|P|000001773603|  1000|41773518| 86323907|    |016WIM|09|00|021|Y|0000Multiple|Y|2|00000031|2|00000002|US-31 NILES 1 MILE N. OF INDIANA N&S TOTAL        
S|26|256349|1|3|22|1U|3|T|3|3|H|3|3|G|15|N|0|0| |2|P|L|P|000001497804| 15311|43041057| 83753456|    |144WIM|00|00|049|N|000000000000|Y|1|00000075|2|00000023|I-75 FLINT NB-SB TOTAL 0.1 mi. S of Pasadena Rd   
S|26|399369|7|4|22|1U|4|T|4|3|N|0|0| |15|N|0|0| |2|L|L|P|000000014903|  8419|42237698| 85606057|    |071CNT|95|00|077|Y|021_1_77_023|Y|1|00000094|1|00000001|I-94 KALAMAZOO E-W BD. VOL.                       
S|26|639829|3|4|22|1U|4|T|4|3|N|0|0| |15|N|0|0| |2|L|L|P|000000710701| 12862|42481883| 83207561|    |105CNT|90|00|125|N|000000000000|Y|1|00000696|1|00000001|I-696 SOUTHFIELD E-W VOL. EAST OF SOUTHFIELD ROAD 
S|26|256349|5|3|22|1U|3|T|3|3|H|3|3|G|15|N|0|0| |2|P|L|P|000001497804| 15311|43041057| 83753456|    |144WIM|00|00|049|N|000000000000|Y|1|00000075|2|00000023|I-75 FLINT NB-SB TOTAL 0.1 mi. S of Pasadena Rd   
S|26|256119|5|2|22|1R|4|T|4|3|H|4|3|K|15|B|2|5|T|2|Q|L|P|000001497804| 26998|43208603| 83768874|    |012WIM|10|00|049|Y|005_1_49_020|Y|1|00000075|2|00000023|I-75 US-23 BIRCH RUN NB&SB TOTAL N. OF LAKE RD. O 
S|26|117189|1|1|22|1R|3|T|3|3|N|3|3|G|15|T|2|5|T|2|Q|L|P|000001360804|   920|41769077| 86737941|    |023WIM|62|00|021|Y|004_1_21_057|Y|1|00000094|1|00000001|I-94 NEW BUFFALO N-S BD. VOL.                     
S|26|339049|1|1|22|2U|3|T|3|3|N|0|0| |15|N|0|0| |2|L|L|P|000000349804|  1837|42747860| 84507585|    |081SPD|74|00|065|Y|006_1_65_034|Y|2|00000127|2|00000002|US-127 LANSING NORTH-SOUTH BD. N. OF GRAND RIVER  
S|26|137159|7|1|22|1R|2|T|2|3|H|2|3|K|15|T|2|5|T|2|Q|L|P|000001296506| 14836|42297387| 85023477|    |149WIM|98|00|025|Y|0000Multiple|Y|1|00000094|1|00000001|I-94 BATTLE CREEK E.BD.-W.BD.                     
S|26|339049|5|1|22|2U|3|T|3|3|N|0|0| |15|N|0|0| |2|L|L|P|000000349804|  1837|42747860| 84507585|    |081SPD|74|00|065|Y|006_1_65_034|Y|2|00000127|2|00000002|US-127 LANSING NORTH-SOUTH BD. N. OF GRAND RIVER  
S|26|172109|5|2|22|2R|1|T|2|3| |0|0| |13| |0|0| |1|Z|L|P|000001466401| 27277|46507522| 84361009|    |Bridge|70|00|017|N|000000000000|N|1|00000075|1|00000001|I-75 INTERNATIONAL BRIDGE N-S BD. VOL.            
S|26|339040|3|3|22|3U|3|T|3|3|N|0|0| |15|N|0|0| |2|L|L|P|000000341208|   360|42741076| 84595819|    |159SPD|00|00|065|N|000000000000|Y|3|00000043|3|00000003|M-43 E. OF WAVERLY EB & WB TOTALS                 
S|26|397109|1|2|22|3R|2|T|2|3|H|2|3|G|13|T|0|0|0|2|P|L|P|000000238202| 13410|42073571| 85636407|0000|036WIM|59|00|077|N|000000000000|Y|2|00000131|0|00000000|US-131 SCHOOLCRAFT LN-2 N. BD.                    
S|26|137069|3|1|22|4R|1|T|1|3|H|1|3|G|15|N|0|0| |2|P|L|P|000001295308| 17569|42146498| 84831773|    |053WIM|42|00|025|N|000000000000|N|3|00000060|3|00000003|M-60 HOMER  E-W BD. VOL.                          
S|26|345299|3|2|22|1R|2|T|2|3|H|2|3|K|13|B|2|5|T|2|Q|L|P|000000504910| 14979|42879066| 85056804|0000|312SHR|02|00|067|N|000000000000|Y|1|00000096|0|00000000|I-96 IONIA EB LN-2 EAST OF M-66                   
S|26|137169|7|2|22|1R|2|T|2|3|H|2|3|K|15|T|2|5|T|2|Q|L|P|000001296506| 22868|42282893| 84872587|    |017WIM|61|00|025|Y|003_1_25_005|Y|1|00000094|1|00000001|I-94 MARSHALL E-W BD. VOL.                        
S|26|195019|5|2|22|2U|2|T|2|3|H|2|3|K|15|B|2|5|T|2|Q|L|P|000003190000|  7443|43024300| 84544072|0100|317SHR|05|00|037|Y|006_1_37_004|Y|2|00000127|2|00000002|US-127 ST.JOHNS NB & SB TOTAL 500 N. OF SCOTT R   
S|26|339049|1|3|22|2U|3|T|3|3|N|0|0| |15|N|0|0| |2|L|L|P|000000349804|  1837|42747860| 84507585|    |081SPD|74|00|065|Y|006_1_65_034|Y|2|00000127|2|00000002|US-127 LANSING NORTH-SOUTH BD. N. OF GRAND RIVER  
S|26|419739|3|2|22|2U|2|T|2|3|N|0|0| |15|N|0|0| |2|L|L|P|000002000001| 13574|42854289| 85521204|    |169CNT|02|00|081|Y|009_1_81_001|Y|3|00000006|3|00000003|M-6 GD. RAPIDS EB&WB TOTAL@ALASKIA .7mi E. OF M-37
S|26|639979|1|3|22|1U|3|T|3|3|N|0|0| |15|N|0|0| |2|L|L|P|000000647308| 11180|42576804| 83158989|    |135SPD|97|00|125|N|000000000000|Y|1|00000075|1|00000001|I-75@WATTLES RD. N.BD. S.BD. TOTAL                
S|26|117139|5|1|22|2R|2|T|2|3|H|2|3|G|15|N|0|0| |2|P|L|P|000001773603|  1000|41773518| 86323907|    |016WIM|09|00|021|Y|0000Multiple|Y|2|00000031|2|00000002|US-31 NILES 1 MILE N. OF INDIANA N&S TOTAL        
S|26|137169|3|1|22|1R|2|T|2|3|H|2|3|K|15|T|2|5|T|2|Q|L|P|000001296506| 22868|42282893| 84872587|    |017WIM|61|00|025|Y|003_1_25_005|Y|1|00000094|1|00000001|I-94 MARSHALL E-W BD. VOL.                        
S|26|419759|7|1|22|2U|2|T|2|3|N|2|3|K|15|T|2|5|T|2|B|L|P|000002000001|  9130|42849836| 85605761|    |011WIM|04|00|081|Y|009_1_81_002|Y|3|00000006|3|00000003|M-6 EB-WB TOTAL 300 FT E. OF EASTERN AVE. CUTL    
S|26|195049|3|2|22|1U|2|T|2|3|N|0|0| |15|N|0|0| |2|L|L|P|000000369105|  2260|42798420| 84641694|    |073SPD|88|00|037|N|000000000000|Y|1|00000069|1|00000001|I-69 DEWITT EAST-WEST TOTAL VOLUME                
S|26|415229|3|2|22|1R|2|T|2|3|N|0|0| |15|N|0|0| |2|L|L|P|000000405406| 25375|42878378| 85410151|    |018SPD|61|00|081|Y|009_1_81_006|Y|1|00000096|1|00000001|I-96 GD. RAPIDS E-W BD. VOL.                      
S|26|345299|3|1|22|1R|2|T|2|3|H|2|3|K|13|B|2|5|T|2|Q|L|P|000000504910| 14979|42879066| 85056804|0000|312SHR|02|00|067|N|000000000000|Y|1|00000096|0|00000000|I-96 IONIA EB LN-1 EAST OF M-66                   
S|26|419749|7|2|22|3U|2|T|2|3|N|0|0| |15|N|0|0| |2|L|L|P|000000409008| 12110|42912880| 85659325|    |082CNT|78|00|081|Y|009_1_81_040|Y|3|00000011|3|00000003|M-11(28TH ST) GD. RAPIDS E-W BD. TOTAL VOLUME     
S|26|195049|3|1|22|1U|2|T|2|3|N|0|0| |15|N|0|0| |2|L|L|P|000000369105|  2260|42798420| 84641694|    |073SPD|88|00|037|N|000000000000|Y|1|00000069|1|00000001|I-69 DEWITT EAST-WEST TOTAL VOLUME                
S|26|399369|7|3|22|1U|4|T|4|3|N|0|0| |15|N|0|0| |2|L|L|P|000000014903|  8419|42237698| 85606057|    |071CNT|95|00|077|Y|021_1_77_023|Y|1|00000094|1|00000001|I-94 KALAMAZOO E-W BD. VOL.                       
S|26|415069|1|2|22|2U|3|T|3|3|N|0|0| |15|N|0|0| |2|L|L|P|000000410203|  7355|42873231| 85681156|    |077SPD|89|00|081|Y|009_1_81_038|Y|2|00000131|2|00000002|US-131 WYOMING @ 50TH ST. NB-SB TOTAL             
S|26|183029|8|1|22|3R|1|T|1|3|N|1|3|K|15|N|0|0| |2|P|L|P|000001042308|  5546|43926405| 85011945|    |060WIM|73|00|035|N|000000000000|Y|3|00000115|3|00000003|M-115 FARWELL NW-SE BD. VOL.                      
S|26|478219|7|3|22|1U|3|T|3|3|H|0|3|K|15|T|0|5|T|2|L|L|P|000000935105| 17917|42563845| 83834519|    |143WIM|98|00|093|Y|001_1_93_041|Y|1|00000096|1|00000001|I-96 HOWELL E.BD. - W.BD. W. OF DORR RD. OVERPASS 
S|26|403079|3|1|22|3R|1|T|1|3|N|0|0| |15|N|0|0| |2|L|L|P|000001097603|  7025|44713463| 85048108|    |123SPD|98|00|079|N|000000000000|Y|3|00000072|3|00000003|M-72 KALKASKA E.BD.-W.BD.                         
S|26|256309|3|1|22|4R|1|T|1|3|H|1|3|G|15|N|0|5| |2|P|L|P|000001494503| 14385|43179097| 83645969|    |126WIM|95|00|049|Y|005_1_49_028|N|3|00000057|3|00000003|M-57 CLIO E-W BD.                                 
S|26|399369|3|2|22|1U|4|T|4|3|N|0|0| |15|N|0|0| |2|L|L|P|000000014903|  8419|42237698| 85606057|    |071CNT|95|00|077|Y|021_1_77_023|Y|1|00000094|1|00000001|I-94 KALAMAZOO E-W BD. VOL.                       
S|26|419759|3|1|22|2U|2|T|2|3|N|2|3|K|15|T|2|5|T|2|B|L|P|000002000001|  9130|42849836| 85605761|    |011WIM|04|00|081|Y|009_1_81_002|Y|3|00000006|3|00000003|M-6 EB-WB TOTAL 300 FT E. OF EASTERN AVE. CUTL    
S|26|588169|5|1|22|3R|2|T|2|3|N|0|0| |15|N|0|0| |2|L|L|P|000004300001|  8249|41838091| 83483239|    |013SPD|52|00|115|Y|0000Multiple|Y|2|00000024|2|00000002|US-24 ERIE N-S BD. VOL. N. OF LAKEWOOD RD.        
S|26|673089|1|1|22|4R|1|T|1|3| |0|0| |13| |0|0| |2|L|L|P|000001289310|  5632|43895188| 85147649|    |166SPD|72|00|067|Y|167031036010|Y|3|00000066|3|00000003|M-66 SEARS N-S BOUND TOTAL VOLUME SOUTH OF US-10  
S|26|256349|5|1|22|1U|3|T|3|3|H|3|3|G|15|N|0|0| |2|P|L|P|000001497804| 15311|43041057| 83753456|    |144WIM|00|00|049|N|000000000000|Y|1|00000075|2|00000023|I-75 FLINT NB-SB TOTAL 0.1 mi. S of Pasadena Rd   
S|26|256119|5|1|22|1R|4|T|4|3|H|4|3|K|15|B|2|5|T|2|Q|L|P|000001497804| 26998|43208603| 83768874|    |012WIM|10|00|049|Y|005_1_49_020|Y|1|00000075|2|00000023|I-75 US-23 BIRCH RUN NB&SB TOTAL N. OF LAKE RD. O 
S|26|139529|3|2|22|3U|2|T|2|3|N|0|0| |15|N|0|0| |2|L|L|P|000001298108|  5166|42319805| 85209545|    |097SPD|79|00|025|N|000000000000|Y|4|00000094|4|00000004|BL-94(DICKMAN) BATTLE CREEK E-W TOT VOL E OF 20TH 
S|26|419739|7|1|22|2U|2|T|2|3|N|0|0| |15|N|0|0| |2|L|L|P|000002000001| 13574|42854289| 85521204|    |169CNT|02|00|081|Y|009_1_81_001|Y|3|00000006|3|00000003|M-6 GD. RAPIDS EB&WB TOTAL@ALASKIA .7mi E. OF M-37
S|26|271009|7|2|22|3U|2|N|2|3|N|2|3|K|15|N|2|5|T|2|E|L|P|000001476001|    25|46465261| 90192055|    |025WIM|10|00|053|Y|015_1_53_010|Y|2|00000002|2|00000002|US-2 IRONWOOD EB & WB                             
S|26|419729|3|1|22|1U|4|T|4|3|N|0|0| |15|N|0|0| |2|L|L|P|000000406305| 11395|42973418| 85647182|    |005SPD|85|00|081|Y|009_1_81_089|Y|1|00000196|1|00000001|I-196 GRAND RAPIDS E-W BD. TOTAL EAST OF COLLEGE  
S|26|588249|1|3|22|1R|3|T|3|3|N|0|0| |15|N|0|0| |2|L|L|P|000001226910|  5165|41801375| 83456497|    |084WIM|89|00|115|Y|01_1_115_044|Y|1|00000075|1|00000001|I-75 LUNA PIER N-S VOLUME SOUTH OF LUNA PIER RD.  
S|26|705099|7|2|22|1R|2|T|2|3|N|2|3|K|15|N|2|5|T|2|Q|L|P|000000742410| 11627|43052682| 85936971|    |049WIM|11|00|139|N|000000000000|Y|1|00000096|1|00000001|I-96 COOPERSVILLE E&WB TOTAL 1 MILE E. OF 68TH Ave
S|26|256449|3|2|22|1U|2|T|2|3|H|2|3|K|15|T|2|5|T|2|Q|L|P|000001494005|  7492|42967257| 83781988|    |074WIM|89|00|049|N|000000000000|Y|1|00000069|1|00000001|I-69 SWARTZ CREEK EAST-WEST TOTAL VOLUME          
S|26|183249|5|1|22|2R|3|T|3|3|N|0|0| |15|N|0|0| |2|L|L|P|000001040803|  3609|43858293| 84776857|    |033SPD|85|00|035|Y|0000Multiple|Y|2|00000127|2|00000127|US-10 US-127 CLARE NORTH-SOUTH TOTAL VOL          
S|26|492029|3|1|22|3R|1|T|1|3|H|1|3|K|15|T|1|5|T|2|Q|L|P|000001142108| 38881|46031423| 85091339|    |038WIM|55|00|097|N|000000000000|Y|2|00000002|2|00000002|US-2 BREVORT E-W VOL  1.8 MILE E. OF CUTRIVER BR  
S|26|521109|3|1|22|3R|1|T|1|3|N|0|0| |15|N|0|0| |2|L|L|P|000001562009| 50712|46496029| 87931469|    |068SPD|72|00|103|N|000000000000|Y|2|00000041|3|00000028|US-41 M-28 CHAMPION E-W BD. VOL. W. OF JCT. M-95  
S|26|283039|7|1|22|3R|1|T|1|3|N|0|0| |15|N|0|0| |2|L|L|P|000000994307|  2836|44772761| 85443170|    |127SPD|98|00|055|N|000000000000|Y|3|00000072|3|00000003|M-72 ACME EB-WB                                   
S|26|397109|5|1|22|3R|2|T|2|3|H|2|3|G|13|T|0|0|0|2|P|L|P|000000238202| 13410|42073670| 85636652|0000|036WIM|59|00|077|N|000000000000|Y|2|00000131|0|00000000|US-131 SCHOOLCRAFT LN-1 S. BD.                    
S|26|256449|3|1|22|1U|2|T|2|3|H|2|3|K|15|T|2|5|T|2|Q|L|P|000001494005|  7492|42967257| 83781988|    |074WIM|89|00|049|N|000000000000|Y|1|00000069|1|00000001|I-69 SWARTZ CREEK EAST-WEST TOTAL VOLUME          
S|26|139529|7|2|22|3U|2|T|2|3|N|0|0| |15|N|0|0| |2|L|L|P|000001298108|  5166|42319805| 85209545|    |097SPD|79|00|025|N|000000000000|Y|4|00000094|4|00000004|BL-94(DICKMAN) BATTLE CREEK E-W TOT VOL E OF 20TH 
S|26|271009|7|1|22|3U|2|N|2|3|N|2|3|K|15|N|2|5|T|2|E|L|P|000001476001|    25|46465261| 90192055|    |025WIM|10|00|053|Y|015_1_53_010|Y|2|00000002|2|00000002|US-2 IRONWOOD EB & WB                             
S|26|256119|5|4|22|1R|4|T|4|3|H|4|3|K|15|B|0|5|T|2|Q|L|P|000001497804| 26998|43208603| 83768874|    |012WIM|10|00|049|Y|005_1_49_020|Y|1|00000075|2|00000023|I-75 US-23 BIRCH RUN NB&SB TOTAL N. OF LAKE RD. O 
S|26|492049|5|2|22|1R|2|T|2|3|N|0|0| |15|N|0|0| |2|L|L|P|000001144107|  9143|45914042| 84739946|    |070SPD|58|00|097|Y|013_1_97_001|Y|1|00000075|1|00000001|I-75 ST.IGNACE N-S BD. VOL.                       
S|26|509839|7|4|22|1U|4|T|4|3|N|0|0| |15|N|0|0| |2|L|L|P|000001740201|  5374|42492447| 82987029|    |133SPD|96|00|099|N|000000000000|Y|1|00000696|1|00000001|I-696 EB&WB TOTAL ON E. SIDE OF SCHOENHEER OVER   
S|26|419729|7|2|22|1U|4|T|4|3|N|0|0| |15|N|0|0| |2|L|L|P|000000406305| 11395|42973418| 85647182|    |005SPD|85|00|081|Y|009_1_81_089|Y|1|00000196|1|00000001|I-196 GRAND RAPIDS E-W BD. TOTAL EAST OF COLLEGE  
S|26|195049|7|2|22|1U|2|T|2|3|N|0|0| |15|N|0|0| |2|L|L|P|000000369105|  2260|42798420| 84641694|    |073SPD|88|00|037|N|000000000000|Y|1|00000069|1|00000001|I-69 DEWITT EAST-WEST TOTAL VOLUME                
S|26|521089|4|1|22|3R|1|T|1|3|N|0|0| |15|N|0|0| |2|L|L|P|000001562009| 15731|46451535| 87300939|    |067SPD|73|00|103|Y|0000Multiple|Y|2|00000041|2|00000002|US-41 SKANDIA NW-SE BD. VOL.                      
S|26|339049|5|3|22|2U|3|T|3|3|N|0|0| |15|N|0|0| |2|L|L|P|000000349804|  1837|42747860| 84507585|    |081SPD|74|00|065|Y|006_1_65_034|Y|2|00000127|2|00000002|US-127 LANSING NORTH-SOUTH BD. N. OF GRAND RIVER  
S|26|415069|5|1|22|2U|3|T|3|3|N|0|0| |15|N|0|0| |2|L|L|P|000000410203|  7355|42873231| 85681156|    |077SPD|89|00|081|Y|009_1_81_038|Y|2|00000131|2|00000002|US-131 WYOMING @ 50TH ST. NB-SB TOTAL             
S|26|195019|5|1|22|2U|2|T|2|3|H|2|3|K|15|B|2|5|T|2|Q|L|P|000003190000|  7443|43024300| 84544072|0100|317SHR|05|00|037|Y|006_1_37_004|Y|2|00000127|2|00000002|US-127 ST.JOHNS NB & SB TOTAL 500 N. OF SCOTT R   
S|26|419749|3|1|22|3U|3|T|3|3|N|0|0| |15|N|0|0| |2|L|L|P|000000409008| 12110|42912880| 85659325|    |082CNT|78|00|081|Y|009_1_81_040|Y|3|00000011|3|00000003|M-11(28TH ST) GD. RAPIDS E-W BD. TOTAL VOLUME     
S|26|183249|1|1|22|2R|3|T|3|3|N|0|0| |15|N|0|0| |2|L|L|P|000001040803|  3609|43858293| 84776857|    |033SPD|85|00|035|Y|0000Multiple|Y|2|00000127|2|00000127|US-10 US-127 CLARE NORTH-SOUTH TOTAL VOL          
S|26|588249|5|1|22|1R|3|T|3|3|N|0|0| |15|N|0|0| |2|L|L|P|000001226910|  5165|41801375| 83456497|    |084WIM|89|00|115|Y|01_1_115_044|Y|1|00000075|1|00000001|I-75 LUNA PIER N-S VOLUME SOUTH OF LUNA PIER RD.  
S|26|588729|5|1|22|2R|2|T|2|3|H|2|3|K|15|B|2|5|T|2|Q|L|P|000001223505|  2525|41762403| 83694656|    |066WIM|95|00|115|N|000000000000|Y|2|00000023|2|00000002|US-23 LAMBERTVILLE N-S BD. VOL.                   
S|26|308129|3|1|22|3R|1|T|1|3|H|1|3|K|15|T|1|5|T|2|Q|L|P|000000514903|  9999|41992109| 84642248|    |058WIM|42|00|059|N|000000000000|Y|2|00000012|2|00000002|US-12 JONESVILLE E-W BD. VOL.                     
S|26|615289|1|1|22|2U|2|T|2|3|H|2|3|K|15|T|2|5|T|2|Q|L|P|000000857509|  5583|43197753| 86204921|    |079WIM|89|00|121|Y|16_1_121_042|Y|2|00000031|2|00000002|US-31 MUSKEGON NB-SB TOTAL S. OF BROADWAY OVERPAS 
S|26|776469|7|1|22|1U|2|T|2|3|H|2|3|K|15|T|2|5|T|2|Q|L|P|000000967606| 18333|42930630| 82506404|    |031WIM|89|00|147|Y|22_1_147_054|Y|1|00000094|1|00000001|I-94 PORT HURON EAST-WEST TOTAL VOLUME            
S|26|419729|3|3|22|1U|4|T|4|3|N|0|0| |15|N|0|0| |2|L|L|P|000000406305| 11395|42973418| 85647182|    |005SPD|85|00|081|Y|009_1_81_089|Y|1|00000196|1|00000001|I-196 GRAND RAPIDS E-W BD. TOTAL EAST OF COLLEGE  
S|26|256349|1|2|22|1U|3|T|3|3|H|3|3|G|15|N|0|0| |2|P|L|P|000001497804| 15311|43041057| 83753456|    |144WIM|00|00|049|N|000000000000|Y|1|00000075|2|00000023|I-75 FLINT NB-SB TOTAL 0.1 mi. S of Pasadena Rd   
S|26|183249|1|3|22|2R|3|T|3|3|N|0|0| |15|N|0|0| |2|L|L|P|000001040803|  3609|43858293| 84776857|    |033SPD|85|00|035|Y|0000Multiple|Y|2|00000127|2|00000127|US-10 US-127 CLARE NORTH-SOUTH TOTAL VOL          
S|26|419759|3|2|22|2U|2|T|2|3|N|2|3|K|15|T|2|5|T|2|B|L|P|000002000001|  9130|42849836| 85605761|    |011WIM|04|00|081|Y|009_1_81_002|Y|3|00000006|3|00000003|M-6 EB-WB TOTAL 300 FT E. OF EASTERN AVE. CUTL    
S|26|239090|7|3|22|1U|4|T|4|3|N|0|0| |15|N|0|0| |2|L|L|P|000000567905|  4500|42704773| 84669704|    |170SPD|02|00|045|Y|006_1_45_031|Y|1|00000096|1|00000069|I-96 MT. HOPE EB & WB TOTAL                       
S|26|338029|1|2|22|2U|2|T|2|3|H|2|3|K|15|T|0|5|T|2|Q|L|P|000000354209|  8617|42545215| 84443267|    |020WIM|57|00|065|Y|006_1_65_015|Y|2|00000127|2|00000002|US-127 MASON N-S BD. VOL.                         
S|26|339020|5|2|22|3U|2|T|2|3|N|0|0| |15|N|0|0| |2|L|L|P|000000359606|  9998|42717026| 84546161|    |156SPD|00|00|065|N|000000000000|Y|4|00000096|4|00000004|BR-96 CEDAR @ CHRISTIANCY NB & SB TOTAL           
S|26|638209|7|2|22|1U|3|T|3|3|H|3|3|K|15|T|0|5|T|2|P|L|P|000000657303|  3957|42513259| 83595988|    |022WIM|62|00|125|Y|0000Multiple|Y|1|00000096|1|00000001|I-96 NEW HUDSON E-W BD. VOL.                      
S|26|361049|3|1|22|3R|1|T|1|3|N|0|0| |15|N|0|0| |2|L|L|P|000001277603| 10722|46159727| 88776997|    |091SPD|89|00|071|N|000000000000|Y|2|00000002|2|00000002|US-2 IRON RIVER EAST-WEST TOTAL VOLUME            
S|26|829489|7|2|22|1U|3|T|3|3|N|0|0| |15|N|0|0| |2|L|L|P|000001576405| 23791|42332399| 83138083|    |050CNT|86|00|163|N|000000000000|Y|1|00000094|1|00000001|I-94 DETROIT TOTAL VOLUME AT CENTRAL ST.          
S|26|419729|7|4|22|1U|4|T|4|3|N|0|0| |15|N|0|0| |2|L|L|P|000000406305| 11395|42973418| 85647182|    |005SPD|85|00|081|Y|009_1_81_089|Y|1|00000196|1|00000001|I-196 GRAND RAPIDS E-W BD. TOTAL EAST OF COLLEGE  
S|26|283129|5|1|22|3U|1|T|1|3|N|0|0| |15|N|0|0| |2|L|L|P|000000992703|  6756|44653009| 85656163|    |045SPD|78|00|055|N|000000000000|Y|3|00000037|3|00000003|M-37 TRAVERSE CITY N-S BD. VOL. S. OF US-31       
S|26|419769|1|2|22|2U|3|T|3|3|N|0|0| |15|N|0|0| |2|L|L|P|000000410203| 13221|42956173| 85671225|    |083CNT|88|00|081|Y|009_1_81_014|Y|2|00000131|2|00000002|US-131 GRAND RAPIDS N.&SB TOTAL @ WEALTHY         
S|26|339029|7|3|22|1U|3|T|3|3|N|0|0| |01|N|0|0| |2|L|L|P|000000355110|  3975|42725419| 84526331|    |006CNT|71|00|065|Y|006_1_65_051|Y|1|00000496|1|00000001|I-496 LANSING E-W BD. VOL. AT CLEMENS             
S|26|345299|7|2|22|1R|2|T|2|3|H|2|3|K|13|B|2|5|T|2|Q|L|P|000000504910| 14979|42879332| 85056804|0000|312SHR|95|00|067|N|000000000000|Y|1|00000096|0|00000000|I-96 IONIA WB LN-2 EAST OF M-66                   
S|26|399369|3|1|22|1U|4|T|4|3|N|0|0| |15|N|0|0| |2|L|L|P|000000014903|  8419|42237698| 85606057|    |071CNT|95|00|077|Y|021_1_77_023|Y|1|00000094|1|00000001|I-94 KALAMAZOO E-W BD. VOL.                       
S|26|195319|3|1|22|1R|2|N|2|3|N|2|3|K|15|N|2|5|T|2|Q|L|P|000000208901|  1184|42820736| 84815421|    |072WIM|14|00|037|Y|008_1_67_001|Y|1|00000096|1|00000001|I-96 800 FT E OF JONES RD EB & WB TOTAL           
S|26|615289|5|1|22|2U|2|T|2|3|H|2|3|K|15|T|2|5|T|2|Q|L|P|000000857509|  5583|43197753| 86204921|    |079WIM|89|00|121|Y|16_1_121_042|Y|2|00000031|2|00000002|US-31 MUSKEGON NB-SB TOTAL S. OF BROADWAY OVERPAS 
S|26|339020|1|2|22|3U|2|T|2|3|N|0|0| |15|N|0|0| |2|L|L|P|000000359606|  9998|42717026| 84546161|    |156SPD|00|00|065|N|000000000000|Y|4|00000096|4|00000004|BR-96 CEDAR @ CHRISTIANCY NB & SB TOTAL           
S|26|509850|1|2|22|2U|2|T|2|3|N|0|0| |15|N|0|0| |2|L|L|P|000004210208|  3961|42602395| 83023430|    |172SPD|03|00|099|N|000000000000|Y|3|00000053|3|00000003|M-53 STERLING HEIGHTS S. OF UTICA RD. N&S TOTAL   
S|26|433109|1|1|22|4R|1|T|1|3|N|0|0| |01|N|0|0| |2|L|L|P|000001338906|  3843|43869293| 85851578|    |059CNT|59|00|085|N|000000000000|N|3|00000037|3|00000003|M-37 BALDWIN N-S BD. VOL.                         
S|26|387029|3|2|22|1R|2|T|2|3|H|2|3|K|15|T|2|5|T|2|Q|L|P|000000897107| 22538|42284688| 84283280|    |054WIM|85|00|075|N|000000000000|Y|1|00000094|1|00000001|I-94 GRASS LAKE TOTAL VOLUME AT THE TRUCK SCALES  
S|26|595249|1|1|22|2R|2|T|2|3|H|2|3|G|15|N|0|0| |2|P|L|P|000001206705| 10920|43439436| 85492250|    |122WIM|80|00|117|Y|0000Multiple|Y|2|00000131|2|00000002|US-131 MORLEY N.BD.-S.BD. TOTAL                   
S|26|419739|7|2|22|2U|2|T|2|3|N|0|0| |15|N|0|0| |2|L|L|P|000002000001| 13574|42854289| 85521204|    |169CNT|02|00|081|Y|009_1_81_001|Y|3|00000006|3|00000003|M-6 GD. RAPIDS EB&WB TOTAL@ALASKIA .7mi E. OF M-37
S|26|238869|1|1|22|1R|2|T|2|3|N|2|3|K|15|T|2|5|T|2|Q|L|P|000000566401| 11060|42534278| 84820753|    |042WIM|10|00|045|Y|006_1_45_015|Y|1|00000069|1|00000001|I-69 NB&SB TOTAL CHARLOTTE 3MI. S. OF KALAMO HWY. 
S|26|638409|7|2|22|2U|3|T|3|3|N|3|3|G|15|N|0|0| |2|P|L|P|000000648906| 30487|42624829| 83118017|    |030WIM|75|00|125|N|000000000000|Y|3|00000059|3|00000003|M-59 TROY E-W  BD. VOL. AT JOHN R                 
S|26|638470|1|1|22|3U|4|T|4|3|N|0|0| |01|N|0|0| |2|L|L|P|000000710106| 10536|42593699| 83281432|    |165CNT|00|00|125|N|000000000000|Y|2|00000024|2|00000002|US-24 @ HICKORY GROVE NB & SB TOTAL               
S|26|308129|7|1|22|3R|1|T|1|3|H|1|3|K|15|T|1|5|T|2|Q|L|P|000000514903|  9999|41992109| 84642248|    |058WIM|42|00|059|N|000000000000|Y|2|00000012|2|00000002|US-12 JONESVILLE E-W BD. VOL.                     
S|26|195019|1|1|22|2U|2|T|2|3|H|2|3|K|15|B|2|5|T|2|Q|L|P|000003190000|  7443|43024300| 84544072|0100|317SHR|05|00|037|Y|006_1_37_004|Y|2|00000127|2|00000002|US-127 ST.JOHNS NB & SB TOTAL 500 N. OF SCOTT R   
S|26|478049|3|2|22|1U|2|T|2|3|H|2|3|K|15|T|2|5|T|2|Q|L|P|000000935105|  6756|42633698| 84021155|    |052WIM|85|00|093|Y|001_1_93_035|Y|1|00000096|1|00000001|I-96 FOWLERVILLE TOTAL VOLUME AT THE TRUCK SCALES 
S|26|638209|3|1|22|1U|3|T|3|3|H|3|3|K|15|T|0|5|T|2|P|L|P|000000657303|  3957|42513259| 83595988|    |022WIM|62|00|125|Y|0000Multiple|Y|1|00000096|1|00000001|I-96 NEW HUDSON E-W BD. VOL.                      
S|26|397440|5|2|22|3U|2|T|2|3| |0|0| |13| |0|0| |2|L|L|P|000000010208|  3167|42250849| 85589659|    |160CNT|00|00|039|Y|435380020600|Y|3|00000331|3|00000003|M-331 WESTNEDGE 1/2 MI N OF KILGORE NB & SB TOTAL 
S|26|638629|1|4|22|1U|4|T|4|3|N|0|0| |15|N|0|0| |2|L|L|P|000000646106| 31505|42745908| 83409706|    |008SPD|80|00|125|N|000000000000|Y|1|00000075|1|00000001|I-75 CLARKSTON NORTH-SOUTH BD. TOTAL              
S|26|829809|5|3|22|2U|3|T|3|3|N|0|0| |15|N|0|0| |2|L|L|P|000001592408| 13089|42410569| 83218667|    |109SPD|95|00|163|Y|01_1_163_037|Y|3|00000039|3|00000003|M-39 DETROIT N-S BD. VOL.                         
S|26|829999|2|1|22|2U|4|T|4|3|N|0|0| |15|N|0|0| |2|L|L|P|000004702009|  3384|42402241| 83098305|    |021SPD|97|00|163|N|000000000000|Y|3|00000008|3|00000003|M-8 DAVISON NE.-SW.BD. AT 2ND                     
S|26|419749|7|1|22|3U|2|T|2|3|N|0|0| |15|N|0|0| |2|L|L|P|000000409008| 12110|42912880| 85659325|    |082CNT|78|00|081|Y|009_1_81_040|Y|3|00000011|3|00000003|M-11(28TH ST) GD. RAPIDS E-W BD. TOTAL VOLUME     
S|26|339029|7|1|22|1U|3|T|3|3|N|0|0| |01|N|0|0| |2|L|L|P|000000355110|  3975|42725419| 84526331|    |006CNT|71|00|065|Y|006_1_65_051|Y|1|00000496|1|00000001|I-496 LANSING E-W BD. VOL. AT CLEMENS             
S|26|638209|7|3|22|1U|3|T|3|3|H|3|3|K|15|T|0|5|T|2|P|L|P|000000657303|  3957|42513259| 83595988|    |022WIM|62|00|125|Y|0000Multiple|Y|1|00000096|1|00000001|I-96 NEW HUDSON E-W BD. VOL.                      
S|26|256119|1|4|22|1R|4|T|4|3|H|4|3|K|15|B|0|5|T|2|Q|L|P|000001497804| 26998|43208603| 83768874|    |012WIM|10|00|049|Y|005_1_49_020|Y|1|00000075|2|00000023|I-75 US-23 BIRCH RUN NB&SB TOTAL N. OF LAKE RD. O 
S|26|638409|3|3|22|2U|3|T|3|3|N|3|3|G|15|N|0|0| |2|P|L|P|000000648906| 30487|42624829| 83118017|    |030WIM|75|00|125|N|000000000000|Y|3|00000059|3|00000003|M-59 TROY E-W  BD. VOL. AT JOHN R                 
S|26|478049|7|1|22|1U|2|T|2|3|H|2|3|K|15|T|2|5|T|2|Q|L|P|000000935105|  6756|42633698| 84021155|    |052WIM|85|00|093|Y|001_1_93_035|Y|1|00000096|1|00000001|I-96 FOWLERVILLE TOTAL VOLUME AT THE TRUCK SCALES 
S|26|387029|7|2|22|1R|2|T|2|3|H|2|3|K|15|T|2|5|T|2|Q|L|P|000000897107| 22538|42284688| 84283280|    |054WIM|85|00|075|N|000000000000|Y|1|00000094|1|00000001|I-94 GRASS LAKE TOTAL VOLUME AT THE TRUCK SCALES  
S|26|256119|1|1|22|1R|4|T|4|3|H|4|3|K|15|B|2|5|T|2|Q|L|P|000001497804| 26998|43208603| 83768874|    |012WIM|10|00|049|Y|005_1_49_020|Y|1|00000075|2|00000023|I-75 US-23 BIRCH RUN NB&SB TOTAL N. OF LAKE RD. O 
S|26|403069|1|1|22|3R|1|T|1|3|H|1|3|K|15|T|1|5|T|2|Q|L|P|000001097410| 19741|44833387| 85130771|    |061WIM|72|00|079|Y|0012_1_9_001|Y|2|00000131|3|00000066|US-131 M-66 KALKASKA N-S BD. VOL.                 
S|26|551069|1|1|22|3R|1|T|1|3|N|0|0| |15|N|0|0| |2|L|L|P|000001322308| 32321|45557070| 87570179|    |089SPD|89|00|109|Y|0000Multiple|Y|2|00000041|2|00000002|US-41 CARNEY NORTH-SOUTH TOTAL VOLUME             
S|26|638459|5|4|22|3U|4|T|4|3|N|0|0| |01|N|0|0| |2|L|L|P|000000710106|  2756|42481767| 83285317|    |157CNT|00|00|125|N|000000000000|Y|2|00000024|2|00000002|US-24 SOUTHFIELD N-S BD TOTAL                     
S|26|433109|5|1|22|4R|1|T|1|3|N|0|0| |01|N|0|0| |2|L|L|P|000001338906|  3843|43869293| 85851578|    |059CNT|59|00|085|N|000000000000|N|3|00000037|3|00000003|M-37 BALDWIN N-S BD. VOL.                         
S|26|639979|1|2|22|1U|3|T|3|3|N|0|0| |15|N|0|0| |2|L|L|P|000000647308| 11180|42576804| 83158989|    |135SPD|97|00|125|N|000000000000|Y|1|00000075|1|00000001|I-75@WATTLES RD. N.BD. S.BD. TOTAL                
S|26|339049|5|2|22|2U|3|T|3|3|N|0|0| |15|N|0|0| |2|L|L|P|000000349804|  1837|42747860| 84507585|    |081SPD|74|00|065|Y|006_1_65_034|Y|2|00000127|2|00000002|US-127 LANSING NORTH-SOUTH BD. N. OF GRAND RIVER  
S|26|339040|3|2|22|3U|3|T|3|3|N|0|0| |15|N|0|0| |2|L|L|P|000000341208|   360|42741076| 84595819|    |159SPD|00|00|065|N|000000000000|Y|3|00000043|3|00000003|M-43 E. OF WAVERLY EB & WB TOTALS                 
S|26|419769|5|2|22|2U|3|T|3|3|N|0|0| |15|N|0|0| |2|L|L|P|000000410203| 13221|42956173| 85671225|    |083CNT|88|00|081|Y|009_1_81_014|Y|2|00000131|2|00000002|US-131 GRAND RAPIDS N.&SB TOTAL @ WEALTHY         
S|26|588169|1|2|22|3R|2|T|2|3|N|0|0| |15|N|0|0| |2|L|L|P|000004300001|  8249|41838091| 83483239|    |013SPD|52|00|115|Y|0000Multiple|Y|2|00000024|2|00000002|US-24 ERIE N-S BD. VOL. N. OF LAKEWOOD RD.        
S|26|639829|3|3|22|1U|4|T|4|3|N|0|0| |15|N|0|0| |2|L|L|P|000000710701| 12862|42481883| 83207561|    |105CNT|90|00|125|N|000000000000|Y|1|00000696|1|00000001|I-696 SOUTHFIELD E-W VOL. EAST OF SOUTHFIELD ROAD 
S|26|478049|3|1|22|1U|2|T|2|3|H|2|3|K|15|T|2|5|T|2|Q|L|P|000000935105|  6756|42633698| 84021155|    |052WIM|85|00|093|Y|001_1_93_035|Y|1|00000096|1|00000001|I-96 FOWLERVILLE TOTAL VOLUME AT THE TRUCK SCALES 
S|26|478219|3|2|22|1U|3|T|3|3|H|0|3|K|15|T|0|5|T|2|L|L|P|000000935105| 17917|42563845| 83834519|    |143WIM|98|00|093|Y|001_1_93_041|Y|1|00000096|1|00000001|I-96 HOWELL E.BD. - W.BD. W. OF DORR RD. OVERPASS 
S|26|736229|4|1|22|1R|4|T|1|3|N|0|1|A|15|N|0|0| |2|L|L|P|000000468303| 22738|43512239| 83935481|    |035SPD|75|00|145|Y|0000Multiple|Y|1|00000075|1|00000023|I-75 CARROLLTON NW-SE BD. VOL NW. OF I-675        
S|26|419769|1|3|22|2U|3|T|3|3|N|0|0| |15|N|0|0| |2|L|L|P|000000410203| 13221|42956173| 85671225|    |083CNT|88|00|081|Y|009_1_81_014|Y|2|00000131|2|00000002|US-131 GRAND RAPIDS N.&SB TOTAL @ WEALTHY         
S|26|638489|7|3|22|3U|3|T|3|3|N|0|0| |15|N|0|0| |2|L|L|P|000000648906| 17063|42647002| 83362923|    |108SPD|99|00|125|N|000000000000|Y|3|00000059|3|00000003|M-59 PONTIAC E-W BD. TOTAL W OF CASS LK RD        
S|26|478219|3|1|22|1U|3|T|3|3|H|0|3|K|15|T|0|5|T|2|L|L|P|000000935105| 17917|42563845| 83834519|    |143WIM|98|00|093|Y|001_1_93_041|Y|1|00000096|1|00000001|I-96 HOWELL E.BD. - W.BD. W. OF DORR RD. OVERPASS 
S|26|588729|1|1|22|2R|2|T|2|3|H|2|3|K|15|B|2|5|T|2|Q|L|P|000001223505|  2525|41762403| 83694656|    |066WIM|95|00|115|N|000000000000|Y|2|00000023|2|00000002|US-23 LAMBERTVILLE N-S BD. VOL.                   
S|26|478219|3|3|22|1U|3|T|3|3|H|0|3|K|15|T|0|5|T|2|L|L|P|000000935105| 17917|42563845| 83834519|    |143WIM|98|00|093|Y|001_1_93_041|Y|1|00000096|1|00000001|I-96 HOWELL E.BD. - W.BD. W. OF DORR RD. OVERPASS 
S|26|654089|5|1|22|3R|2|T|2|3|N|0|0| |15|N|0|0| |2|L|L|P|000001005503| 20682|44456157| 84127190|    |056SPD|70|00|129|N|000000000000|Y|3|00000033|3|00000003|M-33 ROSE CITY N-S BD. VOL.                       
S|26|478219|7|1|22|1U|3|T|3|3|H|0|3|K|15|T|0|5|T|2|L|L|P|000000935105| 17917|42563845| 83834519|    |143WIM|98|00|093|Y|001_1_93_041|Y|1|00000096|1|00000001|I-96 HOWELL E.BD. - W.BD. W. OF DORR RD. OVERPASS 
S|26|415069|5|3|22|2U|3|T|3|3|N|0|0| |15|N|0|0| |2|L|L|P|000000410203|  7355|42873231| 85681156|    |077SPD|89|00|081|Y|009_1_81_038|Y|2|00000131|2|00000002|US-131 WYOMING @ 50TH ST. NB-SB TOTAL             
S|26|397440|1|2|22|3U|3|T|3|3| |0|0| |13| |0|0| |2|L|L|P|000000010208|  3167|42250849| 85589659|    |160CNT|00|00|039|Y|435380020600|Y|3|00000331|3|00000003|M-331 WESTNEDGE 1/2 MI N OF KILGORE NB & SB TOTAL 
S|26|339040|7|1|22|3U|2|T|3|3|N|0|0| |15|N|0|0| |2|L|L|P|000000341208|   360|42741076| 84595819|    |159SPD|00|00|065|N|000000000000|Y|3|00000043|3|00000003|M-43 E. OF WAVERLY EB & WB TOTALS                 
S|26|588729|5|2|22|2R|2|T|2|3|H|2|3|K|15|B|2|5|T|2|Q|L|P|000001223505|  2525|41762403| 83694656|    |066WIM|95|00|115|N|000000000000|Y|2|00000023|2|00000002|US-23 LAMBERTVILLE N-S BD. VOL.                   
S|26|492049|1|2|22|1R|2|T|2|3|N|0|0| |15|N|0|0| |2|L|L|P|000001144107|  9143|45914042| 84739946|    |070SPD|58|00|097|Y|013_1_97_001|Y|1|00000075|1|00000001|I-75 ST.IGNACE N-S BD. VOL.                       
S|26|705059|2|1|22|1U|2|T|2|3|H|2|3|K|15|T|2|5|T|2|Q|L|P|000000752204| 14380|42865975| 85801784|    |131WIM|96|00|139|Y|08_1_139_021|Y|1|00000196|1|00000001|I-196 HUDSONVILLE NE-SW BD                        
S|26|492049|1|1|22|1R|2|T|2|3|N|0|0| |15|N|0|0| |2|L|L|P|000001144107|  9143|45914042| 84739946|    |070SPD|58|00|097|Y|013_1_97_001|Y|1|00000075|1|00000001|I-75 ST.IGNACE N-S BD. VOL.                       
S|26|736229|4|2|22|1R|4|T|1|3|N|0|1|A|15|N|0|0| |2|L|L|P|000000468303| 22738|43512239| 83935481|    |035SPD|75|00|145|Y|0000Multiple|Y|1|00000075|1|00000023|I-75 CARROLLTON NW-SE BD. VOL NW. OF I-675        
S|26|787329|7|1|22|3R|1|T|1|3|H|1|3|G|15|N|0|0| |2|P|L|P|000000232106|  9088|41797116| 85586690|    |078WIM|89|00|149|Y|0000Multiple|Y|2|00000012|2|00000002|US-12 WHITE PIGEON TOTAL VOLUME                   
S|26|345299|7|1|22|1R|2|T|2|3|H|2|3|K|13|B|2|5|T|2|Q|L|P|000000504910| 14979|42879332| 85056804|0000|312SHR|95|00|067|N|000000000000|Y|1|00000096|0|00000000|I-96 IONIA WB LN-1 EAST OF M-66                   
S|26|638629|1|1|22|1U|4|T|4|3|N|0|0| |15|N|0|0| |2|L|L|P|000000646106| 31505|42745908| 83409706|    |008SPD|80|00|125|N|000000000000|Y|1|00000075|1|00000001|I-75 CLARKSTON NORTH-SOUTH BD. TOTAL              
S|26|595249|1|2|22|2R|2|T|2|3|H|2|3|G|15|N|0|0| |2|P|L|P|000001206705| 10920|43439436| 85492250|    |122WIM|80|00|117|Y|0000Multiple|Y|2|00000131|2|00000002|US-131 MORLEY N.BD.-S.BD. TOTAL                   
S|26|639989|1|2|22|1U|3|T|3|3|N|0|0| |15|N|0|0| |2|L|L|P|000000647308|  3892|42497968| 83117198|    |098CNT|94|00|125|Y|0000Multiple|Y|1|00000075|1|00000001|I-75 ROYAL OAK N-S BD. VOL.                       
S|26|588169|1|1|22|3R|2|T|2|3|N|0|0| |15|N|0|0| |2|L|L|P|000004300001|  8249|41838091| 83483239|    |013SPD|52|00|115|Y|0000Multiple|Y|2|00000024|2|00000002|US-24 ERIE N-S BD. VOL. N. OF LAKEWOOD RD.        
S|26|736229|8|4|22|1R|4|T|1|3|N|0|1|A|15|N|0|0| |2|L|L|P|000000468303| 22738|43512239| 83935481|    |035SPD|75|00|145|Y|0000Multiple|Y|1|00000075|1|00000023|I-75 CARROLLTON NW-SE BD. VOL NW. OF I-675        
S|26|588729|1|2|22|2R|2|T|2|3|H|2|3|K|15|B|2|5|T|2|Q|L|P|000001223505|  2525|41762403| 83694656|    |066WIM|95|00|115|N|000000000000|Y|2|00000023|2|00000002|US-23 LAMBERTVILLE N-S BD. VOL.                   
S|26|807219|7|2|22|1U|2|T|2|3|H|2|3|K|15|T|2|5|T|2|Q|L|P|000000580805| 21104|42219893| 85822686|    |043WIM|08|00|159|N|000000000000|Y|1|00000094|1|00000001|I-94 E&W TOTAL MATTAWAN E. OF COUNTY RD. 657      
S|26|397440|1|3|22|3U|3|T|3|3| |0|0| |13| |0|0| |2|L|L|P|000000010208|  3167|42250849| 85589659|    |160CNT|00|00|039|Y|435380020600|Y|3|00000331|3|00000003|M-331 WESTNEDGE 1/2 MI N OF KILGORE NB & SB TOTAL 
S|26|639979|5|3|22|1U|3|T|3|3|N|0|0| |15|N|0|0| |2|L|L|P|000000647308| 11180|42576804| 83158989|    |135SPD|97|00|125|N|000000000000|Y|1|00000075|1|00000001|I-75@WATTLES RD. N.BD. S.BD. TOTAL                
S|26|509839|7|3|22|1U|4|T|4|3|N|0|0| |15|N|0|0| |2|L|L|P|000001740201|  5374|42492447| 82987029|    |133SPD|96|00|099|N|000000000000|Y|1|00000696|1|00000001|I-696 EB&WB TOTAL ON E. SIDE OF SCHOENHEER OVER   
S|26|604329|7|1|22|3R|1|T|1|3|H|1|3|K|15|T|1|5|T|2|Q|L|P|000001218506| 16525|45007890| 84103620|    |111WIM|21|00|119|N|000000000000|Y|3|00000032|3|00000033|M-32 ATLANTA 0.5 MILE W. OF MCMURPHY RD.          
S|26|746049|5|1|22|3R|1|T|1|3|N|0|0| |15|N|0|0| |2|L|L|P|000001015507| 14107|43366414| 82536569|    |041SPD|42|00|151|Y|07_1_151_012|Y|3|00000025|3|00000003|M-25 PORT SANILAC NORTH-SOUTH BOUND TOTAL VOLUME  
S|26|615289|5|2|22|2U|2|T|2|3|H|2|3|K|15|T|2|5|T|2|Q|L|P|000000857509|  5583|43197753| 86204921|    |079WIM|89|00|121|Y|16_1_121_042|Y|2|00000031|2|00000002|US-31 MUSKEGON NB-SB TOTAL S. OF BROADWAY OVERPAS 
S|26|818239|1|1|22|2U|3|T|3|3|H|3|3|K|15|T|3|5|T|2|Q|L|P|000001431003|  6980|42414382| 83764902|    |046WIM|09|00|161|Y|17_1_161_042|Y|2|00000023|2|00000002|US-23 WHITMORE LAKE TOTAL .5 MILE S. OF BARKER    
S|26|399369|3|4|22|1U|4|T|4|3|N|0|0| |15|N|0|0| |2|L|L|P|000000014903|  8419|42237698| 85606057|    |071CNT|95|00|077|Y|021_1_77_023|Y|1|00000094|1|00000001|I-94 KALAMAZOO E-W BD. VOL.                       
S|26|639989|1|1|22|1U|3|T|3|3|N|0|0| |15|N|0|0| |2|L|L|P|000000647308|  3892|42497968| 83117198|    |098CNT|94|00|125|Y|0000Multiple|Y|1|00000075|1|00000001|I-75 ROYAL OAK N-S BD. VOL.                       
S|26|661029|3|1|22|3R|1|T|1|3| |0|0| |13| |0|0| |2|L|L|P|000001271101| 25912|46534791| 89224654|    |139SPD|96|00|066|Y|166022006610|Y|3|00000028|3|00000003|M-28 BRUCE CROSSING E-W BD.                       
S|26|638409|7|1|22|2U|3|T|3|3|N|3|3|G|15|N|0|0| |2|P|L|P|000000648906| 30487|42624829| 83118017|    |030WIM|75|00|125|N|000000000000|Y|3|00000059|3|00000003|M-59 TROY E-W  BD. VOL. AT JOHN R                 
S|26|746249|1|1|22|3R|1|T|1|3|N|0|0| |15|N|0|0| |2|L|L|P|000001012410|  8086|43400573| 83086636|    |096SPD|73|00|151|N|000000000000|Y|3|00000053|3|00000003|M-53 HEMANS N-S BD. VOL. S. OF JCT. M-46          
S|26|829109|1|1|22|2U|3|T|3|3|N|0|1|A|01|N|0|0| |2|L|L|P|000001577509|  9111|42364599| 83080075|    |171CNT|70|00|163|N|000000000000|Y|3|00000010|3|00000003|M-10 DETROIT NORTH-SOUTH TOTAL VOLUME AT MILWAUKEE
S|26|654089|1|1|22|3R|2|T|2|3|N|0|0| |15|N|0|0| |2|L|L|P|000001005503| 20682|44456157| 84127190|    |056SPD|70|00|129|N|000000000000|Y|3|00000033|3|00000003|M-33 ROSE CITY N-S BD. VOL.                       
S|26|478219|7|2|22|1U|3|T|3|3|H|0|3|K|15|T|0|5|T|2|L|L|P|000000935105| 17917|42563845| 83834519|    |143WIM|98|00|093|Y|001_1_93_041|Y|1|00000096|1|00000001|I-96 HOWELL E.BD. - W.BD. W. OF DORR RD. OVERPASS 
S|26|403069|5|1|22|3R|1|T|1|3|H|1|3|K|15|T|1|5|T|2|Q|L|P|000001097410| 19741|44833387| 85130771|    |061WIM|72|00|079|Y|0012_1_9_001|Y|2|00000131|3|00000066|US-131 M-66 KALKASKA N-S BD. VOL.                 
S|26|673089|5|1|22|4R|1|T|1|3| |0|0| |13| |0|0| |2|L|L|P|000001289310|  5632|43895188| 85147649|    |166SPD|72|00|067|Y|167031036010|Y|3|00000066|3|00000003|M-66 SEARS N-S BOUND TOTAL VOLUME SOUTH OF US-10  
S|26|673149|3|1|22|3R|1|T|1|3|N|0|0| |15|N|0|0| |2|L|L|P|000001290603| 21132|43900731| 85154576|    |027CNT|75|00|133|Y|08_1_133_002|Y|2|00000010|2|00000002|US-10 SEARS EAST-WEST BD. TOTAL VOL. 1/2ML W.     
S|26|639829|3|2|22|1U|4|T|4|3|N|0|0| |15|N|0|0| |2|L|L|P|000000710701| 12862|42481883| 83207561|    |105CNT|90|00|125|N|000000000000|Y|1|00000696|1|00000001|I-696 SOUTHFIELD E-W VOL. EAST OF SOUTHFIELD ROAD 
S|26|829209|1|3|22|1U|3|T|3|3|H|3|3|K|15|T|0|5|T|2|Q|L|P|000001607208| 16201|42306686| 83442382|    |141WIM|98|00|163|Y|01_1_163_050|Y|1|00000275|1|00000001|I-275 N.BD.- S.BD.  S. OF CHERRY HILL RD.         
S|26|478049|7|2|22|1U|2|T|2|3|H|2|3|K|15|T|2|5|T|2|Q|L|P|000000935105|  6756|42633698| 84021155|    |052WIM|85|00|093|Y|001_1_93_035|Y|1|00000096|1|00000001|I-96 FOWLERVILLE TOTAL VOLUME AT THE TRUCK SCALES 
S|26|694049|1|1|22|1R|2|T|2|3|H|2|3|K|15|T|2|5|T|2|Q|L|P|000001080805| 20757|45140355| 84670383|    |028WIM|95|00|137|Y|0000Multiple|Y|1|00000075|1|00000001|I-75 VANDERBILT N-S BD. VOL.                      
S|26|415229|7|2|22|1R|2|T|2|3|N|0|0| |15|N|0|0| |2|L|L|P|000000405406| 25375|42878378| 85410151|    |018SPD|61|00|081|Y|009_1_81_006|Y|1|00000096|1|00000001|I-96 GD. RAPIDS E-W BD. VOL.                      
S|26|746249|5|1|22|3R|1|T|1|3|N|0|0| |15|N|0|0| |2|L|L|P|000001012410|  8086|43400573| 83086636|    |096SPD|73|00|151|N|000000000000|Y|3|00000053|3|00000003|M-53 HEMANS N-S BD. VOL. S. OF JCT. M-46          
S|26|551069|5|1|22|3R|1|T|1|3|N|0|0| |15|N|0|0| |2|L|L|P|000001322308| 32321|45557070| 87570179|    |089SPD|89|00|109|Y|0000Multiple|Y|2|00000041|2|00000002|US-41 CARNEY NORTH-SOUTH TOTAL VOLUME             
S|26|639829|7|4|22|1U|4|T|4|3|N|0|0| |15|N|0|0| |2|L|L|P|000000710701| 12862|42481883| 83207561|    |105CNT|90|00|125|N|000000000000|Y|1|00000696|1|00000001|I-696 SOUTHFIELD E-W VOL. EAST OF SOUTHFIELD ROAD 
S|26|776369|7|1|22|1R|2|T|2|3|H|2|3|K|15|T|2|5|T|2|Q|L|P|000000962706|  4087|42986678| 82908073|    |080WIM|00|00|147|Y|0000Multiple|Y|1|00000069|1|00000001|I-69 CAPAC EB & WB TOTAL                          
S|26|595249|5|2|22|2R|2|T|2|3|H|2|3|G|15|N|0|0| |2|P|L|P|000001206705| 10920|43439436| 85492250|    |122WIM|80|00|117|Y|0000Multiple|Y|2|00000131|2|00000002|US-131 MORLEY N.BD.-S.BD. TOTAL                   
S|26|746289|7|1|22|3R|1|T|1|3|N|0|0| |15|N|0|0| |2|L|L|P|000001014806|   218|43414429| 83101931|    |039SPD|73|00|151|N|000000000000|Y|3|00000046|3|00000003|M-46 HEMANS E-W BD. VOL. W. OF JCT. M-53          
S|26|419729|7|1|22|1U|4|T|4|3|N|0|0| |15|N|0|0| |2|L|L|P|000000406305| 11395|42973418| 85647182|    |005SPD|85|00|081|Y|009_1_81_089|Y|1|00000196|1|00000001|I-196 GRAND RAPIDS E-W BD. TOTAL EAST OF COLLEGE  
S|26|818239|1|2|22|2U|3|T|3|3|H|3|3|K|15|T|3|5|T|2|Q|L|P|000001431003|  6980|42414382| 83764902|    |046WIM|09|00|161|Y|17_1_161_042|Y|2|00000023|2|00000002|US-23 WHITMORE LAKE TOTAL .5 MILE S. OF BARKER    
S|26|818239|5|2|22|2U|3|T|3|3|H|3|3|K|15|T|3|5|T|2|Q|L|P|000001431003|  6980|42414382| 83764902|    |046WIM|09|00|161|Y|17_1_161_042|Y|2|00000023|2|00000002|US-23 WHITMORE LAKE TOTAL .5 MILE S. OF BARKER    
S|26|638409|3|2|22|2U|3|T|3|3|N|3|3|G|15|N|0|0| |2|P|L|P|000000648906| 30487|42624829| 83118017|    |030WIM|75|00|125|N|000000000000|Y|3|00000059|3|00000003|M-59 TROY E-W  BD. VOL. AT JOHN R                 
S|26|639979|5|2|22|1U|3|T|3|3|N|0|0| |15|N|0|0| |2|L|L|P|000000647308| 11180|42576804| 83158989|    |135SPD|97|00|125|N|000000000000|Y|1|00000075|1|00000001|I-75@WATTLES RD. N.BD. S.BD. TOTAL                
S|26|828440|1|4|22|3U|4|T|4|3|H|4|3|G|15| |0|0| |2|P|L|P|000004700038| 21939|42406699| 83276660|    |173WIM|03|00|082|Y|182053032011|Y|2|00000024|2|00000002|US-24 DETROIT NB TOTAL N. OF I-96 & S. OF PURITAN 
S|26|638209|3|3|22|1U|3|T|3|3|H|3|3|K|15|T|0|5|T|2|P|L|P|000000657303|  3957|42513259| 83595988|    |022WIM|62|00|125|Y|0000Multiple|Y|1|00000096|1|00000001|I-96 NEW HUDSON E-W BD. VOL.                      
S|26|638209|3|2|22|1U|3|T|3|3|H|3|3|K|15|T|0|5|T|2|P|L|P|000000657303|  3957|42513259| 83595988|    |022WIM|62|00|125|Y|0000Multiple|Y|1|00000096|1|00000001|I-96 NEW HUDSON E-W BD. VOL.                      
S|26|419729|7|3|22|1U|4|T|4|3|N|0|0| |15|N|0|0| |2|L|L|P|000000406305| 11395|42973418| 85647182|    |005SPD|85|00|081|Y|009_1_81_089|Y|1|00000196|1|00000001|I-196 GRAND RAPIDS E-W BD. TOTAL EAST OF COLLEGE  
S|26|829189|1|2|22|1U|3|T|3|3|H|3|3|K|15|T|3|5|T|2|Q|L|P|000001607208|  6002|42180020| 83388030|    |145WIM|97|00|163|Y|0000Multiple|Y|1|00000275|1|00000001|I-275 ROMULUS NB-SB                               
S|26|829189|5|2|22|1U|3|T|3|3|H|3|3|K|15|T|3|5|T|2|Q|L|P|000001607208|  6002|42180020| 83388030|    |145WIM|97|00|163|Y|0000Multiple|Y|1|00000275|1|00000001|I-275 ROMULUS NB-SB                               
S|26|638489|3|1|22|3U|2|T|3|3|N|0|0| |15|N|0|0| |2|L|L|P|000000648906| 17063|42647002| 83362923|    |108SPD|99|00|125|N|000000000000|Y|3|00000059|3|00000003|M-59 PONTIAC E-W BD. TOTAL W OF CASS LK RD        
S|26|645269|5|2|22|2R|2|T|1|3|H|1|3|G|15|N|0|0| |2|P|L|P|000001540403| 23360|43783604| 86401647|    |024WIM|85|00|127|N|000000000000|Y|2|00000031|2|00000002|US-31 PENTWATER NORTH-SOUTH TOTAL VOLUME          
S|26|829189|1|1|22|1U|3|T|3|3|H|3|3|K|15|T|3|5|T|2|Q|L|P|000001607208|  6002|42180020| 83388030|    |145WIM|97|00|163|Y|0000Multiple|Y|1|00000275|1|00000001|I-275 ROMULUS NB-SB                               
S|26|638470|5|1|22|3U|3|T|3|3|N|0|0| |01|N|0|0| |2|L|L|P|000000710106| 10536|42593699| 83281432|    |165CNT|00|00|125|N|000000000000|Y|2|00000024|2|00000002|US-24 @ HICKORY GROVE NB & SB TOTAL               
S|26|829959|5|4|22|1U|4|T|4|3|N|0|0| |15|N|0|0| |2|L|L|P|000001577706|  1800|42350981| 83047667|    |009SPD|97|00|163|N|000000000000|Y|1|00000075|1|00000001|I-75 @ MACK AVE. NB-SB                            
S|26|521109|7|1|22|3R|1|T|1|3|N|0|0| |15|N|0|0| |2|L|L|P|000001562009| 50712|46496029| 87931469|    |068SPD|72|00|103|N|000000000000|Y|2|00000041|3|00000028|US-41 M-28 CHAMPION E-W BD. VOL. W. OF JCT. M-95  
S|26|492089|1|1|22|1R|1|T|1|3|N|0|0|0|13|N|0|0|0|1|Z|L|P|000001144107|  2488|45848205| 84723409|0000|Bridge|58|00|097|N|000000000000|Y|1|00000075|0|00000000|I-75 MACKINAC BRIDGE N. BD.                       
S|26|645269|5|1|22|2R|2|T|1|3|H|1|3|G|15|N|0|0| |2|P|L|P|000001540403| 23360|43783604| 86401647|    |024WIM|85|00|127|N|000000000000|Y|2|00000031|2|00000002|US-31 PENTWATER NORTH-SOUTH TOTAL VOLUME          
S|26|705059|6|2|22|1U|2|T|2|3|H|2|3|K|15|T|2|5|T|2|Q|L|P|000000752204| 14380|42865975| 85801784|    |131WIM|96|00|139|Y|08_1_139_021|Y|1|00000196|1|00000001|I-196 HUDSONVILLE NE-SW BD                        
S|26|829189|1|3|22|1U|3|T|3|3|H|3|3|K|15|T|0|5|T|2|Q|L|P|000001607208|  6002|42180020| 83388030|    |145WIM|97|00|163|Y|0000Multiple|Y|1|00000275|1|00000001|I-275 ROMULUS NB-SB                               
S|26|639989|5|2|22|1U|3|T|3|3|N|0|0| |15|N|0|0| |2|L|L|P|000000647308|  3892|42497968| 83117198|    |098CNT|94|00|125|Y|0000Multiple|Y|1|00000075|1|00000001|I-75 ROYAL OAK N-S BD. VOL.                       
S|26|638409|7|3|22|2U|3|T|3|3|N|3|3|G|15|N|0|0| |2|P|L|P|000000648906| 30487|42624829| 83118017|    |030WIM|75|00|125|N|000000000000|Y|3|00000059|3|00000003|M-59 TROY E-W  BD. VOL. AT JOHN R                 
S|26|419759|7|2|22|2U|2|T|2|3|N|2|3|K|15|T|2|5|T|2|B|L|P|000002000001|  9130|42849836| 85605761|    |011WIM|04|00|081|Y|009_1_81_002|Y|3|00000006|3|00000003|M-6 EB-WB TOTAL 300 FT E. OF EASTERN AVE. CUTL    
S|26|419749|3|3|22|3U|3|T|3|3|N|0|0| |15|N|0|0| |2|L|L|P|000000409008| 12110|42912880| 85659325|    |082CNT|78|00|081|Y|009_1_81_040|Y|3|00000011|3|00000003|M-11(28TH ST) GD. RAPIDS E-W BD. TOTAL VOLUME     
S|26|638459|1|4|22|3U|4|T|4|3|N|0|0| |01|N|0|0| |2|L|L|P|000000710106|  2756|42481767| 83285317|    |157CNT|00|00|125|N|000000000000|Y|2|00000024|2|00000002|US-24 SOUTHFIELD N-S BD TOTAL                     
S|26|829209|5|2|22|1U|3|T|3|3|H|3|3|K|15|T|3|5|T|2|Q|L|P|000001607208| 16201|42306686| 83442382|    |141WIM|98|00|163|Y|01_1_163_050|Y|1|00000275|1|00000001|I-275 N.BD.- S.BD.  S. OF CHERRY HILL RD.         
S|26|256349|1|1|22|1U|3|T|3|3|H|3|3|G|15|N|0|0| |2|P|L|P|000001497804| 15311|43041057| 83753456|    |144WIM|00|00|049|N|000000000000|Y|1|00000075|2|00000023|I-75 FLINT NB-SB TOTAL 0.1 mi. S of Pasadena Rd   
S|26|776369|3|2|22|1R|2|T|2|3|H|2|3|K|15|T|2|5|T|2|Q|L|P|000000962706|  4087|42986678| 82908073|    |080WIM|00|00|147|Y|0000Multiple|Y|1|00000069|1|00000001|I-69 CAPAC EB & WB TOTAL                          
S|26|588249|5|3|22|1R|3|T|3|3|N|0|0| |15|N|0|0| |2|L|L|P|000001226910|  5165|41801375| 83456497|    |084WIM|89|00|115|Y|01_1_115_044|Y|1|00000075|1|00000001|I-75 LUNA PIER N-S VOLUME SOUTH OF LUNA PIER RD.  
S|26|492089|5|1|22|1R|1|T|1|3|N|0|0|0|13|N|0|0|0|1|Z|L|P|000001144107|  2488|45848252| 84723849|0000|Bridge|58|00|097|N|000000000000|Y|1|00000075|0|00000000|I-75 MACKINAC BRIDGE S. BD.                       
S|26|705059|2|2|22|1U|2|T|2|3|H|2|3|K|15|T|2|5|T|2|Q|L|P|000000752204| 14380|42865975| 85801784|    |131WIM|96|00|139|Y|08_1_139_021|Y|1|00000196|1|00000001|I-196 HUDSONVILLE NE-SW BD                        
S|26|509839|3|1|22|1U|4|T|4|3|N|0|0| |15|N|0|0| |2|L|L|P|000001740201|  5374|42492447| 82987029|    |133SPD|96|00|099|N|000000000000|Y|1|00000696|1|00000001|I-696 EB&WB TOTAL ON E. SIDE OF SCHOENHEER OVER   
S|26|724129|1|1|22|2R|2|T|2|3|H|2|3|K|15|T|2|5|T|2|Q|L|P|000001052101|  7075|44262660| 84803059|    |040WIM|62|00|143|Y|0000Multiple|Y|2|00000127|2|00000002|US-127 HOUGHTON LK. N-S BD. VOL.                  
S|26|829799|1|3|22|1U|3|T|3|3|H|3|3|G|15|N|0|0| |2|P|L|P|000001592010| 14461|42259112| 83179713|    |063WIM|03|00|163|N|000000000000|Y|1|00000075|1|00000001|I-75 CICOTTE 0.5 ML N. OF M-39 N&SB TOTALS        
S|26|639989|5|3|22|1U|3|T|3|3|N|0|0| |15|N|0|0| |2|L|L|P|000000647308|  3892|42497968| 83117198|    |098CNT|94|00|125|Y|0000Multiple|Y|1|00000075|1|00000001|I-75 ROYAL OAK N-S BD. VOL.                       
S|26|638459|5|2|22|3U|4|T|4|3|N|0|0| |01|N|0|0| |2|L|L|P|000000710106|  2756|42481767| 83285317|    |157CNT|00|00|125|N|000000000000|Y|2|00000024|2|00000002|US-24 SOUTHFIELD N-S BD TOTAL                     
S|26|419769|5|1|22|2U|3|T|3|3|N|0|0| |15|N|0|0| |2|L|L|P|000000410203| 13221|42956173| 85671225|    |083CNT|88|00|081|Y|009_1_81_014|Y|2|00000131|2|00000002|US-131 GRAND RAPIDS N.&SB TOTAL @ WEALTHY         
S|26|724129|5|1|22|2R|2|T|2|3|H|2|3|K|15|T|2|5|T|2|Q|L|P|000001052101|  7075|44262660| 84803059|    |040WIM|62|00|143|Y|0000Multiple|Y|2|00000127|2|00000002|US-127 HOUGHTON LK. N-S BD. VOL.                  
S|26|724129|5|2|22|2R|2|T|2|3|H|2|3|K|15|T|0|5|T|2|Q|L|P|000001052101|  7075|44262660| 84803059|    |040WIM|62|00|143|Y|0000Multiple|Y|2|00000127|2|00000002|US-127 HOUGHTON LK. N-S BD. VOL.                  
S|26|736229|4|4|22|1R|4|T|1|3|N|0|1|A|15|N|0|0| |2|L|L|P|000000468303| 22738|43512239| 83935481|    |035SPD|75|00|145|Y|0000Multiple|Y|1|00000075|1|00000023|I-75 CARROLLTON NW-SE BD. VOL NW. OF I-675        
S|26|829419|3|1|22|1U|3|T|3|3|N|0|0| |15|N|0|0| |2|L|L|P|000001576405| 28132|42364765| 83066429|    |003SPD|70|00|163|N|000000000000|Y|1|00000094|1|00000001|I-94 DETROIT E-W BD. VOL. AT BRUSH ST.            
S|26|339020|1|1|22|3U|2|T|2|3|N|0|0| |15|N|0|0| |2|L|L|P|000000359606|  9998|42717026| 84546161|    |156SPD|00|00|065|N|000000000000|Y|4|00000096|4|00000004|BR-96 CEDAR @ CHRISTIANCY NB & SB TOTAL           
S|26|829419|7|1|22|1U|3|T|3|3|N|0|0| |15|N|0|0| |2|L|L|P|000001576405| 28132|42364765| 83066429|    |003SPD|70|00|163|N|000000000000|Y|1|00000094|1|00000001|I-94 DETROIT E-W BD. VOL. AT BRUSH ST.            
S|26|638459|1|1|22|3U|4|T|4|3|N|0|0| |01|N|0|0| |2|L|L|P|000000710106|  2756|42481767| 83285317|    |157CNT|00|00|125|N|000000000000|Y|2|00000024|2|00000002|US-24 SOUTHFIELD N-S BD TOTAL                     
S|26|509839|3|2|22|1U|4|T|4|3|N|0|0| |15|N|0|0| |2|L|L|P|000001740201|  5374|42492447| 82987029|    |133SPD|96|00|099|N|000000000000|Y|1|00000696|1|00000001|I-696 EB&WB TOTAL ON E. SIDE OF SCHOENHEER OVER   
S|26|638470|1|4|22|3U|4|T|4|3|N|0|0| |01|N|0|0| |2|L|L|P|000000710106| 10536|42593699| 83281432|    |165CNT|00|00|125|N|000000000000|Y|2|00000024|2|00000002|US-24 @ HICKORY GROVE NB & SB TOTAL               
S|26|739229|5|1|22|1U|2|T|2|3| |0|0| |13| |0|0| |2|L|L|P|000000469901|  5472|43471857| 83956162|    |002SPD|03|00|073|Y|173101006011|Y|1|00000675|1|00000001|I-675 NEAR SCHUST RD. N & SB TOTAL                
S|26|829809|5|1|22|2U|3|T|3|3|N|0|0| |15|N|0|0| |2|L|L|P|000001592408| 13089|42410569| 83218667|    |109SPD|95|00|163|Y|01_1_163_037|Y|3|00000039|3|00000003|M-39 DETROIT N-S BD. VOL.                         
S|26|645269|1|1|22|2R|2|T|1|3|H|1|3|G|15|N|0|0| |2|P|L|P|000001540403| 23360|43783604| 86401647|    |024WIM|85|00|127|N|000000000000|Y|2|00000031|2|00000002|US-31 PENTWATER NORTH-SOUTH TOTAL VOLUME          
S|26|638459|5|3|22|3U|4|T|4|3|N|0|0| |01|N|0|0| |2|L|L|P|000000710106|  2756|42481767| 83285317|    |157CNT|00|00|125|N|000000000000|Y|2|00000024|2|00000002|US-24 SOUTHFIELD N-S BD TOTAL                     
S|26|509839|7|2|22|1U|4|T|4|3|N|0|0| |15|N|0|0| |2|L|L|P|000001740201|  5374|42492447| 82987029|    |133SPD|96|00|099|N|000000000000|Y|1|00000696|1|00000001|I-696 EB&WB TOTAL ON E. SIDE OF SCHOENHEER OVER   
S|26|736229|8|1|22|1R|4|T|1|3|N|0|1|A|15|N|0|0| |2|L|L|P|000000468303| 22738|43512239| 83935481|    |035SPD|75|00|145|Y|0000Multiple|Y|1|00000075|1|00000023|I-75 CARROLLTON NW-SE BD. VOL NW. OF I-675        
S|26|638629|1|3|22|1U|4|T|4|3|N|0|0| |15|N|0|0| |2|L|L|P|000000646106| 31505|42745908| 83409706|    |008SPD|80|00|125|N|000000000000|Y|1|00000075|1|00000001|I-75 CLARKSTON NORTH-SOUTH BD. TOTAL              
S|26|829489|3|3|22|1U|3|T|3|3|N|0|0| |15|N|0|0| |2|L|L|P|000001576405| 23791|42332399| 83138083|    |050CNT|86|00|163|N|000000000000|Y|1|00000094|1|00000001|I-94 DETROIT TOTAL VOLUME AT CENTRAL ST.          
S|26|339029|3|2|22|1U|3|T|3|3|N|0|0| |01|N|0|0| |2|L|L|P|000000355110|  3975|42725419| 84526331|    |006CNT|71|00|065|Y|006_1_65_051|Y|1|00000496|1|00000001|I-496 LANSING E-W BD. VOL. AT CLEMENS             
S|26|361049|7|1|22|3R|1|T|1|3|N|0|0| |15|N|0|0| |2|L|L|P|000001277603| 10722|46159727| 88776997|    |091SPD|89|00|071|N|000000000000|Y|2|00000002|2|00000002|US-2 IRON RIVER EAST-WEST TOTAL VOLUME            
S|26|705059|6|1|22|1U|2|T|2|3|H|2|3|K|15|T|2|5|T|2|Q|L|P|000000752204| 14380|42865975| 85801784|    |131WIM|96|00|139|Y|08_1_139_021|Y|1|00000196|1|00000001|I-196 HUDSONVILLE NE-SW BD                        
S|26|638459|5|1|22|3U|4|T|4|3|N|0|0| |01|N|0|0| |2|L|L|P|000000710106|  2756|42481767| 83285317|    |157CNT|00|00|125|N|000000000000|Y|2|00000024|2|00000002|US-24 SOUTHFIELD N-S BD TOTAL                     
S|26|509839|3|3|22|1U|4|T|4|3|N|0|0| |15|N|0|0| |2|L|L|P|000001740201|  5374|42492447| 82987029|    |133SPD|96|00|099|N|000000000000|Y|1|00000696|1|00000001|I-696 EB&WB TOTAL ON E. SIDE OF SCHOENHEER OVER   
S|26|736229|8|3|22|1R|4|T|1|3|N|0|1|A|15|N|0|0| |2|L|L|P|000000468303| 22738|43512239| 83935481|    |035SPD|75|00|145|Y|0000Multiple|Y|1|00000075|1|00000023|I-75 CARROLLTON NW-SE BD. VOL NW. OF I-675        
S|26|828839|3|2|22|1U|3|T|3|3|H|3|3|K|15|T|3|5|T|2|Q|L|P|000001576405|  3901|42219842| 83467555|    |055WIM|09|00|163|N|000000000000|Y|1|00000094|1|00000001|I-94 BELLIVILLE E&W TOTAL                         
S|26|829959|1|1|22|1U|4|T|4|3|N|0|0| |15|N|0|0| |2|L|L|P|000001577706|  1800|42350981| 83047667|    |009SPD|97|00|163|N|000000000000|Y|1|00000075|1|00000001|I-75 @ MACK AVE. NB-SB                            
S|26|829499|7|1|22|1U|3|T|3|3|N|0|0| |15|N|0|0| |2|L|L|P|000001576405| 27076|42355335| 83082614|    |103SPD|97|00|163|Y|01_1_163_030|Y|1|00000094|1|00000001|I-94 @ TRUMBULL E.BD.- W.BD.                      
S|26|705099|3|1|22|1R|2|T|2|3|N|2|3|K|15|N|2|5|T|2|Q|L|P|000000742410| 11627|43052682| 85936971|    |049WIM|11|00|139|N|000000000000|Y|1|00000096|1|00000001|I-96 COOPERSVILLE E&WB TOTAL 1 MILE E. OF 68TH Ave
S|26|638470|1|2|22|3U|4|T|4|3|N|0|0| |01|N|0|0| |2|L|L|P|000000710106| 10536|42593699| 83281432|    |165CNT|00|00|125|N|000000000000|Y|2|00000024|2|00000002|US-24 @ HICKORY GROVE NB & SB TOTAL               
S|26|509839|3|4|22|1U|4|T|4|3|N|0|0| |15|N|0|0| |2|L|L|P|000001740201|  5374|42492447| 82987029|    |133SPD|96|00|099|N|000000000000|Y|1|00000696|1|00000001|I-696 EB&WB TOTAL ON E. SIDE OF SCHOENHEER OVER   
S|26|776109|7|1|22|1U|2|T|2|3|N|0|0|0|13|N|0|0|0|1|Z|Z|P|000000967606| 25590|42999137| 82423989|0000|Bridge|75|00|147|Y|177111000000|Y|1|00000094|0|00000000|I-94 BLUE WATER BRIDGE WEST BOUND VOLUME          
S|26|829189|5|3|22|1U|3|T|3|3|H|3|3|K|15|T|0|5|T|2|Q|L|P|000001607208|  6002|42180020| 83388030|    |145WIM|97|00|163|Y|0000Multiple|Y|1|00000275|1|00000001|I-275 ROMULUS NB-SB                               
S|26|829499|7|2|22|1U|3|T|3|3|N|0|0| |15|N|0|0| |2|L|L|P|000001576405| 27076|42355335| 83082614|    |103SPD|97|00|163|Y|01_1_163_030|Y|1|00000094|1|00000001|I-94 @ TRUMBULL E.BD.- W.BD.                      
S|26|829699|1|2|22|1U|3|T|3|3|H|3|3|K|15|T|3|5|T|2|Q|L|P|000001592010|  3007|42109120| 83241391|    |065WIM|08|00|163|N|000000000000|Y|1|00000075|1|00000001|I-75 NB&SB TOTAL  VREELAND RD. OVERPASS           
S|26|638629|1|2|22|1U|4|T|4|3|N|0|0| |15|N|0|0| |2|L|L|P|000000646106| 31505|42745908| 83409706|    |008SPD|80|00|125|N|000000000000|Y|1|00000075|1|00000001|I-75 CLARKSTON NORTH-SOUTH BD. TOTAL              
S|26|509850|5|1|22|2U|2|T|2|3|N|0|0| |15|N|0|0| |2|L|L|P|000004210208|  3961|42602395| 83023430|    |172SPD|03|00|099|N|000000000000|Y|3|00000053|3|00000003|M-53 STERLING HEIGHTS S. OF UTICA RD. N&S TOTAL   
S|26|746019|7|1|22|3R|1|T|1|3|H|0|0|0|13|N|0|0|0|2|L|L|P|000001015404|  7739|43428667| 82620152|0000|102WIM|99|00|151|Y|174062072000|Y|3|00000046|0|00000000|M-46 Carsonville W-BD Ln 1 1/2 mi E. of Goetz R   
S|26|639829|7|1|22|1U|4|T|4|3|N|0|0| |15|N|0|0| |2|L|L|P|000000710701| 12862|42481883| 83207561|    |105CNT|90|00|125|N|000000000000|Y|1|00000696|1|00000001|I-696 SOUTHFIELD E-W VOL. EAST OF SOUTHFIELD ROAD 
S|26|829969|3|2|22|1U|3|T|3|3|N|0|0| |15|N|0|0| |2|L|L|P|000001576405| 33583|42401100| 82974606|    |064SPD|85|00|163|N|000000000000|Y|1|00000094|1|00000001|I-94 DETROIT E-W BD. VOL. AT DICKERSON ST.        
S|26|397109|1|1|22|3R|2|T|2|3|H|2|3|G|13|T|0|0|0|2|P|L|P|000000238202| 13410|42073571| 85636407|0000|036WIM|59|00|077|N|000000000000|Y|2|00000131|0|00000000|US-131 SCHOOLCRAFT LN-1 N. BD.                    
S|26|706029|5|1|22|4R|1|T|1|3|N|1|3|Z|01|N|0|0| |2|L|L|P|000002000011|  3018|43016104| 86091269|    |086SPD|15|00|139|N|000000000000|N|4|00000231|4|00000004|M-231  ALLENDALE N. & S. TOTAL, 100FT N. OF JOHN  
S|26|829799|5|3|22|1U|3|T|3|3|H|3|3|G|15|N|0|0| |2|P|L|P|000001592010| 14461|42259112| 83179713|    |063WIM|03|00|163|N|000000000000|Y|1|00000075|1|00000001|I-75 CICOTTE 0.5 ML N. OF M-39 N&SB TOTALS        
S|26|509850|5|2|22|2U|2|T|2|3|N|0|0| |15|N|0|0| |2|L|L|P|000004210208|  3961|42602395| 83023430|    |172SPD|03|00|099|N|000000000000|Y|3|00000053|3|00000003|M-53 STERLING HEIGHTS S. OF UTICA RD. N&S TOTAL   
S|26|746049|1|1|22|3R|1|T|1|3|N|0|0| |15|N|0|0| |2|L|L|P|000001015507| 14107|43366414| 82536569|    |041SPD|42|00|151|Y|07_1_151_012|Y|3|00000025|3|00000003|M-25 PORT SANILAC NORTH-SOUTH BOUND TOTAL VOLUME  
S|26|705099|3|2|22|1R|2|T|2|3|N|2|3|K|15|N|2|5|T|2|Q|L|P|000000742410| 11627|43052682| 85936971|    |049WIM|11|00|139|N|000000000000|Y|1|00000096|1|00000001|I-96 COOPERSVILLE E&WB TOTAL 1 MILE E. OF 68TH Ave
S|26|829809|1|3|22|2U|3|T|3|3|N|0|0| |15|N|0|0| |2|L|L|P|000001592408| 13089|42410569| 83218667|    |109SPD|95|00|163|Y|01_1_163_037|Y|3|00000039|3|00000003|M-39 DETROIT N-S BD. VOL.                         
S|26|746289|3|1|22|3R|1|T|1|3|N|0|0| |15|N|0|0| |2|L|L|P|000001014806|   218|43414429| 83101931|    |039SPD|73|00|151|N|000000000000|Y|3|00000046|3|00000003|M-46 HEMANS E-W BD. VOL. W. OF JCT. M-53          
S|26|639989|1|3|22|1U|3|T|3|3|N|0|0| |15|N|0|0| |2|L|L|P|000000647308|  3892|42497968| 83117198|    |098CNT|94|00|125|Y|0000Multiple|Y|1|00000075|1|00000001|I-75 ROYAL OAK N-S BD. VOL.                       
S|26|521089|8|1|22|3R|1|T|1|3|N|0|0| |15|N|0|0| |2|L|L|P|000001562009| 15731|46451535| 87300939|    |067SPD|73|00|103|Y|0000Multiple|Y|2|00000041|2|00000002|US-41 SKANDIA NW-SE BD. VOL.                      
S|26|776369|3|1|22|1R|2|T|2|3|H|2|3|K|15|T|2|5|T|2|Q|L|P|000000962706|  4087|42986678| 82908073|    |080WIM|00|00|147|Y|0000Multiple|Y|1|00000069|1|00000001|I-69 CAPAC EB & WB TOTAL                          
S|26|776469|7|2|22|1U|2|T|2|3|H|2|3|K|15|T|2|5|T|2|Q|L|P|000000967606| 18333|42930630| 82506404|    |031WIM|89|00|147|Y|22_1_147_054|Y|1|00000094|1|00000001|I-94 PORT HURON EAST-WEST TOTAL VOLUME            
S|26|833399|1|2|22|2R|2|T|2|3|H|2|3|K|15|T|0|5|T|2|Q|L|P|000003830527|   200|44167089| 85438125|    |175WIM|19|00|165|Y|0000Multiple|Y|2|00000131|0|        |US-131 1.5 MI SOUTH OF CADILLAC REST AREA         
S|26|829809|5|2|22|2U|3|T|3|3|N|0|0| |15|N|0|0| |2|L|L|P|000001592408| 13089|42410569| 83218667|    |109SPD|95|00|163|Y|01_1_163_037|Y|3|00000039|3|00000003|M-39 DETROIT N-S BD. VOL.                         
S|26|588249|1|1|22|1R|3|T|3|3|N|0|0| |15|N|0|0| |2|L|L|P|000001226910|  5165|41801375| 83456497|    |084WIM|89|00|115|Y|01_1_115_044|Y|1|00000075|1|00000001|I-75 LUNA PIER N-S VOLUME SOUTH OF LUNA PIER RD.  
S|26|638470|5|2|22|3U|3|T|3|3|N|0|0| |01|N|0|0| |2|L|L|P|000000710106| 10536|42593699| 83281432|    |165CNT|00|00|125|N|000000000000|Y|2|00000024|2|00000002|US-24 @ HICKORY GROVE NB & SB TOTAL               
S|26|829699|1|3|22|1U|3|T|3|3|H|3|3|K|15|T|0|5|T|2|Q|L|P|000001592010|  3007|42109120| 83241391|    |065WIM|08|00|163|N|000000000000|Y|1|00000075|1|00000001|I-75 NB&SB TOTAL  VREELAND RD. OVERPASS           
S|26|828839|3|3|22|1U|3|T|3|3|H|3|3|K|15|T|0|5|T|2|Q|L|P|000001576405|  3901|42219842| 83467555|    |055WIM|09|00|163|N|000000000000|Y|1|00000094|1|00000001|I-94 BELLIVILLE E&W TOTAL                         
S|26|829999|2|3|22|2U|4|T|4|3|N|0|0| |15|N|0|0| |2|L|L|P|000004702009|  3384|42402241| 83098305|    |021SPD|97|00|163|N|000000000000|Y|3|00000008|3|00000003|M-8 DAVISON NE.-SW.BD. AT 2ND                     
S|26|615289|1|2|22|2U|2|T|2|3|H|2|3|K|15|T|2|5|T|2|Q|L|P|000000857509|  5583|43197753| 86204921|    |079WIM|89|00|121|Y|16_1_121_042|Y|2|00000031|2|00000002|US-31 MUSKEGON NB-SB TOTAL S. OF BROADWAY OVERPAS 
S|26|638489|7|1|22|3U|3|T|3|3|N|0|0| |15|N|0|0| |2|L|L|P|000000648906| 17063|42647002| 83362923|    |108SPD|99|00|125|N|000000000000|Y|3|00000059|3|00000003|M-59 PONTIAC E-W BD. TOTAL W OF CASS LK RD        
S|26|829699|5|3|22|1U|3|T|3|3|H|3|3|K|15|T|0|5|T|2|Q|L|P|000001592010|  3007|42109120| 83241391|    |065WIM|08|00|163|N|000000000000|Y|1|00000075|1|00000001|I-75 NB&SB TOTAL  VREELAND RD. OVERPASS           
S|26|776469|3|2|22|1U|2|T|2|3|H|2|3|K|15|T|2|5|T|2|Q|L|P|000000967606| 18333|42930630| 82506404|    |031WIM|89|00|147|Y|22_1_147_054|Y|1|00000094|1|00000001|I-94 PORT HURON EAST-WEST TOTAL VOLUME            
S|26|787329|3|1|22|3R|1|T|1|3|H|1|3|G|15|N|0|0| |2|P|L|P|000000232106|  9088|41797116| 85586690|    |078WIM|89|00|149|Y|0000Multiple|Y|2|00000012|2|00000002|US-12 WHITE PIGEON TOTAL VOLUME                   
S|26|807219|7|1|22|1U|2|T|2|3|H|2|3|K|15|T|2|5|T|2|Q|L|P|000000580805| 21104|42219893| 85822686|    |043WIM|08|00|159|N|000000000000|Y|1|00000094|1|00000001|I-94 E&W TOTAL MATTAWAN E. OF COUNTY RD. 657      
S|26|673149|7|1|22|3R|1|T|1|3|N|0|0| |15|N|0|0| |2|L|L|P|000001290603| 21132|43900731| 85154576|    |027CNT|75|00|133|Y|08_1_133_002|Y|2|00000010|2|00000002|US-10 SEARS EAST-WEST BD. TOTAL VOL. 1/2ML W.     
S|26|694049|1|2|22|1R|2|T|2|3|H|2|3|K|15|T|0|5|T|2|Q|L|P|000001080805| 20757|45140355| 84670383|    |028WIM|95|00|137|Y|0000Multiple|Y|1|00000075|1|00000001|I-75 VANDERBILT N-S BD. VOL.                      
S|26|705099|7|1|22|1R|2|T|2|3|N|2|3|K|15|N|2|5|T|2|Q|L|P|000000742410| 11627|43052682| 85936971|    |049WIM|11|00|139|N|000000000000|Y|1|00000096|1|00000001|I-96 COOPERSVILLE E&WB TOTAL 1 MILE E. OF 68TH Ave
S|26|829999|2|4|22|2U|4|T|4|3|N|0|0| |15|N|0|0| |2|L|L|P|000004702009|  3384|42402241| 83098305|    |021SPD|97|00|163|N|000000000000|Y|3|00000008|3|00000003|M-8 DAVISON NE.-SW.BD. AT 2ND                     
S|26|588249|1|2|22|1R|3|T|3|3|N|0|0| |15|N|0|0| |2|L|L|P|000001226910|  5165|41801375| 83456497|    |084WIM|89|00|115|Y|01_1_115_044|Y|1|00000075|1|00000001|I-75 LUNA PIER N-S VOLUME SOUTH OF LUNA PIER RD.  
S|26|654089|5|2|22|3R|2|T|2|3|N|0|0| |15|N|0|0| |2|L|L|P|000001005503| 20682|44456157| 84127190|    |056SPD|70|00|129|N|000000000000|Y|3|00000033|3|00000003|M-33 ROSE CITY N-S BD. VOL.                       
S|26|829999|6|2|22|2U|4|T|4|3|N|0|0| |15|N|0|0| |2|L|L|P|000004702009|  3384|42402241| 83098305|    |021SPD|97|00|163|N|000000000000|Y|3|00000008|3|00000003|M-8 DAVISON NE.-SW.BD. AT 2ND                     
S|26|706029|1|1|22|4R|1|T|1|3|N|1|3|Z|01|N|0|0| |2|L|L|P|000002000011|  3018|43016104| 86091269|    |086SPD|15|00|139|N|000000000000|N|4|00000231|4|00000004|M-231  ALLENDALE N. & S. TOTAL, 100FT N. OF JOHN  
S|26|638409|3|1|22|2U|3|T|3|3|N|3|3|G|15|N|0|0| |2|P|L|P|000000648906| 30487|42624829| 83118017|    |030WIM|75|00|125|N|000000000000|Y|3|00000059|3|00000003|M-59 TROY E-W  BD. VOL. AT JOHN R                 
S|26|833399|1|1|22|2R|2|T|2|3|H|2|3|K|15|T|2|5|T|2|Q|L|P|000003830527|   200|44167089| 85438125|    |175WIM|19|00|165|Y|0000Multiple|Y|2|00000131|0|        |US-131 1.5 MI SOUTH OF CADILLAC REST AREA         
S|26|661029|7|1|22|3R|1|T|1|3| |0|0| |13| |0|0| |2|L|L|P|000001271101| 25912|46534791| 89224654|    |139SPD|96|00|066|Y|166022006610|Y|3|00000028|3|00000003|M-28 BRUCE CROSSING E-W BD.                       
S|26|829799|1|2|22|1U|3|T|3|3|H|3|3|G|15|N|0|0| |2|P|L|P|000001592010| 14461|42259112| 83179713|    |063WIM|03|00|163|N|000000000000|Y|1|00000075|1|00000001|I-75 CICOTTE 0.5 ML N. OF M-39 N&SB TOTALS        
S|26|724129|1|2|22|2R|2|T|2|3|H|2|3|K|15|T|0|5|T|2|Q|L|P|000001052101|  7075|44262660| 84803059|    |040WIM|62|00|143|Y|0000Multiple|Y|2|00000127|2|00000002|US-127 HOUGHTON LK. N-S BD. VOL.                  
S|26|736229|8|2|22|1R|4|T|1|3|N|0|1|A|15|N|0|0| |2|L|L|P|000000468303| 22738|43512239| 83935481|    |035SPD|75|00|145|Y|0000Multiple|Y|1|00000075|1|00000023|I-75 CARROLLTON NW-SE BD. VOL NW. OF I-675        
S|26|829969|7|3|22|1U|3|T|3|3|N|0|0| |15|N|0|0| |2|L|L|P|000001576405| 33583|42401100| 82974606|    |064SPD|85|00|163|N|000000000000|Y|1|00000094|1|00000001|I-94 DETROIT E-W BD. VOL. AT DICKERSON ST.        
S|26|829109|1|2|22|2U|3|T|3|3|N|0|1|A|01|N|0|0| |2|L|L|P|000001577509|  9111|42364599| 83080075|    |171CNT|70|00|163|N|000000000000|Y|3|00000010|3|00000003|M-10 DETROIT NORTH-SOUTH TOTAL VOLUME AT MILWAUKEE
S|26|829959|1|2|22|1U|4|T|4|3|N|0|0| |15|N|0|0| |2|L|L|P|000001577706|  1800|42350981| 83047667|    |009SPD|97|00|163|N|000000000000|Y|1|00000075|1|00000001|I-75 @ MACK AVE. NB-SB                            
S|26|595249|5|1|22|2R|2|T|2|3|H|2|3|G|15|N|0|0| |2|P|L|P|000001206705| 10920|43439436| 85492250|    |122WIM|80|00|117|Y|0000Multiple|Y|2|00000131|2|00000002|US-131 MORLEY N.BD.-S.BD. TOTAL                   
S|26|829419|3|2|22|1U|3|T|3|3|N|0|0| |15|N|0|0| |2|L|L|P|000001576405| 28132|42364765| 83066429|    |003SPD|70|00|163|N|000000000000|Y|1|00000094|1|00000001|I-94 DETROIT E-W BD. VOL. AT BRUSH ST.            
S|26|829969|7|1|22|1U|3|T|3|3|N|0|0| |15|N|0|0| |2|L|L|P|000001576405| 33583|42401100| 82974606|    |064SPD|85|00|163|N|000000000000|Y|1|00000094|1|00000001|I-94 DETROIT E-W BD. VOL. AT DICKERSON ST.        
S|26|766069|2|2|22|1R|2|T|2|3|N|2|3|G|15|N|0|0| |2|P|L|P|000000550708|  1441|42802720| 84337005|    |019WIM|42|00|155|N|000000000000|Y|1|00000069|1|00000001|I-69 Looking Glass NE-SW BOUND TOTAL VOLUME       
S|26|638209|7|1|22|1U|3|T|3|3|H|3|3|K|15|T|0|5|T|2|P|L|P|000000657303|  3957|42513259| 83595988|    |022WIM|62|00|125|Y|0000Multiple|Y|1|00000096|1|00000001|I-96 NEW HUDSON E-W BD. VOL.                      
S|26|397440|5|1|22|3U|2|T|2|3| |0|0| |13| |0|0| |2|L|L|P|000000010208|  3167|42250849| 85589659|    |160CNT|00|00|039|Y|435380020600|Y|3|00000331|3|00000003|M-331 WESTNEDGE 1/2 MI N OF KILGORE NB & SB TOTAL 
S|26|833399|5|1|22|2R|2|T|2|3|H|2|3|K|15|T|2|5|T|2|Q|L|P|000003830527|   200|44167089| 85438125|    |175WIM|19|00|165|Y|0000Multiple|Y|2|00000131|0|        |US-131 1.5 MI SOUTH OF CADILLAC REST AREA         
S|26|807219|3|2|22|1U|2|T|2|3|H|2|3|K|15|T|2|5|T|2|Q|L|P|000000580805| 21104|42219893| 85822686|    |043WIM|08|00|159|N|000000000000|Y|1|00000094|1|00000001|I-94 E&W TOTAL MATTAWAN E. OF COUNTY RD. 657      
S|26|638459|1|3|22|3U|4|T|4|3|N|0|0| |01|N|0|0| |2|L|L|P|000000710106|  2756|42481767| 83285317|    |157CNT|00|00|125|N|000000000000|Y|2|00000024|2|00000002|US-24 SOUTHFIELD N-S BD TOTAL                     
S|26|829419|7|3|22|1U|3|T|3|3|N|0|0| |15|N|0|0| |2|L|L|P|000001576405| 28132|42364765| 83066429|    |003SPD|70|00|163|N|000000000000|Y|1|00000094|1|00000001|I-94 DETROIT E-W BD. VOL. AT BRUSH ST.            
S|26|828440|1|1|22|3U|4|T|4|3|H|4|3|G|15| |0|0| |2|P|L|P|000004700038| 21939|42406699| 83276660|    |173WIM|03|00|082|Y|182053032011|Y|2|00000024|2|00000002|US-24 DETROIT NB TOTAL N. OF I-96 & S. OF PURITAN 
S|26|829209|1|1|22|1U|3|T|3|3|H|3|3|K|15|T|3|5|T|2|Q|L|P|000001607208| 16201|42306686| 83442382|    |141WIM|98|00|163|Y|01_1_163_050|Y|1|00000275|1|00000001|I-275 N.BD.- S.BD.  S. OF CHERRY HILL RD.         
S|26|419739|3|1|22|2U|2|T|2|3|N|0|0| |15|N|0|0| |2|L|L|P|000002000001| 13574|42854289| 85521204|    |169CNT|02|00|081|Y|009_1_81_001|Y|3|00000006|3|00000003|M-6 GD. RAPIDS EB&WB TOTAL@ALASKIA .7mi E. OF M-37
S|26|724149|5|2|22|1R|2|T|2|3|H|2|3|K|15|T|0|5|T|2|Q|L|P|000001052304|  4215|44316986| 84450243|    |026WIM|76|00|143|N|000000000000|Y|1|00000075|3|00000055|I-75 PRUDENVILLE N-S BD VOLUME AT MAPLE VALLEY RD 
S|26|638459|1|2|22|3U|4|T|4|3|N|0|0| |01|N|0|0| |2|L|L|P|000000710106|  2756|42481767| 83285317|    |157CNT|00|00|125|N|000000000000|Y|2|00000024|2|00000002|US-24 SOUTHFIELD N-S BD TOTAL                     
S|26|829699|1|1|22|1U|3|T|3|3|H|3|3|K|15|T|3|5|T|2|Q|L|P|000001592010|  3007|42109120| 83241391|    |065WIM|08|00|163|N|000000000000|Y|1|00000075|1|00000001|I-75 NB&SB TOTAL  VREELAND RD. OVERPASS           
S|26|828839|7|1|22|1U|3|T|3|3|H|3|3|K|15|T|3|5|T|2|Q|L|P|000001576405|  3901|42219842| 83467555|    |055WIM|09|00|163|N|000000000000|Y|1|00000094|1|00000001|I-94 BELLIVILLE E&W TOTAL                         
S|26|419749|3|2|22|3U|3|T|3|3|N|0|0| |15|N|0|0| |2|L|L|P|000000409008| 12110|42912880| 85659325|    |082CNT|78|00|081|Y|009_1_81_040|Y|3|00000011|3|00000003|M-11(28TH ST) GD. RAPIDS E-W BD. TOTAL VOLUME     
S|26|776109|3|1|22|1U|2|T|2|3|N|0|0|0|13|N|0|0|0|1|Z|Z|P|000000967606| 25590|42998792| 82424113|0000|Bridge|75|00|147|Y|177111000000|Y|1|00000094|0|00000000|I-94 BLUE WATER BRIDGE EAST BOUND VOLUME          
S|26|638470|5|3|22|3U|3|T|3|3|N|0|0| |01|N|0|0| |2|L|L|P|000000710106| 10536|42593699| 83281432|    |165CNT|00|00|125|N|000000000000|Y|2|00000024|2|00000002|US-24 @ HICKORY GROVE NB & SB TOTAL               
S|26|829959|5|3|22|1U|4|T|4|3|N|0|0| |15|N|0|0| |2|L|L|P|000001577706|  1800|42350981| 83047667|    |009SPD|97|00|163|N|000000000000|Y|1|00000075|1|00000001|I-75 @ MACK AVE. NB-SB                            
S|26|419769|1|1|22|2U|3|T|3|3|N|0|0| |15|N|0|0| |2|L|L|P|000000410203| 13221|42956173| 85671225|    |083CNT|88|00|081|Y|009_1_81_014|Y|2|00000131|2|00000002|US-131 GRAND RAPIDS N.&SB TOTAL @ WEALTHY         
S|26|829499|3|2|22|1U|3|T|3|3|N|0|0| |15|N|0|0| |2|L|L|P|000001576405| 27076|42355335| 83082614|    |103SPD|97|00|163|Y|01_1_163_030|Y|1|00000094|1|00000001|I-94 @ TRUMBULL E.BD.- W.BD.                      
S|26|638489|7|2|22|3U|3|T|3|3|N|0|0| |15|N|0|0| |2|L|L|P|000000648906| 17063|42647002| 83362923|    |108SPD|99|00|125|N|000000000000|Y|3|00000059|3|00000003|M-59 PONTIAC E-W BD. TOTAL W OF CASS LK RD        
S|26|639829|7|3|22|1U|4|T|4|3|N|0|0| |15|N|0|0| |2|L|L|P|000000710701| 12862|42481883| 83207561|    |105CNT|90|00|125|N|000000000000|Y|1|00000696|1|00000001|I-696 SOUTHFIELD E-W VOL. EAST OF SOUTHFIELD ROAD 
S|26|492049|5|1|22|1R|2|T|2|3|N|0|0| |15|N|0|0| |2|L|L|P|000001144107|  9143|45914042| 84739946|    |070SPD|58|00|097|Y|013_1_97_001|Y|1|00000075|1|00000001|I-75 ST.IGNACE N-S BD. VOL.                       
S|26|787119|5|1|22|3R|1|N|1|3|N|1|3|K|15|N|1|5|T|2|Q|L|P|000005492761|  1847|41840637| 85678626|    |069WIM|13|00|149|N|000000000000|Y|2|00000131|2|00000002|US-131 CONSTANTINE TOTAL, 500, S. OF N. RIVER RD  
S|26|829109|1|3|22|2U|3|T|3|3|N|0|1|A|01|N|0|0| |2|L|L|P|000001577509|  9111|42364599| 83080075|    |171CNT|70|00|163|N|000000000000|Y|3|00000010|3|00000003|M-10 DETROIT NORTH-SOUTH TOTAL VOLUME AT MILWAUKEE
S|26|638629|5|1|22|1U|3|T|3|3|N|0|0| |15|N|0|0| |2|L|L|P|000000646106| 31505|42745908| 83409706|    |008SPD|80|00|125|N|000000000000|Y|1|00000075|1|00000001|I-75 CLARKSTON NORTH-SOUTH BD. TOTAL              
S|26|829109|5|1|22|2U|3|T|3|3|N|0|1|A|01|N|0|0| |2|L|L|P|000001577509|  9111|42364599| 83080075|    |171CNT|70|00|163|N|000000000000|Y|3|00000010|3|00000003|M-10 DETROIT NORTH-SOUTH TOTAL VOLUME AT MILWAUKEE
S|26|807219|3|1|22|1U|2|T|2|3|H|2|3|K|15|T|2|5|T|2|Q|L|P|000000580805| 21104|42219893| 85822686|    |043WIM|08|00|159|N|000000000000|Y|1|00000094|1|00000001|I-94 E&W TOTAL MATTAWAN E. OF COUNTY RD. 657      
S|26|654089|1|2|22|3R|2|T|2|3|N|0|0| |15|N|0|0| |2|L|L|P|000001005503| 20682|44456157| 84127190|    |056SPD|70|00|129|N|000000000000|Y|3|00000033|3|00000003|M-33 ROSE CITY N-S BD. VOL.                       
S|26|509850|1|1|22|2U|2|T|2|3|N|0|0| |15|N|0|0| |2|L|L|P|000004210208|  3961|42602395| 83023430|    |172SPD|03|00|099|N|000000000000|Y|3|00000053|3|00000003|M-53 STERLING HEIGHTS S. OF UTICA RD. N&S TOTAL   
S|26|533269|3|1|22|3R|1|T|1|3|H|1|3|G|15|N|0|0| |2|P|L|P|000000216003| 19374|43946021| 86066832|    |076WIM|88|00|105|Y|16_1_105_006|Y|2|00000010|2|00000002|US-10 BRANCH EAST-WEST TOTAL VOLUME               
S|26|638629|5|2|22|1U|3|T|3|3|N|0|0| |15|N|0|0| |2|L|L|P|000000646106| 31505|42745908| 83409706|    |008SPD|80|00|125|N|000000000000|Y|1|00000075|1|00000001|I-75 CLARKSTON NORTH-SOUTH BD. TOTAL              
S|26|829109|5|3|22|2U|3|T|3|3|N|0|1|A|01|N|0|0| |2|L|L|P|000001577509|  9111|42364599| 83080075|    |171CNT|70|00|163|N|000000000000|Y|3|00000010|3|00000003|M-10 DETROIT NORTH-SOUTH TOTAL VOLUME AT MILWAUKEE
S|26|828440|1|2|22|3U|4|T|4|3|H|4|3|G|15| |0|0| |2|P|L|P|000004700038| 21939|42406699| 83276660|    |173WIM|03|00|082|Y|182053032011|Y|2|00000024|2|00000002|US-24 DETROIT NB TOTAL N. OF I-96 & S. OF PURITAN 
S|26|694049|5|1|22|1R|2|T|2|3|H|2|3|K|15|T|2|5|T|2|Q|L|P|000001080805| 20757|45140355| 84670383|    |028WIM|95|00|137|Y|0000Multiple|Y|1|00000075|1|00000001|I-75 VANDERBILT N-S BD. VOL.                      
S|26|533269|7|1|22|3R|1|T|1|3|H|1|3|G|15|N|0|0| |2|P|L|P|000000216003| 19374|43946021| 86066832|    |076WIM|88|00|105|Y|16_1_105_006|Y|2|00000010|2|00000002|US-10 BRANCH EAST-WEST TOTAL VOLUME               
S|26|638629|5|3|22|1U|3|T|3|3|N|0|0| |15|N|0|0| |2|L|L|P|000000646106| 31505|42745908| 83409706|    |008SPD|80|00|125|N|000000000000|Y|1|00000075|1|00000001|I-75 CLARKSTON NORTH-SOUTH BD. TOTAL              
S|26|829189|5|1|22|1U|3|T|3|3|H|3|3|K|15|T|3|5|T|2|Q|L|P|000001607208|  6002|42180020| 83388030|    |145WIM|97|00|163|Y|0000Multiple|Y|1|00000275|1|00000001|I-275 ROMULUS NB-SB                               
S|26|828839|3|1|22|1U|3|T|3|3|H|3|3|K|15|T|3|5|T|2|Q|L|P|000001576405|  3901|42219842| 83467555|    |055WIM|09|00|163|N|000000000000|Y|1|00000094|1|00000001|I-94 BELLIVILLE E&W TOTAL                         
S|26|829499|3|3|22|1U|3|T|3|3|N|0|0| |15|N|0|0| |2|L|L|P|000001576405| 27076|42355335| 83082614|    |103SPD|97|00|163|Y|01_1_163_030|Y|1|00000094|1|00000001|I-94 @ TRUMBULL E.BD.- W.BD.                      
S|26|829209|5|1|22|1U|3|T|3|3|H|3|3|K|15|T|3|5|T|2|Q|L|P|000001607208| 16201|42306686| 83442382|    |141WIM|98|00|163|Y|01_1_163_050|Y|1|00000275|1|00000001|I-275 N.BD.- S.BD.  S. OF CHERRY HILL RD.         
S|26|829799|5|2|22|1U|3|T|3|3|H|3|3|G|15|N|0|0| |2|P|L|P|000001592010| 14461|42259112| 83179713|    |063WIM|03|00|163|N|000000000000|Y|1|00000075|1|00000001|I-75 CICOTTE 0.5 ML N. OF M-39 N&SB TOTALS        
S|26|639979|1|1|22|1U|3|T|3|3|N|0|0| |15|N|0|0| |2|L|L|P|000000647308| 11180|42576804| 83158989|    |135SPD|97|00|125|N|000000000000|Y|1|00000075|1|00000001|I-75@WATTLES RD. N.BD. S.BD. TOTAL                
S|26|639829|3|1|22|1U|4|T|4|3|N|0|0| |15|N|0|0| |2|L|L|P|000000710701| 12862|42481883| 83207561|    |105CNT|90|00|125|N|000000000000|Y|1|00000696|1|00000001|I-696 SOUTHFIELD E-W VOL. EAST OF SOUTHFIELD ROAD 
S|26|736229|4|3|22|1R|4|T|1|3|N|0|1|A|15|N|0|0| |2|L|L|P|000000468303| 22738|43512239| 83935481|    |035SPD|75|00|145|Y|0000Multiple|Y|1|00000075|1|00000023|I-75 CARROLLTON NW-SE BD. VOL NW. OF I-675        
S|26|829419|7|2|22|1U|3|T|3|3|N|0|0| |15|N|0|0| |2|L|L|P|000001576405| 28132|42364765| 83066429|    |003SPD|70|00|163|N|000000000000|Y|1|00000094|1|00000001|I-94 DETROIT E-W BD. VOL. AT BRUSH ST.            
S|26|829959|1|3|22|1U|4|T|4|3|N|0|0| |15|N|0|0| |2|L|L|P|000001577706|  1800|42350981| 83047667|    |009SPD|97|00|163|N|000000000000|Y|1|00000075|1|00000001|I-75 @ MACK AVE. NB-SB                            
S|26|724149|1|1|22|1R|2|T|2|3|H|2|3|K|15|T|2|5|T|2|Q|L|P|000001052304|  4215|44316986| 84450243|    |026WIM|76|00|143|N|000000000000|Y|1|00000075|3|00000055|I-75 PRUDENVILLE N-S BD VOLUME AT MAPLE VALLEY RD 
S|26|829959|1|4|22|1U|4|T|4|3|N|0|0| |15|N|0|0| |2|L|L|P|000001577706|  1800|42350981| 83047667|    |009SPD|97|00|163|N|000000000000|Y|1|00000075|1|00000001|I-75 @ MACK AVE. NB-SB                            
S|26|739229|5|2|22|1U|2|T|2|3| |0|0| |13| |0|0| |2|L|L|P|000000469901|  5472|43471857| 83956162|    |002SPD|03|00|073|Y|173101006011|Y|1|00000675|1|00000001|I-675 NEAR SCHUST RD. N & SB TOTAL                
S|26|829959|5|1|22|1U|4|T|4|3|N|0|0| |15|N|0|0| |2|L|L|P|000001577706|  1800|42350981| 83047667|    |009SPD|97|00|163|N|000000000000|Y|1|00000075|1|00000001|I-75 @ MACK AVE. NB-SB                            
S|26|739229|1|1|22|1U|2|T|2|3| |0|0| |13| |0|0| |2|L|L|P|000000469902|  5303|43471857| 83956162|    |002SPD|03|00|073|Y|173101006011|Y|1|00000675|1|00000001|I-675 NEAR SCHUST RD. N & SB TOTAL                
S|26|829999|6|3|22|2U|4|T|4|3|N|0|0| |15|N|0|0| |2|L|L|P|000004702009|  3384|42402241| 83098305|    |021SPD|97|00|163|N|000000000000|Y|3|00000008|3|00000003|M-8 DAVISON NE.-SW.BD. AT 2ND                     
S|26|639829|7|2|22|1U|4|T|4|3|N|0|0| |15|N|0|0| |2|L|L|P|000000710701| 12862|42481883| 83207561|    |105CNT|90|00|125|N|000000000000|Y|1|00000696|1|00000001|I-696 SOUTHFIELD E-W VOL. EAST OF SOUTHFIELD ROAD 
S|26|766069|2|1|22|1R|2|T|2|3|N|2|3|G|15|N|0|0| |2|P|L|P|000000550708|  1441|42802720| 84337005|    |019WIM|42|00|155|N|000000000000|Y|1|00000069|1|00000001|I-69 Looking Glass NE-SW BOUND TOTAL VOLUME       
S|26|829489|7|3|22|1U|3|T|3|3|N|0|0| |15|N|0|0| |2|L|L|P|000001576405| 23791|42332399| 83138083|    |050CNT|86|00|163|N|000000000000|Y|1|00000094|1|00000001|I-94 DETROIT TOTAL VOLUME AT CENTRAL ST.          
S|26|746019|3|1|22|3R|1|T|1|3|H|0|0|0|13|N|0|0|0|2|L|L|P|000001015404|  7739|43428667| 82620152|0000|102WIM|99|00|151|Y|174062072000|Y|3|00000046|0|00000000|M-46 Carsonville E-BD Ln 1 1/2 mi. E of Goetz R   
S|26|833300|4|1|22|3R|1|T|1|3|N|0|0| |15|N|0|0| |2|L|L|P|000001127810|  7321|44395280| 85685059|    |158SPD|00|00|165|N|000000000000|Y|3|00000115|3|00000003|M-115 MESICK NE-SW BD TOTAL                       
S|26|829809|1|2|22|2U|3|T|3|3|N|0|0| |15|N|0|0| |2|L|L|P|000001592408| 13089|42410569| 83218667|    |109SPD|95|00|163|Y|01_1_163_037|Y|3|00000039|3|00000003|M-39 DETROIT N-S BD. VOL.                         
S|26|639989|5|1|22|1U|3|T|3|3|N|0|0| |15|N|0|0| |2|L|L|P|000000647308|  3892|42497968| 83117198|    |098CNT|94|00|125|Y|0000Multiple|Y|1|00000075|1|00000001|I-75 ROYAL OAK N-S BD. VOL.                       
S|26|766069|6|1|22|1R|2|T|2|3|N|2|3|G|15|N|0|0| |2|P|L|P|000000550708|  1441|42802720| 84337005|    |019WIM|42|00|155|N|000000000000|Y|1|00000069|1|00000001|I-69 Looking Glass NE-SW BOUND TOTAL VOLUME       
S|26|829999|2|2|22|2U|4|T|4|3|N|0|0| |15|N|0|0| |2|L|L|P|000004702009|  3384|42402241| 83098305|    |021SPD|97|00|163|N|000000000000|Y|3|00000008|3|00000003|M-8 DAVISON NE.-SW.BD. AT 2ND                     
S|26|807289|3|1|22|4R|1|T|1|3|H|1|3|G|15|N|0|0| |2|P|L|P|000000578301| 12231|42308955| 86076567|    |037WIM|85|00|159|N|000000000000|N|3|00000043|3|00000003|M-43 BANGOR EAST-WEST TOTAL VOL. WEST OF 54TH ST. 
S|26|645269|1|2|22|2R|2|T|1|3|H|1|3|G|15|N|0|0| |2|P|L|P|000001540403| 23360|43783604| 86401647|    |024WIM|85|00|127|N|000000000000|Y|2|00000031|2|00000002|US-31 PENTWATER NORTH-SOUTH TOTAL VOLUME          
S|26|776369|7|2|22|1R|2|T|2|3|H|2|3|K|15|T|2|5|T|2|Q|L|P|000000962706|  4087|42986678| 82908073|    |080WIM|00|00|147|Y|0000Multiple|Y|1|00000069|1|00000001|I-69 CAPAC EB & WB TOTAL                          
S|26|833399|5|2|22|2R|2|T|2|3|H|2|3|K|15|T|0|5|T|2|Q|L|P|000003830527|   200|44167089| 85438125|    |175WIM|19|00|165|Y|0000Multiple|Y|2|00000131|0|        |US-131 1.5 MI SOUTH OF CADILLAC REST AREA         
S|26|807289|7|1|22|4R|1|T|1|3|H|1|3|G|15|N|0|0| |2|P|L|P|000000578301| 12231|42308955| 86076567|    |037WIM|85|00|159|N|000000000000|N|3|00000043|3|00000003|M-43 BANGOR EAST-WEST TOTAL VOL. WEST OF 54TH ST. 
S|26|818239|1|3|22|2U|3|T|3|3|H|3|3|K|15|T|0|5|T|2|Q|L|P|000001431003|  6980|42414382| 83764902|    |046WIM|09|00|161|Y|17_1_161_042|Y|2|00000023|2|00000002|US-23 WHITMORE LAKE TOTAL .5 MILE S. OF BARKER    
S|26|724149|1|2|22|1R|2|T|2|3|H|2|3|K|15|T|0|5|T|2|Q|L|P|000001052304|  4215|44316986| 84450243|    |026WIM|76|00|143|N|000000000000|Y|1|00000075|3|00000055|I-75 PRUDENVILLE N-S BD VOLUME AT MAPLE VALLEY RD 
S|26|739229|1|2|22|1U|2|T|2|3| |0|0| |13| |0|0| |2|L|L|P|000000469902|  5303|43471857| 83956162|    |002SPD|03|00|073|Y|173101006011|Y|1|00000675|1|00000001|I-675 NEAR SCHUST RD. N & SB TOTAL                
S|26|787119|1|1|22|3R|1|N|1|3|N|1|3|K|15|N|1|5|T|2|Q|L|P|000005492761|  1847|41840637| 85678626|    |069WIM|13|00|149|N|000000000000|Y|2|00000131|2|00000002|US-131 CONSTANTINE TOTAL, 500, S. OF N. RIVER RD  
S|26|828839|7|2|22|1U|3|T|3|3|H|3|3|K|15|T|3|5|T|2|Q|L|P|000001576405|  3901|42219842| 83467555|    |055WIM|09|00|163|N|000000000000|Y|1|00000094|1|00000001|I-94 BELLIVILLE E&W TOTAL                         
S|26|828839|7|3|22|1U|3|T|3|3|H|3|3|K|15|T|0|5|T|2|Q|L|P|000001576405|  3901|42219842| 83467555|    |055WIM|09|00|163|N|000000000000|Y|1|00000094|1|00000001|I-94 BELLIVILLE E&W TOTAL                         
S|26|829969|3|3|22|1U|3|T|3|3|N|0|0| |15|N|0|0| |2|L|L|P|000001576405| 33583|42401100| 82974606|    |064SPD|85|00|163|N|000000000000|Y|1|00000094|1|00000001|I-94 DETROIT E-W BD. VOL. AT DICKERSON ST.        
S|26|829489|3|2|22|1U|3|T|3|3|N|0|0| |15|N|0|0| |2|L|L|P|000001576405| 23791|42332399| 83138083|    |050CNT|86|00|163|N|000000000000|Y|1|00000094|1|00000001|I-94 DETROIT TOTAL VOLUME AT CENTRAL ST.          
S|26|776469|3|1|22|1U|2|T|2|3|H|2|3|K|15|T|2|5|T|2|Q|L|P|000000967606| 18333|42930630| 82506404|    |031WIM|89|00|147|Y|22_1_147_054|Y|1|00000094|1|00000001|I-94 PORT HURON EAST-WEST TOTAL VOLUME            
S|26|829699|5|1|22|1U|3|T|3|3|H|3|3|K|15|T|3|5|T|2|Q|L|P|000001592010|  3007|42109120| 83241391|    |065WIM|08|00|163|N|000000000000|Y|1|00000075|1|00000001|I-75 NB&SB TOTAL  VREELAND RD. OVERPASS           
S|26|829209|5|3|22|1U|3|T|3|3|H|3|3|K|15|T|0|5|T|2|Q|L|P|000001607208| 16201|42306686| 83442382|    |141WIM|98|00|163|Y|01_1_163_050|Y|1|00000275|1|00000001|I-275 N.BD.- S.BD.  S. OF CHERRY HILL RD.         
S|26|829969|7|2|22|1U|3|T|3|3|N|0|0| |15|N|0|0| |2|L|L|P|000001576405| 33583|42401100| 82974606|    |064SPD|85|00|163|N|000000000000|Y|1|00000094|1|00000001|I-94 DETROIT E-W BD. VOL. AT DICKERSON ST.        
S|26|829499|7|3|22|1U|3|T|3|3|N|0|0| |15|N|0|0| |2|L|L|P|000001576405| 27076|42355335| 83082614|    |103SPD|97|00|163|Y|01_1_163_030|Y|1|00000094|1|00000001|I-94 @ TRUMBULL E.BD.- W.BD.                      
S|26|829999|6|4|22|2U|4|T|4|3|N|0|0| |15|N|0|0| |2|L|L|P|000004702009|  3384|42402241| 83098305|    |021SPD|97|00|163|N|000000000000|Y|3|00000008|3|00000003|M-8 DAVISON NE.-SW.BD. AT 2ND                     
S|26|829799|1|1|22|1U|3|T|3|3|H|3|3|G|15|N|0|0| |2|P|L|P|000001592010| 14461|42259112| 83179713|    |063WIM|03|00|163|N|000000000000|Y|1|00000075|1|00000001|I-75 CICOTTE 0.5 ML N. OF M-39 N&SB TOTALS        
S|26|829969|3|1|22|1U|3|T|3|3|N|0|0| |15|N|0|0| |2|L|L|P|000001576405| 33583|42401100| 82974606|    |064SPD|85|00|163|N|000000000000|Y|1|00000094|1|00000001|I-94 DETROIT E-W BD. VOL. AT DICKERSON ST.        
S|26|833300|8|1|22|3R|1|T|1|3|N|0|0| |15|N|0|0| |2|L|L|P|000001127810|  7321|44395280| 85685059|    |158SPD|00|00|165|N|000000000000|Y|3|00000115|3|00000003|M-115 MESICK NE-SW BD TOTAL                       
S|26|829809|1|1|22|2U|3|T|3|3|N|0|0| |15|N|0|0| |2|L|L|P|000001592408| 13089|42410569| 83218667|    |109SPD|95|00|163|Y|01_1_163_037|Y|3|00000039|3|00000003|M-39 DETROIT N-S BD. VOL.                         
S|26|829959|5|2|22|1U|4|T|4|3|N|0|0| |15|N|0|0| |2|L|L|P|000001577706|  1800|42350981| 83047667|    |009SPD|97|00|163|N|000000000000|Y|1|00000075|1|00000001|I-75 @ MACK AVE. NB-SB                            
S|26|239090|3|1|22|1U|3|T|3|3|N|0|0| |15|N|0|0| |2|L|L|P|000000567905|  4500|42704773| 84669704|    |170SPD|02|00|045|Y|006_1_45_031|Y|1|00000096|1|00000069|I-96 MT. HOPE EB & WB TOTAL                       
S|26|256119|1|3|22|1R|4|T|4|3|H|4|3|K|15|B|0|5|T|2|Q|L|P|000001497804| 26998|43208603| 83768874|    |012WIM|10|00|049|Y|005_1_49_020|Y|1|00000075|2|00000023|I-75 US-23 BIRCH RUN NB&SB TOTAL N. OF LAKE RD. O 
S|26|256269|7|1|22|1U|2|T|2|3|N|0|0| |15|N|0|0| |2|L|L|P|000001497903| 16281|43096367| 83756064|    |029CNT|75|00|049|Y|005_1_49_005|Y|1|00000475|1|00000001|I-475 MT. MORRIS EAST-WEST BOUND TOTAL VOLUME     
S|26|271009|3|1|22|3U|2|N|2|3|N|2|3|K|15|N|2|5|T|2|E|L|P|000001476001|    25|46465261| 90192055|    |025WIM|10|00|053|Y|015_1_53_010|Y|2|00000002|2|00000002|US-2 IRONWOOD EB & WB                             
S|26|295169|3|1|22|4R|1|T|1|3|N|0|0| |15|N|0|0| |2|L|L|P|000000497406| 11446|43175894| 84610022|    |047SPD|59|00|057|N|000000000000|N|3|00000057|3|00000003|M-57 PERRINTON E-W BD. VOL.                       
S|26|338029|5|1|22|2U|2|T|2|3|H|2|3|K|15|T|1|5|T|2|Q|L|P|000000354209|  8617|42545215| 84443267|    |020WIM|57|00|065|Y|006_1_65_015|Y|2|00000127|2|00000002|US-127 MASON N-S BD. VOL.                         
S|26|387029|3|1|22|1R|2|T|2|3|H|2|3|K|15|T|2|5|T|2|Q|L|P|000000897107| 22538|42284688| 84283280|    |054WIM|85|00|075|N|000000000000|Y|1|00000094|1|00000001|I-94 GRASS LAKE TOTAL VOLUME AT THE TRUCK SCALES  
S|26|387049|1|1|22|3U|1|T|1|3|H|1|3|K|15|T|1|5|T|2|Q|L|P|000000899004|  6894|42173382| 84364643|    |057WIM|12|00|075|Y|002_1_75_047|Y|2|00000127|2|00000002|US-127 CLARK LAKE NB&SB TOTAL, 1700 S. OF HART RD 
S|26|415069|1|1|22|2U|3|T|3|3|N|0|0| |15|N|0|0| |2|L|L|P|000000410203|  7355|42873231| 85681156|    |077SPD|89|00|081|Y|009_1_81_038|Y|2|00000131|2|00000002|US-131 WYOMING @ 50TH ST. NB-SB TOTAL             
S|26|415069|1|3|22|2U|3|T|3|3|N|0|0| |15|N|0|0| |2|L|L|P|000000410203|  7355|42873231| 85681156|    |077SPD|89|00|081|Y|009_1_81_038|Y|2|00000131|2|00000002|US-131 WYOMING @ 50TH ST. NB-SB TOTAL             
S|26|419729|3|2|22|1U|4|T|4|3|N|0|0| |15|N|0|0| |2|L|L|P|000000406305| 11395|42973418| 85647182|    |005SPD|85|00|081|Y|009_1_81_089|Y|1|00000196|1|00000001|I-196 GRAND RAPIDS E-W BD. TOTAL EAST OF COLLEGE  
S|26|509839|7|1|22|1U|4|T|4|3|N|0|0| |15|N|0|0| |2|L|L|P|000001740201|  5374|42492447| 82987029|    |133SPD|96|00|099|N|000000000000|Y|1|00000696|1|00000001|I-696 EB&WB TOTAL ON E. SIDE OF SCHOENHEER OVER   
S|26|588169|5|2|22|3R|2|T|2|3|N|0|0| |15|N|0|0| |2|L|L|P|000004300001|  8249|41838091| 83483239|    |013SPD|52|00|115|Y|0000Multiple|Y|2|00000024|2|00000002|US-24 ERIE N-S BD. VOL. N. OF LAKEWOOD RD.        
S|26|588249|5|2|22|1R|3|T|3|3|N|0|0| |15|N|0|0| |2|L|L|P|000001226910|  5165|41801375| 83456497|    |084WIM|89|00|115|Y|01_1_115_044|Y|1|00000075|1|00000001|I-75 LUNA PIER N-S VOLUME SOUTH OF LUNA PIER RD.  
S|26|604329|3|1|22|3R|1|T|1|3|H|1|3|K|15|T|1|5|T|2|Q|L|P|000001218506| 16525|45007890| 84103620|    |111WIM|21|00|119|N|000000000000|Y|3|00000032|3|00000033|M-32 ATLANTA 0.5 MILE W. OF MCMURPHY RD.          
S|26|638470|1|3|22|3U|4|T|4|3|N|0|0| |01|N|0|0| |2|L|L|P|000000710106| 10536|42593699| 83281432|    |165CNT|00|00|125|N|000000000000|Y|2|00000024|2|00000002|US-24 @ HICKORY GROVE NB & SB TOTAL               
S|26|638489|3|2|22|3U|2|T|3|3|N|0|0| |15|N|0|0| |2|L|L|P|000000648906| 17063|42647002| 83362923|    |108SPD|99|00|125|N|000000000000|Y|3|00000059|3|00000003|M-59 PONTIAC E-W BD. TOTAL W OF CASS LK RD        
S|26|639979|5|1|22|1U|3|T|3|3|N|0|0| |15|N|0|0| |2|L|L|P|000000647308| 11180|42576804| 83158989|    |135SPD|97|00|125|N|000000000000|Y|1|00000075|1|00000001|I-75@WATTLES RD. N.BD. S.BD. TOTAL                
S|26|694049|5|2|22|1R|2|T|2|3|H|2|3|K|15|T|0|5|T|2|Q|L|P|000001080805| 20757|45140355| 84670383|    |028WIM|95|00|137|Y|0000Multiple|Y|1|00000075|1|00000001|I-75 VANDERBILT N-S BD. VOL.                      
S|26|724149|5|1|22|1R|2|T|2|3|H|2|3|K|15|T|2|5|T|2|Q|L|P|000001052304|  4215|44316986| 84450243|    |026WIM|76|00|143|N|000000000000|Y|1|00000075|3|00000055|I-75 PRUDENVILLE N-S BD VOLUME AT MAPLE VALLEY RD 
S|26|752199|3|1|22|3R|1|T|1|3|H|1|3|K|15|T|1|5|T|2|Q|L|P|000001200506| 18244|46345020| 85983518|    |034WIM|12|00|153|Y|0000Multiple|Y|3|00000028|3|00000003|M-28 SENEY,E-W TOTAL, 1.3 MI W OF THE W JCT OF M-7
S|26|752199|7|1|22|3R|1|T|1|3|H|1|3|K|15|T|1|5|T|2|Q|L|P|000001200506| 18244|46345020| 85983518|    |034WIM|12|00|153|Y|0000Multiple|Y|3|00000028|3|00000003|M-28 SENEY,E-W TOTAL, 1.3 MI W OF THE W JCT OF M-7
S|26|766069|6|2|22|1R|2|T|2|3|N|2|3|G|15|N|0|0| |2|P|L|P|000000550708|  1441|42802720| 84337005|    |019WIM|42|00|155|N|000000000000|Y|1|00000069|1|00000001|I-69 Looking Glass NE-SW BOUND TOTAL VOLUME       
S|26|818239|5|1|22|2U|3|T|3|3|H|3|3|K|15|T|3|5|T|2|Q|L|P|000001431003|  6980|42414382| 83764902|    |046WIM|09|00|161|Y|17_1_161_042|Y|2|00000023|2|00000002|US-23 WHITMORE LAKE TOTAL .5 MILE S. OF BARKER    
S|26|818239|5|3|22|2U|3|T|3|3|H|3|3|K|15|T|0|5|T|2|Q|L|P|000001431003|  6980|42414382| 83764902|    |046WIM|09|00|161|Y|17_1_161_042|Y|2|00000023|2|00000002|US-23 WHITMORE LAKE TOTAL .5 MILE S. OF BARKER    
S|26|828440|1|3|22|3U|4|T|4|3|H|4|3|G|15| |0|0| |2|P|L|P|000004700038| 21939|42406699| 83276660|    |173WIM|03|00|082|Y|182053032011|Y|2|00000024|2|00000002|US-24 DETROIT NB TOTAL N. OF I-96 & S. OF PURITAN 
S|26|829109|5|2|22|2U|3|T|3|3|N|0|1|A|01|N|0|0| |2|L|L|P|000001577509|  9111|42364599| 83080075|    |171CNT|70|00|163|N|000000000000|Y|3|00000010|3|00000003|M-10 DETROIT NORTH-SOUTH TOTAL VOLUME AT MILWAUKEE
S|26|829209|1|2|22|1U|3|T|3|3|H|3|3|K|15|T|3|5|T|2|Q|L|P|000001607208| 16201|42306686| 83442382|    |141WIM|98|00|163|Y|01_1_163_050|Y|1|00000275|1|00000001|I-275 N.BD.- S.BD.  S. OF CHERRY HILL RD.         
S|26|829419|3|3|22|1U|3|T|3|3|N|0|0| |15|N|0|0| |2|L|L|P|000001576405| 28132|42364765| 83066429|    |003SPD|70|00|163|N|000000000000|Y|1|00000094|1|00000001|I-94 DETROIT E-W BD. VOL. AT BRUSH ST.            
S|26|829489|3|1|22|1U|3|T|3|3|N|0|0| |15|N|0|0| |2|L|L|P|000001576405| 23791|42332399| 83138083|    |050CNT|86|00|163|N|000000000000|Y|1|00000094|1|00000001|I-94 DETROIT TOTAL VOLUME AT CENTRAL ST.          
S|26|829489|7|1|22|1U|3|T|3|3|N|0|0| |15|N|0|0| |2|L|L|P|000001576405| 23791|42332399| 83138083|    |050CNT|86|00|163|N|000000000000|Y|1|00000094|1|00000001|I-94 DETROIT TOTAL VOLUME AT CENTRAL ST.          
S|26|829499|3|1|22|1U|3|T|3|3|N|0|0| |15|N|0|0| |2|L|L|P|000001576405| 27076|42355335| 83082614|    |103SPD|97|00|163|Y|01_1_163_030|Y|1|00000094|1|00000001|I-94 @ TRUMBULL E.BD.- W.BD.                      
S|26|829699|5|2|22|1U|3|T|3|3|H|3|3|K|15|T|3|5|T|2|Q|L|P|000001592010|  3007|42109120| 83241391|    |065WIM|08|00|163|N|000000000000|Y|1|00000075|1|00000001|I-75 NB&SB TOTAL  VREELAND RD. OVERPASS           
S|26|829799|5|1|22|1U|3|T|3|3|H|3|3|G|15|N|0|0| |2|P|L|P|000001592010| 14461|42259112| 83179713|    |063WIM|03|00|163|N|000000000000|Y|1|00000075|1|00000001|I-75 CICOTTE 0.5 ML N. OF M-39 N&SB TOTALS        
S|26|829999|6|1|22|2U|4|T|4|3|N|0|0| |15|N|0|0| |2|L|L|P|000004702009|  3384|42402241| 83098305|    |021SPD|97|00|163|N|000000000000|Y|3|00000008|3|00000003|M-8 DAVISON NE.-SW.BD. AT 2ND                     
