id,uuid,observed_on_string,observed_on,time_observed_at,time_zone,user_id,user_login,user_name,created_at,updated_at,quality_grade,license,url,image_url,sound_url,tag_list,description,num_identification_agreements,num_identification_disagreements,captive_cultivated,oauth_application_id,place_guess,latitude,longitude,positional_accuracy,private_place_guess,private_latitude,private_longitude,public_positional_accuracy,geoprivacy,taxon_geoprivacy,coordinates_obscured,positioning_method,positioning_device,species_guess,scientific_name,common_name,iconic_taxon_name,taxon_id,field:quantity,field:quantity observed
1643084,112935b5-8202-474e-bd5c-9c9f15859150,2014-07-10,2014-07-10,,Pacific Time (US & Canada),108450,rjadams55,R.J. Adams,2015-06-18 01:06:37 UTC,2018-07-01 20:10:40 UTC,research,CC-BY-NC,http://www.inaturalist.org/observations/1643084,https://static.inaturalist.org/photos/2015666/medium.jpg,,"","This was one of the species I most wanted to find while traveling through southeastern Arizona. Mexican Fox Squirrels are large but secretive squirrels that can be difficult to find. While fairly widespread in parts of Mexico, the only place in the United States where they are found is in the Chiricahua Mountains, where this endemic subspecies resides.",1,0,false,,"Cave Creek, Chiricahua Mountains",31.875677,-109.179908,247,,,,247,,,false,,,Chiricahua Fox Squirrel,Sciurus nayaritensis chiricahuae,Chiricahua Fox Squirrel,Mammalia,238455,,
3744198,a3320d91-073e-4180-bf57-137e3c31527f,7/16/16,2016-07-16,,Pacific Time (US & Canada),3342,hfabian,Henry Fabian,2016-07-25 17:06:23 UTC,2021-10-16 01:04:15 UTC,research,CC0,http://www.inaturalist.org/observations/3744198,https://static.inaturalist.org/photos/4354432/medium.jpeg,,"",,2,0,false,,"Cave Creek Canyon, Arizona 85632, USA",31.8962033,-109.1636719,1841,,,,1841,,,false,,,Mexican Fox Squirrel,Sciurus nayaritensis,Mexican Fox Squirrel,Mammalia,46024,,
4873490,9300c9da-fcf9-43db-ac11-dd19f5bba1b3,Sat Dec 31 2016 08:06:54 GMT-0700 (MST),2016-12-31,2016-12-31 15:06:54 UTC,Mountain Time (US & Canada),384415,sctking,Susan King,2016-12-31 15:18:29 UTC,2017-01-01 15:46:52 UTC,research,,https://www.inaturalist.org/observations/4873490,https://static.inaturalist.org/photos/5922976/medium.jpg,,,,1,0,false,3,"Coronado National Forest, San Simon, AZ, US",31.9044783333,-109.1562888333,,,,,,,,false,,,Mexican Fox Squirrel,Sciurus nayaritensis,Mexican Fox Squirrel,Mammalia,46024,,
4886313,d1a1bda8-d7e4-409e-8c03-a54613ad4d4b,2016/06/11 9 AM MST,2016-06-11,2016-06-11 15:00:00 UTC,Mountain Time (US & Canada),269952,joshuagsmith,Joshua Smith,2017-01-03 03:41:47 UTC,2017-03-05 06:44:55 UTC,research,CC-BY-NC,https://www.inaturalist.org/observations/4886313,https://inaturalist-open-data.s3.amazonaws.com/photos/5941728/medium.jpeg,,"",Only recorded one here.  Restricted to the Chiricahuas in the United States.,1,0,false,,"2003 W Cave Creek Rd, Portal, AZ 85632, USA",31.8839759,-109.2060525,46,,,,46,,,false,,,Mexican Fox Squirrel,Sciurus nayaritensis,Mexican Fox Squirrel,Mammalia,46024,,
6276508,dbdc3a48-d835-4d9c-a8ad-5248e87e47df,2017/05/07 6:33 AM PDT,2017-05-07,2017-05-07 13:33:00 UTC,Pacific Time (US & Canada),26610,anudibranchmom,Robin Gwen Agarwal,2017-05-19 21:17:08 UTC,2017-08-03 00:25:24 UTC,research,CC-BY-NC,https://www.inaturalist.org/observations/6276508,https://inaturalist-open-data.s3.amazonaws.com/photos/7897361/medium.jpg,,"","Or perhaps Apache Fox Squirrel?
South Fork trail",1,0,false,,"Cochise County, AZ, USA",31.8580951372,-109.1932010651,1274,,,,1274,,,false,,,Mexican Fox Squirrel,Sciurus nayaritensis,Mexican Fox Squirrel,Mammalia,46024,,
6407852,123fea3f-d895-4519-90af-69c6904828eb,2016/04/26 7:35 PM MST,2016-04-26,2016-04-27 01:35:00 UTC,Mountain Time (US & Canada),489036,tomoclark,Tom Clark,2017-05-28 23:03:11 UTC,2017-09-28 01:02:13 UTC,research,CC-BY-NC,https://www.inaturalist.org/observations/6407852,https://inaturalist-open-data.s3.amazonaws.com/photos/8084693/medium.jpeg,,"",,1,0,false,,"Turkey Creek CG, Cochise County, AZ, USA",31.862833579,-109.3390274048,244,,,,244,,,false,,,Mexican Fox Squirrel,Sciurus nayaritensis,Mexican Fox Squirrel,Mammalia,46024,,
6700486,9e81adf0-8bb5-454a-b5cb-dcf696b18671,2016/07/24 4:45 PM EDT,2016-07-24,2016-07-24 20:45:00 UTC,Eastern Time (US & Canada),74073,randrew706,Andrew Dreelin,2017-06-18 04:18:07 UTC,2017-06-19 15:12:51 UTC,research,CC-BY-NC,https://www.inaturalist.org/observations/6700486,https://inaturalist-open-data.s3.amazonaws.com/photos/8495434/medium.jpeg,,"",,1,0,false,,"Cochise County, AZ, USA",31.8773025434,-109.1787600517,129,,,,129,,,false,,,Mexican Fox Squirrel,Sciurus nayaritensis,Mexican Fox Squirrel,Mammalia,46024,,
8019975,9a2ba279-abd6-4999-a3d4-7f8d17894470,2017-09-16 09:37:06,2017-09-16,2017-09-16 15:37:06 UTC,Mountain Time (US & Canada),3499,bryanto,"",2017-09-21 03:33:31 UTC,2017-10-12 04:52:30 UTC,research,CC-BY-NC,https://www.inaturalist.org/observations/8019975,https://inaturalist-open-data.s3.amazonaws.com/photos/10616284/medium.jpg,,"arizona, AZ, FOX SQUIRREL","",1,0,false,,"CAVE CREEK CANYON,AZ",31.880109,-109.175391,476,,,,476,,,false,,"",Mexican Fox Squirrel,Sciurus nayaritensis,Mexican Fox Squirrel,Mammalia,46024,,
9056051,28770d97-27c5-49ec-933b-fe314606da21,2017/07/10 9:03 AM CDT,2017-07-10,2017-07-10 14:03:00 UTC,Central Time (US & Canada),211607,sternberg_science_camps,"",2017-12-05 20:16:01 UTC,2018-09-04 11:54:15 UTC,research,CC-BY-NC,https://www.inaturalist.org/observations/9056051,https://inaturalist-open-data.s3.amazonaws.com/photos/12224655/medium.jpeg,,"",,2,1,false,,"Cochise County, AZ, USA",31.8601505617,-109.1910548907,1331,,,,1331,,,false,,,Mexican Fox Squirrel,Sciurus nayaritensis,Mexican Fox Squirrel,Mammalia,46024,,
9259551,ce53611d-f86b-4991-9c46-caa88e9126c5,2016/07/16 1:15 PM MST,2016-07-16,2016-07-16 19:15:00 UTC,Mountain Time (US & Canada),136877,azgulo,Chris Benesh,2017-12-25 20:23:58 UTC,2017-12-25 22:09:20 UTC,research,,https://www.inaturalist.org/observations/9259551,https://static.inaturalist.org/photos/12540578/medium.jpg,,"",,1,0,false,,"Cochise County, AZ, USA",31.8758096135,-109.1812761385,1841,,,,1841,,,false,,,Mexican Fox Squirrel,Sciurus nayaritensis,Mexican Fox Squirrel,Mammalia,46024,,
9259552,690eccc4-ea1c-4c6c-a96c-0965c33e56ed,2014/05/14 1:15 PM MST,2014-05-14,2014-05-14 19:15:00 UTC,Mountain Time (US & Canada),136877,azgulo,Chris Benesh,2017-12-25 20:23:58 UTC,2017-12-25 22:08:56 UTC,research,,https://www.inaturalist.org/observations/9259552,https://static.inaturalist.org/photos/12540583/medium.jpg,,"",,1,0,false,,"Cochise County, AZ, USA",31.8759541465,-109.1816139221,990,,,,990,,,false,,,Mexican Fox Squirrel,Sciurus nayaritensis,Mexican Fox Squirrel,Mammalia,46024,,
10933814,e36a6975-5131-472c-8970-1cbfe51d5f7f,2018/04/09 11:59 AM CDT,2018-04-09,2018-04-09 16:59:00 UTC,Central Time (US & Canada),228699,jbroadhead,Jordan Broadhead,2018-04-14 23:43:20 UTC,2018-04-16 00:04:40 UTC,research,CC-BY-NC,https://www.inaturalist.org/observations/10933814,https://inaturalist-open-data.s3.amazonaws.com/photos/15368741/medium.jpg,,"",,2,0,false,,"Cochise County, AZ, USA",31.8752471404,-109.1809272766,770,,,,770,,,false,,,Mexican Fox Squirrel,Sciurus nayaritensis,Mexican Fox Squirrel,Mammalia,46024,,
11559790,daf9d3dd-c978-4935-ae20-5f27691a62c8,2015/07/18 ,2015-07-18,,Pacific Time (US & Canada),749807,deserts,David B. Richman,2018-04-28 00:54:14 UTC,2019-01-03 02:47:46 UTC,research,CC-BY-NC,https://www.inaturalist.org/observations/11559790,https://inaturalist-open-data.s3.amazonaws.com/photos/16507656/medium.jpg,,"",I git this photo as I was watching for hummingbirds at the station feeders.,1,0,false,,"2003 W Cave Creek Rd, Portal, AZ 85632, USA",31.8839759,-109.2060525,196,,,,196,,,false,,,Mexican Fox Squirrel,Sciurus nayaritensis,Mexican Fox Squirrel,Mammalia,46024,,
12213263,d4984872-534b-4dcc-a600-a7d7cca8a76e,2018/05/05 6:41 AM EDT,2018-05-05,2018-05-05 10:41:00 UTC,Eastern Time (US & Canada),229868,pfaucher,"",2018-05-06 23:15:36 UTC,2019-04-13 17:32:08 UTC,research,CC-BY-NC,https://www.inaturalist.org/observations/12213263,https://inaturalist-open-data.s3.amazonaws.com/photos/17547338/medium.jpeg,,"",,2,0,false,,"Cochise County, AZ, USA",31.9044472222,-109.1556638889,,,,,,,open,false,,,Chiricahua Fox Squirrel,Sciurus nayaritensis,Mexican Fox Squirrel,Mammalia,46024,,
12687522,0a522105-2bab-4202-9b86-ec35642de7ae,2015/06/07 10:18 AM PDT,2015-06-07,2015-06-07 17:18:00 UTC,Pacific Time (US & Canada),210826,jmaley,James M. Maley,2018-05-21 20:43:46 UTC,2018-05-21 23:19:13 UTC,research,CC-BY,https://www.inaturalist.org/observations/12687522,https://inaturalist-open-data.s3.amazonaws.com/photos/18366469/medium.jpg,,"","",1,0,false,,"Cochise County, AZ, USA",31.8882712012,-109.1711211205,61,,,,61,,,false,,,Mexican Fox Squirrel,Sciurus nayaritensis,Mexican Fox Squirrel,Mammalia,46024,,
13164872,9debc508-46ba-482c-8066-b32c63f946fb,2018/06/05 8:42 PM MDT,2018-06-05,2018-06-06 02:42:00 UTC,Mountain Time (US & Canada),488232,michael_jacobi,Michael Jacobi,2018-06-06 02:43:36 UTC,2021-10-26 22:32:38 UTC,research,,https://www.inaturalist.org/observations/13164872,https://static.inaturalist.org/photos/19218185/medium.jpg,,"",,3,0,false,,"Cochise County, AZ, USA",31.9044227313,-109.1559772837,4,,,,4,,open,false,,,Chiricahua Fox Squirrel,Sciurus nayaritensis,Mexican Fox Squirrel,Mammalia,46024,,
13571030,a7918e40-699f-49ec-a69e-15637849dcab,2018/06/08 11:18 AM CDT,2018-06-08,2018-06-08 16:18:00 UTC,Central Time (US & Canada),32808,adrianj,AJ Johnson,2018-06-19 03:24:00 UTC,2018-06-19 10:26:48 UTC,research,CC-BY-NC,https://www.inaturalist.org/observations/13571030,https://inaturalist-open-data.s3.amazonaws.com/photos/19955900/medium.jpeg,,"",,1,0,false,,"Cochise County, AZ, USA",31.9338049827,-109.272754246,8,,,,8,,,false,,,Mexican Fox Squirrel,Sciurus nayaritensis,Mexican Fox Squirrel,Mammalia,46024,,
14645024,a1b78080-a9ae-4f68-b428-5eb7b15d62db,Mon Jul 23 2018 08:17:41 GMT-0700 (MST),2018-07-23,2018-07-23 14:17:41 UTC,Mountain Time (US & Canada),488232,michael_jacobi,Michael Jacobi,2018-07-23 16:22:01 UTC,2024-10-20 19:22:28 UTC,research,,https://www.inaturalist.org/observations/14645024,https://static.inaturalist.org/photos/21843342/medium.jpg,,"",DOR - aka Chiricahua Fox Squirrel (chiricahuae),3,0,false,3,"Cochise County, US-AZ, US",31.8900783174,-109.1684094911,5,,,,5,,open,false,,,Chiricahua Fox Squirrel,Sciurus nayaritensis,Mexican Fox Squirrel,Mammalia,46024,,
15159715,0a4cc58f-9b49-4af0-9c94-a80b9eabf437,2018/07/28 2:29 PM EDT,2018-07-28,2018-07-28 18:29:00 UTC,Eastern Time (US & Canada),43255,juddpatterson,Judd Patterson,2018-08-06 03:59:17 UTC,2019-12-14 02:23:09 UTC,research,CC-BY-NC,https://www.inaturalist.org/observations/15159715,https://static.inaturalist.org/photos/22665120/medium.jpg,,"",,1,0,false,,"Cochise, Arizona, United States",31.88371,-109.206055,,,,,,,,false,,,Mexican Fox Squirrel,Sciurus nayaritensis,Mexican Fox Squirrel,Mammalia,46024,,
15210338,cc48fe7a-541e-4581-8280-a45dcf4efa8c,2018/07/18 8:45 AM MDT,2018-07-18,2018-07-18 14:45:00 UTC,Mountain Time (US & Canada),262301,tonnessen,David Andreas de Rivera Tønnessen,2018-08-07 22:40:37 UTC,2018-08-17 17:14:57 UTC,research,CC-BY-NC,https://www.inaturalist.org/observations/15210338,https://inaturalist-open-data.s3.amazonaws.com/photos/22753324/medium.jpg,,"",,1,0,false,,"Cochise County, AZ, USA",31.8742565278,-109.1824109167,,,,,,,,false,,,Mexican Fox Squirrel,Sciurus nayaritensis,Mexican Fox Squirrel,Mammalia,46024,,
15241187,63eb8966-b83b-448b-8aa9-f77689b0edac,2016/08/20 8:14 AM CDT,2016-08-20,2016-08-20 13:14:00 UTC,Central Time (US & Canada),990991,barbetboy,Daniel Lane,2018-08-08 21:40:14 UTC,2018-10-15 23:49:08 UTC,research,,https://www.inaturalist.org/observations/15241187,https://static.inaturalist.org/photos/22805147/medium.jpeg,,"",,1,0,false,,"Cochise County, US-AZ, US",31.878449464,-109.1785041683,122,,,,122,,,false,,,Chiricahua Fox Squirrel,Sciurus nayaritensis chiricahuae,Chiricahua Fox Squirrel,Mammalia,238455,,
15353176,ce3f1b8e-f954-45a4-8c92-72d55c40f59c,2018/08/02 1:30 PM MDT,2018-08-02,2018-08-02 19:30:00 UTC,Mountain Time (US & Canada),1136344,timhealy,Tim Healy,2018-08-12 16:22:16 UTC,2018-08-17 17:09:06 UTC,research,CC-BY-NC,https://www.inaturalist.org/observations/15353176,https://inaturalist-open-data.s3.amazonaws.com/photos/23001144/medium.jpeg,,"",,1,0,false,,"2003 W Cave Creek Rd, Portal, AZ 85632, USA",31.8839759,-109.2060525,212,,,,212,,,false,,,Chiricahua Fox Squirrel,Sciurus nayaritensis chiricahuae,Chiricahua Fox Squirrel,Mammalia,238455,,
15569253,a6591593-5805-403d-a4b8-38caba2699a7,2018/08/07 1:19 PM PDT,2018-08-07,2018-08-07 20:19:00 UTC,Pacific Time (US & Canada),3342,hfabian,Henry Fabian,2018-08-17 14:39:34 UTC,2021-10-16 01:04:15 UTC,research,CC0,https://www.inaturalist.org/observations/15569253,https://static.inaturalist.org/photos/23287317/medium.jpg,,"",,1,0,false,,"2003 W Cave Creek Rd, Portal, AZ 85632, USA",31.8839759,-109.2060525,212,,,,212,,,false,,,Mexican Fox Squirrel,Sciurus nayaritensis,Mexican Fox Squirrel,Mammalia,46024,,
15644010,3463bd67-db1f-4e51-89a5-03fb8191213b,2016/07/24 11:02 AM HST,2016-07-24,2016-07-24 21:02:00 UTC,Hawaii,788316,langooney,"",2018-08-18 21:31:46 UTC,2018-08-29 08:33:29 UTC,research,CC0,https://www.inaturalist.org/observations/15644010,https://inaturalist-open-data.s3.amazonaws.com/photos/23371249/medium.jpg,,"",,1,0,false,,"Cochise County, AZ, USA",31.880327104,-109.2217441091,244,,,,244,,,false,,,Mexican Fox Squirrel,Sciurus nayaritensis,Mexican Fox Squirrel,Mammalia,46024,,
15892334,8d4cdf19-2b72-463b-a509-f93d024c1ccd,2018/08/12 3:10 PM EDT,2018-08-12,2018-08-12 19:10:00 UTC,Eastern Time (US & Canada),772941,red_fairview,Shane Sherwood,2018-08-25 22:47:16 UTC,2018-08-26 14:21:05 UTC,research,CC0,https://www.inaturalist.org/observations/15892334,https://inaturalist-open-data.s3.amazonaws.com/photos/23764194/medium.jpg,,"",,1,0,false,,"Cochise County, AZ, USA",31.8830733736,-109.1743543904,390,,,,390,,,false,,,Mexican Fox Squirrel,Sciurus nayaritensis,Mexican Fox Squirrel,Mammalia,46024,,
16980173,ff9efaf8-14d2-47b3-aaa4-2c012b07238b,2018/09/27 8:22 AM MST,2018-09-27,2018-09-27 14:22:00 UTC,Mountain Time (US & Canada),488232,michael_jacobi,Michael Jacobi,2018-09-27 22:50:01 UTC,2021-10-26 22:34:34 UTC,research,,https://www.inaturalist.org/observations/16980173,https://static.inaturalist.org/photos/25670843/medium.jpg,,"",Chiricahua/Apache race,2,0,false,,"Cochise County, AZ, USA",31.8988043218,-109.1620732561,2,,,,2,,open,false,,,Chiricahua Fox Squirrel,Sciurus nayaritensis,Mexican Fox Squirrel,Mammalia,46024,,
17161959,0bd1d014-3a1b-4d27-b4d2-24a020dd0cbc,2018/09/28 8:59 AM MST,2018-09-28,2018-09-28 14:59:00 UTC,Mountain Time (US & Canada),488232,michael_jacobi,Michael Jacobi,2018-10-03 17:33:43 UTC,2021-10-26 22:34:13 UTC,research,,https://www.inaturalist.org/observations/17161959,https://static.inaturalist.org/photos/26003738/medium.jpg,,"",Chiricahua race aka Apache,2,0,false,,"Cochise County, AZ, USA",31.8988858536,-109.1620701077,15,,,,15,,open,false,,,Chiricahua Fox Squirrel,Sciurus nayaritensis,Mexican Fox Squirrel,Mammalia,46024,,
17162113,a7ef5cde-d538-48e9-a759-44b4b13d12ff,2018/09/28 9:28 AM MST,2018-09-28,2018-09-28 15:28:00 UTC,Mountain Time (US & Canada),488232,michael_jacobi,Michael Jacobi,2018-10-03 17:39:26 UTC,2021-11-10 05:02:56 UTC,research,,https://www.inaturalist.org/observations/17162113,https://static.inaturalist.org/photos/26004001/medium.jpg,,"",Chiricahua/Apache form,1,0,false,,"Cochise County, AZ, USA",31.8987036817,-109.1622632267,15,,,,15,,open,false,,,Chiricahua Fox Squirrel,Sciurus nayaritensis chiricahuae,Chiricahua Fox Squirrel,Mammalia,238455,,
17248514,4948ee69-bb07-414a-9067-dd0e6c5b5e5a,Sat Oct 06 2018 09:16:05 GMT-0700 (MST),2018-10-06,2018-10-06 15:16:05 UTC,Mountain Time (US & Canada),488232,michael_jacobi,Michael Jacobi,2018-10-06 16:17:16 UTC,2021-10-26 22:33:29 UTC,research,,https://www.inaturalist.org/observations/17248514,https://static.inaturalist.org/photos/26159809/medium.jpg,,"",CHIRICAHUA race ,2,0,false,3,"Coronado National Forest, San Simon, AZ, US",31.8988133333,-109.1622305,10,,,,10,,open,false,,,Chiricahua Fox Squirrel,Sciurus nayaritensis,Mexican Fox Squirrel,Mammalia,46024,,
17248608,78ccb905-3203-40f3-a6d8-3b42427a0cab,Sat Oct 06 2018 09:17:47 GMT-0700 (MST),2018-10-06,2018-10-06 15:17:47 UTC,Mountain Time (US & Canada),488232,michael_jacobi,Michael Jacobi,2018-10-06 16:19:04 UTC,2021-10-26 22:33:07 UTC,research,,https://www.inaturalist.org/observations/17248608,https://static.inaturalist.org/photos/26159951/medium.jpg,,"",Chiricahua race. One of three eating at Visitor Center (walnuts and cashews/almonds I’m tossing beneath this Arizona Cypress ,2,0,false,3,"Coronado National Forest, San Simon, AZ, US",31.8988002325,-109.1621825752,10,,,,10,,open,false,,,Chiricahua Fox Squirrel,Sciurus nayaritensis,Mexican Fox Squirrel,Mammalia,46024,,
17260020,7ccd3a17-1f03-4238-a6ec-7e8684441dd6,2017/05/24 12:21 PM HST,2017-05-24,2017-05-24 22:21:00 UTC,Hawaii,440178,markdorriesfield,Mark Dorriesfield,2018-10-06 21:51:57 UTC,2022-05-18 02:07:32 UTC,research,CC-BY-NC,https://www.inaturalist.org/observations/17260020,https://inaturalist-open-data.s3.amazonaws.com/photos/26179607/medium.jpeg,,"",,1,0,false,,Cypress Park Campground,31.7745604702,-109.3132503177,57,,,,57,,,false,,,Mexican Fox Squirrel,Sciurus nayaritensis,Mexican Fox Squirrel,Mammalia,46024,,
18101428,50bb78a7-3ff9-425e-8f28-38b5f8f24b8f,2018/07/31 11:36 AM PDT,2018-07-31,2018-07-31 18:36:00 UTC,Pacific Time (US & Canada),317669,alex_bairstow,Alex Bairstow,2018-11-04 21:10:53 UTC,2018-11-05 00:13:11 UTC,research,CC-BY-NC,https://www.inaturalist.org/observations/18101428,https://inaturalist-open-data.s3.amazonaws.com/photos/27674570/medium.jpg,,"",,2,0,false,,"Cochise County, AZ, USA",31.8842706427,-109.2066111914,8,,,,8,,,false,,,Mexican Fox Squirrel,Sciurus nayaritensis,Mexican Fox Squirrel,Mammalia,46024,,
20935086,830a552c-74d5-44bd-b25b-abfc819b3f2d,Wed Feb 27 2019 10:26:14 GMT-0700 (MST),2019-02-27,2019-02-27 17:26:14 UTC,Mountain Time (US & Canada),1017661,ethanborland,Ethan Borland,2019-03-04 04:10:18 UTC,2023-09-07 00:06:50 UTC,research,,https://www.inaturalist.org/observations/20935086,https://static.inaturalist.org/photos/32315053/medium.jpg,,"",,1,0,false,3,"Coronado National Forest, Pearce, AZ, US",31.8719485681,-109.1937566583,14608,,,,14608,,open,false,,,Mexican Fox Squirrel,Sciurus nayaritensis,Mexican Fox Squirrel,Mammalia,46024,,
21031744,5572ad9c-d3cb-4103-9a3d-7978ff96c263,2019/03/07 12:18 PM CST,2019-03-07,2019-03-07 18:18:00 UTC,Central Time (US & Canada),153013,japearce,Julie Pearce,2019-03-07 20:58:41 UTC,2019-11-02 21:49:38 UTC,research,CC-BY-NC,https://www.inaturalist.org/observations/21031744,https://inaturalist-open-data.s3.amazonaws.com/photos/32486076/medium.jpeg,,"",,5,0,false,,"Cochise County, AZ, USA",31.9026244242,-109.1563849309,352,,,,352,,open,false,,,Mexican Fox Squirrel,Sciurus nayaritensis,Mexican Fox Squirrel,Mammalia,46024,,
21380833,006adc48-12da-4726-9741-ebb9132487a6,2019-03-11 9:36am,2019-03-11,2019-03-11 14:36:00 UTC,Central Time (US & Canada),24973,annikaml,Annika Lindqvist,2019-03-19 05:44:00 UTC,2019-03-19 14:16:10 UTC,research,CC-BY,https://www.inaturalist.org/observations/21380833,https://inaturalist-open-data.s3.amazonaws.com/photos/33073382/medium.jpeg,,"","",1,0,false,,"Cave Creek Ranch, Cochise Co., AZ, USA",31.903758,-109.155344,14,,,,14,,open,false,,,Mexican Fox Squirrel,Sciurus nayaritensis,Mexican Fox Squirrel,Mammalia,46024,,
21612185,863196c0-5147-40c3-bbf4-d56c33676008,2017/05/23 2:10 PM CDT,2017-05-23,,Central Time (US & Canada),1548062,ospr3y,Liam Wolff,2019-03-25 22:53:06 UTC,2019-03-25 23:02:41 UTC,research,CC-BY-NC,https://www.inaturalist.org/observations/21612185,https://inaturalist-open-data.s3.amazonaws.com/photos/33456638/medium.jpg,,"",,1,0,false,,"Cochise County, AZ, USA",31.9170891665,-109.278535266,25,,,,25,,open,false,,,Chiricahua Fox Squirrel,Sciurus nayaritensis chiricahuae,Chiricahua Fox Squirrel,Mammalia,238455,,
22326951,388bc1d1-80f8-42f4-9e19-4f8e3f9139db,2019/04/08 10:20 AM MST,2019-04-08,2019-04-08 17:20:00 UTC,Arizona,481399,desertharrier,Laurens R Halsey,2019-04-11 15:21:25 UTC,2019-04-16 18:09:24 UTC,research,CC-BY-NC,https://www.inaturalist.org/observations/22326951,https://inaturalist-open-data.s3.amazonaws.com/photos/34579267/medium.jpg,,"",,2,1,false,,"Cochise County, AZ, USA",31.8724982582,-109.2354180966,50,,,,50,,open,false,,,Chiricahua Fox Squirrel,Sciurus nayaritensis chiricahuae,Chiricahua Fox Squirrel,Mammalia,238455,,
22356543,3a678621-5317-49ab-a27b-f04722956d31,2019/04/05 10:41 AM EDT,2019-04-05,2019-04-05 14:41:00 UTC,Eastern Time (US & Canada),1306590,cmweissburg,Casey Weissburg,2019-04-12 03:16:40 UTC,2019-04-12 16:49:25 UTC,research,CC-BY-NC,https://www.inaturalist.org/observations/22356543,https://inaturalist-open-data.s3.amazonaws.com/photos/34625462/medium.jpg,,"",,1,0,false,,"Cochise County, AZ, USA",31.8917019281,-109.2110008058,244,,,,244,,open,false,,,Chiricahua Fox Squirrel,Sciurus nayaritensis chiricahuae,Chiricahua Fox Squirrel,Mammalia,238455,,
22391926,2a56b241-ef93-4990-b42b-30d218187c0b,2019/04/10 6:56 AM EDT,2019-04-10,2019-04-10 10:56:00 UTC,Eastern Time (US & Canada),229868,pfaucher,"",2019-04-13 00:32:45 UTC,2025-04-05 03:24:29 UTC,research,CC-BY-NC,https://www.inaturalist.org/observations/22391926,https://inaturalist-open-data.s3.amazonaws.com/photos/34681081/medium.jpeg,,"",,4,0,false,,"Cochise County, AZ, USA",31.9032194444,-109.1551194444,,,,,,,open,false,,,Chiricahua Fox Squirrel,Sciurus nayaritensis chiricahuae,Chiricahua Fox Squirrel,Mammalia,238455,,
22484389,29d828a9-5c6a-4d60-ad18-d24ae57e36e3,2019/04/08 10:23 AM MDT,2019-04-08,2019-04-08 16:23:00 UTC,Mountain Time (US & Canada),700543,iliafes,Ilja Fescenko,2019-04-14 21:29:28 UTC,2019-04-14 21:52:52 UTC,research,CC-BY-NC,https://www.inaturalist.org/observations/22484389,https://inaturalist-open-data.s3.amazonaws.com/photos/34830222/medium.jpg,,"","",1,0,false,,"Cave Creek Canyon, Arizona, USA",31.8846861111,-109.1695527778,,,,,,,open,false,,,Mexican Fox Squirrel,Sciurus nayaritensis,Mexican Fox Squirrel,Mammalia,46024,,
22484390,61c72151-c8b4-4931-ba1d-3383b3c20851,2019/04/08 5:17 PM MDT,2019-04-08,2019-04-08 23:17:00 UTC,Mountain Time (US & Canada),700543,iliafes,Ilja Fescenko,2019-04-14 21:29:28 UTC,2019-04-14 21:52:50 UTC,research,CC-BY-NC,https://www.inaturalist.org/observations/22484390,https://inaturalist-open-data.s3.amazonaws.com/photos/34830338/medium.jpg,,"","",1,0,false,,"Cave Creek Canyon, Arizona, USA",31.8683166667,-109.1888194444,,,,,,,open,false,,,Mexican Fox Squirrel,Sciurus nayaritensis,Mexican Fox Squirrel,Mammalia,46024,,
23973923,87a24809-d8c3-4b4b-94b5-776121c48b59,2019/04/21 4:37 PM PDT,2019-04-21,2019-04-21 23:37:00 UTC,Pacific Time (US & Canada),29010,carolblaney,Carol Blaney,2019-04-29 17:46:16 UTC,2019-05-01 02:44:44 UTC,research,CC-BY-NC,https://www.inaturalist.org/observations/23973923,https://inaturalist-open-data.s3.amazonaws.com/photos/37080950/medium.jpg,,"Chiricahua Mountains, mammal",In the Chiricahua Wilderness,2,0,false,,"Cochise County, AZ, USA",31.863923,-109.190508,,,,,,,open,false,,,Mexican Fox Squirrel,Sciurus nayaritensis,Mexican Fox Squirrel,Mammalia,46024,,
24104712,cfd15e46-b5dd-4d45-9917-2a43017c891b,2019/04/29 9:48 AM MST,2019-04-29,2019-04-29 16:48:00 UTC,Arizona,488232,michael_jacobi,Michael Jacobi,2019-04-30 01:57:44 UTC,2019-04-30 02:17:06 UTC,research,,https://www.inaturalist.org/observations/24104712,https://static.inaturalist.org/photos/37277089/medium.jpg,,"",,1,0,false,,"Cochise County, AZ, USA",31.85664,-109.19056,10,,,,10,,open,false,,,Chiricahua Fox Squirrel,Sciurus nayaritensis chiricahuae,Chiricahua Fox Squirrel,Mammalia,238455,,
25775199,ceeb3464-015b-4149-9fce-72f2e2add4e3,2018/11/22 2:24 PM PST,2018-11-22,2018-11-22 22:24:00 UTC,Pacific Time (US & Canada),107195,felak70,Gary,2019-05-26 00:34:56 UTC,2023-12-25 18:47:33 UTC,research,CC-BY-NC,https://www.inaturalist.org/observations/25775199,https://inaturalist-open-data.s3.amazonaws.com/photos/39956493/medium.jpeg,,"",,2,0,false,,"E Bonita Canyon Rd, Willcox, AZ 85643, USA",32.0135714,-109.3422953,2247,,,,2247,,open,false,,,Chiricahua Fox Squirrel,Sciurus nayaritensis chiricahuae,Chiricahua Fox Squirrel,Mammalia,238455,,
26198222,60432ec4-c831-449f-960f-14ba52a0162f,2019/05/17 10:02 AM CDT,2019-05-17,2019-05-17 15:02:00 UTC,Central Time (US & Canada),9531,kucycads,Kenneth Bader,2019-06-01 19:28:25 UTC,2019-06-01 20:18:10 UTC,research,CC-BY-NC,https://www.inaturalist.org/observations/26198222,https://inaturalist-open-data.s3.amazonaws.com/photos/40658283/medium.jpeg,,"",,2,0,false,,"Cochise County, AZ, USA",31.8582571293,-109.1903024073,1501,,,,1501,,open,false,,,Chiricahua Fox Squirrel,Sciurus nayaritensis chiricahuae,Chiricahua Fox Squirrel,Mammalia,238455,,
26198232,7fa5cc7d-47e4-4505-b7fc-365717e1da7d,2019/05/17 10:26 AM CDT,2019-05-17,2019-05-17 15:26:00 UTC,Central Time (US & Canada),9531,kucycads,Kenneth Bader,2019-06-01 19:28:31 UTC,2019-06-04 16:17:28 UTC,research,CC-BY-NC,https://www.inaturalist.org/observations/26198232,https://inaturalist-open-data.s3.amazonaws.com/photos/40658430/medium.jpeg,,"",,1,0,false,,"Cochise County, AZ, USA",31.8582571293,-109.1903024073,1501,,,,1501,,open,false,,,Chiricahua Fox Squirrel,Sciurus nayaritensis chiricahuae,Chiricahua Fox Squirrel,Mammalia,238455,,
26835619,7f2b0f50-11b0-4f90-8c78-2c531e19fdae,2019/06/11 2:57 PM PDT,2019-06-11,2019-06-11 21:57:00 UTC,Pacific Time (US & Canada),770371,janeyd,Jane Dixon,2019-06-11 23:55:04 UTC,2023-07-20 19:20:19 UTC,research,,https://www.inaturalist.org/observations/26835619,https://static.inaturalist.org/photos/41693446/medium.jpg,,"",,2,0,false,,"1396 W Piedra Blanca Ln, Portal, AZ 85632, USA",31.904185,-109.1560237,193,,,,193,,open,false,,,Chiricahua Fox Squirrel,Sciurus nayaritensis chiricahuae,Chiricahua Fox Squirrel,Mammalia,238455,,
26922195,c1722fb8-a3fb-484d-adf3-9a4814d2876d,2019/06/12 6:27 AM PDT,2019-06-12,2019-06-12 13:27:00 UTC,Pacific Time (US & Canada),770371,janeyd,Jane Dixon,2019-06-13 16:54:30 UTC,2023-07-20 19:20:19 UTC,research,,https://www.inaturalist.org/observations/26922195,https://static.inaturalist.org/photos/41822333/medium.jpg,,"",,1,0,false,,"Cochise County, AZ, USA",31.9034108161,-109.1560129643,193,,,,193,,open,false,,,Chiricahua Fox Squirrel,Sciurus nayaritensis chiricahuae,Chiricahua Fox Squirrel,Mammalia,238455,,
27301916,08795a22-475f-4578-8c7a-5c2b4ae1678f,2016/05/29 2:22 PM MST,2016-05-29,2016-05-29 21:22:00 UTC,Arizona,19215,tsirtalis,Ryan O'Donnell,2019-06-20 02:02:22 UTC,2019-06-20 12:27:18 UTC,research,CC-BY-NC-ND,https://www.inaturalist.org/observations/27301916,https://static.inaturalist.org/photos/42463782/medium.jpeg,,"",,1,0,false,,"Cochise County, AZ, USA",31.89747589,-109.21779054,,,,,,,open,false,,,Mexican Fox Squirrel,Sciurus nayaritensis,Mexican Fox Squirrel,Mammalia,46024,,
28437449,61b8cb3e-3e9e-48ab-a4d5-a2a1303f605a,2017/05/27 6:54 AM MST,2017-05-27,2017-05-27 13:54:00 UTC,Arizona,1945825,narca,Narca Moore,2019-07-08 15:18:18 UTC,2019-07-08 16:17:15 UTC,research,CC-BY-NC,https://www.inaturalist.org/observations/28437449,https://inaturalist-open-data.s3.amazonaws.com/photos/44329332/medium.jpg,,"",Fairly common in the Chiricahua Mountains,1,0,false,,"Cochise County, AZ, USA",31.8755484202,-109.1800839413,15,,,,15,,open,false,,,Mexican Fox Squirrel,Sciurus nayaritensis,Mexican Fox Squirrel,Mammalia,46024,,
29662792,e8586b28-087b-4020-a488-2224c9971394,2019-07-27 9:14:22 AM MDT,2019-07-27,2019-07-27 16:14:22 UTC,Arizona,757318,tecorman,,2019-07-27 21:01:49 UTC,2019-07-28 23:57:40 UTC,research,CC-BY-NC,https://www.inaturalist.org/observations/29662792,https://inaturalist-open-data.s3.amazonaws.com/photos/46302820/medium.jpeg,,"",,1,0,false,2,"Cochise County, US-AZ, US",31.88143024,-109.1971791,9,,,,9,,open,false,,,Chiricahua Fox Squirrel,Sciurus nayaritensis chiricahuae,Chiricahua Fox Squirrel,Mammalia,238455,,
29664570,3d24cd75-f937-4fc6-be32-5ab18d58b953,2019-07-27 9:49:40 AM MDT,2019-07-27,2019-07-27 16:49:40 UTC,Arizona,1203018,tawanamparker,Tawana Parker,2019-07-27 21:29:16 UTC,2019-07-28 02:09:38 UTC,research,CC-BY-NC,https://www.inaturalist.org/observations/29664570,https://inaturalist-open-data.s3.amazonaws.com/photos/46305850/medium.jpeg,,"",,1,0,false,2,"Portal, AZ 85632, USA",31.8713760376,-109.1860198975,,,,,,,open,false,gps,gps,Chiricahua Fox Squirrel,Sciurus nayaritensis chiricahuae,Chiricahua Fox Squirrel,Mammalia,238455,,
29664957,50018980-2ea3-4161-b14b-f7730a407c2f,Sat Jul 27 2019 09:04:02 GMT-0700 (MST),2019-07-27,2019-07-27 16:04:02 UTC,Arizona,267779,c_kondrat,Chrissy Kondrat,2019-07-27 21:35:10 UTC,2023-07-07 12:41:45 UTC,research,,https://www.inaturalist.org/observations/29664957,https://inaturalist-open-data.s3.amazonaws.com/photos/46306688/medium.jpg,,"","Picture from camera, will need to download later",1,0,false,3,"Cochise County, US-AZ, US",31.8831579103,-109.2052046308,7,,,,7,,open,false,,,Chiricahua Fox Squirrel,Sciurus nayaritensis chiricahuae,Chiricahua Fox Squirrel,Mammalia,238455,,
29843604,6223c88d-389c-40e2-ad13-06a065306cbf,2019/07/27 8:47 AM MST,2019-07-27,2019-07-27 15:47:00 UTC,Arizona,52828,andybridges,Andy Bridges,2019-07-30 10:57:07 UTC,2020-01-02 15:23:14 UTC,research,CC-BY-NC,https://www.inaturalist.org/observations/29843604,https://inaturalist-open-data.s3.amazonaws.com/photos/46599494/medium.jpeg,,"","",2,0,false,,"Cochise County, AZ, USA",31.871675,-109.1863933333,,,,,,,open,false,,,Mexican Fox Squirrel,Sciurus nayaritensis,Mexican Fox Squirrel,Mammalia,46024,,
30191410,4ec3fc99-76bf-4ecb-8b44-60e666ecebf7,2019/07/27 8:49 AM MST,2019-07-27,2019-07-27 15:49:00 UTC,Arizona,45625,ssprague,"",2019-08-04 18:56:54 UTC,2019-08-06 01:10:51 UTC,research,CC-BY-NC,https://www.inaturalist.org/observations/30191410,https://inaturalist-open-data.s3.amazonaws.com/photos/47153914/medium.jpeg,,"",,1,0,false,,"Cochise County, US-AZ, US",31.8716816667,-109.1864283333,,,,,,,open,false,,,Mexican Fox Squirrel,Sciurus nayaritensis,Mexican Fox Squirrel,Mammalia,46024,,
30727348,a6a5ae8d-68e9-48fe-8127-37cc94a62e21,Mon Aug 12 2019 14:46:11 GMT-0700 (MST),2019-08-12,2019-08-12 20:46:11 UTC,Mountain Time (US & Canada),114140,alexlamoreaux,Alex Lamoreaux,2019-08-13 02:12:53 UTC,2020-10-09 08:57:21 UTC,research,CC-BY-NC,https://www.inaturalist.org/observations/30727348,https://inaturalist-open-data.s3.amazonaws.com/photos/48021341/medium.jpg,,"",,1,0,false,3,"Cochise County, US-AZ, US",31.9332131837,-109.2721684837,10,,,,10,,open,false,,,Mexican Fox Squirrel,Sciurus nayaritensis,Mexican Fox Squirrel,Mammalia,46024,,
30760805,319cd593-23d0-4e8b-83b5-13daefe2fbd5,Tue Aug 13 2019 09:58:52 GMT-0700 (MST),2019-08-13,2019-08-13 15:58:52 UTC,Mountain Time (US & Canada),114140,alexlamoreaux,Alex Lamoreaux,2019-08-13 17:28:29 UTC,2019-08-28 00:41:08 UTC,research,CC-BY-NC,https://www.inaturalist.org/observations/30760805,https://inaturalist-open-data.s3.amazonaws.com/photos/48081196/medium.jpg,,"",,2,0,false,3,"Cochise County, US-AZ, US",31.8838857218,-109.2062599332,3578,,,,3578,,open,false,,,Chiricahua Fox Squirrel,Sciurus nayaritensis chiricahuae,Chiricahua Fox Squirrel,Mammalia,238455,,
30844157,18565743-f203-44d7-8202-a2d41fbce100,2019/08/10 9:39 AM CDT,2019-08-10,2019-08-10 14:39:00 UTC,Central Time (US & Canada),18780,hydaticus,Robby Deans,2019-08-15 00:02:31 UTC,2019-08-15 00:23:18 UTC,research,CC-BY-NC,https://www.inaturalist.org/observations/30844157,https://inaturalist-open-data.s3.amazonaws.com/photos/48213712/medium.jpeg,,"",,1,0,false,,"Cochise County, AZ, USA",31.8742299404,-109.1825517452,76,,,,76,,open,false,,,Chiricahua Fox Squirrel,Sciurus nayaritensis chiricahuae,Chiricahua Fox Squirrel,Mammalia,238455,,
31763046,627eb0f5-7b91-427a-9239-6e1c1e87af3f,2019/08/25 1:00 AM UTC,2019-08-25,,UTC,550350,dougnaturalist,,2019-08-30 01:00:40 UTC,2019-08-30 09:33:29 UTC,research,,https://www.inaturalist.org/observations/31763046,https://static.inaturalist.org/photos/49748287/medium.jpg,,"",,1,0,false,,"Forest Road 42, San Simon, AZ 85632, USA",31.9331,-109.2718,185,,,,185,,open,false,,,Chiricahua Fox Squirrel,Sciurus nayaritensis chiricahuae,Chiricahua Fox Squirrel,Mammalia,238455,,
31897513,0e1601eb-32b2-44d4-9647-c3ee160f6ab3,2019/08/29 1:58 PM CDT,2019-08-29,2019-08-29 18:58:00 UTC,Central Time (US & Canada),213832,dylapodiformes,Dylan Winkler,2019-09-01 04:26:16 UTC,2019-09-01 11:57:36 UTC,research,CC-BY-NC,https://www.inaturalist.org/observations/31897513,https://inaturalist-open-data.s3.amazonaws.com/photos/49971993/medium.jpg,,"",Southwestern Research Station,1,0,false,,"Cochise County, AZ, USA",31.8835835886,-109.2058897284,49,,,,49,,open,false,,,Chiricahua Fox Squirrel,Sciurus nayaritensis chiricahuae,Chiricahua Fox Squirrel,Mammalia,238455,,
32112781,e8578c5d-7e04-4480-83d9-c2addc06071f,2019/07/20 6:50 AM CDT,2019-07-20,2019-07-20 11:50:00 UTC,Central Time (US & Canada),740186,whimbrelbirder,Oliver Burrus,2019-09-04 16:45:46 UTC,2020-06-20 20:14:52 UTC,research,CC-BY,https://www.inaturalist.org/observations/32112781,https://inaturalist-open-data.s3.amazonaws.com/photos/50329197/medium.jpeg,,"",,2,0,false,,"Cochise County, AZ, USA",31.8689355408,-109.1883666311,315,,,,315,,open,false,,,Chiricahua Fox Squirrel,Sciurus nayaritensis chiricahuae,Chiricahua Fox Squirrel,Mammalia,238455,,
32438691,d46236e4-68f6-4494-b305-8ceccf853c18,2019/08/31 9:00 AM PDT,2019-08-31,2019-08-31 16:00:00 UTC,Pacific Time (US & Canada),497764,naturephotosuze,"",2019-09-09 22:31:17 UTC,2024-08-31 02:09:11 UTC,research,CC-BY-NC,https://www.inaturalist.org/observations/32438691,https://static.inaturalist.org/photos/50877397/medium.jpg,,"",Cave Creek,2,0,false,,"Cochise County, AZ, USA",31.8672703648,-109.1888680524,8,,,,8,,open,false,,,Mexican Fox Squirrel,Sciurus nayaritensis,Mexican Fox Squirrel,Mammalia,46024,,
33292818,27acd52d-d468-4b10-862f-e9c4ad30f845,2019/08/23 10:20 PM MST,2019-08-23,2019-08-24 05:20:00 UTC,Arizona,796095,birdlorddude,Jared Conaway,2019-09-24 02:03:44 UTC,2019-09-28 15:54:17 UTC,research,CC-BY-NC,https://www.inaturalist.org/observations/33292818,https://inaturalist-open-data.s3.amazonaws.com/photos/52280465/medium.jpg,,"",,1,0,false,,"Cochise County, AZ, USA",31.8895146679,-109.2075116124,212,,,,212,,open,false,,,Chiricahua Fox Squirrel,Sciurus nayaritensis chiricahuae,Chiricahua Fox Squirrel,Mammalia,238455,,
34396335,bbfff4b9-6cec-41a3-8568-2da8d7091f12,2019/10/08 9:13 AM EDT,2019-10-08,2019-10-08 13:13:00 UTC,Eastern Time (US & Canada),1230799,cobal,"",2019-10-15 04:33:42 UTC,2019-10-15 15:10:21 UTC,research,CC-BY-NC,https://www.inaturalist.org/observations/34396335,https://inaturalist-open-data.s3.amazonaws.com/photos/54129353/medium.jpeg,,"",,2,0,false,,"Cochise County, AZ, USA",31.9290122929,-109.1715033478,122,,,,122,,open,false,,,Mexican Fox Squirrel,Sciurus nayaritensis,Mexican Fox Squirrel,Mammalia,46024,,
37157144,5898c034-a27f-4b77-b2b5-893886a654b1,2018/03/11 10:38 AM EDT,2018-03-11,2018-03-11 14:38:00 UTC,Eastern Time (US & Canada),264861,brandonwoo,Brandon Woo,2020-01-01 13:30:54 UTC,2020-01-01 16:50:38 UTC,research,,https://www.inaturalist.org/observations/37157144,https://static.inaturalist.org/photos/58857950/medium.jpeg,,"",,1,0,false,,"Cochise County, AZ, USA",31.8813583333,-109.1875444444,5,,,,5,,open,false,,,Chiricahua Fox Squirrel,Sciurus nayaritensis chiricahuae,Chiricahua Fox Squirrel,Mammalia,238455,,
37193564,8dbf7c55-ba38-4d4f-9ddc-1b7cd4093271,2018/04/04 10:18 AM EDT,2018-04-04,2018-04-04 14:18:00 UTC,Eastern Time (US & Canada),264861,brandonwoo,Brandon Woo,2020-01-02 15:13:38 UTC,2020-01-02 19:59:20 UTC,research,,https://www.inaturalist.org/observations/37193564,https://static.inaturalist.org/photos/58922001/medium.jpg,,"Arizona, SWRS, mammals",,1,0,false,,"Cochise County, AZ, USA",31.8831196413,-109.2071309989,30,,,,30,,open,false,,,Chiricahua Fox Squirrel,Sciurus nayaritensis chiricahuae,Chiricahua Fox Squirrel,Mammalia,238455,,
40168902,f88997b0-7ff7-4059-8d6b-7a90ff25525c,Fri Jul 19 2019 20:49:33 GMT-0400 (EDT),2019-07-19,2019-07-20 00:49:33 UTC,Eastern Time (US & Canada),1050121,maxybird01,,2020-03-18 06:24:55 UTC,2020-03-18 15:33:09 UTC,research,,https://www.inaturalist.org/observations/40168902,https://static.inaturalist.org/photos/63806076/medium.jpg,,"",,1,0,false,3,"Coronado National Forest, San Simon, AZ, US",31.8830059474,-109.1751084261,32,,,,32,,open,false,,,Mexican Fox Squirrel,Sciurus nayaritensis,Mexican Fox Squirrel,Mammalia,46024,,
40843588,7b4242dd-c836-48a4-9196-3638fe149c84,2019/08/23 11:51 AM EDT,2019-08-23,2019-08-23 15:51:00 UTC,Eastern Time (US & Canada),767530,nedbrinkley,Ned Brinkley,2020-03-27 22:04:02 UTC,2020-04-21 00:34:16 UTC,research,CC-BY-NC,https://www.inaturalist.org/observations/40843588,https://inaturalist-open-data.s3.amazonaws.com/photos/64750463/medium.jpg,,"",,1,0,false,,"Cochise County, AZ, USA",31.8972024902,-109.2168469998,61,,,,61,,open,false,,,Chiricahua Fox Squirrel,Sciurus nayaritensis chiricahuae,Chiricahua Fox Squirrel,Mammalia,238455,,
42505143,69fe1b3c-784c-4cbc-b24c-9478ed0385c6,2019/03/29 1:00 PM UTC,2019-03-29,,UTC,1142311,tea-rose,tea-rose,2020-04-18 20:08:42 UTC,2020-04-18 20:56:45 UTC,research,,https://www.inaturalist.org/observations/42505143,https://static.inaturalist.org/photos/67489926/medium.jpg,,"",,1,0,false,,"42E Forest Service Rd, San Simon, AZ 85632, USA",31.8752302,-109.1804624,196,,,,196,,open,false,,,Chiricahua Fox Squirrel,Sciurus nayaritensis chiricahuae,Chiricahua Fox Squirrel,Mammalia,238455,,
44552670,70c6721e-1446-4100-a2a2-77552acdfe31,2020/05/01 11:00 AM MST,2020-05-01,2020-05-01 17:00:00 UTC,Mountain Time (US & Canada),1640989,debracraig,Debra Craig,2020-05-02 03:27:36 UTC,2020-05-02 08:50:22 UTC,research,CC-BY-NC,https://www.inaturalist.org/observations/44552670,https://static.inaturalist.org/photos/70636442/medium.jpg,,"Mammals, Chiricahua Mountains",Two seen on South Fork Trail in the old picnic grounds,1,0,false,,"Cochise County, AZ, USA",31.8795712104,-109.1878336313,9022,,,,9022,,open,false,,,Chiricahua Fox Squirrel,Sciurus nayaritensis chiricahuae,Chiricahua Fox Squirrel,Mammalia,238455,,
44833085,d38888ee-8eac-4847-badc-fff0e9c814bc,2020/05/02 10:27 AM MST,2020-05-02,2020-05-02 17:27:00 UTC,Arizona,8352,scottolmstead,Scott Olmstead,2020-05-04 02:37:18 UTC,2020-05-04 11:16:01 UTC,research,CC-BY,https://www.inaturalist.org/observations/44833085,https://static.inaturalist.org/photos/71073584/medium.jpg,,"","",1,0,false,,"Turkey Creek, Chiricahua Mtns, Cochise County, AZ, USA",31.8594894035,-109.334602819,135,,,,135,,open,false,,,Mexican Fox Squirrel,Sciurus nayaritensis,Mexican Fox Squirrel,Mammalia,46024,,
45048018,8b74ef0b-c8d1-4c3b-85ab-b29f513ec10f,2020/05/05 11:18 AM HST,2020-05-05,2020-05-05 21:18:00 UTC,Hawaii,758510,mccreedy,Chris McCreedy,2020-05-06 05:27:52 UTC,2020-05-06 12:50:56 UTC,research,,https://www.inaturalist.org/observations/45048018,https://static.inaturalist.org/photos/71421895/medium.jpg,,"",,1,0,false,,"Cochise County, AZ, USA",31.8494832347,-109.3255809582,15,,,,15,,open,false,,,Chiricahua Fox Squirrel,Sciurus nayaritensis chiricahuae,Chiricahua Fox Squirrel,Mammalia,238455,,
45198889,176c2be6-2fdf-418b-88a6-cdb8d3932f86,2014/05/07 3:18 PM EDT,2014-05-07,2014-05-07 19:18:00 UTC,America/New_York,2816616,mpoinat,Mike Ostrowski,2020-05-07 19:55:13 UTC,2021-02-26 22:42:01 UTC,research,CC-BY,https://www.inaturalist.org/observations/45198889,https://inaturalist-open-data.s3.amazonaws.com/photos/71661941/medium.jpeg,,"",,2,0,false,,"Cochise County, AZ, USA",31.908966063,-109.2517106227,8,,,,8,,open,false,,,Mexican Fox Squirrel,Sciurus nayaritensis,Mexican Fox Squirrel,Mammalia,46024,,
45328971,a4bddc00-b720-461d-80bb-4d82112d59e9,2020/05/08 7:57 AM MST,2020-05-08,2020-05-08 14:57:00 UTC,Arizona,770371,janeyd,Jane Dixon,2020-05-09 02:03:24 UTC,2023-07-20 19:20:19 UTC,research,,https://www.inaturalist.org/observations/45328971,https://static.inaturalist.org/photos/71871926/medium.jpeg,,"",,1,0,false,,"Cochise County, AZ, USA",31.8684144884,-109.3714859734,122,,,,122,,open,false,,,Chiricahua Fox Squirrel,Sciurus nayaritensis chiricahuae,Chiricahua Fox Squirrel,Mammalia,238455,,
45456495,bb2cfea6-c74a-4b74-b5fb-53de38b26026,2020-05-06 9:34:08 AM MST,2020-05-06,2020-05-06 15:34:08 UTC,Mountain Time (US & Canada),1287370,caremarie,Carrie Voss,2020-05-10 07:45:11 UTC,2023-07-07 20:37:15 UTC,research,CC-BY-NC-SA,https://www.inaturalist.org/observations/45456495,https://inaturalist-open-data.s3.amazonaws.com/photos/72083541/medium.jpeg,,"",,1,0,false,2,"Cochise County, US-AZ, US",31.85438206,-109.31878762,12,,,,12,,open,false,,,Mexican Fox Squirrel,Sciurus nayaritensis,Mexican Fox Squirrel,Mammalia,46024,,
46181165,fd2626a2-af18-4d0e-99f2-cd8f4cdf3052,2020/05/14 3:26 PM CDT,2020-05-14,2020-05-14 20:26:00 UTC,Central Time (US & Canada),9531,kucycads,Kenneth Bader,2020-05-17 02:54:31 UTC,2020-05-17 12:56:08 UTC,research,CC-BY-NC,https://www.inaturalist.org/observations/46181165,https://inaturalist-open-data.s3.amazonaws.com/photos/73244698/medium.jpeg,,"",,1,0,false,,"Cochise County, AZ, USA",31.9172072982,-109.2789704204,284,,,,284,,open,false,,,Chiricahua Fox Squirrel,Sciurus nayaritensis chiricahuae,Chiricahua Fox Squirrel,Mammalia,238455,,
48028389,ef905cd8-e9d5-41c2-b020-daa836f8d5e6,Wed Jan 29 2020 13:27:00 GMT-0500 (EST),2020-01-29,2020-01-29 18:27:00 UTC,Eastern Time (US & Canada),1085354,mattsim2,,2020-05-31 19:38:38 UTC,2020-06-29 19:01:39 UTC,research,,https://www.inaturalist.org/observations/48028389,https://static.inaturalist.org/photos/76186647/medium.jpg,,"",,1,0,false,3,"Coronado National Forest, San Simon, AZ, US",31.9974966321,-109.2908265781,54,,,,54,,open,false,,,Mexican Fox Squirrel,Sciurus nayaritensis,Mexican Fox Squirrel,Mammalia,46024,,
48305378,a61d858b-40c0-4030-b45f-da3aff8342b9,2020/05/30 10:05 AM MDT,2020-05-30,2020-05-30 16:05:00 UTC,Mountain Time (US & Canada),546621,dingoqueen,"",2020-06-03 03:51:41 UTC,2021-08-07 17:30:41 UTC,research,CC-BY-NC,https://www.inaturalist.org/observations/48305378,https://inaturalist-open-data.s3.amazonaws.com/photos/76639994/medium.jpeg,,"",,1,0,false,,"Morse Canyon, Arizona",31.8639809,-109.3389516,1842,,,,1842,,open,false,,,Chiricahua Fox Squirrel,Sciurus nayaritensis chiricahuae,Chiricahua Fox Squirrel,Mammalia,238455,,
48991942,45e6246f-7b63-4f51-b146-f6dc3117aebd,2020/05/30 12:17 PM MST,2020-05-30,2020-05-30 19:17:00 UTC,Arizona,9546,rpfray,Richard Fray,2020-06-09 05:23:37 UTC,2020-06-09 10:39:59 UTC,research,CC-BY-NC,https://www.inaturalist.org/observations/48991942,https://inaturalist-open-data.s3.amazonaws.com/photos/77761935/medium.jpg,,"",,1,0,false,,"Pinery Canyon, Cochise County, AZ, USA",31.9329912755,-109.2721002912,4,,,,4,,open,false,,,Chiricahua Fox Squirrel,Sciurus nayaritensis chiricahuae,Chiricahua Fox Squirrel,Mammalia,238455,,
49465578,1c42a4f7-2d99-42f1-ba0e-e72c2a2adfcc,2018/09/17 7:50 AM UTC,2018-09-17,,UTC,2147595,seandaniels,Sean Daniels,2020-06-13 17:39:16 UTC,2020-06-13 18:05:11 UTC,research,CC-BY-NC,https://www.inaturalist.org/observations/49465578,https://inaturalist-open-data.s3.amazonaws.com/photos/78434764/medium.jpeg,,"",,1,0,false,,"Cochise County, AZ, USA",31.8677501436,-109.189231242,8,,,,8,,open,false,,,Mexican Fox Squirrel,Sciurus nayaritensis,Mexican Fox Squirrel,Mammalia,46024,,
49670985,687774ac-a621-4243-9fc1-7923565b0c34,2020/06/13 1:19 PM MST,2020-06-13,2020-06-13 20:19:00 UTC,Arizona,770371,janeyd,Jane Dixon,2020-06-15 01:46:15 UTC,2023-07-20 19:20:19 UTC,research,,https://www.inaturalist.org/observations/49670985,https://static.inaturalist.org/photos/78853920/medium.jpeg,,"",,1,0,false,,"Cochise County, AZ, USA",31.8902671406,-109.2101887691,122,,,,122,,open,false,,,Chiricahua Fox Squirrel,Sciurus nayaritensis chiricahuae,Chiricahua Fox Squirrel,Mammalia,238455,,
49673496,82badc79-9390-49e9-a300-62769cb61813,2020/06/13 3:06 PM MST,2020-06-13,2020-06-13 22:06:00 UTC,Arizona,770371,janeyd,Jane Dixon,2020-06-15 02:14:44 UTC,2023-07-20 19:20:19 UTC,research,,https://www.inaturalist.org/observations/49673496,https://static.inaturalist.org/photos/78857927/medium.jpeg,,"",,1,0,false,,"Cochise County, AZ, USA",31.9169514012,-109.26545461,61,,,,61,,open,false,,,Chiricahua Fox Squirrel,Sciurus nayaritensis chiricahuae,Chiricahua Fox Squirrel,Mammalia,238455,,
49682967,6d24b59d-0573-4f35-8941-b4140bcc7cea,Fri Jun 12 2020 16:45:47 GMT-0700 (MST),2020-06-12,2020-06-12 23:45:47 UTC,Arizona,276706,srrgr16,"",2020-06-15 04:06:31 UTC,2020-06-19 01:08:40 UTC,research,CC-BY-NC,https://www.inaturalist.org/observations/49682967,https://inaturalist-open-data.s3.amazonaws.com/photos/78874933/medium.jpg,,"",,1,0,false,3,"Coronado National Forest, Pearce, AZ, US",31.8597782412,-109.3342011459,49,,,,49,,open,false,,,Chiricahua Fox Squirrel,Sciurus nayaritensis chiricahuae,Chiricahua Fox Squirrel,Mammalia,238455,,
50608019,be482eb1-b177-4a92-a283-a087df11c2d9,2020/06/21 8:47 AM PDT,2020-06-21,2020-06-21 15:47:00 UTC,Pacific Time (US & Canada),1097584,nmoorhatch,"",2020-06-22 22:41:12 UTC,2020-07-01 12:22:28 UTC,research,CC-BY,https://www.inaturalist.org/observations/50608019,https://inaturalist-open-data.s3.amazonaws.com/photos/80365542/medium.jpg,,"","",1,0,false,,"Cochise County, AZ, USA",31.8498447507,-109.3261199121,122,,,,122,,open,false,,,Chiricahua Fox Squirrel,Sciurus nayaritensis chiricahuae,Chiricahua Fox Squirrel,Mammalia,238455,,
50631117,892017cb-ba3f-419a-b5a6-1d5ee4942c51,2020/06/20 10:58 AM CDT,2020-06-20,2020-06-20 15:58:00 UTC,Central Time (US & Canada),1154414,jdmanthey,"",2020-06-23 03:27:08 UTC,2024-02-25 16:02:38 UTC,research,CC-BY-NC,https://www.inaturalist.org/observations/50631117,https://static.inaturalist.org/photos/80404119/medium.jpg,,"",,1,0,false,,"Cochise County, AZ, USA",31.8821473356,-109.1816700953,50,,,,50,,open,false,,,Chiricahua Fox Squirrel,Sciurus nayaritensis chiricahuae,Chiricahua Fox Squirrel,Mammalia,238455,,
50804424,d2d2eb80-84cd-4e4b-8f01-d76efe1985fc,2019/08/17 3:54 PM MST,2019-08-17,2019-08-17 22:54:00 UTC,Arizona,427054,patisaacson,Pat,2020-06-24 19:15:03 UTC,2022-11-30 00:04:20 UTC,research,CC-BY-NC,https://www.inaturalist.org/observations/50804424,https://inaturalist-open-data.s3.amazonaws.com/photos/80693563/medium.jpeg,,"",,2,0,false,,"Cochise County, AZ, USA",31.897171339,-109.1641757705,244,,,,244,,open,false,,,Chiricahua Fox Squirrel,Sciurus nayaritensis chiricahuae,Chiricahua Fox Squirrel,Mammalia,238455,,
51168781,e527ac73-a6ef-4d63-b81f-73b26710a6f8,2020/06/13 9:56 AM EDT,2020-06-13,2020-06-13 13:56:00 UTC,Eastern Time (US & Canada),366051,nathangoldberg,Nathan Goldberg,2020-06-28 00:22:15 UTC,2021-09-09 22:21:33 UTC,research,,https://www.inaturalist.org/observations/51168781,https://static.inaturalist.org/photos/81279263/medium.jpg,,"",,3,0,false,,"Morse Canyon, Cochise County, AZ, USA",31.8488940814,-109.3248988741,184,,,,184,,open,false,,,Chiricahua Fox Squirrel,Sciurus nayaritensis chiricahuae,Chiricahua Fox Squirrel,Mammalia,238455,,
51373670,1e39d6a8-dff3-45bd-8d11-6a3ab154700c,2014/04/25 6:58 AM PDT,2014-04-25,2014-04-25 13:58:00 UTC,Pacific Time (US & Canada),3255596,chris_charlesworth,Chris Charlesworth,2020-06-29 16:33:06 UTC,2020-06-30 16:58:04 UTC,research,CC-BY-NC,https://www.inaturalist.org/observations/51373670,https://inaturalist-open-data.s3.amazonaws.com/photos/81615434/medium.jpg,,"",,2,0,false,,"Cochise County, AZ, USA",31.8921301323,-109.2362179005,8265,,,,8265,,open,false,,,Chiricahua Fox Squirrel,Sciurus nayaritensis chiricahuae,Chiricahua Fox Squirrel,Mammalia,238455,,
51573808,62ba50ff-c86f-4543-9eea-d5ee76dda94c,2020/06/25 9:46 AM CDT,2020-06-25,2020-06-25 14:46:00 UTC,Central Time (US & Canada),23016,knightericm,Eric Knight,2020-07-01 12:51:46 UTC,2024-10-22 22:43:05 UTC,research,CC-BY-NC,https://www.inaturalist.org/observations/51573808,https://inaturalist-open-data.s3.amazonaws.com/photos/81950712/medium.jpeg,,"",,2,0,false,,"Cochise County, AZ, USA",31.903913789,-109.2785383646,31,,,,31,,open,false,,,Chiricahua Fox Squirrel,Sciurus nayaritensis chiricahuae,Chiricahua Fox Squirrel,Mammalia,238455,,
51711834,a51c9a29-1c35-4ba4-8952-6de99fc740a0,2020/06/19 10:36 AM EDT,2020-06-19,2020-06-19 14:36:00 UTC,Eastern Time (US & Canada),670908,jugbayjs,"",2020-07-02 17:31:53 UTC,2020-07-02 20:41:45 UTC,research,CC-BY-NC,https://www.inaturalist.org/observations/51711834,https://inaturalist-open-data.s3.amazonaws.com/photos/82160411/medium.jpeg,,"",,2,0,false,,"Herb Martyr Rd (42A) along Cave Creek, Cochise County, AZ, USA",31.8765445629,-109.2244624463,1525,,,,1525,,open,false,,,Mexican Fox Squirrel,Sciurus nayaritensis,Mexican Fox Squirrel,Mammalia,46024,,
52100221,13dc859a-e332-4465-8997-8fe91a2bb42a,2020/07/05 8:47 AM HST,2020-07-05,2020-07-05 18:47:00 UTC,Hawaii,758510,mccreedy,Chris McCreedy,2020-07-06 01:23:36 UTC,2020-07-06 01:42:49 UTC,research,,https://www.inaturalist.org/observations/52100221,https://static.inaturalist.org/photos/82802358/medium.jpg,,"",,1,0,false,,"Cochise County, AZ, USA",31.8811420519,-109.2189200595,8,,,,8,,open,false,,,Chiricahua Fox Squirrel,Sciurus nayaritensis chiricahuae,Chiricahua Fox Squirrel,Mammalia,238455,,
52203006,03ef5f3f-fa86-484b-963c-657d2210b406,2020/05/30 10:15 AM HST,2020-05-30,2020-05-30 20:15:00 UTC,Hawaii,1982499,mhearell,mhearell,2020-07-06 22:50:24 UTC,2020-07-07 04:01:18 UTC,research,CC-BY-NC,https://www.inaturalist.org/observations/52203006,https://inaturalist-open-data.s3.amazonaws.com/photos/82969973/medium.jpeg,,"","",1,0,false,,"Cochise County, AZ, USA",32.000622163,-109.3228922974,244,,,,244,,open,false,,,Chiricahua Fox Squirrel,Sciurus nayaritensis chiricahuae,Chiricahua Fox Squirrel,Mammalia,238455,,
52375668,67cba3ef-c70c-4cd4-9c63-ca47a114f05b,2020/07/02 10:54 AM MST,2020-07-02,2020-07-02 17:54:00 UTC,Arizona,87515,mjskinner,"",2020-07-08 15:50:24 UTC,2020-07-08 16:56:33 UTC,research,,https://www.inaturalist.org/observations/52375668,https://static.inaturalist.org/photos/83255025/medium.jpeg,,"",,1,0,false,,"Cochise County, AZ, USA",31.9485320033,-109.3080442368,2,,,,2,,open,false,,,Chiricahua Fox Squirrel,Sciurus nayaritensis chiricahuae,Chiricahua Fox Squirrel,Mammalia,238455,,
54082650,a80eee5c-d18a-400b-aaf8-72a3c75b3fad,Wed Jul 22 2020 14:33:26 GMT-0700 (MST),2020-07-22,2020-07-22 20:33:26 UTC,Mountain Time (US & Canada),86100,naturenate,Nathan,2020-07-23 18:54:04 UTC,2020-07-29 01:45:19 UTC,research,CC-BY-NC,https://www.inaturalist.org/observations/54082650,https://static.inaturalist.org/photos/86035933/medium.jpg,,"",,2,0,false,3,"Coronado National Forest, Pearce, AZ, US",31.86918,-109.1882466667,,,,,,,open,false,,,Chiricahua Fox Squirrel,Sciurus nayaritensis chiricahuae,Chiricahua Fox Squirrel,Mammalia,238455,,
56089076,aba9bbfe-0f16-4363-85d1-64d4ff1d31a3,2020/08/05 8:20 AM PDT,2020-08-05,2020-08-05 15:20:00 UTC,Pacific Time (US & Canada),513187,thomasabenson,Tom Benson,2020-08-11 01:51:26 UTC,2021-02-26 22:40:30 UTC,research,CC-BY-NC,https://www.inaturalist.org/observations/56089076,https://inaturalist-open-data.s3.amazonaws.com/photos/89352941/medium.jpg,,"Chiricahua Mountains, Cave Creek, Mexican Fox Squirrel, Sciurus nayaritensis","Sciurus nayaritensis
5 Aug 2020
AZ, Cochise Co., Chiricahua Mountains, Cave Creek",4,0,false,,"Cave Creek, Chiricahua Mountains, Cochise County, AZ, USA",31.8784916667,-109.223525,,,,,,,open,false,,,Mexican Fox Squirrel,Sciurus nayaritensis,Mexican Fox Squirrel,Mammalia,46024,,
57502710,529e8930-c0a3-4ad8-a6e4-ad387f3700b9,2020/06/10 11:12 AM UTC,2020-06-10,,UTC,285621,alcedo77,,2020-08-25 01:16:25 UTC,2020-10-16 18:00:43 UTC,research,CC-BY-NC,https://www.inaturalist.org/observations/57502710,https://inaturalist-open-data.s3.amazonaws.com/photos/91724390/medium.jpeg,,"",,3,0,false,,"Cochise County, AZ, USA",31.87484,-109.2313366667,,,,,,,open,false,,,Mexican Fox Squirrel,Sciurus nayaritensis,Mexican Fox Squirrel,Mammalia,46024,,
57635985,c9f8bb64-de4d-4927-b180-21b9197c586b,2016/07/28 10:27 AM EDT,2016-07-28,2016-07-28 14:27:00 UTC,Eastern Time (US & Canada),43084,jwm57,Jay McGowan,2020-08-26 13:46:06 UTC,2020-08-27 01:16:05 UTC,research,,https://www.inaturalist.org/observations/57635985,https://static.inaturalist.org/photos/91895068/medium.jpeg,,"",,1,0,false,,"Cochise County, AZ, USA",31.881,-109.195,50,,,,50,,open,false,,,Chiricahua Fox Squirrel,Sciurus nayaritensis chiricahuae,Chiricahua Fox Squirrel,Mammalia,238455,,
57736910,b6e46932-50bd-4d89-9310-eaeac09a5cec,2020/08/26 12:32 PM HST,2020-08-26,2020-08-26 22:32:00 UTC,Hawaii,758510,mccreedy,Chris McCreedy,2020-08-27 14:59:13 UTC,2020-08-27 16:33:07 UTC,research,,https://www.inaturalist.org/observations/57736910,https://static.inaturalist.org/photos/92123183/medium.jpg,,"",,2,0,false,,"Cochise County, AZ, USA",31.7805580375,-109.3091198426,8,,,,8,,open,false,,,Sciurus nayaritensis chiricahuae,Sciurus nayaritensis chiricahuae,Chiricahua Fox Squirrel,Mammalia,238455,,
57855375,cdfa793f-960c-41d7-ac23-febc08b04d91,2020/08/13 4:13 PM HST,2020-08-13,2020-08-14 02:13:00 UTC,Hawaii,1426163,kim_score_birdingpal,Kim Score,2020-08-28 19:29:54 UTC,2020-08-29 00:26:16 UTC,research,,https://www.inaturalist.org/observations/57855375,https://static.inaturalist.org/photos/92318110/medium.jpeg,,"",,1,0,false,,"Cochise County, AZ, USA",31.8516766499,-109.1946917769,61,,,,61,,open,false,,,Chiricahua Fox Squirrel,Sciurus nayaritensis chiricahuae,Chiricahua Fox Squirrel,Mammalia,238455,,
57994270,d707f518-eafa-42cf-8a56-6fb5cf0b8e5d,2020-08-19 5:48:39 PM EDT,2020-08-19,2020-08-19 21:48:39 UTC,Eastern Time (US & Canada),824100,jakeschneider00,,2020-08-30 03:04:45 UTC,2020-09-04 20:56:57 UTC,research,CC-BY-NC,https://www.inaturalist.org/observations/57994270,https://inaturalist-open-data.s3.amazonaws.com/photos/92553056/medium.jpeg,,"",,2,0,false,2,"Portal, AZ 85632, USA",31.9037633333,-109.27815,,,,,,,open,false,gps,gps,Mexican Fox Squirrel,Sciurus nayaritensis,Mexican Fox Squirrel,Mammalia,46024,,
58212124,270bce79-ca38-48e9-bfa8-00c0019fd62d,Mon Aug 31 2020 19:08:44 GMT-0700 (MST),2020-08-31,2020-09-01 01:08:44 UTC,Mountain Time (US & Canada),3544077,jocelynes,,2020-09-01 02:39:12 UTC,2021-04-20 04:29:10 UTC,research,CC-BY-NC,https://www.inaturalist.org/observations/58212124,https://inaturalist-open-data.s3.amazonaws.com/photos/92916622/medium.jpg,,"",,2,0,false,3,"Coronado National Forest, Pearce, AZ, US",31.7604997616,-109.3539693765,11,,,,11,,open,false,,,Chiricahua Fox Squirrel,Sciurus nayaritensis chiricahuae,Chiricahua Fox Squirrel,Mammalia,238455,,
58609241,8bcbc22c-9c2c-4ef0-9ac8-8410c9810abf,2020/09/04 12:20 PM UTC,2020-09-04,2020-09-04 12:20:00 UTC,UTC,1306796,bert_filemyr,Bert Filemyr,2020-09-05 15:48:51 UTC,2020-09-05 17:33:22 UTC,research,CC-BY-NC,https://www.inaturalist.org/observations/58609241,https://inaturalist-open-data.s3.amazonaws.com/photos/93583911/medium.jpg,,"",,2,0,false,,"Cochise County, AZ, USA",31.7892,-109.28291,,,,,,,open,false,,,Ardilla de Nayarit,Sciurus nayaritensis,Mexican Fox Squirrel,Mammalia,46024,,
58905777,73a2ba60-c9a9-4671-a420-623a1a544dd5,2020/08/20 1:51 PM SST,2020-08-20,2020-08-20 00:51:00 UTC,Samoa,1645216,pgkaestner,"",2020-09-08 00:41:11 UTC,2020-09-08 14:34:27 UTC,research,CC-BY-NC,https://www.inaturalist.org/observations/58905777,https://inaturalist-open-data.s3.amazonaws.com/photos/94077543/medium.jpeg,,"",,1,0,false,,"Cochise County, AZ, USA",31.8778329513,-109.1910136173,3506,,,,3506,,open,false,,,Chiricahua Fox Squirrel,Sciurus nayaritensis chiricahuae,Chiricahua Fox Squirrel,Mammalia,238455,,
59474666,ab262814-8300-4290-ae09-5fb919bffd5f,2020/09/04 8:37 AM PDT,2020-09-04,2020-09-04 15:37:00 UTC,Pacific Time (US & Canada),497764,naturephotosuze,"",2020-09-13 18:15:17 UTC,2024-08-31 02:09:11 UTC,research,CC-BY-NC,https://www.inaturalist.org/observations/59474666,https://static.inaturalist.org/photos/95032306/medium.jpg,,"",Cave Creek Canyon,1,0,false,,"Cochise County, AZ, USA",31.8777086633,-109.1784748601,8,,,,8,,open,false,,,Chiricahua Fox Squirrel,Sciurus nayaritensis chiricahuae,Chiricahua Fox Squirrel,Mammalia,238455,,
59787730,f875f411-4519-4a31-8852-c57e85f952e3,2020/09/13 8:18 AM CDT,2020-09-13,2020-09-13 13:18:00 UTC,Central Time (US & Canada),372232,rtshaw80,Ryan Shaw,2020-09-16 16:29:35 UTC,2023-07-07 23:29:34 UTC,research,CC-BY-NC,https://www.inaturalist.org/observations/59787730,https://inaturalist-open-data.s3.amazonaws.com/photos/95554452/medium.jpg,,"",,1,0,false,,"Cochise County, AZ, USA",31.7858764477,-109.2906338963,31,,,,31,,open,false,,,Chiricahua Fox Squirrel,Sciurus nayaritensis chiricahuae,Chiricahua Fox Squirrel,Mammalia,238455,,
59787733,b71313cf-5a08-4c1c-8ca5-485e262a7bcc,2020/09/13 8:46 AM CDT,2020-09-13,2020-09-13 13:46:00 UTC,Central Time (US & Canada),372232,rtshaw80,Ryan Shaw,2020-09-16 16:29:35 UTC,2023-07-07 23:29:45 UTC,research,CC-BY-NC,https://www.inaturalist.org/observations/59787733,https://inaturalist-open-data.s3.amazonaws.com/photos/95554505/medium.jpg,,"",,1,0,false,,"Cochise County, AZ, USA",31.7860223636,-109.2890879214,31,,,,31,,open,false,,,Chiricahua Fox Squirrel,Sciurus nayaritensis chiricahuae,Chiricahua Fox Squirrel,Mammalia,238455,,
59787750,d6cc8135-b8bd-4eab-8780-84c6fcd8d969,2020/09/13 9:56 AM CDT,2020-09-13,2020-09-13 14:56:00 UTC,Central Time (US & Canada),372232,rtshaw80,Ryan Shaw,2020-09-16 16:29:39 UTC,2023-07-07 23:29:26 UTC,research,CC-BY-NC,https://www.inaturalist.org/observations/59787750,https://inaturalist-open-data.s3.amazonaws.com/photos/95554798/medium.jpg,,"",,2,0,false,,"Cochise County, AZ, USA",31.7855846151,-109.2919381479,31,,,,31,,open,false,,,Chiricahua Fox Squirrel,Sciurus nayaritensis chiricahuae,Chiricahua Fox Squirrel,Mammalia,238455,,
60039216,868fec8d-5631-4f45-a9b1-3564215ff2d5,2020/09/03 2:17 PM MST,2020-09-03,2020-09-03 21:17:00 UTC,Arizona,481399,desertharrier,Laurens R Halsey,2020-09-19 03:39:43 UTC,2020-09-19 17:35:52 UTC,research,CC-BY-NC,https://www.inaturalist.org/observations/60039216,https://inaturalist-open-data.s3.amazonaws.com/photos/95976215/medium.jpg,,"&cataloged, Chihuahuan Fox Squirrel, Cochise County, iNaturalist, Rucker Canyon",,1,0,false,,"Cochise County, AZ, USA",31.7859022613,-109.2897001581,100,,,,100,,open,false,,,Chiricahua Fox Squirrel,Sciurus nayaritensis chiricahuae,Chiricahua Fox Squirrel,Mammalia,238455,,
60050022,56419a4f-82b4-4465-875c-ff8b1a8db19e,2020/09/03 2:14 PM MST,2020-09-03,2020-09-03 21:14:00 UTC,Arizona,523371,andrewcore,Andrew Core,2020-09-19 08:33:07 UTC,2020-09-20 03:45:33 UTC,research,CC-BY-NC,https://www.inaturalist.org/observations/60050022,https://inaturalist-open-data.s3.amazonaws.com/photos/95994921/medium.jpeg,,"",,2,0,false,,"Rucker Canyon, Cochise County, AZ, USA",31.7856648121,-109.2915320007,750,,,,750,,open,false,,,Chiricahua Fox Squirrel,Sciurus nayaritensis chiricahuae,Chiricahua Fox Squirrel,Mammalia,238455,,
60823685,bb7f0444-e10a-4592-9648-494d0f702f39,Wed Sep 23 2020 15:59:44 GMT-0500 (CDT),2020-09-23,2020-09-23 15:59:44 UTC,UTC,3565016,dpsatx,,2020-09-26 14:27:03 UTC,2022-11-21 21:27:54 UTC,research,CC-BY-NC,https://www.inaturalist.org/observations/60823685,https://inaturalist-open-data.s3.amazonaws.com/photos/97318029/medium.jpg,,"",,1,0,false,3,"Coronado National Forest, San Simon, AZ, US",31.8813954484,-109.1852148821,144,,,,144,,open,false,,,Chiricahua Fox Squirrel,Sciurus nayaritensis chiricahuae,Chiricahua Fox Squirrel,Mammalia,238455,,
60926253,bc09968e-2d07-4588-b79c-251b2fa76c14,2020/09/26 7:40 AM PDT,2020-09-26,2020-09-26 14:40:00 UTC,Pacific Time (US & Canada),232439,harrier,"",2020-09-27 04:52:36 UTC,2021-02-26 22:39:31 UTC,research,CC-BY-NC,https://www.inaturalist.org/observations/60926253,https://inaturalist-open-data.s3.amazonaws.com/photos/97444632/medium.jpeg,,"",,1,0,false,,"Cochise County, AZ, USA",31.880947822,-109.1949324242,183,,,,183,,open,false,,,Ardilla de Nayarit,Sciurus nayaritensis,Mexican Fox Squirrel,Mammalia,46024,,
61065113,703c0af6-76df-455f-b22f-9e334a1807c4,2020/09/26 7:40 AM CST,2020-09-26,2020-09-25 23:40:00 UTC,Beijing,161086,cypselurus,Larry Chen,2020-09-28 03:23:50 UTC,2021-05-14 01:31:00 UTC,research,CC-BY-NC,https://www.inaturalist.org/observations/61065113,https://inaturalist-open-data.s3.amazonaws.com/photos/97682105/medium.jpeg,,"",,1,0,false,,"Cochise County, AZ, USA",31.8828980709,-109.1800117476,162,,,,162,,open,false,,,Mexican Fox Squirrel,Sciurus nayaritensis,Mexican Fox Squirrel,Mammalia,46024,,
61265221,f6187221-1735-4ee6-b181-c2f91e1c062a,2020/09/19 11:54 AM CDT,2020-09-19,2020-09-19 16:54:00 UTC,Central Time (US & Canada),9560,dianaterryhibbitts,Diana-Terry Hibbitts,2020-09-30 01:05:39 UTC,2020-09-30 19:20:18 UTC,research,CC-BY-NC,https://www.inaturalist.org/observations/61265221,https://inaturalist-open-data.s3.amazonaws.com/photos/98015507/medium.jpg,,"","Cave Creek, Chiricahua Mountains.",1,0,false,,"Cochise County, AZ, USA",31.8820425862,-109.1981929588,4,,,,4,,open,false,,,Chiricahua Fox Squirrel,Sciurus nayaritensis chiricahuae,Chiricahua Fox Squirrel,Mammalia,238455,,
61574413,0f41ad9d-e3bd-4ab1-9226-02732933700f,2020/09/24 5:47 PM EDT,2020-09-24,2020-09-24 21:47:00 UTC,Eastern Time (US & Canada),5245,kent_miller,Kent Miller,2020-10-03 15:55:18 UTC,2020-10-03 17:17:22 UTC,research,CC-BY,https://www.inaturalist.org/observations/61574413,https://inaturalist-open-data.s3.amazonaws.com/photos/98538233/medium.jpeg,,"","",1,0,false,,"Cochise County, AZ, USA",31.8974471977,-109.1653011883,1953,,,,1953,,open,false,,,Chiricahua Fox Squirrel,Sciurus nayaritensis chiricahuae,Chiricahua Fox Squirrel,Mammalia,238455,,
61749193,4e8e9cd1-33fc-4d5f-a7db-fd6dc9e69e47,2020/10/02 8:24 AM MDT,2020-10-02,2020-10-02 14:24:00 UTC,Mountain Time (US & Canada),614085,mjandersen,Mike Andersen,2020-10-05 02:55:50 UTC,2021-02-26 22:38:53 UTC,research,CC-BY-NC-ND,https://www.inaturalist.org/observations/61749193,https://inaturalist-open-data.s3.amazonaws.com/photos/98844289/medium.jpg,,"",,2,0,false,,"Cochise County, AZ, USA",31.881235,-109.18928,,,,,,,open,false,,,Mexican Fox Squirrel,Sciurus nayaritensis,Mexican Fox Squirrel,Mammalia,46024,,
61898495,3de5f05d-0591-40e1-9d1d-09f4a2ac9e61,2020/10/04 11:23 AM PDT,2020-10-04,2020-10-04 18:23:00 UTC,Pacific Time (US & Canada),1069564,radrat,Dario Taraborelli,2020-10-06 21:35:22 UTC,2020-10-07 00:14:11 UTC,research,CC0,https://www.inaturalist.org/observations/61898495,https://inaturalist-open-data.s3.amazonaws.com/photos/99101760/medium.jpeg,,"",,1,0,false,,"South Fork Trail, Cochise County, AZ, USA",31.8721708561,-109.1860878741,440,,,,440,,open,false,,,Mexican Fox Squirrel,Sciurus nayaritensis,Mexican Fox Squirrel,Mammalia,46024,,
63607975,62ee4bd9-0726-45e2-be84-c1597ebd4781,2020/08/07 5:50 PM MST,2020-08-07,2020-08-08 00:50:00 UTC,Arizona,65660,eric_hough,Eric Hough,2020-10-27 01:24:53 UTC,2021-02-27 03:38:30 UTC,research,CC-BY-NC,https://www.inaturalist.org/observations/63607975,https://inaturalist-open-data.s3.amazonaws.com/photos/102113571/medium.jpg,,"","",1,0,false,,"Snowshed Trail at Cave Creek, Chiricahua Mountains, Cochise County, AZ, USA",31.8826841673,-109.2146860082,30,,,,30,,open,false,,,Chiricahua Fox Squirrel,Sciurus nayaritensis chiricahuae,Chiricahua Fox Squirrel,Mammalia,238455,,
63681939,176912f5-66e4-463e-9d7b-2757febbe3f8,2017/06/15 6:55 AM MDT,2017-06-15,2017-06-15 12:55:00 UTC,Mountain Time (US & Canada),1499212,adkonings,Ad Konings,2020-10-28 04:04:14 UTC,2020-10-28 18:28:28 UTC,research,CC-BY-NC,https://www.inaturalist.org/observations/63681939,https://inaturalist-open-data.s3.amazonaws.com/photos/102246309/medium.jpg,,"","",1,0,false,,"Cochise County, AZ, USA",31.9044883333,-109.1562616667,,,,,,,open,false,,,Chiricahua Fox Squirrel,Sciurus nayaritensis chiricahuae,Chiricahua Fox Squirrel,Mammalia,238455,,
63927831,2418891c-27cc-4df0-9872-4549680f3c7c,2020/10/31 1:02 PM MST,2020-10-31,2020-10-31 20:02:00 UTC,Arizona,770371,janeyd,Jane Dixon,2020-11-01 00:51:59 UTC,2023-07-20 19:20:19 UTC,research,,https://www.inaturalist.org/observations/63927831,https://static.inaturalist.org/photos/102683935/medium.jpeg,,"",,2,0,false,,"Cochise County, AZ, USA",31.7778281342,-109.3114045014,31,,,,31,,open,false,,,Chiricahua Fox Squirrel,Sciurus nayaritensis chiricahuae,Chiricahua Fox Squirrel,Mammalia,238455,,
64303473,0c4d040b-1337-496a-ad90-934b812626c1,2020/10/26 12:12 PM PDT,2020-10-26,2020-10-26 19:12:00 UTC,Pacific Time (US & Canada),2296101,tmills,Tom Mills,2020-11-06 17:49:42 UTC,2021-02-26 22:37:29 UTC,research,CC-BY-NC,https://www.inaturalist.org/observations/64303473,https://inaturalist-open-data.s3.amazonaws.com/photos/103359252/medium.jpg,,"",,1,0,false,,"Cave Creek Canyon, Arizona 85632, USA",31.8962033,-109.1636719,1841,,,,1841,,open,false,,,Ardilla de Nayarit,Sciurus nayaritensis,Mexican Fox Squirrel,Mammalia,46024,,
64538596,ccfa1d4c-db44-4c4e-9674-720538505bf6,2020/11/08 1:15 PM PST,2020-11-08,2020-11-08 21:15:00 UTC,Pacific Time (US & Canada),718187,jspaulding,"",2020-11-09 19:13:07 UTC,2021-02-26 22:36:52 UTC,research,CC-BY-NC,https://www.inaturalist.org/observations/64538596,https://inaturalist-open-data.s3.amazonaws.com/photos/103774443/medium.jpg,,"",,4,0,false,,Cave Creek Canyon,31.8809102161,-109.1952465089,274,,,,274,,open,false,,,Mexican Fox Squirrel,Sciurus nayaritensis,Mexican Fox Squirrel,Mammalia,46024,,
65377711,b4c0a841-5025-4cd9-bf68-03d20e6fe75d,2020/11/21 1:44 PM UTC,2020-11-21,2020-11-21 13:44:00 UTC,UTC,1556854,trpaprocki,,2020-11-22 02:37:50 UTC,2021-02-26 22:36:20 UTC,research,CC-BY-NC,https://www.inaturalist.org/observations/65377711,https://inaturalist-open-data.s3.amazonaws.com/photos/105215867/medium.jpeg,,"","",2,0,false,,"Cochise County, AZ, USA",31.8965194638,-109.1641282273,61,,,,61,,open,false,,,Mexican Fox Squirrel,Sciurus nayaritensis,Mexican Fox Squirrel,Mammalia,46024,,
65587504,44aa214c-517a-47de-bd09-f1b3bae1b1b3,2020/11/20 7:07 AM PST,2020-11-20,2020-11-20 15:07:00 UTC,Pacific Time (US & Canada),266196,shrike2,"",2020-11-25 15:58:45 UTC,2024-06-18 22:04:21 UTC,research,CC-BY-NC,https://www.inaturalist.org/observations/65587504,https://inaturalist-open-data.s3.amazonaws.com/photos/105590949/medium.jpeg,,"",,1,0,false,,"Cochise County, AZ, USA",31.8839583333,-109.1742138889,,,,,,,open,false,,,Chiricahua Fox Squirrel,Sciurus nayaritensis chiricahuae,Chiricahua Fox Squirrel,Mammalia,238455,,
65591822,2a19776f-c339-4c6d-8a70-47dfd838f351,2020/11/20 7:11 AM PST,2020-11-20,2020-11-20 15:11:00 UTC,Pacific Time (US & Canada),213838,vireolanius,Justyn Stahl,2020-11-25 17:41:55 UTC,2020-12-03 01:14:31 UTC,research,CC-BY-NC,https://www.inaturalist.org/observations/65591822,https://inaturalist-open-data.s3.amazonaws.com/photos/105598905/medium.jpg,,"",,1,0,false,,"San Simon, AZ 85632, United States",31.8889161873,-109.1699417677,188,,,,188,,open,false,,,Mexican Fox Squirrel,Sciurus nayaritensis,Mexican Fox Squirrel,Mammalia,46024,,
65644921,63d75c9f-8f10-4cf5-9478-85261bbd7f70,2020/11/15 10:51 AM MST,2020-11-15,2020-11-15 17:51:00 UTC,Mountain Time (US & Canada),265030,nickmoore91,Nick Moore,2020-11-26 17:26:34 UTC,2023-01-10 23:06:53 UTC,research,CC0,https://www.inaturalist.org/observations/65644921,https://inaturalist-open-data.s3.amazonaws.com/photos/105692375/medium.jpg,,"",,1,0,false,,"Cochise County, AZ, USA",31.8814937734,-109.1913826648,1598,,,,1598,,open,false,,,Chiricahua Fox Squirrel,Sciurus nayaritensis chiricahuae,Chiricahua Fox Squirrel,Mammalia,238455,,
65797246,ad58ec77-4512-4dfb-bd8f-0abf24f4621a,2020/10/16 2:14 PM PDT,2020-10-16,2020-10-16 21:14:00 UTC,Pacific Time (US & Canada),19435,abr,Amelia Ryan,2020-11-29 05:13:32 UTC,2021-01-03 09:23:46 UTC,research,CC-BY-NC,https://www.inaturalist.org/observations/65797246,https://inaturalist-open-data.s3.amazonaws.com/photos/105961736/medium.jpg,,"",,1,0,false,,"Cochise County, AZ, USA",31.8541108608,-109.1922362202,183,,,,183,,open,false,,,Mexican Fox Squirrel,Sciurus nayaritensis,Mexican Fox Squirrel,Mammalia,46024,,
67754643,fca4226f-d2bb-482d-bbb3-b208761bb307,Tue Jul 14 2020 19:29:00 GMT-0400 (EDT),2020-07-14,2020-07-14 23:29:00 UTC,Eastern Time (US & Canada),1736075,easoburrito,Nathaniel Watkins,2021-01-08 17:43:51 UTC,2021-01-09 01:41:15 UTC,research,,https://www.inaturalist.org/observations/67754643,https://static.inaturalist.org/photos/109550749/medium.jpeg,,"","",1,0,false,,"Cochise County, AZ, USA",31.874124433,-109.1854798393,201,,,,201,,open,false,,,Chiricahua Fox Squirrel,Sciurus nayaritensis chiricahuae,Chiricahua Fox Squirrel,Mammalia,238455,,
68018639,c5914953-aac3-4eb5-a7b3-dcef9e08a2f2,2018/07/25 8:07 AM MST,2018-07-25,2018-07-25 15:07:00 UTC,Arizona,2664620,dpsiminski,Pete Siminski,2021-01-13 20:41:06 UTC,2021-01-14 01:02:24 UTC,research,CC-BY-NC,https://www.inaturalist.org/observations/68018639,https://inaturalist-open-data.s3.amazonaws.com/photos/110041027/medium.jpeg,,"",South Fork Cave Creek Canyon. Chiricahua Mountains. Coronado National Forest. ,1,0,false,,"Cave Creek Canyon, Arizona 85632, USA",31.8962033,-109.1636719,1841,,,,1841,,open,false,,,Chiricahua Fox Squirrel,Sciurus nayaritensis chiricahuae,Chiricahua Fox Squirrel,Mammalia,238455,,
68682074,fc2aa859-e28d-4cf1-abca-6c87becf0017,2020/09/04 12:20 PM UTC,2020-09-04,2020-09-04 12:20:00 UTC,UTC,1306796,bert_filemyr,Bert Filemyr,2021-01-27 13:23:19 UTC,2021-01-27 22:18:03 UTC,research,CC-BY-NC,https://www.inaturalist.org/observations/68682074,https://inaturalist-open-data.s3.amazonaws.com/photos/111276194/medium.jpg,,"Mammals, Mexican Fox Squirrel, NON-BIRDS",,2,0,false,,"Cochise County, AZ, USA",31.7892,-109.28291,,,,,,,open,false,,,Mexican Fox Squirrel,Sciurus nayaritensis,Mexican Fox Squirrel,Mammalia,46024,,
68836734,e5fd0b90-3e34-42cb-804c-c6c3d32fe6ae,2021/01/30 11:59 AM MST,2021-01-30,2021-01-30 18:59:00 UTC,Arizona,770371,janeyd,Jane Dixon,2021-01-31 01:43:20 UTC,2023-07-20 19:20:19 UTC,research,,https://www.inaturalist.org/observations/68836734,https://static.inaturalist.org/photos/111559482/medium.jpeg,,"",,2,0,false,,"Cochise County, AZ, USA",31.8650076626,-109.1898441649,61,,,,61,,open,false,,,Chiricahua Fox Squirrel,Sciurus nayaritensis chiricahuae,Chiricahua Fox Squirrel,Mammalia,238455,,
68836735,c18d3167-782c-4110-9b90-5770ce4b5630,2021/01/30 12:50 PM MST,2021-01-30,2021-01-30 19:50:00 UTC,Arizona,770371,janeyd,Jane Dixon,2021-01-31 01:43:20 UTC,2023-07-20 19:20:19 UTC,research,,https://www.inaturalist.org/observations/68836735,https://static.inaturalist.org/photos/111559565/medium.jpeg,,"",,2,0,false,,"Cochise County, AZ, USA",31.8729938012,-109.1847801542,61,,,,61,,open,false,,,Chiricahua Fox Squirrel,Sciurus nayaritensis chiricahuae,Chiricahua Fox Squirrel,Mammalia,238455,,
68836736,9d24e605-8089-41ff-858d-ad975e808015,2021/01/30 11:57 AM MST,2021-01-30,2021-01-30 18:57:00 UTC,Arizona,770371,janeyd,Jane Dixon,2021-01-31 01:43:21 UTC,2023-07-20 19:20:19 UTC,research,,https://www.inaturalist.org/observations/68836736,https://static.inaturalist.org/photos/111559603/medium.jpeg,,"",,2,0,false,,"Cochise County, AZ, USA",31.8669057819,-109.190359149,61,,,,61,,open,false,,,Chiricahua Fox Squirrel,Sciurus nayaritensis chiricahuae,Chiricahua Fox Squirrel,Mammalia,238455,,
69377275,a70e52cb-4796-498d-be71-3a22396d3d7a,2021/02/09 9:23 AM UTC,2021-02-09,2021-02-09 09:23:00 UTC,UTC,2174251,ddoyle,D. Doyle,2021-02-10 19:47:10 UTC,2021-02-10 21:41:29 UTC,research,CC-BY-NC,https://www.inaturalist.org/observations/69377275,https://inaturalist-open-data.s3.amazonaws.com/photos/112549533/medium.jpeg,,"","Photo is a bit dull-colored in the backlit shade; in the sun the squirrel was very bright orange-brown, as richly orange colored as the nearby Ponderosa Pine trunks.",1,0,false,,FR 42A-N Fork Cave Creek,31.8770611138,-109.2263251544,31,,,,31,,open,false,,,Chiricahua Fox Squirrel,Sciurus nayaritensis chiricahuae,Chiricahua Fox Squirrel,Mammalia,238455,,
70593709,439ae12a-359f-4656-bc3d-3aece863566c,2021/02/23 12:51 PM MST,2021-02-23,2021-02-23 19:51:00 UTC,Mountain Time (US & Canada),3464320,rocknsky,Dave Suszcynsky,2021-03-05 04:47:25 UTC,2021-03-05 17:05:48 UTC,research,CC-BY-NC,https://www.inaturalist.org/observations/70593709,https://inaturalist-open-data.s3.amazonaws.com/photos/114793821/medium.jpg,,"",,1,0,false,,"Cave Creek Canyon, AZ",31.9044653477,-109.156156158,10,,,,10,,open,false,,,Mexican Fox Squirrel,Sciurus nayaritensis,Mexican Fox Squirrel,Mammalia,46024,,
71719064,363c08a8-c8b8-426a-bec4-05f2c6f99db8,Thu Mar 18 2021 12:57:12 GMT-0700 (MST),2021-03-18,2021-03-18 19:57:12 UTC,Arizona,1128542,arizona_adrienne,Adrienne McLeod,2021-03-21 17:14:28 UTC,2021-03-21 19:37:34 UTC,research,CC-BY-NC,https://www.inaturalist.org/observations/71719064,https://inaturalist-open-data.s3.amazonaws.com/photos/116809229/medium.jpg,,"","",1,0,false,3,"Coronado National Forest, Pearce, AZ, US",31.8689583333,-109.1882783333,4,,,,4,,open,false,,,Mexican Fox Squirrel,Sciurus nayaritensis,Mexican Fox Squirrel,Mammalia,46024,,
71824670,a2d6bd7a-a16c-4ca5-9778-9ba3e5dbe6db,2014/07/04 12:52 AM BST,2014-07-04,2014-07-03 23:52:00 UTC,London,572477,a1virginia,Virginia,2021-03-22 20:54:46 UTC,2021-03-23 10:58:20 UTC,research,,https://www.inaturalist.org/observations/71824670,https://static.inaturalist.org/photos/116997726/medium.jpeg,,"",,2,0,false,,"Cochise County, AZ, USA",31.8989835129,-109.1623878479,244,,,,244,,open,false,,,Chiricahua Fox Squirrel,Sciurus nayaritensis chiricahuae,Chiricahua Fox Squirrel,Mammalia,238455,,
78134134,63ee2a99-b0c1-409e-8e13-2b62e7de17a7,2021/04/30 8:27 AM PDT,2021-04-30,2021-04-30 15:27:00 UTC,Pacific Time (US & Canada),2194864,jdanielson,"",2021-05-09 21:26:57 UTC,2021-05-10 22:10:18 UTC,research,CC-BY-NC,https://www.inaturalist.org/observations/78134134,https://inaturalist-open-data.s3.amazonaws.com/photos/127825329/medium.jpg,,"",,1,0,false,,"Cochise County, AZ, USA",31.879393,-109.176864,8,,,,8,,open,false,,,Mexican Fox Squirrel,Sciurus nayaritensis,Mexican Fox Squirrel,Mammalia,46024,,
78187627,50d6391d-3081-42d4-abfd-999710c22ee6,2021/05/08 1:33 PM PDT,2021-05-08,2021-05-08 20:33:00 UTC,Pacific Time (US & Canada),539881,cbruner,Camden Bruner,2021-05-10 04:20:02 UTC,2021-05-10 21:40:13 UTC,research,CC-BY-NC-ND,https://www.inaturalist.org/observations/78187627,https://inaturalist-open-data.s3.amazonaws.com/photos/127921930/medium.jpeg,,"",,2,0,false,,"Cochise County, AZ, USA",31.8576437369,-109.190226236,15,,,,15,,open,false,,,Mexican Fox Squirrel,Sciurus nayaritensis,Mexican Fox Squirrel,Mammalia,46024,,
78187629,09b961b9-4846-4cdd-9d7c-a3928699085f,2021/05/08 2:09 PM PDT,2021-05-08,2021-05-08 21:09:00 UTC,Pacific Time (US & Canada),539881,cbruner,Camden Bruner,2021-05-10 04:20:03 UTC,2021-05-10 21:40:22 UTC,research,CC-BY-NC-ND,https://www.inaturalist.org/observations/78187629,https://inaturalist-open-data.s3.amazonaws.com/photos/127922009/medium.jpeg,,"",,2,0,false,,"Cochise County, AZ, USA",31.8598890051,-109.1897532779,15,,,,15,,open,false,,,Mexican Fox Squirrel,Sciurus nayaritensis,Mexican Fox Squirrel,Mammalia,46024,,
78197249,f49f46eb-3fcd-4cc5-b48a-5c1489f75d2e,Sat May 08 2021 18:03:07 GMT-0700 (PDT),2021-05-08,2021-05-09 01:03:07 UTC,Pacific Time (US & Canada),6097,cypseloides,Matt Brady,2021-05-10 06:55:33 UTC,2023-04-17 20:51:09 UTC,research,CC-BY-NC,https://www.inaturalist.org/observations/78197249,https://static.inaturalist.org/photos/127943217/medium.jpg,,"","",1,0,false,3,"Cochise County, US-AZ, US",31.9086333333,-109.251755,4,,,,4,,open,false,,,Mexican Fox Squirrel,Sciurus nayaritensis,Mexican Fox Squirrel,Mammalia,46024,,
78197479,54d3e325-93a8-4fda-abd5-ee94aaf60f62,Sun May 09 2021 10:25:02 GMT-0700 (PDT),2021-05-09,2021-05-09 17:25:02 UTC,Pacific Time (US & Canada),6097,cypseloides,Matt Brady,2021-05-10 06:59:36 UTC,2023-04-17 20:51:09 UTC,research,CC-BY-NC,https://www.inaturalist.org/observations/78197479,https://static.inaturalist.org/photos/127943639/medium.jpg,,"","",2,0,false,3,"Coronado National Forest, Pearce, AZ, US",31.8686666667,-109.1884783333,4,,,,4,,open,false,,,Mexican Fox Squirrel,Sciurus nayaritensis,Mexican Fox Squirrel,Mammalia,46024,,
78197547,875f9746-a13a-418f-9817-2e953c480baf,Sun May 09 2021 07:31:13 GMT-0700 (PDT),2021-05-09,2021-05-09 14:31:13 UTC,Pacific Time (US & Canada),6097,cypseloides,Matt Brady,2021-05-10 07:00:24 UTC,2023-04-17 20:51:09 UTC,research,CC-BY-NC,https://www.inaturalist.org/observations/78197547,https://static.inaturalist.org/photos/127943705/medium.jpg,,"","",2,0,false,3,"Coronado National Forest, Pearce, AZ, US",31.8672166667,-109.1898716667,4,,,,4,,open,false,,,Mexican Fox Squirrel,Sciurus nayaritensis,Mexican Fox Squirrel,Mammalia,46024,,
78197558,103ca840-a3c5-458d-96bf-076c87203e65,Sun May 09 2021 07:30:45 GMT-0700 (PDT),2021-05-09,2021-05-09 14:30:45 UTC,Pacific Time (US & Canada),6097,cypseloides,Matt Brady,2021-05-10 07:00:32 UTC,2023-04-17 20:51:09 UTC,research,CC-BY-NC,https://www.inaturalist.org/observations/78197558,https://static.inaturalist.org/photos/127943727/medium.jpg,,"","",2,0,false,3,"Coronado National Forest, Pearce, AZ, US",31.8672,-109.18985,4,,,,4,,open,false,,,Mexican Fox Squirrel,Sciurus nayaritensis,Mexican Fox Squirrel,Mammalia,46024,,
78433912,863a22a4-0078-4f3b-853c-af32cf3b1c2d,2021-05-11 11:17:32,2021-05-11,2021-05-11 18:17:32 UTC,Arizona,5150,stevemerkley,"",2021-05-12 06:08:38 UTC,2021-05-12 21:09:06 UTC,research,CC-BY,https://www.inaturalist.org/observations/78433912,https://inaturalist-open-data.s3.amazonaws.com/photos/128363274/medium.jpeg,,"",,1,0,false,2,"Portal, AZ 85632, USA",31.8738794103,-109.1833352298,70,,,,70,,open,false,gps,gps,Chiricahua Fox Squirrel,Sciurus nayaritensis chiricahuae,Chiricahua Fox Squirrel,Mammalia,238455,,
78641253,0ed8ec51-7143-40d7-bdee-c7d7edb5c3c2,Sun May 09 2021 10:32:48 GMT-0600 (MDT),2021-05-09,2021-05-09 16:32:48 UTC,Mountain Time (US & Canada),4385932,kdixon35,,2021-05-13 23:44:31 UTC,2021-05-14 13:15:12 UTC,research,CC-BY-NC,https://www.inaturalist.org/observations/78641253,https://inaturalist-open-data.s3.amazonaws.com/photos/128723635/medium.jpg,,"","",2,0,false,3,"Coronado National Forest, Pearce, AZ, US",31.8625,-109.1901383333,5,,,,5,,open,false,,,Mexican Fox Squirrel,Sciurus nayaritensis,Mexican Fox Squirrel,Mammalia,46024,,
80994762,b8f794b2-dddc-46f4-9ce3-b3dca789680f,2021/05/05 9:09 AM EDT,2021-05-05,2021-05-05 13:09:00 UTC,Eastern Time (US & Canada),12049,gaudettelaura,Laura Gaudette,2021-05-31 04:25:55 UTC,2021-05-31 20:46:15 UTC,research,CC-BY,https://www.inaturalist.org/observations/80994762,https://inaturalist-open-data.s3.amazonaws.com/photos/132801658/medium.jpeg,,"","",2,0,false,,"Cochise County, AZ, USA",31.8790642417,-109.1776194613,8,,,,8,,open,false,,,Chiricahua Fox Squirrel,Sciurus nayaritensis chiricahuae,Chiricahua Fox Squirrel,Mammalia,238455,,
81137698,438fc582-0313-4150-91cb-3c795e6f657b,2021/05/31 10:03 AM PDT,2021-05-31,2021-05-31 17:03:00 UTC,Pacific Time (US & Canada),2177281,g_heaton,Grigory Heaton,2021-06-01 03:58:21 UTC,2025-04-05 03:26:31 UTC,research,CC-BY-NC,https://www.inaturalist.org/observations/81137698,https://inaturalist-open-data.s3.amazonaws.com/photos/133054276/medium.jpg,,"","",4,0,false,,"Cochise County, AZ, USA",31.8745709509,-109.181207729,251,,,,251,,open,false,,,Chiricahua Fox Squirrel,Sciurus nayaritensis chiricahuae,Chiricahua Fox Squirrel,Mammalia,238455,,
81138401,d068023f-47b1-4d0c-a408-90931ff131b2,2021/05/31 10:28 AM PDT,2021-05-31,2021-05-31 17:28:00 UTC,Pacific Time (US & Canada),2177281,g_heaton,Grigory Heaton,2021-06-01 04:09:58 UTC,2021-06-02 14:27:58 UTC,research,CC-BY-NC,https://www.inaturalist.org/observations/81138401,https://inaturalist-open-data.s3.amazonaws.com/photos/133054854/medium.jpg,,"","",2,0,false,,"Cochise County, AZ, USA",31.8680133501,-109.188578039,,,,,,,open,false,,,Chiricahua Fox Squirrel,Sciurus nayaritensis chiricahuae,Chiricahua Fox Squirrel,Mammalia,238455,,
82113183,5047bfd2-1dcd-4d90-b5db-a1e9d4c8c6ef,Sun May 30 2021 09:02:30 GMT-0700 (MST),2021-05-30,2021-05-30 15:02:30 UTC,Mountain Time (US & Canada),21318,danielgeorge,Daniel George,2021-06-08 03:05:21 UTC,2021-06-09 21:48:07 UTC,research,CC-BY-NC,https://www.inaturalist.org/observations/82113183,https://inaturalist-open-data.s3.amazonaws.com/photos/134743381/medium.jpg,,"",,2,0,false,3,"Cochise County, US-AZ, US",31.8597894612,-109.1894080946,16,,,,16,,open,false,,,Chiricahua Fox Squirrel,Sciurus nayaritensis chiricahuae,Chiricahua Fox Squirrel,Mammalia,238455,,
82150216,cdab54a3-1b35-4a4b-a00e-61a7364c0195,Fri May 28 2021 08:16:09 GMT-0700 (MST),2021-05-28,2021-05-28 14:16:09 UTC,Mountain Time (US & Canada),21318,danielgeorge,Daniel George,2021-06-08 13:04:34 UTC,2021-06-09 21:39:52 UTC,research,CC-BY-NC,https://www.inaturalist.org/observations/82150216,https://inaturalist-open-data.s3.amazonaws.com/photos/134808378/medium.jpg,,"",,2,0,false,3,"Cochise County, US-AZ, US",31.9332077998,-109.2731403583,16,,,,16,,open,false,,,Chiricahua Fox Squirrel,Sciurus nayaritensis chiricahuae,Chiricahua Fox Squirrel,Mammalia,238455,,
82386322,0f892465-8f88-474a-a911-109f534f4c9b,2021/06/08 11:20 AM PDT,2021-06-08,2021-06-08 18:20:00 UTC,Pacific Time (US & Canada),2177281,g_heaton,Grigory Heaton,2021-06-10 04:34:06 UTC,2021-06-10 15:00:13 UTC,research,CC-BY-NC,https://www.inaturalist.org/observations/82386322,https://inaturalist-open-data.s3.amazonaws.com/photos/135212504/medium.jpg,,"","",2,0,false,,"Cochise County, AZ, USA",31.8639130137,-109.190497865,98,,,,98,,open,false,,,Chiricahua Fox Squirrel,Sciurus nayaritensis chiricahuae,Chiricahua Fox Squirrel,Mammalia,238455,,
83143706,291900d8-6016-4576-bee8-286efd47af78,Sun Oct 25 2020 15:17:00 GMT-0400 (EDT),2020-10-25,2020-10-25 19:17:00 UTC,Eastern Time (US & Canada),3788803,adair_bock,,2021-06-15 15:45:10 UTC,2021-06-15 22:59:47 UTC,research,,https://www.inaturalist.org/observations/83143706,https://static.inaturalist.org/photos/136527060/medium.jpg,,"","",2,0,false,3,"Coronado National Forest, San Simon, AZ, US",31.8903384149,-109.1690360299,130,,,,130,,open,false,,,Chiricahua Fox Squirrel,Sciurus nayaritensis chiricahuae,Chiricahua Fox Squirrel,Mammalia,238455,,
85686531,f16b7e58-aff3-4672-b37f-7f3cbed1b8d5,2021-07-04 09:21:50,2021-07-04,2021-07-04 15:21:50 UTC,Mountain Time (US & Canada),286152,billygdvm,Billy Griswold,2021-07-04 22:04:22 UTC,2021-07-28 23:35:14 UTC,research,CC-BY-NC-SA,https://www.inaturalist.org/observations/85686531,https://static.inaturalist.org/photos/141022789/medium.jpeg,,"",,2,0,false,2,"Douglas, AZ 85607, USA",31.7548406997,-109.3624077,,,,,,,open,false,gps,gps,Chiricahua Fox Squirrel,Sciurus nayaritensis chiricahuae,Chiricahua Fox Squirrel,Mammalia,238455,,
85820622,18ab27bc-db3f-41ef-8d9d-9e515fa9920d,2021/05/23 11:08 AM MST,2021-05-23,2021-05-23 18:08:00 UTC,Arizona,267826,southwestwanderer,"",2021-07-05 20:37:54 UTC,2021-07-05 23:56:53 UTC,research,CC-BY-NC,https://www.inaturalist.org/observations/85820622,https://inaturalist-open-data.s3.amazonaws.com/photos/141267461/medium.jpeg,,"",,2,0,false,,"Cochise County, AZ, USA",31.9135068416,-109.1410108161,122,,,,122,,open,false,,,Chiricahua Fox Squirrel,Sciurus nayaritensis chiricahuae,Chiricahua Fox Squirrel,Mammalia,238455,,
87660148,bd599315-edd8-4985-a7b0-76b41668c42f,2021/07/10 11:52 AM CDT,2021-07-10,2021-07-10 16:52:00 UTC,Central Time (US & Canada),3314770,calebhelsel,Caleb Helsel,2021-07-19 02:22:13 UTC,2021-07-19 17:08:40 UTC,research,CC-BY-NC,https://www.inaturalist.org/observations/87660148,https://inaturalist-open-data.s3.amazonaws.com/photos/144520280/medium.jpeg,,"","",2,0,false,,"Cochise County, AZ, USA",31.8744090555,-109.1820158912,4,,,,4,,open,false,,,Mexican Fox Squirrel,Sciurus nayaritensis,Mexican Fox Squirrel,Mammalia,46024,,
87660312,a64e47d7-888e-45b4-adfc-986981ee87ab,2021/07/11 1:11 PM CDT,2021-07-11,2021-07-11 18:11:00 UTC,Central Time (US & Canada),3314770,calebhelsel,Caleb Helsel,2021-07-19 02:23:01 UTC,2021-07-19 17:04:36 UTC,research,CC-BY-NC,https://www.inaturalist.org/observations/87660312,https://inaturalist-open-data.s3.amazonaws.com/photos/144525823/medium.jpeg,,"","",2,0,false,,"Cochise County, AZ, USA",31.9216440925,-109.2620080093,4,,,,4,,open,false,,,Mexican Fox Squirrel,Sciurus nayaritensis,Mexican Fox Squirrel,Mammalia,46024,,
90341186,9f50b2d8-a653-4144-a01d-b3e87a9ad5ad,2021/08/07 8:05 PM EDT,2021-08-07,2021-08-08 00:05:00 UTC,Eastern Time (US & Canada),19367,siwnaturalist,Seth Wollney,2021-08-08 01:46:07 UTC,2021-08-08 17:37:01 UTC,research,CC-BY,https://www.inaturalist.org/observations/90341186,https://inaturalist-open-data.s3.amazonaws.com/photos/149298416/medium.jpeg,,"",,1,0,false,,"Cochise County, AZ, USA",31.8875131009,-109.1722412829,244,,,,244,,open,false,,,Mexican Fox Squirrel,Sciurus nayaritensis,Mexican Fox Squirrel,Mammalia,46024,,
91605582,a44e22a9-f65d-4871-9e34-7b17699d11eb,Wed Jul 28 2021 14:13:19 GMT-0700 (MST),2021-07-28,2021-07-28 21:13:19 UTC,Arizona,5158,lifespulse,Jake Mohlmann,2021-08-18 04:23:39 UTC,2021-08-18 14:40:01 UTC,research,CC-BY,https://www.inaturalist.org/observations/91605582,https://static.inaturalist.org/photos/151556179/medium.jpg,,"","",3,0,false,3,"Coronado National Forest, Pearce, AZ, US",31.8676866667,-109.1894133333,4,,,,4,,open,false,,,Chiricahua Fox Squirrel,Sciurus nayaritensis chiricahuae,Chiricahua Fox Squirrel,Mammalia,238455,,
92306295,93cb7810-b178-4dd2-876b-23c4664eb6d5,2021/07/27 9:20 AM UTC,2021-07-27,2021-07-27 09:20:00 UTC,UTC,1607178,iwoodard,Isaiah Woodard,2021-08-24 00:54:05 UTC,2021-08-24 20:51:42 UTC,research,CC-BY-NC,https://www.inaturalist.org/observations/92306295,https://inaturalist-open-data.s3.amazonaws.com/photos/152819177/medium.jpeg,,"",,2,0,false,,"Chiricahua Mountains, Arizona 85625, USA",31.9298117,-109.3822849,1841,,,,1841,,open,false,,,Chiricahua Fox Squirrel,Sciurus nayaritensis chiricahuae,Chiricahua Fox Squirrel,Mammalia,238455,,
92312016,6e6e5210-c55e-423c-afd2-28197a76fca3,2021/08/09 10:13 AM CDT,2021-08-09,2021-08-09 15:13:00 UTC,Central Time (US & Canada),762683,brdnrdr,Simon Tolzmann,2021-08-24 01:59:35 UTC,2021-08-24 20:51:00 UTC,research,CC-BY-NC,https://www.inaturalist.org/observations/92312016,https://static.inaturalist.org/photos/152819865/medium.jpeg,,"","",2,0,false,,"Cochise County, AZ, USA",31.8647657018,-109.1901986503,8,,,,8,,open,false,,,Chiricahua Fox Squirrel,Sciurus nayaritensis chiricahuae,Chiricahua Fox Squirrel,Mammalia,238455,,
92618106,7ebd600e-d7c0-4809-89a3-eda76ea722c2,2021/08/12 10:33 AM EDT,2021-08-12,2021-08-12 14:33:00 UTC,Eastern Time (US & Canada),114140,alexlamoreaux,Alex Lamoreaux,2021-08-26 22:45:36 UTC,2021-08-27 12:25:37 UTC,research,CC-BY-NC,https://www.inaturalist.org/observations/92618106,https://inaturalist-open-data.s3.amazonaws.com/photos/153379785/medium.jpg,,"",,2,0,false,,"Cochise County, AZ, USA",31.9330411781,-109.2720557996,15,,,,15,,open,false,,,Chiricahua Fox Squirrel,Sciurus nayaritensis chiricahuae,Chiricahua Fox Squirrel,Mammalia,238455,,
92700855,007b137f-1fd6-4cfc-be04-271a788156e9,2021/04/14 8:13 AM PDT,2021-04-14,2021-04-14 15:13:00 UTC,Pacific Time (US & Canada),9570,mduran,Mike Duran,2021-08-27 19:11:51 UTC,2021-12-21 18:56:14 UTC,research,,https://www.inaturalist.org/observations/92700855,https://static.inaturalist.org/photos/153528055/medium.jpg,,"",,4,0,false,,"Cochise County, AZ, USA",31.87369,-109.18434,,,,,,,open,false,,,Chiricahua Fox Squirrel,Sciurus nayaritensis chiricahuae,Chiricahua Fox Squirrel,Mammalia,238455,,
92811982,aef90c2c-2e96-4aa4-aa72-a2d1001d11b3,2021/04/14 8:54 AM PDT,2021-04-14,2021-04-14 15:54:00 UTC,Pacific Time (US & Canada),9570,mduran,Mike Duran,2021-08-28 18:42:41 UTC,2021-08-29 14:45:16 UTC,research,,https://www.inaturalist.org/observations/92811982,https://static.inaturalist.org/photos/153725203/medium.jpg,,"",,3,0,false,,"Cochise County, AZ, USA",31.87533,-109.1803,,,,,,,open,false,,,Chiricahua Fox Squirrel,Sciurus nayaritensis chiricahuae,Chiricahua Fox Squirrel,Mammalia,238455,,
93662099,753985dd-00a0-419d-887e-d2582398242d,2021/04/19 11:14 AM CDT,2021-04-19,2021-04-19 16:14:00 UTC,Central Time (US & Canada),147168,eric_keith,Eric Keith,2021-09-05 01:17:53 UTC,2021-09-07 00:34:33 UTC,research,CC-BY-NC,https://www.inaturalist.org/observations/93662099,https://inaturalist-open-data.s3.amazonaws.com/photos/155266053/medium.jpeg,,"",,2,0,false,,"Cochise County, AZ, USA",31.9397514135,-109.2890569697,31,,,,31,,open,false,,,Chiricahua Fox Squirrel,Sciurus nayaritensis chiricahuae,Chiricahua Fox Squirrel,Mammalia,238455,,
93776799,a17248c2-5ce9-4604-8a2f-e98c62e8c1fc,2021/08/15 5:53 PM EDT,2021-08-15,2021-08-15 21:53:00 UTC,Eastern Time (US & Canada),226045,joshuadoby,Joshua Doby,2021-09-05 21:05:28 UTC,2022-06-11 17:39:03 UTC,research,CC-BY-NC,https://www.inaturalist.org/observations/93776799,https://inaturalist-open-data.s3.amazonaws.com/photos/155471231/medium.jpeg,,"",,1,0,false,,"Cochise County, AZ, USA",31.8836716667,-109.2087166667,,,,,,,open,false,,,Chiricahua Fox Squirrel,Sciurus nayaritensis chiricahuae,Chiricahua Fox Squirrel,Mammalia,238455,,
98025322,16d929df-0a0d-44fa-8d7d-570a47c3a19d,2021/10/10 12:57 PM MST,2021-10-10,2021-10-10 19:57:00 UTC,Arizona,2816616,mpoinat,Mike Ostrowski,2021-10-12 18:00:39 UTC,2023-01-04 02:48:41 UTC,research,CC-BY,https://www.inaturalist.org/observations/98025322,https://inaturalist-open-data.s3.amazonaws.com/photos/163120519/medium.jpeg,,"",,1,0,false,,"Cochise, Arizona, United States",31.8586116667,-109.1900433333,,,,,,,open,false,,,Mexican Fox Squirrel,Sciurus nayaritensis,Mexican Fox Squirrel,Mammalia,46024,,
98936825,caba70be-897b-4a10-9466-1b22b1bfb962,2020/05/07 3:32 AM UTC,2020-05-07,2020-05-07 03:32:00 UTC,UTC,1257717,oeserjk,Ken Oeser,2021-10-22 01:35:49 UTC,2021-11-05 01:59:15 UTC,research,,https://www.inaturalist.org/observations/98936825,https://static.inaturalist.org/photos/164818132/medium.jpeg,,"",,2,0,false,,"Cochise County, AZ, USA",31.8504189136,-109.3262862837,122,,,,122,,open,false,,,Chiricahua Fox Squirrel,Sciurus nayaritensis chiricahuae,Chiricahua Fox Squirrel,Mammalia,238455,,
100350780,470e4206-018d-4cb2-9beb-f167d5059544,2021/10/30 11:15 AM PDT,2021-10-30,2021-10-30 18:15:00 UTC,Pacific Time (US & Canada),1455486,ophioblennius,Abram Fleishman,2021-11-05 22:35:33 UTC,2021-11-06 14:17:45 UTC,research,CC-BY-NC-SA,https://www.inaturalist.org/observations/100350780,https://inaturalist-open-data.s3.amazonaws.com/photos/167471691/medium.jpg,,"",,2,0,false,,"Cochise, Arizona, United States",31.9162611117,-109.2809361117,5,,,,5,,open,false,,,Chiricahua Fox Squirrel,Sciurus nayaritensis chiricahuae,Chiricahua Fox Squirrel,Mammalia,238455,,
100617459,1b3d0c78-aa9c-417b-aa3b-a4fd06a49d98,2021/06/05 3:33 PM EDT,2021-06-05,2021-06-05 19:33:00 UTC,Eastern Time (US & Canada),65794,j-stauffer,Jeff Stauffer,2021-11-08 19:12:51 UTC,2021-11-09 21:11:44 UTC,research,,https://www.inaturalist.org/observations/100617459,https://static.inaturalist.org/photos/167956297/medium.jpeg,,"Barfoot Park, Chiricahua Mountains","Barfoot Park, Chiricahua Mountains",2,0,false,,"Cochise County, AZ, USA",31.9172639439,-109.2799574735,344,,,,344,,open,false,,,Chiricahua Fox Squirrel,Sciurus nayaritensis chiricahuae,Chiricahua Fox Squirrel,Mammalia,238455,,
100712943,ba43b8d4-94ca-4767-84d6-5e9b203a9311,2021/06/04 2:26 PM EDT,2021-06-04,2021-06-04 18:26:00 UTC,Eastern Time (US & Canada),65794,j-stauffer,Jeff Stauffer,2021-11-09 20:17:35 UTC,2021-11-09 20:57:28 UTC,research,,https://www.inaturalist.org/observations/100712943,https://static.inaturalist.org/photos/168117876/medium.jpeg,,"Cave Creek Canyon, Chiricahua Mountains","Cave Creek Canyon, Chiricahua Mountains",2,0,false,,"Cochise County, AZ, USA",31.8842753374,-109.1747011435,340,,,,340,,open,false,,,Chiricahua Fox Squirrel,Sciurus nayaritensis chiricahuae,Chiricahua Fox Squirrel,Mammalia,238455,,
100785278,f1170095-1e51-48d5-a02b-cf57a29d7453,2021/06/03 5:14 PM EDT,2021-06-03,2021-06-03 21:14:00 UTC,Eastern Time (US & Canada),65794,j-stauffer,Jeff Stauffer,2021-11-10 18:06:28 UTC,2021-11-12 22:58:37 UTC,research,,https://www.inaturalist.org/observations/100785278,https://static.inaturalist.org/photos/168245566/medium.jpeg,,"","Cave Creek Canyon, Chiricahua Mountains",4,0,false,,"Cochise County, AZ, USA",31.8849981873,-109.1736352672,61,,,,61,,open,false,,,Chiricahua Fox Squirrel,Sciurus nayaritensis chiricahuae,Chiricahua Fox Squirrel,Mammalia,238455,,
100798893,9ecc86ca-ee41-4044-8e60-391664f74cc6,2021/06/03 9:38 AM EDT,2021-06-03,2021-06-03 13:38:00 UTC,Eastern Time (US & Canada),65794,j-stauffer,Jeff Stauffer,2021-11-10 21:29:52 UTC,2021-11-12 22:53:40 UTC,research,,https://www.inaturalist.org/observations/100798893,https://static.inaturalist.org/photos/168264641/medium.jpeg,,"Cave Creek Canyon, Chiricahua Mountains","Cave Creek Canyon, Chiricahua Mountains",2,0,false,,"Cochise County, AZ, USA",31.865616099,-109.1900648367,1140,,,,1140,,open,false,,,Chiricahua Fox Squirrel,Sciurus nayaritensis chiricahuae,Chiricahua Fox Squirrel,Mammalia,238455,,
101106527,0a2283d1-8f67-43c0-bf7c-1f72cac3930e,2021/11/13 10:57 AM MST,2021-11-13,2021-11-13 17:57:00 UTC,Arizona,8352,scottolmstead,Scott Olmstead,2021-11-14 16:20:03 UTC,2023-01-04 02:48:02 UTC,research,CC-BY,https://www.inaturalist.org/observations/101106527,https://static.inaturalist.org/photos/168813868/medium.jpg,,"",,4,0,false,,"Cave Creek Canyon, Cochise County, AZ",31.8875511622,-109.1719704453,259,,,,259,,open,false,,,Chiricahua Fox Squirrel,Sciurus nayaritensis chiricahuae,Chiricahua Fox Squirrel,Mammalia,238455,,
101360372,3cf785cd-ac51-429d-8843-c8b548ca00f7,2021/11/08 3:47 PM MST,2021-11-08,2021-11-08 22:47:00 UTC,Arizona,523371,andrewcore,Andrew Core,2021-11-17 22:50:22 UTC,2021-11-18 19:18:09 UTC,research,CC-BY-NC,https://www.inaturalist.org/observations/101360372,https://inaturalist-open-data.s3.amazonaws.com/photos/169265909/medium.jpeg,,"",,2,0,false,,"Cave Creek Canyon, Cochise County, AZ, USA",31.8908397368,-109.1682638418,50,,,,50,,open,false,,,Chiricahua Fox Squirrel,Sciurus nayaritensis chiricahuae,Chiricahua Fox Squirrel,Mammalia,238455,,
102506542,4fc818ea-e69d-401b-8642-77aa78f430d3,2018/05/22 10:42 AM CDT,2018-05-22,2018-05-22 15:42:00 UTC,Central Time (US & Canada),1004570,brandonbest,,2021-12-05 02:28:55 UTC,2021-12-05 13:17:45 UTC,research,CC-BY-NC,https://www.inaturalist.org/observations/102506542,https://inaturalist-open-data.s3.amazonaws.com/photos/171370203/medium.jpg,,"",,2,0,false,,"Cochise County, AZ, USA",31.8686437562,-109.1886126786,61,,,,61,,open,false,,,Chiricahua Fox Squirrel,Sciurus nayaritensis chiricahuae,Chiricahua Fox Squirrel,Mammalia,238455,,
108779152,54278eb2-6fc9-45cc-bbbc-a9637ddf0731,2022/03/07 10:46 AM HST,2022-03-07,2022-03-07 20:46:00 UTC,Hawaii,288282,restringham,Rachel Stringham,2022-03-17 04:21:20 UTC,2024-08-29 16:44:46 UTC,research,CC-BY,https://www.inaturalist.org/observations/108779152,https://inaturalist-open-data.s3.amazonaws.com/photos/183216550/medium.jpeg,,"","",2,0,false,,"Cochise County, AZ, USA",31.867905,-109.1885216667,,,,,,,open,false,,,Chiricahua Fox Squirrel,Sciurus nayaritensis chiricahuae,Chiricahua Fox Squirrel,Mammalia,238455,,
111545495,0b61b6c0-2186-4bf8-b193-d2b87f9b69a1,2022/04/09 7:48 AM PDT,2022-04-09,2022-04-09 14:48:00 UTC,Pacific Time (US & Canada),1530994,nilswarnock,Nils Warnock,2022-04-15 17:57:58 UTC,2022-04-16 17:03:00 UTC,research,CC-BY-NC,https://www.inaturalist.org/observations/111545495,https://inaturalist-open-data.s3.amazonaws.com/photos/188313274/medium.jpeg,,"","",1,0,false,,"Cochise County, AZ, USA",31.8714360522,-109.1836781987,1841,,,,1841,,open,false,,,Chiricahua Fox Squirrel,Sciurus nayaritensis chiricahuae,Chiricahua Fox Squirrel,Mammalia,238455,,
111752923,1fa9b4ae-d7ee-4a8a-9325-91a6fb58a60b,2018/07/16 4:43 PM EDT,2018-07-16,2018-07-16 20:43:00 UTC,Eastern Time (US & Canada),3292561,oliverpatrick,OWP,2022-04-17 07:31:34 UTC,2022-04-23 23:36:41 UTC,research,CC-BY-NC,https://www.inaturalist.org/observations/111752923,https://inaturalist-open-data.s3.amazonaws.com/photos/188694760/medium.jpeg,,"",,1,0,false,,"Cochise County, AZ, USA",31.8832639233,-109.2053581159,15,,,,15,,open,false,,,Chiricahua Fox Squirrel,Sciurus nayaritensis chiricahuae,Chiricahua Fox Squirrel,Mammalia,238455,,
112595183,c389905d-9f0d-4467-98b5-0fb2dcf0eba3,2022/04/22 7:35 AM,2022-04-22,2022-04-22 14:35:00 UTC,Arizona,770371,janeyd,Jane Dixon,2022-04-23 23:11:34 UTC,2023-07-20 19:20:19 UTC,research,,https://www.inaturalist.org/observations/112595183,https://static.inaturalist.org/photos/190182853/medium.jpeg,,"",Stealing acorns from an Acorn Woodpecker larder,2,0,false,,"Cochise County, AZ, USA",31.8665729208,-109.1884437979,828,,,,828,,open,false,,,Sciurus nayaritensis chiricahuae,Sciurus nayaritensis chiricahuae,Chiricahua Fox Squirrel,Mammalia,238455,,
112627885,746e829d-8e12-4252-83af-8f3253149be8,2022-04-22 09:19:42-07:00,2022-04-22,2022-04-22 16:19:42 UTC,Arizona,3773965,bubba2005,,2022-04-24 04:17:31 UTC,2022-04-26 23:49:52 UTC,research,CC-BY-NC,https://www.inaturalist.org/observations/112627885,https://inaturalist-open-data.s3.amazonaws.com/photos/190247884/medium.jpg,,"","",3,0,false,3,"Coronado National Forest, Willcox, AZ, US",31.9689917214,-109.3600013221,5658,,,,5658,,open,false,,,Chiricahua Fox Squirrel,Sciurus nayaritensis chiricahuae,Chiricahua Fox Squirrel,Mammalia,238455,,
112633213,445fe674-ad3e-4b4e-bdee-4da1ef6a8591,2022/04/15 3:08 PM,2022-04-15,2022-04-15 22:08:00 UTC,Arizona,1996454,charliesaunders,"",2022-04-24 05:51:05 UTC,2022-04-24 22:45:52 UTC,research,CC-BY-NC,https://www.inaturalist.org/observations/112633213,https://inaturalist-open-data.s3.amazonaws.com/photos/190258421/medium.jpeg,,"",,2,0,false,,"South Fork Cave Creek, Arizona 85632, USA",31.8504468,-109.1978218,3253,,,,3253,,open,false,,,Chiricahua Fox Squirrel,Sciurus nayaritensis chiricahuae,Chiricahua Fox Squirrel,Mammalia,238455,,
113004357,7eae9d50-bfab-4931-a40b-a1f7368dcb3d,2022-04-21 09:28:58-07:00,2022-04-21,2022-04-21 16:28:58 UTC,Arizona,770371,janeyd,Jane Dixon,2022-04-26 19:27:03 UTC,2023-07-20 19:20:19 UTC,research,,https://www.inaturalist.org/observations/113004357,https://static.inaturalist.org/photos/190922373/medium.jpg,,"","",1,0,false,3,"Coronado National Forest, San Simon, AZ, US",31.9335466667,-109.2722466667,4,,,,4,,open,false,,,Chiricahua Fox Squirrel,Sciurus nayaritensis chiricahuae,Chiricahua Fox Squirrel,Mammalia,238455,,
114859782,ce8ac8ea-fa35-4443-a90e-9a39817fe6a8,2022/04/28 12:40 PM,2022-04-28,2022-04-28 19:40:00 UTC,Arizona,708958,cathyp,Cathy Pasterczyk,2022-05-02 20:45:19 UTC,2024-08-29 19:42:05 UTC,research,CC-BY-NC,https://www.inaturalist.org/observations/114859782,https://inaturalist-open-data.s3.amazonaws.com/photos/193905981/medium.jpeg,,"",,1,0,false,,"Forest Road 42, San Simon, AZ 85632, USA",31.9331,-109.2718,185,,,,185,,open,false,,,Chiricahua Fox Squirrel,Sciurus nayaritensis chiricahuae,Chiricahua Fox Squirrel,Mammalia,238455,,
114860272,d80cbd7e-8207-4269-95d0-1c42fa5ca8cf,2022/04/28 12:47 PM,2022-04-28,2022-04-28 19:47:00 UTC,Arizona,708958,cathyp,Cathy Pasterczyk,2022-05-02 20:46:31 UTC,2024-08-29 19:42:06 UTC,research,CC-BY-NC,https://www.inaturalist.org/observations/114860272,https://inaturalist-open-data.s3.amazonaws.com/photos/193906814/medium.jpeg,,"",,1,0,false,,"Forest Road 42, San Simon, AZ 85632, USA",31.9331,-109.2718,185,,,,185,,open,false,,,Chiricahua Fox Squirrel,Sciurus nayaritensis chiricahuae,Chiricahua Fox Squirrel,Mammalia,238455,,
117522776,10722269-df29-436c-a117-411a6e423bd8,2022/04/30 7:20 AM,2022-04-30,2022-04-30 14:20:00 UTC,Arizona,1436300,jgchoquette,"",2022-05-17 23:43:59 UTC,2022-09-22 20:10:16 UTC,research,CC-BY-NC,https://www.inaturalist.org/observations/117522776,https://inaturalist-open-data.s3.amazonaws.com/photos/198483876/medium.jpg,,"","",1,0,false,,"Cochise County, AZ, USA",31.9057936538,-109.2203972801,11365,,,,11365,,open,false,,,Mexican Fox Squirrel,Sciurus nayaritensis,Mexican Fox Squirrel,Mammalia,46024,,
117522813,e2524076-dd73-4249-ae25-b9465899c7e4,2022/05/01 8:36 AM,2022-05-01,2022-05-01 15:36:00 UTC,Arizona,1436300,jgchoquette,"",2022-05-17 23:44:07 UTC,2022-09-22 20:10:16 UTC,research,CC-BY-NC,https://www.inaturalist.org/observations/117522813,https://inaturalist-open-data.s3.amazonaws.com/photos/198486638/medium.jpg,,"","",1,0,false,,"Cochise County, AZ, USA",31.9073415468,-109.2193673118,8442,,,,8442,,open,false,,,Mexican Fox Squirrel,Sciurus nayaritensis,Mexican Fox Squirrel,Mammalia,46024,,
117944639,0c8ef757-096b-4d85-ad87-06a4520196b8,2022-05-18 08:55:11-07:00,2022-05-18,2022-05-18 15:55:11 UTC,Arizona,1812357,bzimmerbirds,,2022-05-21 01:29:53 UTC,2022-05-21 22:55:11 UTC,research,CC-BY-NC,https://www.inaturalist.org/observations/117944639,https://inaturalist-open-data.s3.amazonaws.com/photos/199230196/medium.jpg,,"","",1,0,false,3,"Coronado National Forest, Pearce, AZ, US",31.778455,-109.310975,21,,,,21,,open,false,,,Mexican Fox Squirrel,Sciurus nayaritensis,Mexican Fox Squirrel,Mammalia,46024,,
118375857,bb52e6a0-c0c0-43e0-ab1c-aeaff77e284d,2022/05/06 1:35 PM,2022-05-06,2022-05-06 20:35:00 UTC,Arizona,1237597,joesebastiani,Joe Sebastiani,2022-05-23 15:13:36 UTC,2022-05-24 10:09:27 UTC,research,CC-BY-NC,https://www.inaturalist.org/observations/118375857,https://inaturalist-open-data.s3.amazonaws.com/photos/199995712/medium.jpeg,,"","",1,0,false,,"Cochise County, AZ, USA",31.8734088876,-109.1850152077,17,,,,17,,open,false,,,Chiricahua Fox Squirrel,Sciurus nayaritensis chiricahuae,Chiricahua Fox Squirrel,Mammalia,238455,,
118544757,cc521fde-2da7-4201-8d7d-01399a46027f,2022/05/04 8:37 AM,2022-05-04,2022-05-04 15:37:00 UTC,Arizona,1099152,vantruan,Van Truan,2022-05-24 18:05:41 UTC,2022-05-24 20:53:34 UTC,research,CC-BY,https://www.inaturalist.org/observations/118544757,https://static.inaturalist.org/photos/200300179/medium.jpg,,"",,1,0,false,,"Cochise County, AZ, USA",31.8698654443,-109.1868557044,15,,,,15,,open,false,,,Mexican Fox Squirrel,Sciurus nayaritensis,Mexican Fox Squirrel,Mammalia,46024,,
119876606,682eee20-3777-45ce-bc72-bdacce5f1b4f,2022/05/18 10:48 AM,2022-05-18,2022-05-18 17:48:00 UTC,Arizona,3904381,ajwhitlock,Audrey Whitlock,2022-06-02 14:58:16 UTC,2022-06-06 12:32:06 UTC,research,CC-BY-NC,https://www.inaturalist.org/observations/119876606,https://inaturalist-open-data.s3.amazonaws.com/photos/202695433/medium.jpeg,,"",,1,0,false,,"Cochise County, AZ, USA",31.777929,-109.311813,,,,,,,open,false,,,Chiricahua Fox Squirrel,Sciurus nayaritensis chiricahuae,Chiricahua Fox Squirrel,Mammalia,238455,,
121335006,f479da89-77d6-4271-bea8-f3cac91dc4b7,2022/05/18 12:03 PM,2022-05-18,2022-05-18 19:03:00 UTC,Arizona,216168,psweet,"",2022-06-12 00:31:13 UTC,2022-06-12 02:12:02 UTC,research,CC-BY-SA,https://www.inaturalist.org/observations/121335006,https://inaturalist-open-data.s3.amazonaws.com/photos/205306572/medium.jpeg,,"",,1,0,false,,"Cave Creek Canyon, Cochise County, AZ, USA",31.8700166667,-109.1877694444,5,,,,5,,open,false,,,Mexican Fox Squirrel,Sciurus nayaritensis,Mexican Fox Squirrel,Mammalia,46024,,
121337945,f22dbb56-cfe3-4ccd-974e-6b4b3b8ead5a,2022/05/18 1:55 PM,2022-05-18,2022-05-18 20:55:00 UTC,Arizona,216168,psweet,"",2022-06-12 00:52:46 UTC,2022-06-12 02:11:15 UTC,research,CC-BY-SA,https://www.inaturalist.org/observations/121337945,https://inaturalist-open-data.s3.amazonaws.com/photos/205312455/medium.jpeg,,"",,1,0,false,,"Cave Creek Canyon, Cochise County, AZ, USA",31.8673111111,-109.1898666667,5,,,,5,,open,false,,,Mexican Fox Squirrel,Sciurus nayaritensis,Mexican Fox Squirrel,Mammalia,46024,,
121539958,f7c36288-3518-45a2-b2dc-50dc8c2f0fd8,2018/05/19 1:46 PM,2018-05-19,2018-05-19 20:46:00 UTC,Arizona,276619,eleodes,Nancy McIntyre,2022-06-13 04:09:35 UTC,2022-06-13 11:51:26 UTC,research,CC-BY-NC,https://www.inaturalist.org/observations/121539958,https://inaturalist-open-data.s3.amazonaws.com/photos/205677943/medium.jpeg,,"","",3,0,false,,"Chiricahua Mountains, Arizona 85625, USA",31.9298117,-109.3822849,1841,,,,1841,,open,false,,,Mexican Fox Squirrel,Sciurus nayaritensis,Mexican Fox Squirrel,Mammalia,46024,,
121643911,a4301035-6db1-4023-8757-4d6994534388,2022/06/12 9:29 AM,2022-06-12,2022-06-12 16:29:00 UTC,Arizona,1936066,jmoulton44,,2022-06-13 21:00:48 UTC,2022-06-14 02:57:23 UTC,research,CC-BY-NC,https://www.inaturalist.org/observations/121643911,https://inaturalist-open-data.s3.amazonaws.com/photos/205867253/medium.jpeg,,"",,1,0,false,,"Cave Creek Canyon, Arizona 85632, USA",31.8962033,-109.1636719,1841,,,,1841,,open,false,,,Mexican Fox Squirrel,Sciurus nayaritensis,Mexican Fox Squirrel,Mammalia,46024,,
121939063,1e68d170-822e-4ade-8086-84928c1196b2,2022/06/15 12:48 PM,2022-06-15,2022-06-15 19:48:00 UTC,Arizona,4353185,alice562,Alice Wakefield,2022-06-15 22:43:07 UTC,2024-05-11 17:22:49 UTC,research,CC-BY-NC-SA,https://www.inaturalist.org/observations/121939063,https://static.inaturalist.org/photos/206399504/medium.jpeg,,"",,1,0,false,,"Barfoot Park, Arizona 85632, USA",31.9150911,-109.2845065,1841,,,,1841,,open,false,,,Chiricahua Fox Squirrel,Sciurus nayaritensis chiricahuae,Chiricahua Fox Squirrel,Mammalia,238455,,
122038734,107471a1-d366-428e-b73c-eb6e6def36e6,2022/06/16 8:42 AM,2022-06-16,2022-06-16 15:42:00 UTC,Arizona,559933,selasphorus,Santi Tabares,2022-06-16 16:47:29 UTC,2022-06-16 19:55:21 UTC,research,,https://www.inaturalist.org/observations/122038734,https://static.inaturalist.org/photos/206576324/medium.jpeg,,"",,1,0,false,,United States,31.8773685283,-109.3001418587,290,,,,29173,obscured,open,true,,,Mexican Fox Squirrel,Sciurus nayaritensis,Mexican Fox Squirrel,Mammalia,46024,,
122209675,db8c362f-ee63-41f0-afad-f6c0aee6e76b,2022/06/17 8:15 AM,2022-06-17,2022-06-17 15:15:00 UTC,Arizona,559933,selasphorus,Santi Tabares,2022-06-17 20:27:10 UTC,2023-01-04 02:47:49 UTC,research,,https://www.inaturalist.org/observations/122209675,https://static.inaturalist.org/photos/206883797/medium.jpeg,,"",,1,0,false,,United States,31.932186188,-109.300747249,35,,,,29173,obscured,open,true,,,Mexican Fox Squirrel,Sciurus nayaritensis,Mexican Fox Squirrel,Mammalia,46024,,
123172067,36d26cd5-2809-4c3a-8284-cd3fd1011b0b,2022/06/23 9:11 AM,2022-06-23,2022-06-23 16:11:00 UTC,Arizona,4353185,alice562,Alice Wakefield,2022-06-24 02:30:12 UTC,2024-05-11 17:22:49 UTC,research,CC-BY-NC-SA,https://www.inaturalist.org/observations/123172067,https://static.inaturalist.org/photos/208633203/medium.jpeg,,"",,1,0,false,,"South Fork Cave Creek, Arizona 85632, USA",31.8504468,-109.1978218,3253,,,,3253,,open,false,,,Chiricahua Fox Squirrel,Sciurus nayaritensis chiricahuae,Chiricahua Fox Squirrel,Mammalia,238455,,
124198934,9479603a-616d-48e1-a419-7c067db5bc1c,2014-05-18 10:03:53-04:00,2014-05-18,2014-05-18 14:03:53 UTC,Arizona,491022,jcblalock,,2022-07-01 03:07:56 UTC,2022-07-01 12:25:30 UTC,research,,https://www.inaturalist.org/observations/124198934,https://static.inaturalist.org/photos/210488462/medium.jpg,,"","",2,0,false,3,"Coronado National Forest, Pearce, AZ, US",31.8839136712,-109.2055138163,33,,,,33,,open,false,,,Mexican Fox Squirrel,Sciurus nayaritensis,Mexican Fox Squirrel,Mammalia,46024,,
124423588,24acac8c-0d93-4410-9177-94929588e8d6,2022/06/29 9:01 AM,2022-06-29,2022-06-29 16:01:00 UTC,Arizona,138859,atdahl,Alan Dahl,2022-07-02 18:03:08 UTC,2022-07-02 22:47:25 UTC,research,CC-BY-NC,https://www.inaturalist.org/observations/124423588,https://inaturalist-open-data.s3.amazonaws.com/photos/210888200/medium.jpg,,"Mexican Fox Squirrel, Cave Creek Canyon",,1,0,false,,United States,31.9162260529,-109.1276896388,432,,,,29173,obscured,open,true,,,Mexican Fox Squirrel,Sciurus nayaritensis,Mexican Fox Squirrel,Mammalia,46024,,
126193293,1155f902-6064-4897-8e6d-bb9245f1ebbd,2022/07/08 3:15 PM,2022-07-08,2022-07-08 22:15:00 UTC,Arizona,2177281,g_heaton,Grigory Heaton,2022-07-14 12:20:00 UTC,2022-07-16 23:02:06 UTC,research,CC-BY-NC,https://www.inaturalist.org/observations/126193293,https://inaturalist-open-data.s3.amazonaws.com/photos/214091605/medium.jpg,,"","",1,0,false,,"Cochise County, AZ, USA",31.89610479,-109.2163158872,,,,,,,open,false,,,Chiricahua Fox Squirrel,Sciurus nayaritensis chiricahuae,Chiricahua Fox Squirrel,Mammalia,238455,,
126193526,2f131bd1-9d88-4f54-b6f2-2c4388008a7f,2022/07/08 4:00 PM,2022-07-08,2022-07-08 23:00:00 UTC,Arizona,2177281,g_heaton,Grigory Heaton,2022-07-14 12:22:51 UTC,2022-07-16 23:01:43 UTC,research,CC-BY-NC,https://www.inaturalist.org/observations/126193526,https://inaturalist-open-data.s3.amazonaws.com/photos/214092119/medium.jpg,,"","",1,0,false,,"Cochise County, AZ, USA",31.8838265433,-109.2059660254,14,,,,14,,open,false,,,Chiricahua Fox Squirrel,Sciurus nayaritensis chiricahuae,Chiricahua Fox Squirrel,Mammalia,238455,,
128223357,b8720b7b-b00e-47c2-b20f-969cf0d74835,2022/07/16 9:05 AM,2022-07-16,2022-07-16 16:05:00 UTC,Arizona,2243739,maxbird1,Max Ramey,2022-07-28 00:01:24 UTC,2022-07-29 12:12:33 UTC,research,CC-BY-NC,https://www.inaturalist.org/observations/128223357,https://inaturalist-open-data.s3.amazonaws.com/photos/217776082/medium.jpeg,,"","",2,0,false,,"Cochise, Arizona, United States",31.8738386111,-109.1838605556,,,,,,,open,false,,,Chiricahua Fox Squirrel,Sciurus nayaritensis chiricahuae,Chiricahua Fox Squirrel,Mammalia,238455,,
128359932,c9002512-1355-4c48-be08-538d8c284179,2022-07-16 10:46:22-04:00,2022-07-16,2022-07-16 14:46:22 UTC,Arizona,1151838,aaronr,aaronr,2022-07-28 21:11:45 UTC,2022-07-28 23:29:01 UTC,research,CC-BY-NC,https://www.inaturalist.org/observations/128359932,https://inaturalist-open-data.s3.amazonaws.com/photos/218021515/medium.jpg,,"","",2,0,false,3,"Coronado National Forest, San Simon, AZ, US",31.888200471,-109.172432692,604,,,,604,,open,false,,,Mexican Fox Squirrel,Sciurus nayaritensis,Mexican Fox Squirrel,Mammalia,46024,,
128381354,9ebdaa9a-8c8a-4a16-b03c-a07968a54902,2022/07/08 3:15 PM,2022-07-08,2022-07-08 22:15:00 UTC,Arizona,6971,silversea_starsong,James Bailey,2022-07-29 00:17:29 UTC,2022-07-29 02:31:16 UTC,research,CC-BY-NC,https://www.inaturalist.org/observations/128381354,https://inaturalist-open-data.s3.amazonaws.com/photos/218054320/medium.jpeg,,"",,1,0,false,,"Cochise, Arizona, United States",31.8958766667,-109.2159916667,,,,,,,open,false,,,Chiricahua Fox Squirrel,Sciurus nayaritensis chiricahuae,Chiricahua Fox Squirrel,Mammalia,238455,,
128381401,a01b2e9b-1466-45f5-a605-c30c4f5da981,2022/07/08 3:59 PM,2022-07-08,2022-07-08 22:59:00 UTC,Arizona,6971,silversea_starsong,James Bailey,2022-07-29 00:17:40 UTC,2022-07-29 02:31:05 UTC,research,CC-BY-NC,https://www.inaturalist.org/observations/128381401,https://inaturalist-open-data.s3.amazonaws.com/photos/218055109/medium.jpeg,,"",,1,0,false,,"Cochise County, AZ, USA",31.883775,-109.2059716667,,,,,,,open,false,,,Chiricahua Fox Squirrel,Sciurus nayaritensis chiricahuae,Chiricahua Fox Squirrel,Mammalia,238455,,
128865061,b9b51230-7cdb-409d-9b55-aa540858781f,2022/07/16 10:42 AM,2022-07-16,2022-07-16 17:42:00 UTC,Arizona,924314,jacksonfrost,Jackson Frost,2022-07-31 20:41:37 UTC,2023-12-07 19:36:53 UTC,research,CC-BY,https://www.inaturalist.org/observations/128865061,https://static.inaturalist.org/photos/218920474/medium.jpeg,,"",,1,0,false,,"Cochise County, AZ, USA",31.8949128793,-109.1619873047,1753,,,,1753,,open,false,,,Chiricahua Fox Squirrel,Sciurus nayaritensis chiricahuae,Chiricahua Fox Squirrel,Mammalia,238455,,
128865135,80b04af0-23fd-4f98-8ff7-22fc90a41152,2022/07/16 11:43 AM,2022-07-16,2022-07-16 18:43:00 UTC,Arizona,924314,jacksonfrost,Jackson Frost,2022-07-31 20:41:49 UTC,2023-12-07 19:36:53 UTC,research,CC-BY,https://www.inaturalist.org/observations/128865135,https://static.inaturalist.org/photos/218921215/medium.jpeg,,"",,1,0,false,,"Cochise County, AZ, USA",31.8949128793,-109.1619873047,1753,,,,1753,,open,false,,,Chiricahua Fox Squirrel,Sciurus nayaritensis chiricahuae,Chiricahua Fox Squirrel,Mammalia,238455,,
129838728,e611fce9-973d-4c68-a02e-5386c2aae62b,2022/07/28 9:03 AM,2022-07-28,2022-07-28 16:03:00 UTC,Arizona,440178,markdorriesfield,Mark Dorriesfield,2022-08-07 15:50:00 UTC,2022-08-07 18:24:51 UTC,research,CC-BY-NC,https://www.inaturalist.org/observations/129838728,https://inaturalist-open-data.s3.amazonaws.com/photos/220705031/medium.jpeg,,"","",1,0,false,,Cave Creek South Fork,31.8660763889,-109.1907163889,,,,,,,open,false,,,Mexican Fox Squirrel,Sciurus nayaritensis,Mexican Fox Squirrel,Mammalia,46024,,
129838757,54673921-50ca-4483-b907-a0588a79477e,2022/07/28 9:51 AM,2022-07-28,2022-07-28 16:51:00 UTC,Arizona,440178,markdorriesfield,Mark Dorriesfield,2022-08-07 15:50:06 UTC,2022-08-07 18:24:12 UTC,research,CC-BY-NC,https://www.inaturalist.org/observations/129838757,https://inaturalist-open-data.s3.amazonaws.com/photos/220705397/medium.jpeg,,"","",1,0,false,,Cave Creek South Fork,31.8612630556,-109.18986,,,,,,,open,false,,,Mexican Fox Squirrel,Sciurus nayaritensis,Mexican Fox Squirrel,Mammalia,46024,,
130171142,0b4fc451-635e-4cba-925c-a41548cbc769,2022/05/04 12:25 PM,2022-05-04,2022-05-04 19:25:00 UTC,Arizona,1028485,matt_lachiusa,Matthew Lachiusa,2022-08-09 22:27:24 UTC,2022-08-10 00:19:36 UTC,research,CC-BY-NC,https://www.inaturalist.org/observations/130171142,https://inaturalist-open-data.s3.amazonaws.com/photos/221328412/medium.jpeg,,"","",1,0,false,,"Cochise County, AZ, USA",31.9334501528,-109.2726012664,31,,,,31,,open,false,,,Chiricahua Fox Squirrel,Sciurus nayaritensis chiricahuae,Chiricahua Fox Squirrel,Mammalia,238455,,
130253295,45f2e265-8b80-4663-9ce9-e68881b002ac,2022-08-03 16:26:40-04:00,2022-08-03,2022-08-03 20:26:40 UTC,Arizona,300677,austinb,Austin Broadwater,2022-08-10 15:44:48 UTC,2022-08-11 02:20:04 UTC,research,,https://www.inaturalist.org/observations/130253295,https://static.inaturalist.org/photos/221483844/medium.jpg,,"","",1,0,false,3,"Coronado National Forest, Pearce, AZ, US",31.8540965714,-109.2974224906,11910,,,,11910,,open,false,,,Chiricahua Fox Squirrel,Sciurus nayaritensis chiricahuae,Chiricahua Fox Squirrel,Mammalia,238455,,
130701085,8bbdde5f-f22f-4585-8930-e29b5e1fa0e4,2022/07/29 8:14 AM,2022-07-29,2022-07-29 15:14:00 UTC,Arizona,440178,markdorriesfield,Mark Dorriesfield,2022-08-13 22:53:32 UTC,2022-08-13 23:24:01 UTC,research,CC-BY-NC,https://www.inaturalist.org/observations/130701085,https://inaturalist-open-data.s3.amazonaws.com/photos/222308054/medium.jpeg,,"","",1,0,false,,"Cochise County, AZ, USA",31.8434130556,-109.3266513889,,,,,,,open,false,,,Mexican Fox Squirrel,Sciurus nayaritensis,Mexican Fox Squirrel,Mammalia,46024,,
130983364,7461fe76-a443-46f1-8ec0-b68e804ff948,2022-08-07 06:22:41-04:00,2022-08-07,2022-08-07 10:22:41 UTC,Arizona,761457,aidan17,Aidan Place,2022-08-15 20:36:47 UTC,2022-08-16 00:03:38 UTC,research,,https://www.inaturalist.org/observations/130983364,https://static.inaturalist.org/photos/222832696/medium.jpg,,"","",1,0,false,3,"Coronado National Forest, Pearce, AZ, US",31.8777051997,-109.2150934474,5927,,,,5927,,open,false,,,Mexican Fox Squirrel,Sciurus nayaritensis,Mexican Fox Squirrel,Mammalia,46024,,
131080378,facd8218-fd6c-4749-b40d-6a6f9761cdf5,2022/08/12 8:51 AM,2022-08-12,2022-08-12 15:51:00 UTC,Arizona,732632,guy23,Guy Babineau,2022-08-16 15:52:37 UTC,2022-08-16 16:42:45 UTC,research,CC0,https://www.inaturalist.org/observations/131080378,https://inaturalist-open-data.s3.amazonaws.com/photos/223008153/medium.jpeg,,"",,2,0,false,,"Cochise County, AZ, USA",31.8787134606,-109.2283888015,1841,,,,1841,,open,false,,,Mexican Fox Squirrel,Sciurus nayaritensis,Mexican Fox Squirrel,Mammalia,46024,,
131950740,54bfe689-9a3a-457f-b9e7-4bcdc771dd97,2020/06/07 7:38 AM,2020-06-07,2020-06-07 14:38:00 UTC,Arizona,6052795,karnevil9,Bud Lensing,2022-08-22 23:42:55 UTC,2022-11-19 18:27:22 UTC,research,CC-BY-NC,https://www.inaturalist.org/observations/131950740,https://inaturalist-open-data.s3.amazonaws.com/photos/224628601/medium.jpeg,,"",Cave Creek Canyon  South Fork,1,0,false,,"Cochise County, AZ, USA",31.8963936386,-109.1635485357,61,,,,61,,open,false,,,Mexican Fox Squirrel,Sciurus nayaritensis,Mexican Fox Squirrel,Mammalia,46024,,
132215246,c0fa1204-4775-48ff-8809-a3725ec1c35c,2022/08/16 9:31 AM,2022-08-16,2022-08-16 16:31:00 UTC,Arizona,491886,svillebirder,"",2022-08-25 00:45:04 UTC,2022-08-29 00:05:17 UTC,research,,https://www.inaturalist.org/observations/132215246,https://static.inaturalist.org/photos/225119616/medium.jpeg,,"",,1,0,false,,"Cochise County, AZ, USA",31.8834665308,-109.2059142548,125,,,,125,,open,false,,,Chiricahua Fox Squirrel,Sciurus nayaritensis chiricahuae,Chiricahua Fox Squirrel,Mammalia,238455,,
135523822,15fbd8c5-bcb1-47de-a001-50348e15d8bb,2022-09-17 17:28:40-07:00,2022-09-17,2022-09-18 00:28:40 UTC,Arizona,5977529,kayableu,,2022-09-18 15:06:46 UTC,2022-11-19 18:27:06 UTC,research,CC-BY-NC,https://www.inaturalist.org/observations/135523822,https://inaturalist-open-data.s3.amazonaws.com/photos/231159338/medium.jpg,,"","",1,0,false,3,"Coronado National Forest, Pearce, AZ, US",31.883895,-109.2067416667,4,,,,4,,open,false,,,Mexican Fox Squirrel,Sciurus nayaritensis,Mexican Fox Squirrel,Mammalia,46024,,
135624944,3cbae05b-7972-4a20-be92-66f9dfd8165b,2022-09-15 12:39:32-07:00,2022-09-15,2022-09-15 19:39:32 UTC,Arizona,1399136,newmexjeff,Jeff Johnson,2022-09-19 03:44:25 UTC,2022-09-20 16:10:20 UTC,research,,https://www.inaturalist.org/observations/135624944,https://static.inaturalist.org/photos/231349953/medium.jpg,,"","",2,0,false,3,"Coronado National Forest, Pearce, AZ, US",31.8738216667,-109.1835416667,4,,,,4,,open,false,,,Chiricahua Fox Squirrel,Sciurus nayaritensis chiricahuae,Chiricahua Fox Squirrel,Mammalia,238455,,
135700138,74b1d438-3403-4cdc-904a-7d9fe10a01da,2022-09-16 14:45:34,2022-09-16,2022-09-16 21:45:34 UTC,Arizona,1838716,kkat,Kate Hamedani,2022-09-19 19:33:20 UTC,2022-09-20 04:52:38 UTC,research,CC-BY-NC,https://www.inaturalist.org/observations/135700138,https://inaturalist-open-data.s3.amazonaws.com/photos/231487112/medium.jpeg,,"",,1,0,false,2,Rustler Park,31.9075733557,-109.276561439,1243,,,,1243,,open,false,gps,gps,Chiricahua Fox Squirrel,Sciurus nayaritensis chiricahuae,Chiricahua Fox Squirrel,Mammalia,238455,,
136004631,80d1cfb2-e875-4b43-8509-abfd3087cc9d,2017/08/18 10:02 AM,2017-08-18,2017-08-18 17:02:00 UTC,Arizona,1668593,jcsullivan,John Sullivan,2022-09-22 04:56:16 UTC,2022-09-23 13:54:16 UTC,research,CC-BY-NC,https://www.inaturalist.org/observations/136004631,https://inaturalist-open-data.s3.amazonaws.com/photos/232047266/medium.jpg,,"",,1,0,false,,"Cochise County, AZ, USA",31.864394201,-109.1901848932,122,,,,122,,open,false,,,Chiricahua Fox Squirrel,Sciurus nayaritensis chiricahuae,Chiricahua Fox Squirrel,Mammalia,238455,,
136245383,5054ad0f-46d4-4dfb-b63e-add7fb7bba43,2022/09/14 10:27 AM,2022-09-14,2022-09-14 17:27:00 UTC,Arizona,1809129,charadrius,Paul Donahue,2022-09-24 06:38:51 UTC,2022-11-19 18:26:47 UTC,research,CC-BY-NC,https://www.inaturalist.org/observations/136245383,https://inaturalist-open-data.s3.amazonaws.com/photos/232501307/medium.jpg,,"",,1,0,false,,"Portal Road, Cochise County, AZ, USA",31.899271341,-109.1593408544,2182,,,,2182,,open,false,,,Mexican Fox Squirrel,Sciurus nayaritensis,Mexican Fox Squirrel,Mammalia,46024,,
141568233,0166efb9-fb2b-4511-aef4-5e1b44702aec,2020/05/11 4:08 PM,2020-05-11,2020-05-11 23:08:00 UTC,Arizona,2427280,kwat,,2022-11-09 22:34:24 UTC,2023-02-10 04:14:42 UTC,research,CC-BY-NC,https://www.inaturalist.org/observations/141568233,https://inaturalist-open-data.s3.amazonaws.com/photos/242546801/medium.jpeg,,"",RESQ?,2,0,false,,"Cochise County, AZ, USA",31.8440688742,-109.341203851,3906,,,,3906,,open,false,,,Chiricahua Fox Squirrel,Sciurus nayaritensis chiricahuae,Chiricahua Fox Squirrel,Mammalia,238455,,
141652401,53e49254-e31f-4a76-a9c7-65661ad3dc49,2022/11/10 11:53 AM,2022-11-10,2022-11-10 18:53:00 UTC,Arizona,4353185,alice562,Alice Wakefield,2022-11-10 23:52:13 UTC,2024-05-11 17:22:49 UTC,research,CC-BY-NC-SA,https://www.inaturalist.org/observations/141652401,https://static.inaturalist.org/photos/242723008/medium.jpeg,,"",,1,0,false,,"42E Forest Service Rd, San Simon, AZ 85632, USA",31.87341,-109.1849721,196,,,,196,,open,false,,,Mexican Fox Squirrel,Sciurus nayaritensis,Mexican Fox Squirrel,Mammalia,46024,,
141813147,413e97ee-1d91-4780-9270-448c71e996d6,2022/11/04 5:01 PM,2022-11-04,2022-11-05 00:01:00 UTC,Arizona,583493,tothemax,Max Roberts,2022-11-12 19:48:55 UTC,2022-11-12 19:56:18 UTC,research,CC-BY-NC,https://www.inaturalist.org/observations/141813147,https://inaturalist-open-data.s3.amazonaws.com/photos/243025817/medium.jpg,,"",,1,0,false,,"Cochise County, AZ, USA",31.8871871313,-109.1720500776,203,,,,203,,open,false,,,Mexican Fox Squirrel,Sciurus nayaritensis,Mexican Fox Squirrel,Mammalia,46024,,
141813152,4f1b2a6c-a418-4ae7-8c31-df2416a88686,2022/11/05 7:48 AM,2022-11-05,2022-11-05 14:48:00 UTC,Arizona,583493,tothemax,Max Roberts,2022-11-12 19:48:56 UTC,2022-11-12 22:22:16 UTC,research,CC-BY-NC,https://www.inaturalist.org/observations/141813152,https://inaturalist-open-data.s3.amazonaws.com/photos/243025952/medium.jpg,,"",,2,0,false,,"Cochise County, AZ, USA",31.8722927924,-109.1861398861,44,,,,44,,open,false,,,Mexican Fox Squirrel,Sciurus nayaritensis,Mexican Fox Squirrel,Mammalia,46024,,
142416427,3bf43699-7a4d-4a87-8d4a-2ba19fa18a94,2022/04/27 6:20 PM,2022-04-27,2022-04-28 01:20:00 UTC,Arizona,2888972,danielb98,Daniel B,2022-11-20 01:58:03 UTC,2022-11-20 17:32:34 UTC,research,,https://www.inaturalist.org/observations/142416427,https://static.inaturalist.org/photos/244152973/medium.jpeg,,"","Not sure on this one, don't know my Western Sciuridae (and overall rodents in general) very well!",1,0,false,,"Chiricahua Mountains, Cochise County, AZ, USA",31.9272848952,-109.2667486053,100,,,,100,,open,false,,,Chiricahua Fox Squirrel,Sciurus nayaritensis chiricahuae,Chiricahua Fox Squirrel,Mammalia,238455,,
142501900,76bb91cf-a7e3-44c0-966b-94bc34aa69be,2022/05/13 7:54 AM,2022-05-13,2022-05-13 14:54:00 UTC,Arizona,787662,briancriter,Brian Johnson,2022-11-21 02:03:08 UTC,2022-11-21 22:30:27 UTC,research,CC-BY-NC,https://www.inaturalist.org/observations/142501900,https://inaturalist-open-data.s3.amazonaws.com/photos/244316738/medium.jpeg,,"",,1,0,false,,"Cochise County, AZ, USA",31.9066417794,-109.2771836375,4,,,,4,,open,false,,,Chiricahua Fox Squirrel,Sciurus nayaritensis chiricahuae,Chiricahua Fox Squirrel,Mammalia,238455,,
145300535,5a085c58-b652-4ccb-a376-03cf4ad544c6,2022/12/22 2:04 PM,2022-12-22,2022-12-22 21:04:00 UTC,Arizona,455625,dialbforbirder,Andrew Aldrich,2022-12-29 00:38:55 UTC,2023-01-04 03:55:34 UTC,research,CC-BY-NC,https://www.inaturalist.org/observations/145300535,https://inaturalist-open-data.s3.amazonaws.com/photos/249571207/medium.jpeg,,"",,2,0,false,,"Cochise County, AZ, USA",31.8674258833,-109.1835449215,1221,,,,1221,,open,false,,,Chiricahua Fox Squirrel,Sciurus nayaritensis chiricahuae,Chiricahua Fox Squirrel,Mammalia,238455,,
146297996,ec5be762-e6a0-4d24-b740-5880834cd9ce,2020/09/11 2:00 PM,2020-09-11,2020-09-11 21:00:00 UTC,Arizona,670908,jugbayjs,"",2023-01-10 22:34:23 UTC,2023-01-20 13:03:28 UTC,research,CC-BY-NC,https://www.inaturalist.org/observations/146297996,https://inaturalist-open-data.s3.amazonaws.com/photos/251482924/medium.jpeg,,"",,2,0,false,,"Rucker Canyon, Cochise County, AZ, USA",31.7862384034,-109.2896779634,1721,,,,1721,,open,false,,,Chiricahua Fox Squirrel,Sciurus nayaritensis chiricahuae,Chiricahua Fox Squirrel,Mammalia,238455,,
147586914,d63eda25-47c5-4af9-88fb-3e61ab64d525,2023/01/28 8:19 AM,2023-01-28,2023-01-28 15:19:00 UTC,Arizona,1816805,peterzika,Peter Zika,2023-01-29 04:25:12 UTC,2023-01-29 12:52:50 UTC,research,CC-BY-NC,https://www.inaturalist.org/observations/147586914,https://inaturalist-open-data.s3.amazonaws.com/photos/253983697/medium.jpeg,,"","",1,0,false,,"Cave Creek area, Cochise County, Arizona, USA",31.8925872941,-109.1675792485,271,,,,271,,open,false,,,Mexican Fox Squirrel,Sciurus nayaritensis,Mexican Fox Squirrel,Mammalia,46024,,
148428046,8b84b732-add7-46c9-b8ad-290157c9f953,2017/06/01 10:08 AM,2017-06-01,2017-06-01 17:08:00 UTC,Arizona,3407564,ken_mateik,Ken Mateik,2023-02-10 04:12:36 UTC,2023-02-10 13:07:52 UTC,research,CC-BY-NC,https://www.inaturalist.org/observations/148428046,https://inaturalist-open-data.s3.amazonaws.com/photos/255601996/medium.jpg,,"",In pine tree along the roadside about 3 miles northwest of the intersection of U.S.F.S. Road 42 with Paradise Road on the North side of the Chiricahua Mountains in Southeast Arizona. ,2,0,false,,"Cochise County, AZ, USA",31.9234664104,-109.2534871675,122,,,,122,,open,false,,,Chiricahua Fox Squirrel,Sciurus nayaritensis chiricahuae,Chiricahua Fox Squirrel,Mammalia,238455,,
149741211,1c42ae53-ed1d-4c84-ba16-6cc53e811367,2023-02-25 11:47:44,2023-02-25,2023-02-25 18:47:44 UTC,Arizona,92826,dccopley,Darren and Claudia,2023-02-26 17:29:24 UTC,2023-02-27 06:11:22 UTC,research,CC-BY-NC,https://www.inaturalist.org/observations/149741211,https://inaturalist-open-data.s3.amazonaws.com/photos/258074552/medium.jpeg,,"",,1,0,false,2,"San Simon, AZ 85632, USA",31.8808766667,-109.2192266667,,,,,,,open,false,gps,gps,Mexican Fox Squirrel,Sciurus nayaritensis,Mexican Fox Squirrel,Mammalia,46024,,
149752118,51a589c4-beab-4531-999a-6c417a84ecc1,2020/01/07 7:47 PM,2020-01-07,2020-01-08 02:47:00 UTC,Arizona,5937462,samuel_perfect,Samuel Perfect,2023-02-26 19:22:31 UTC,2023-03-07 04:23:51 UTC,research,CC-BY-NC,https://www.inaturalist.org/observations/149752118,https://inaturalist-open-data.s3.amazonaws.com/photos/258086406/medium.jpeg,,"",,1,0,false,,"Cochise County, AZ, USA",31.8733116383,-109.1830230348,3116,,,,3116,,open,false,,,Mexican Fox Squirrel,Sciurus nayaritensis,Mexican Fox Squirrel,Mammalia,46024,,
151151433,c8f46720-8191-4f0c-8593-a47609b353d9,2023/03/12 9:34 AM,2023-03-12,2023-03-12 16:34:00 UTC,Arizona,1310523,blancadog,"",2023-03-14 20:21:24 UTC,2023-03-14 22:23:52 UTC,research,,https://www.inaturalist.org/observations/151151433,https://static.inaturalist.org/photos/260754492/medium.jpeg,,"",,2,0,false,,"Cochise County, AZ, USA",31.8881980605,-109.1705182723,832,,,,832,,open,false,,,Chiricahua Fox Squirrel,Sciurus nayaritensis chiricahuae,Chiricahua Fox Squirrel,Mammalia,238455,,
151276606,cc5cc43d-0d24-4e63-be82-2d46f2c5ca44,2023/03/12 9:25 AM,2023-03-12,2023-03-12 16:25:00 UTC,Arizona,3464320,rocknsky,Dave Suszcynsky,2023-03-16 05:16:19 UTC,2023-04-27 05:20:23 UTC,research,CC-BY-NC,https://www.inaturalist.org/observations/151276606,https://inaturalist-open-data.s3.amazonaws.com/photos/260989680/medium.jpg,,"",,2,0,false,,"Cochise County, AZ, USA",31.8875499727,-109.1730965728,211,,,,211,,open,false,,,Chiricahua Fox Squirrel,Sciurus nayaritensis chiricahuae,Chiricahua Fox Squirrel,Mammalia,238455,,
153497471,6ead5f79-9050-4d30-a36f-ff1b9fee9792,2020/06/21 8:30 AM,2020-06-21,2020-06-21 15:30:00 UTC,Arizona,6195372,elepaio2,Mark Nikas,2023-04-04 22:14:12 UTC,2023-04-04 23:20:56 UTC,research,CC-BY-NC,https://www.inaturalist.org/observations/153497471,https://inaturalist-open-data.s3.amazonaws.com/photos/265118979/medium.jpeg,,"",,1,0,false,,"Cochise County, AZ, USA",31.9330890094,-109.2714012181,244,,,,244,,open,false,,,Chiricahua Fox Squirrel,Sciurus nayaritensis chiricahuae,Chiricahua Fox Squirrel,Mammalia,238455,,
153694125,ef81dde0-6864-4abb-9332-386f98c3f745,2022/06/03 9:37 AM,2022-06-03,2022-06-03 16:37:00 UTC,Arizona,2515265,mpgooley,Mike Gooley,2023-04-06 15:27:43 UTC,2023-04-06 22:52:56 UTC,research,CC-BY-NC,https://www.inaturalist.org/observations/153694125,https://inaturalist-open-data.s3.amazonaws.com/photos/265484957/medium.jpeg,,"","",1,0,false,,"South Fork Cave Creek Canyon, Idlewilde CG,Cochise County, AZ, USA",31.894938,-109.164516,,,,,,,open,false,,,Chiricahua Fox Squirrel,Sciurus nayaritensis chiricahuae,Chiricahua Fox Squirrel,Mammalia,238455,,
154520749,7b5d931c-303a-4950-89f2-f7433818e4d7,2023/04/09 7:59 AM,2023-04-09,2023-04-09 14:59:00 UTC,Arizona,229868,pfaucher,"",2023-04-12 03:52:27 UTC,2023-04-12 13:24:28 UTC,research,CC-BY-NC,https://www.inaturalist.org/observations/154520749,https://inaturalist-open-data.s3.amazonaws.com/photos/267004732/medium.jpeg,,"",114_7575-Edit.tif,1,0,false,,"Cochise County, AZ, USA",31.87264059,-109.1856583917,,,,,,,open,false,,,Chiricahua Fox Squirrel,Sciurus nayaritensis chiricahuae,Chiricahua Fox Squirrel,Mammalia,238455,,
154768499,0b213d20-5f87-41d3-ac54-87d350d0b502,2023-04-13 08:30:33-07:00,2023-04-13,2023-04-13 15:30:33 UTC,Arizona,496760,caleb_strand,Caleb Strand,2023-04-13 23:57:26 UTC,2023-04-15 04:03:32 UTC,research,CC-BY-NC,https://www.inaturalist.org/observations/154768499,https://inaturalist-open-data.s3.amazonaws.com/photos/267453000/medium.jpg,,"","",2,0,false,3,"Coronado National Forest, San Simon, AZ, US",31.8793716667,-109.17727,3,,,,3,,open,false,,,Chiricahua Fox Squirrel,Sciurus nayaritensis chiricahuae,Chiricahua Fox Squirrel,Mammalia,238455,,
155460106,3d93da9f-8458-4af9-b2a4-92fce858fd75,2023-04-17 14:34:17,2023-04-17,2023-04-17 21:34:17 UTC,Arizona,2788422,chickenparmesan24,Tyler Ekholm,2023-04-18 12:52:46 UTC,2023-04-18 22:14:14 UTC,research,CC-BY,https://www.inaturalist.org/observations/155460106,https://inaturalist-open-data.s3.amazonaws.com/photos/268731549/medium.jpeg,,"",,1,0,false,2,"Cochise County, US-AZ, US",31.8872124844,-109.1736202687,288,,,,288,,open,false,gps,gps,Chiricahua Fox Squirrel,Sciurus nayaritensis chiricahuae,Chiricahua Fox Squirrel,Mammalia,238455,,
156962258,3c6dd269-d9fa-4feb-86b3-7db9dac260b5,2023/04/23 7:28 PM,2023-04-23,2023-04-24 02:28:00 UTC,Arizona,3034495,taopina,"",2023-04-27 22:54:54 UTC,2023-04-28 10:03:09 UTC,research,CC-BY-NC,https://www.inaturalist.org/observations/156962258,https://inaturalist-open-data.s3.amazonaws.com/photos/271450685/medium.jpeg,,"","",1,0,false,,"Cochise County, AZ, USA",31.8977065256,-109.1640888942,61,,,,61,,open,false,,,Chiricahua Fox Squirrel,Sciurus nayaritensis chiricahuae,Chiricahua Fox Squirrel,Mammalia,238455,,
158463978,a6c4d639-8c73-4ea5-8c07-b60d8f671213,2023-04-28 09:43:44,2023-04-28,2023-04-28 16:43:44 UTC,Arizona,4094854,mglines,"",2023-05-01 03:18:01 UTC,2023-05-01 12:22:05 UTC,research,CC-BY-NC,https://www.inaturalist.org/observations/158463978,https://inaturalist-open-data.s3.amazonaws.com/photos/273864698/medium.jpeg,,"",,1,0,false,2,"San Simon, AZ 85632, USA",31.8546805997,-109.1916085,,,,,,,open,false,gps,gps,Mexican Fox Squirrel,Sciurus nayaritensis,Mexican Fox Squirrel,Mammalia,46024,,
158903336,2b18ca4d-0a7c-4f0a-b50e-db7bcf87ab63,2023/04/30 5:27 PM,2023-04-30,2023-05-01 00:27:00 UTC,Arizona,4197783,allenbryan,,2023-05-01 22:28:30 UTC,2023-05-02 00:34:56 UTC,research,CC-BY-NC,https://www.inaturalist.org/observations/158903336,https://inaturalist-open-data.s3.amazonaws.com/photos/274551312/medium.jpg,,"",,1,0,false,,"Cochise County, AZ, USA",31.8853451687,-109.1759026614,99,,,,99,,open,false,,,Chiricahua Fox Squirrel,Sciurus nayaritensis chiricahuae,Chiricahua Fox Squirrel,Mammalia,238455,,
159277316,aa712bff-1dee-46b3-8432-a29ebeae73af,2023/04/14 9:38 AM,2023-04-14,2023-04-14 16:38:00 UTC,Arizona,3725287,jophophora,Jophophora,2023-05-02 21:37:44 UTC,2023-05-03 03:10:18 UTC,research,,https://www.inaturalist.org/observations/159277316,https://static.inaturalist.org/photos/275177998/medium.jpeg,,"","",2,0,false,,United States,31.8666197979,-109.186712812,1841,,,,29173,obscured,open,true,,,Chiricahua Fox Squirrel,Sciurus nayaritensis chiricahuae,Chiricahua Fox Squirrel,Mammalia,238455,,
159715374,c1d50257-2efe-435a-805c-14e4333e5165,2023-05-04 08:29:58-07:00,2023-05-04,2023-05-04 15:29:58 UTC,Arizona,4774322,erstadh,,2023-05-04 19:34:11 UTC,2023-05-05 20:04:47 UTC,research,CC-BY-NC,https://www.inaturalist.org/observations/159715374,https://inaturalist-open-data.s3.amazonaws.com/photos/275961551/medium.jpg,,"","",1,0,false,3,"Coronado National Forest, Pearce, AZ, US",31.8762447934,-109.1819174157,670,,,,670,,open,false,,,Chiricahua Fox Squirrel,Sciurus nayaritensis chiricahuae,Chiricahua Fox Squirrel,Mammalia,238455,,
160212650,ae1dd7fc-37f7-44c3-b62f-fec0f9cdea30,2023-04-25 04:41:13-08:00,2023-04-25,2023-04-25 12:41:13 UTC,Arizona,1703147,augurapart,,2023-05-07 01:28:15 UTC,2023-05-10 03:30:29 UTC,research,CC-BY-NC,https://www.inaturalist.org/observations/160212650,https://inaturalist-open-data.s3.amazonaws.com/photos/276842650/medium.jpg,,"","",1,0,false,3,"Coronado National Forest, Pearce, AZ, US",31.8747586532,-109.1813034594,1296,,,,1296,,open,false,,,Chiricahua Fox Squirrel,Sciurus nayaritensis chiricahuae,Chiricahua Fox Squirrel,Mammalia,238455,,
160854724,bfcf1896-7bef-407c-9a3e-27d94497e551,2023/05/08 6:46 PM,2023-05-08,2023-05-09 01:46:00 UTC,Arizona,6239657,liamhuber,Liam Huber,2023-05-10 03:54:11 UTC,2023-05-10 17:05:50 UTC,research,CC-BY-NC,https://www.inaturalist.org/observations/160854724,https://inaturalist-open-data.s3.amazonaws.com/photos/277994390/medium.jpg,,"",,1,0,false,,"Cochise County, AZ, USA",31.8684126067,-109.1889343966,31,,,,31,,open,false,,,Chiricahua Fox Squirrel,Sciurus nayaritensis chiricahuae,Chiricahua Fox Squirrel,Mammalia,238455,,
161167464,a97696db-317a-45d0-a362-bad67f26fb2b,2023/04/23 7:20 PM,2023-04-23,2023-04-24 02:20:00 UTC,Arizona,2576746,beavisnail,Barna Takats,2023-05-12 01:26:31 UTC,2023-05-21 04:33:37 UTC,research,,https://www.inaturalist.org/observations/161167464,https://inaturalist-open-data.s3.amazonaws.com/photos/278547387/medium.jpeg,,"","",1,0,false,,"Cochise County, AZ, USA",31.8790768871,-109.2552380538,39061,,,,39061,,open,false,,,Chiricahua Fox Squirrel,Sciurus nayaritensis chiricahuae,Chiricahua Fox Squirrel,Mammalia,238455,,
161812175,8bf8464f-dd2f-4428-ba1b-3662c33733c0,2023/05/13 9:22 AM,2023-05-13,2023-05-13 16:22:00 UTC,Arizona,19563,henicorhina,Oscar Johnson,2023-05-15 15:14:10 UTC,2023-05-18 16:59:19 UTC,research,CC-BY-NC-ND,https://www.inaturalist.org/observations/161812175,https://inaturalist-open-data.s3.amazonaws.com/photos/279719893/medium.jpeg,,"",,1,0,false,,"Cochise County, AZ, USA",31.8762006462,-109.179704939,8,,,,8,,open,false,,,Mexican Fox Squirrel,Sciurus nayaritensis,Mexican Fox Squirrel,Mammalia,46024,,
161936956,398cbd94-a89d-4192-88b4-56fd8f6e954d,2023/05/14 7:34 AM,2023-05-14,2023-05-14 14:34:00 UTC,Arizona,210826,jmaley,James M. Maley,2023-05-16 07:01:36 UTC,2024-04-25 05:49:12 UTC,research,CC-BY,https://www.inaturalist.org/observations/161936956,https://inaturalist-open-data.s3.amazonaws.com/photos/279953895/medium.jpg,,"",,1,0,false,,"Cochise County, AZ, USA",31.886945,-109.173055,,,,,,,open,false,,,Mexican Fox Squirrel,Sciurus nayaritensis,Mexican Fox Squirrel,Mammalia,46024,,
161936957,dd8c72d5-a9bb-4993-b023-b0ebf6b7731c,2023/05/14 7:35 AM,2023-05-14,2023-05-14 14:35:00 UTC,Arizona,210826,jmaley,James M. Maley,2023-05-16 07:01:36 UTC,2023-05-18 16:58:09 UTC,research,CC-BY,https://www.inaturalist.org/observations/161936957,https://inaturalist-open-data.s3.amazonaws.com/photos/279953961/medium.jpg,,"",,1,0,false,,"Cochise County, AZ, USA",31.886945,-109.173055,,,,,,,open,false,,,Mexican Fox Squirrel,Sciurus nayaritensis,Mexican Fox Squirrel,Mammalia,46024,,
161936960,74525188-e524-47af-bb25-94783cd2d412,2023/05/14 8:14 AM,2023-05-14,2023-05-14 15:14:00 UTC,Arizona,210826,jmaley,James M. Maley,2023-05-16 07:01:37 UTC,2023-05-16 14:55:05 UTC,research,CC-BY,https://www.inaturalist.org/observations/161936960,https://inaturalist-open-data.s3.amazonaws.com/photos/279954120/medium.jpg,,"",,1,0,false,,"Cochise County, AZ, USA",31.881345,-109.176067,,,,,,,open,false,,,Mexican Fox Squirrel,Sciurus nayaritensis,Mexican Fox Squirrel,Mammalia,46024,,
161936961,53383700-0a51-47e8-81e6-653a0757b4fe,2023/05/14 8:15 AM,2023-05-14,2023-05-14 15:15:00 UTC,Arizona,210826,jmaley,James M. Maley,2023-05-16 07:01:37 UTC,2023-05-16 14:55:08 UTC,research,CC-BY,https://www.inaturalist.org/observations/161936961,https://inaturalist-open-data.s3.amazonaws.com/photos/279954162/medium.jpg,,"",,1,0,false,,"Cochise County, AZ, USA",31.881223,-109.176227,,,,,,,open,false,,,Mexican Fox Squirrel,Sciurus nayaritensis,Mexican Fox Squirrel,Mammalia,46024,,
161936971,b04ce2d9-d58c-43fa-956f-ebece290a97d,2023/05/14 9:57 AM,2023-05-14,2023-05-14 16:57:00 UTC,Arizona,210826,jmaley,James M. Maley,2023-05-16 07:01:40 UTC,2023-05-16 14:54:58 UTC,research,CC-BY,https://www.inaturalist.org/observations/161936971,https://inaturalist-open-data.s3.amazonaws.com/photos/279955272/medium.jpg,,"",,1,0,false,,"Cochise County, AZ, USA",31.868273,-109.188805,,,,,,,open,false,,,Mexican Fox Squirrel,Sciurus nayaritensis,Mexican Fox Squirrel,Mammalia,46024,,
161936973,11456ef3-e6d6-4fe2-ac71-f870c83e435b,2023/05/14 9:57 AM,2023-05-14,2023-05-14 16:57:00 UTC,Arizona,210826,jmaley,James M. Maley,2023-05-16 07:01:40 UTC,2023-05-16 14:54:56 UTC,research,CC-BY,https://www.inaturalist.org/observations/161936973,https://inaturalist-open-data.s3.amazonaws.com/photos/279955274/medium.jpg,,"",,1,0,false,,"Cochise County, AZ, USA",31.868273,-109.188805,,,,,,,open,false,,,Mexican Fox Squirrel,Sciurus nayaritensis,Mexican Fox Squirrel,Mammalia,46024,,
161936989,b91b732b-17cc-48e7-a05d-77ceb4785b0b,2023/05/14 12:36 PM,2023-05-14,2023-05-14 19:36:00 UTC,Arizona,210826,jmaley,James M. Maley,2023-05-16 07:01:43 UTC,2023-05-16 14:54:53 UTC,research,CC-BY,https://www.inaturalist.org/observations/161936989,https://inaturalist-open-data.s3.amazonaws.com/photos/279955692/medium.jpg,,"",,1,0,false,,"Cochise County, AZ, USA",31.87241,-109.186275,,,,,,,open,false,,,Mexican Fox Squirrel,Sciurus nayaritensis,Mexican Fox Squirrel,Mammalia,46024,,
161936994,10d1428e-e258-4ba5-a6af-d23210f98609,2023/05/14 12:37 PM,2023-05-14,2023-05-14 19:37:00 UTC,Arizona,210826,jmaley,James M. Maley,2023-05-16 07:01:44 UTC,2023-05-16 14:54:51 UTC,research,CC-BY,https://www.inaturalist.org/observations/161936994,https://inaturalist-open-data.s3.amazonaws.com/photos/279955711/medium.jpg,,"",,1,0,false,,"Cochise County, AZ, USA",31.87241,-109.186275,,,,,,,open,false,,,Mexican Fox Squirrel,Sciurus nayaritensis,Mexican Fox Squirrel,Mammalia,46024,,
164358526,dc57e0d3-2db2-4607-b350-1686eead636e,2023-05-24 07:57:35-07:00,2023-05-24,2023-05-24 14:57:35 UTC,Arizona,1812357,bzimmerbirds,,2023-05-29 04:02:17 UTC,2023-05-29 12:13:00 UTC,research,CC-BY-NC,https://www.inaturalist.org/observations/164358526,https://inaturalist-open-data.s3.amazonaws.com/photos/284369984/medium.jpg,,"","",1,0,false,3,"Coronado National Forest, Willcox, AZ, US",31.9262616667,-109.2662666667,16,,,,16,,open,false,,,Mexican Fox Squirrel,Sciurus nayaritensis,Mexican Fox Squirrel,Mammalia,46024,,
164545207,2fc5c83e-3b53-44bf-a439-95cc471b9430,2023-05-21 12:26:58,2023-05-21,2023-05-21 19:26:58 UTC,Arizona,2783636,mouseosaurus,,2023-05-30 00:38:19 UTC,2023-06-28 22:11:40 UTC,research,CC-BY-NC,https://www.inaturalist.org/observations/164545207,https://inaturalist-open-data.s3.amazonaws.com/photos/284711964/medium.jpeg,,"","",1,0,false,2,"Cochise County, US-AZ, US",31.863405,-109.190137,225,,,,225,,open,false,,,Chiricahua Fox Squirrel,Sciurus nayaritensis chiricahuae,Chiricahua Fox Squirrel,Mammalia,238455,,
164753549,855a6d5f-199d-43e1-b01a-5600fa418505,2023/05/19 11:57 AM,2023-05-19,2023-05-19 18:57:00 UTC,Arizona,1996454,charliesaunders,"",2023-05-31 04:19:16 UTC,2023-05-31 11:43:15 UTC,research,CC-BY-NC,https://www.inaturalist.org/observations/164753549,https://inaturalist-open-data.s3.amazonaws.com/photos/285103749/medium.jpeg,,"",Joey's Denver Field Ornithologists trip.,1,0,false,,"South Fork Cave Creek, Arizona 85632, USA",31.8504468,-109.1978218,3253,,,,3253,,open,false,,,Mexican Fox Squirrel,Sciurus nayaritensis,Mexican Fox Squirrel,Mammalia,46024,,
166530789,bf059d80-c13c-4e80-b229-32d22617130d,2022/08/06 10:09 AM,2022-08-06,2022-08-06 17:09:00 UTC,Arizona,572477,a1virginia,Virginia,2023-06-10 04:13:23 UTC,2023-06-10 15:06:38 UTC,research,,https://www.inaturalist.org/observations/166530789,https://static.inaturalist.org/photos/288393334/medium.jpeg,,"",,1,0,false,,"42 Forest Rd, San Simon, AZ 85632, USA",31.8984022,-109.2240679,,,,,,,open,false,,,Chiricahua Fox Squirrel,Sciurus nayaritensis chiricahuae,Chiricahua Fox Squirrel,Mammalia,238455,,
167429201,155b18f9-e5b8-4dc4-b650-0f98d959c4a4,2023-06-07 00:53:24,2023-06-07,2023-06-07 07:53:24 UTC,Arizona,1374371,rolandgodon,Roland Godon,2023-06-14 21:16:39 UTC,2023-06-15 03:42:51 UTC,research,CC-BY,https://www.inaturalist.org/observations/167429201,https://inaturalist-open-data.s3.amazonaws.com/photos/290040304/medium.jpeg,,"",,2,0,false,2,"San Simon, Arizona 85632, États-Unis",31.9171684166,-109.2655777931,150,,,,150,,open,false,gps,gps,Chiricahua Fox Squirrel,Sciurus nayaritensis chiricahuae,Chiricahua Fox Squirrel,Mammalia,238455,,
169048181,3c68ec5b-e5fa-433f-ad3f-9c6036cf98a5,2023-04-21 17:31:16,2023-04-21,2023-04-22 00:31:16 UTC,Arizona,1127542,adamhull,Adam Hull,2023-06-23 19:22:57 UTC,2023-06-23 20:51:05 UTC,research,CC-BY-NC,https://www.inaturalist.org/observations/169048181,https://inaturalist-open-data.s3.amazonaws.com/photos/293040897/medium.jpeg,,"",,1,0,false,2,"San Simon, AZ 85632, USA",31.9406014415,-109.3135038391,16,,,,16,,open,false,gps,gps,Chiricahua Fox Squirrel,Sciurus nayaritensis chiricahuae,Chiricahua Fox Squirrel,Mammalia,238455,,
169889212,54b9ab9d-69dd-423d-a067-ca1e2eae1680,2023-06-25 12:31:44-07:00,2023-06-25,2023-06-25 19:31:44 UTC,Arizona,4046318,elksong,"",2023-06-28 03:32:49 UTC,2023-06-28 14:27:43 UTC,research,CC-BY-NC,https://www.inaturalist.org/observations/169889212,https://inaturalist-open-data.s3.amazonaws.com/photos/294581871/medium.jpg,,"","",1,0,false,3,"Coronado National Forest, Pearce, AZ, US",31.8693453379,-109.191733724,335,,,,335,,open,false,,,Chiricahua Fox Squirrel,Sciurus nayaritensis chiricahuae,Chiricahua Fox Squirrel,Mammalia,238455,,
170044679,fd032049-2d83-4208-9d75-a86b54de1132,2020/11/14 1:01 PM,2020-11-14,2020-11-14 20:01:00 UTC,Arizona,7090923,brinkbird65,David B.,2023-06-29 01:19:54 UTC,2023-06-29 13:58:25 UTC,research,CC-BY-NC,https://www.inaturalist.org/observations/170044679,https://inaturalist-open-data.s3.amazonaws.com/photos/294873694/medium.jpeg,,"",,2,0,false,,"Pinery Canyon, Arizona 85643, USA",31.9814769,-109.3717289,1840,,,,1840,,open,false,,,Chiricahua Fox Squirrel,Sciurus nayaritensis chiricahuae,Chiricahua Fox Squirrel,Mammalia,238455,,
170376246,0212bdec-a82a-4f06-b2fe-ab2f8fff3c62,2023-05-03 17:45:26-06:00,2023-05-03,2023-05-03 23:45:26 UTC,Arizona,5345077,tyler_wilson,,2023-07-01 01:58:44 UTC,2023-07-01 02:53:29 UTC,research,CC-BY-NC,https://www.inaturalist.org/observations/170376246,https://inaturalist-open-data.s3.amazonaws.com/photos/295494694/medium.jpg,,"","",1,0,false,3,"Coronado National Forest, Willcox, AZ, US",31.9443545744,-109.3014939606,630,,,,630,,open,false,,,Chiricahua Fox Squirrel,Sciurus nayaritensis chiricahuae,Chiricahua Fox Squirrel,Mammalia,238455,,
172535359,63da8b4d-5fac-4b59-9817-9dbe9a8b146c,2023-07-09 11:17:18-07:00,2023-07-09,2023-07-09 18:17:18 UTC,Arizona,2154603,annasiegel,Anna Siegel,2023-07-12 17:14:53 UTC,2023-07-25 10:28:04 UTC,research,,https://www.inaturalist.org/observations/172535359,https://static.inaturalist.org/photos/299529987/medium.jpg,,"","",1,0,false,3,"Coronado National Forest, Pearce, AZ, US",31.8688783333,-109.1883916667,1,,,,1,,open,false,,,Mexican Fox Squirrel,Sciurus nayaritensis,Mexican Fox Squirrel,Mammalia,46024,,
173648052,0a2b1238-dba9-4102-9441-3b90baf8714b,2021/07/13 1:38 PM,2021-07-13,2021-07-13 20:38:00 UTC,Arizona,1877547,kolibri-sunshine,,2023-07-18 19:41:51 UTC,2023-07-23 23:24:42 UTC,research,CC-BY-NC,https://www.inaturalist.org/observations/173648052,https://inaturalist-open-data.s3.amazonaws.com/photos/301579329/medium.jpeg,,"",,1,0,false,,"Portal, AZ 85632",31.9137028,-109.1414495,1841,,,,1841,,open,false,,,Mexican Fox Squirrel,Sciurus nayaritensis,Mexican Fox Squirrel,Mammalia,46024,,
173799471,251febb3-b536-44f6-ba79-fe993d777dce,2022/04/14 12:25,2022-04-14,2022-04-14 19:25:00 UTC,Arizona,735700,steeverbaker,Steeve R. Baker,2023-07-19 17:31:56 UTC,2023-07-20 22:23:37 UTC,research,,https://www.inaturalist.org/observations/173799471,https://static.inaturalist.org/photos/301859857/medium.jpg,,"",,1,0,false,,"Comté de Cochise, Arizona, États-Unis",31.8673209307,-109.1891658007,122,,,,122,,open,false,,,Sciurus nayaritensis chiricahuae,Sciurus nayaritensis chiricahuae,Chiricahua Fox Squirrel,Mammalia,238455,,
173841692,87574492-df1c-4714-8081-0a5545253a17,2023/07/09 11:36 AM,2023-07-09,2023-07-09 18:36:00 UTC,Arizona,1573700,yubabirder,Asher Perla,2023-07-19 21:59:56 UTC,2023-07-20 03:53:01 UTC,research,CC-BY-NC,https://www.inaturalist.org/observations/173841692,https://inaturalist-open-data.s3.amazonaws.com/photos/301916575/medium.jpg,,"",Climbing up the cliff!,1,0,false,,"Cochise County, AZ, USA",31.883178385,-109.1766187115,31,,,,31,,open,false,,,Chiricahua Fox Squirrel,Sciurus nayaritensis chiricahuae,Chiricahua Fox Squirrel,Mammalia,238455,,
173877205,24ba4adc-164b-4ac7-b13e-b186af9f7b68,2023/07/19 11:41 AM,2023-07-19,2023-07-19 18:41:00 UTC,Arizona,4104749,markotnes,Mark Otnes,2023-07-20 02:42:26 UTC,2023-07-24 22:04:03 UTC,research,CC-BY-NC,https://www.inaturalist.org/observations/173877205,https://inaturalist-open-data.s3.amazonaws.com/photos/302008730/medium.jpeg,,"","",2,0,false,,"Cochise County, AZ, USA",31.8798769171,-109.2203155166,31,,,,31,,open,false,,,Chiricahua Fox Squirrel,Sciurus nayaritensis chiricahuae,Chiricahua Fox Squirrel,Mammalia,238455,,
173972509,51c1011c-6fbc-48b3-ad10-37338a1ade8c,2023/07/19 9:47 AM,2023-07-19,2023-07-19 16:47:00 UTC,Arizona,1426544,rovingrobson,Craig Robson,2023-07-20 18:05:39 UTC,2023-07-20 21:41:13 UTC,research,CC-BY-NC,https://www.inaturalist.org/observations/173972509,https://inaturalist-open-data.s3.amazonaws.com/photos/302182986/medium.jpeg,,"",,1,0,false,,"Cochise County, AZ, USA",31.900275737,-109.2316943091,122,,,,122,,open,false,,,Chiricahua Fox Squirrel,Sciurus nayaritensis chiricahuae,Chiricahua Fox Squirrel,Mammalia,238455,,
174630019,58da963f-4832-412d-b2a6-c51d48eb1333,2023/07/09 8:36 AM,2023-07-09,2023-07-09 15:36:00 UTC,Arizona,1099943,williamharmonlds,William Harmon,2023-07-24 05:02:30 UTC,2025-05-28 17:12:26 UTC,research,CC-BY,https://www.inaturalist.org/observations/174630019,https://inaturalist-open-data.s3.amazonaws.com/photos/303392304/medium.jpeg,,"",,1,0,false,,"Cochise County, AZ, USA",31.8832144765,-109.1770394216,62,,,,62,,open,false,,,Chiricahua Fox Squirrel,Sciurus nayaritensis chiricahuae,Chiricahua Fox Squirrel,Mammalia,238455,,
175298092,992fb351-4e5a-4002-83f6-9d9706e038f5,2023/07/23 8:41 AM,2023-07-23,2023-07-23 15:41:00 UTC,Arizona,4169111,sprcrkwild,,2023-07-28 01:00:19 UTC,2023-07-28 02:18:14 UTC,research,CC-BY,https://www.inaturalist.org/observations/175298092,https://inaturalist-open-data.s3.amazonaws.com/photos/304636225/medium.jpeg,,"","",1,0,false,,"Cochise County, AZ, USA",31.8992849087,-109.2210090364,3991,,,,3991,,open,false,,,Mexican Fox Squirrel,Sciurus nayaritensis,Mexican Fox Squirrel,Mammalia,46024,,
175541107,beacf32e-a7ba-4e6c-8082-3be6cf3e74e6,2023/07/20 10:47 AM,2023-07-20,2023-07-20 17:47:00 UTC,Arizona,2442561,rreams,Richard D Reams,2023-07-29 14:23:19 UTC,2023-07-29 15:47:50 UTC,research,CC-BY-NC,https://www.inaturalist.org/observations/175541107,https://inaturalist-open-data.s3.amazonaws.com/photos/305081281/medium.jpeg,,"",,1,0,false,,"Cochise County, AZ, USA",31.8670852343,-109.1898955292,8,,,,8,,open,false,,,Mexican Fox Squirrel,Sciurus nayaritensis,Mexican Fox Squirrel,Mammalia,46024,,
176489607,a22542c0-dfb4-43a2-bec3-c6fe08480037,2023/07/16 2:16 PM,2023-07-16,2023-07-16 21:16:00 UTC,Arizona,2526349,connorcochrane,Connor Cochrane,2023-08-03 20:05:13 UTC,2023-08-03 20:23:47 UTC,research,CC-BY-NC,https://www.inaturalist.org/observations/176489607,https://inaturalist-open-data.s3.amazonaws.com/photos/306839634/medium.jpg,,"",,1,0,false,,"Cochise County, AZ, USA",31.9357000001,-109.2818746481,61,,,,61,,open,false,,,Mexican Fox Squirrel,Sciurus nayaritensis,Mexican Fox Squirrel,Mammalia,46024,,
176703618,5ed46f8d-9f9a-480b-ae0c-9c409a171b1e,2023/08/01 5:21 PM,2023-08-01,2023-08-02 00:21:00 UTC,Arizona,1499212,adkonings,Ad Konings,2023-08-05 01:54:49 UTC,2023-08-05 13:46:47 UTC,research,CC-BY-NC,https://www.inaturalist.org/observations/176703618,https://inaturalist-open-data.s3.amazonaws.com/photos/307241938/medium.jpg,,"",,1,0,false,,"Cochise County, AZ, USA",31.872766,-109.185799,3,,,,3,,open,false,,,Chiricahua Fox Squirrel,Sciurus nayaritensis chiricahuae,Chiricahua Fox Squirrel,Mammalia,238455,,
177116827,091f438f-4326-430d-af98-aa1ef03183aa,2023-08-05 15:44:08-07:00,2023-08-05,2023-08-05 22:44:08 UTC,Arizona,642383,skunkape,,2023-08-07 04:32:51 UTC,2023-08-07 12:19:06 UTC,research,,https://www.inaturalist.org/observations/177116827,https://static.inaturalist.org/photos/308006613/medium.jpg,,"","",1,0,false,3,"Coronado National Forest, San Simon, AZ, US",31.9037032989,-109.1552271868,25,,,,25,,open,false,,,Chiricahua Fox Squirrel,Sciurus nayaritensis chiricahuae,Chiricahua Fox Squirrel,Mammalia,238455,,
177215733,5addf681-142e-44aa-b48f-4557f355f93f,2023-07-29 12:19:50-05:00,2023-07-29,2023-07-29 17:19:50 UTC,Arizona,97928,mmkimberly,"",2023-08-07 18:54:01 UTC,2023-08-08 12:31:14 UTC,research,CC-BY-NC,https://www.inaturalist.org/observations/177215733,https://inaturalist-open-data.s3.amazonaws.com/photos/308187509/medium.jpg,,"","",1,0,false,3,"Coronado National Forest, San Simon, AZ, US",31.9217365683,-109.2258256112,307,,,,307,,open,false,,,Chiricahua Fox Squirrel,Sciurus nayaritensis chiricahuae,Chiricahua Fox Squirrel,Mammalia,238455,,
177629325,c6709c09-7f62-4c7a-ada4-7f79609e2035,2023-08-09 17:31:41,2023-08-09,2023-08-10 00:31:41 UTC,Arizona,6166073,jackrericksen,Jack Ericksen,2023-08-10 06:50:33 UTC,2023-08-10 17:38:06 UTC,research,CC-BY-NC,https://www.inaturalist.org/observations/177629325,https://inaturalist-open-data.s3.amazonaws.com/photos/308969534/medium.jpeg,,"",,2,0,false,2,"San Simon, AZ 85632, USA",31.8805812066,-109.2391121015,28,,,,28,,open,false,,,Chiricahua Fox Squirrel,Sciurus nayaritensis chiricahuae,Chiricahua Fox Squirrel,Mammalia,238455,,
178432690,a8e35c68-f0a1-4f7f-84e2-6073eb3e80ac,2023-08-09 16:29:26,2023-08-09,2023-08-09 23:29:26 UTC,Arizona,6452997,mari_co,mari,2023-08-14 21:16:03 UTC,2023-08-14 21:24:00 UTC,research,CC-BY-NC,https://www.inaturalist.org/observations/178432690,https://inaturalist-open-data.s3.amazonaws.com/photos/310488457/medium.jpeg,,"",,2,0,false,2,"Pearce, AZ 85625, USA",31.8477708126,-109.3392376229,57740,,,,57740,,open,false,gps,gps,Chiricahua Fox Squirrel,Sciurus nayaritensis chiricahuae,Chiricahua Fox Squirrel,Mammalia,238455,,
178433279,767ac51f-ab9c-4977-88ba-3ce18fac01f5,2023-08-14 08:00:01-07:00,2023-08-14,2023-08-14 15:00:01 UTC,Arizona,444712,covillbirdy,Joshua Wade Covill,2023-08-14 21:22:00 UTC,2023-08-14 22:44:31 UTC,research,CC-BY-NC,https://www.inaturalist.org/observations/178433279,https://inaturalist-open-data.s3.amazonaws.com/photos/310501319/medium.jpg,,"","",2,0,false,3,"Cochise County, US-AZ, US",31.8737450023,-109.18415,20,,,,20,,open,false,,,Chiricahua Fox Squirrel,Sciurus nayaritensis chiricahuae,Chiricahua Fox Squirrel,Mammalia,238455,,
178433311,5befadef-6acc-4565-b0b5-9a6206555dd5,2023-08-14 08:43:50-07:00,2023-08-14,2023-08-14 15:43:50 UTC,Arizona,444712,covillbirdy,Joshua Wade Covill,2023-08-14 21:22:21 UTC,2023-08-14 22:43:59 UTC,research,CC-BY-NC,https://www.inaturalist.org/observations/178433311,https://inaturalist-open-data.s3.amazonaws.com/photos/310501061/medium.jpg,,"","",2,0,false,3,"Cochise County, US-AZ, US",31.8685,-109.188545,10,,,,10,,open,false,,,Chiricahua Fox Squirrel,Sciurus nayaritensis chiricahuae,Chiricahua Fox Squirrel,Mammalia,238455,,
178433338,874f6945-6031-4d06-a693-02ad3e58f9eb,2023-08-14 10:43:29-07:00,2023-08-14,2023-08-14 17:43:29 UTC,Arizona,444712,covillbirdy,Joshua Wade Covill,2023-08-14 21:22:35 UTC,2023-08-15 03:51:35 UTC,research,CC-BY-NC,https://www.inaturalist.org/observations/178433338,https://inaturalist-open-data.s3.amazonaws.com/photos/310490136/medium.jpg,,"","",1,0,false,3,"Cochise County, US-AZ, US",31.8833366667,-109.17547,12,,,,12,,open,false,,,Chiricahua Fox Squirrel,Sciurus nayaritensis chiricahuae,Chiricahua Fox Squirrel,Mammalia,238455,,
178434791,7e7b5e31-fd84-4396-8d6b-e26908396a59,2023-08-10 09:06:29,2023-08-10,2023-08-10 16:06:29 UTC,Arizona,6452997,mari_co,mari,2023-08-14 21:33:19 UTC,2023-08-16 16:12:36 UTC,research,CC-BY-NC,https://www.inaturalist.org/observations/178434791,https://inaturalist-open-data.s3.amazonaws.com/photos/310492652/medium.jpeg,,"",,3,0,false,2,United States,31.8528686155,-109.3233847618,50140,,,,50140,,open,false,gps,gps,Chiricahua Fox Squirrel,Sciurus nayaritensis chiricahuae,Chiricahua Fox Squirrel,Mammalia,238455,,
178766647,5d1e10b0-d77f-4a65-8189-5ac1a4cad6c5,2023-08-16 08:53:16-07:00,2023-08-16,2023-08-16 15:53:16 UTC,Arizona,444712,covillbirdy,Joshua Wade Covill,2023-08-16 23:58:25 UTC,2023-08-21 20:52:57 UTC,research,CC-BY-NC,https://www.inaturalist.org/observations/178766647,https://inaturalist-open-data.s3.amazonaws.com/photos/312670170/medium.jpg,,"","",3,0,false,3,"Cochise County, US-AZ, US",31.8776533333,-109.1786116667,4,,,,4,,open,false,,,Chiricahua Fox Squirrel,Sciurus nayaritensis chiricahuae,Chiricahua Fox Squirrel,Mammalia,238455,,
179209026,8faeddfa-a6da-43cc-9497-3d869c29e9be,2023/07/31 10:17 AM,2023-07-31,2023-07-31 17:17:00 UTC,Arizona,921878,billthompson0001,Bill Thompson,2023-08-19 19:37:17 UTC,2024-08-01 04:17:07 UTC,research,CC-BY,https://www.inaturalist.org/observations/179209026,https://inaturalist-open-data.s3.amazonaws.com/photos/311963350/medium.jpg,,"","",1,0,false,,"Cochise County, AZ, USA",31.8743655556,-109.1818833333,,,,,,,open,false,,,Mexican Fox Squirrel,Sciurus nayaritensis,Mexican Fox Squirrel,Mammalia,46024,,
179478073,ea8e1c12-d6b5-45e5-af77-66fc6fb520a6,2023-08-20 09:59:00-07:00,2023-08-20,2023-08-20 16:59:00 UTC,Arizona,2172415,aranzacat,Aranza Escalante,2023-08-21 04:59:24 UTC,2023-08-21 16:33:11 UTC,research,,https://www.inaturalist.org/observations/179478073,https://static.inaturalist.org/photos/312474539/medium.jpg,,"","",2,0,false,3,"Coronado National Forest, Pearce, AZ, US",31.8837682634,-109.2075102803,35,,,,35,,open,false,,,Sciurus nayaritensis chiricahuae,Sciurus nayaritensis chiricahuae,Chiricahua Fox Squirrel,Mammalia,238455,,
180553794,fe4d9734-193b-4129-b13f-4d51317a6c51,2023/08/16 1:53 PM,2023-08-16,2023-08-16 20:53:00 UTC,Arizona,224597,twillrichardson,Will Richardson,2023-08-28 01:33:48 UTC,2023-08-28 12:26:11 UTC,research,CC-BY-NC,https://www.inaturalist.org/observations/180553794,https://inaturalist-open-data.s3.amazonaws.com/photos/314521570/medium.jpeg,,"",,1,0,false,,"Cochise County, AZ, USA",31.917612422,-109.2806779168,150,,,,150,,open,false,,,Chiricahua Fox Squirrel,Sciurus nayaritensis chiricahuae,Chiricahua Fox Squirrel,Mammalia,238455,,
180575513,1831ccc1-a303-4d2b-aa4b-6d3b47dbd04e,2023/08/09 9:38 AM,2023-08-09,2023-08-09 16:38:00 UTC,Arizona,613107,toddwd1,Todd Deininger,2023-08-28 05:00:03 UTC,2023-08-28 12:17:46 UTC,research,CC-BY-NC,https://www.inaturalist.org/observations/180575513,https://inaturalist-open-data.s3.amazonaws.com/photos/314573417/medium.jpg,,"",,1,0,false,,"Cochise County, AZ, USA",31.9174074824,-109.2787811192,211,,,,211,,open,false,,,Chiricahua Fox Squirrel,Sciurus nayaritensis chiricahuae,Chiricahua Fox Squirrel,Mammalia,238455,,
180672490,53580d1f-d7a6-4f08-a616-2f129449fcb4,2023/08/26 12:02 PM,2023-08-26,2023-08-26 19:02:00 UTC,Arizona,990991,barbetboy,Daniel Lane,2023-08-28 20:25:45 UTC,2023-08-28 22:26:15 UTC,research,,https://www.inaturalist.org/observations/180672490,https://static.inaturalist.org/photos/314755677/medium.jpeg,,"","",1,0,false,,"Cochise County, US-AZ, US",31.9163499139,-109.155300521,1953,,,,1953,,open,false,,,Chiricahua Fox Squirrel,Sciurus nayaritensis chiricahuae,Chiricahua Fox Squirrel,Mammalia,238455,,
180710462,bd124c45-c5a9-41eb-af74-cfd5b39543eb,2023/08/08 9:23 AM,2023-08-08,2023-08-08 16:23:00 UTC,Arizona,224597,twillrichardson,Will Richardson,2023-08-29 01:36:15 UTC,2023-08-29 02:19:52 UTC,research,CC-BY-NC,https://www.inaturalist.org/observations/180710462,https://inaturalist-open-data.s3.amazonaws.com/photos/314821378/medium.jpeg,,"",,1,0,false,,"Cochise County, AZ, USA",31.8881402318,-109.2091901728,150,,,,150,,open,false,,,Chiricahua Fox Squirrel,Sciurus nayaritensis chiricahuae,Chiricahua Fox Squirrel,Mammalia,238455,,
180866894,55a82730-abd7-447f-9a5e-fbb74c719f31,2023/08/24 11:26 AM,2023-08-24,2023-08-24 18:26:00 UTC,Arizona,9531,kucycads,Kenneth Bader,2023-08-30 03:21:44 UTC,2023-08-30 16:21:20 UTC,research,CC-BY-NC,https://www.inaturalist.org/observations/180866894,https://inaturalist-open-data.s3.amazonaws.com/photos/315128348/medium.jpeg,,"",,1,0,false,,"Cochise County, AZ, USA",31.9486562875,-109.3086591,122,,,,122,,open,false,,,Chiricahua Fox Squirrel,Sciurus nayaritensis chiricahuae,Chiricahua Fox Squirrel,Mammalia,238455,,
181664793,aede5c55-c114-4aa9-8547-2a932ab3b58a,2022/03/31 12:14 PM,2022-03-31,2022-03-31 19:14:00 UTC,Arizona,1234288,pjkerr128,Paula Kerr,2023-09-04 00:43:51 UTC,2023-09-06 09:48:30 UTC,research,CC-BY-NC,https://www.inaturalist.org/observations/181664793,https://inaturalist-open-data.s3.amazonaws.com/photos/316597421/medium.jpeg,,"",,1,0,false,,"Cochise County, AZ, USA",31.8814130556,-109.1919980556,,,,,,,open,false,,,Chiricahua Fox Squirrel,Sciurus nayaritensis chiricahuae,Chiricahua Fox Squirrel,Mammalia,238455,,
181672417,af7fb260-569d-4308-a980-40c10d0440f2,2023/08/09 10:52 AM,2023-08-09,2023-08-09 17:52:00 UTC,Arizona,613107,toddwd1,Todd Deininger,2023-09-04 01:40:34 UTC,2023-09-04 12:24:40 UTC,research,CC-BY-NC,https://www.inaturalist.org/observations/181672417,https://inaturalist-open-data.s3.amazonaws.com/photos/316612823/medium.jpg,,"",,1,0,false,,"Cochise County, AZ, USA",31.9043906039,-109.2803999104,99,,,,99,,open,false,,,Chiricahua Fox Squirrel,Sciurus nayaritensis chiricahuae,Chiricahua Fox Squirrel,Mammalia,238455,,
181773332,9b8fd4f2-6139-4acd-962c-6a78e06be87d,2023/08/09 11:34 AM,2023-08-09,2023-08-09 18:34:00 UTC,Arizona,613107,toddwd1,Todd Deininger,2023-09-04 17:51:00 UTC,2024-01-31 22:53:40 UTC,research,CC-BY-NC,https://www.inaturalist.org/observations/181773332,https://inaturalist-open-data.s3.amazonaws.com/photos/316803621/medium.jpg,,"",,3,0,false,,"Cochise County, AZ, USA",31.9315378786,-109.2700155047,116,,,,116,,open,false,,,Chiricahua Fox Squirrel,Sciurus nayaritensis chiricahuae,Chiricahua Fox Squirrel,Mammalia,238455,,
182525655,1d643dd7-4c61-4039-b307-2142b3ff6d9f,2023/09/03 7:34 AM,2023-09-03,2023-09-03 14:34:00 UTC,Arizona,147592,bridgetspencer,Bridget Spencer,2023-09-09 20:09:29 UTC,2025-02-14 04:21:31 UTC,research,CC-BY-NC,https://www.inaturalist.org/observations/182525655,https://inaturalist-open-data.s3.amazonaws.com/photos/318254773/medium.jpeg,,"",,2,0,false,,"Cochise County, AZ, USA",31.8659952051,-109.1902223162,61,,,,61,,open,false,,,Chiricahua Fox Squirrel,Sciurus nayaritensis chiricahuae,Chiricahua Fox Squirrel,Mammalia,238455,,
182540977,1862bfbb-84ee-488b-833d-4859a618bb3a,2023/08/27 7:43 AM,2023-08-27,2023-08-27 14:43:00 UTC,Arizona,583493,tothemax,Max Roberts,2023-09-09 21:51:13 UTC,2023-09-09 22:03:02 UTC,research,CC-BY-NC,https://www.inaturalist.org/observations/182540977,https://inaturalist-open-data.s3.amazonaws.com/photos/318285603/medium.jpg,,"",,1,0,false,,"Cochise County, AZ, USA",31.8741349701,-109.182611269,61,,,,61,,open,false,,,Mexican Fox Squirrel,Sciurus nayaritensis,Mexican Fox Squirrel,Mammalia,46024,,
184178919,6813cc93-7ce9-4f89-892a-2755d62da1e0,2023/09/13 7:26 AM,2023-09-13,2023-09-13 14:26:00 UTC,Arizona,4159672,lisatucsonaz,Lisa Mainz,2023-09-20 21:51:51 UTC,2023-09-26 03:26:37 UTC,research,CC-BY,https://www.inaturalist.org/observations/184178919,https://inaturalist-open-data.s3.amazonaws.com/photos/321453646/medium.jpeg,,"",,2,0,false,,"Sunny Flat Campground, Cochise County, AZ, USA",31.8816426266,-109.1817893494,2815,,,,2815,,open,false,,,Mexican Fox Squirrel,Sciurus nayaritensis,Mexican Fox Squirrel,Mammalia,46024,,
184921477,1c15ce45-5703-42fb-93c3-bb9dbfec6208,2020-10-30 08:42:29-07:00,2020-10-30,2020-10-30 15:42:29 UTC,Arizona,7318816,lkjohnson1,,2023-09-25 21:01:51 UTC,2023-09-26 02:37:58 UTC,research,CC-BY-NC,https://www.inaturalist.org/observations/184921477,https://inaturalist-open-data.s3.amazonaws.com/photos/322859478/medium.jpg,,"","",1,0,false,3,"Coronado National Forest, San Simon, AZ, US",31.8813666667,-109.1938466667,5,,,,5,,open,false,,,Mexican Fox Squirrel,Sciurus nayaritensis,Mexican Fox Squirrel,Mammalia,46024,,
185079509,35c28acd-8c62-414d-8432-b80e04047b2a,2023/09/05 10:50 AM,2023-09-05,2023-09-05 17:50:00 UTC,Arizona,36788,daver,David Robichaud,2023-09-26 23:52:07 UTC,2025-05-21 23:10:01 UTC,research,CC-BY-NC,https://www.inaturalist.org/observations/185079509,https://inaturalist-open-data.s3.amazonaws.com/photos/323173497/medium.jpg,,"Chiricahua Fox Squirrel, Chiricahua Mountains, Pinery Canyon, iNaturalist",,1,0,false,,"Cochise County, AZ, USA",31.9314723333,-109.273163305,,,,,,,open,false,,,Chiricahua Fox Squirrel,Sciurus nayaritensis chiricahuae,Chiricahua Fox Squirrel,Mammalia,238455,,
185090865,a9d8c73a-8350-4dfb-bfb7-be807c866b2d,2023/08/19 9:16 AM,2023-08-19,2023-08-19 16:16:00 UTC,Arizona,114140,alexlamoreaux,Alex Lamoreaux,2023-09-27 01:49:35 UTC,2023-09-27 20:07:13 UTC,research,CC-BY-NC,https://www.inaturalist.org/observations/185090865,https://inaturalist-open-data.s3.amazonaws.com/photos/323196539/medium.jpg,,"",,2,0,false,,"Cochise County, AZ, USA",31.9086220024,-109.2512011093,15,,,,15,,open,false,,,Chiricahua Fox Squirrel,Sciurus nayaritensis chiricahuae,Chiricahua Fox Squirrel,Mammalia,238455,,
185741144,26818fb6-48d8-40f5-8a01-9a3e4ce51f45,2023/01/10 10:51 PM,2023-01-10,2023-01-11 05:51:00 UTC,Arizona,2581007,andersdahl,Anders Dahl,2023-10-01 14:58:17 UTC,2023-10-01 18:02:39 UTC,research,CC-BY-NC,https://www.inaturalist.org/observations/185741144,https://inaturalist-open-data.s3.amazonaws.com/photos/324421041/medium.jpeg,,"Arizona, USA",,1,0,false,,"Portal, AZ 85632, USA",31.9137028,-109.1414495,1841,,,,1841,,open,false,,,Mexican Fox Squirrel,Sciurus nayaritensis,Mexican Fox Squirrel,Mammalia,46024,,
185948877,58a2d323-9394-4812-b2ac-a6b98f361520,2023/09/30 4:39 PM,2023-09-30,2023-09-30 23:39:00 UTC,Arizona,19563,henicorhina,Oscar Johnson,2023-10-02 20:01:38 UTC,2023-10-03 03:00:14 UTC,research,CC-BY-NC-ND,https://www.inaturalist.org/observations/185948877,https://inaturalist-open-data.s3.amazonaws.com/photos/324844620/medium.jpeg,,"",,1,0,false,,"Cochise County, AZ, USA",31.9176401562,-109.2796532704,4,,,,4,,open,false,,,Mexican Fox Squirrel,Sciurus nayaritensis,Mexican Fox Squirrel,Mammalia,46024,,
186586332,5581252d-6813-426c-a784-a9c561da55a6,2023-09-16 11:32:50-07:00,2023-09-16,2023-09-16 18:32:50 UTC,Arizona,3153137,dtcalypso,Danny Tipton,2023-10-07 19:32:34 UTC,2023-10-07 22:35:12 UTC,research,CC-BY-NC,https://www.inaturalist.org/observations/186586332,https://inaturalist-open-data.s3.amazonaws.com/photos/326104978/medium.jpg,,"","",1,0,false,3,"Coronado National Forest, San Simon, AZ, US",31.87983,-109.17707,13,,,,13,,open,false,,,Chiricahua Fox Squirrel,Sciurus nayaritensis chiricahuae,Chiricahua Fox Squirrel,Mammalia,238455,,
187945521,930f20f0-2c73-477e-ab1d-8cc65b4aff28,2023/10/16 9:42 AM,2023-10-16,2023-10-16 16:42:00 UTC,Arizona,770371,janeyd,Jane Dixon,2023-10-17 20:49:27 UTC,2023-10-18 12:34:43 UTC,research,,https://www.inaturalist.org/observations/187945521,https://static.inaturalist.org/photos/328783504/medium.jpeg,,"",,1,0,false,,"Cochise County, AZ, USA",31.8622770392,-109.1898150837,122,,,,122,,open,false,,,Chiricahua Fox Squirrel,Sciurus nayaritensis chiricahuae,Chiricahua Fox Squirrel,Mammalia,238455,,
190561728,9f06ff78-3f3e-4e52-9b25-468223b44690,2023/09/09,2023-09-09,,Arizona,63560,vnsankar,Venkat Sankar,2023-11-10 08:57:35 UTC,2023-11-10 11:38:35 UTC,research,CC-BY-NC,https://www.inaturalist.org/observations/190561728,https://inaturalist-open-data.s3.amazonaws.com/photos/334095293/medium.jpeg,,"",,1,0,false,,"Cochise County, AZ, USA",31.8813613316,-109.1865713369,15,,,,15,,open,false,,,Chiricahua Fox Squirrel,Sciurus nayaritensis chiricahuae,Chiricahua Fox Squirrel,Mammalia,238455,,
191287538,3230defb-19fd-4c20-aeaf-4c2ae2254112,2023/01/10 10:51 PM,2023-01-10,2023-01-11 05:51:00 UTC,Arizona,2581007,andersdahl,Anders Dahl,2023-11-17 18:10:13 UTC,2023-11-17 23:32:36 UTC,research,CC-BY-NC,https://www.inaturalist.org/observations/191287538,https://inaturalist-open-data.s3.amazonaws.com/photos/335528236/medium.jpeg,,"Arizona, Portal, USA",,1,0,false,,"Portal, AZ 85632, USA",31.9137028,-109.1414495,1841,,,,1841,,open,false,,,Mexican Fox Squirrel,Sciurus nayaritensis,Mexican Fox Squirrel,Mammalia,46024,,
191726196,e444e6df-214c-4fc5-a2f8-89f6c4cecc69,2023-11-16 12:58:47-07:00,2023-11-16,2023-11-16 19:58:47 UTC,Arizona,4277103,leisah,Leisa Hubley,2023-11-22 02:14:38 UTC,2023-11-22 11:49:45 UTC,research,CC-BY-NC,https://www.inaturalist.org/observations/191726196,https://inaturalist-open-data.s3.amazonaws.com/photos/336414344/medium.jpg,,"","",1,0,false,3,"Coronado National Forest, San Simon, AZ, US",31.9106050053,-109.1448703529,256,,,,256,,open,false,,,Chiricahua Fox Squirrel,Sciurus nayaritensis chiricahuae,Chiricahua Fox Squirrel,Mammalia,238455,,
192821904,42990b62-bd39-40c1-95e7-b489d63b7941,2021/07/26 10:32 AM,2021-07-26,2021-07-26 17:32:00 UTC,Arizona,788379,jlculler,Jeff Culler,2023-12-02 15:01:33 UTC,2023-12-02 16:01:47 UTC,research,,https://www.inaturalist.org/observations/192821904,https://static.inaturalist.org/photos/338585655/medium.jpg,,"",,1,0,false,,"Cochise County, AZ, USA",31.9390353139,-109.2212711199,244,,,,244,,open,false,,,Mexican Fox Squirrel,Sciurus nayaritensis,Mexican Fox Squirrel,Mammalia,46024,,
193184340,fc7a6868-9a36-4b0b-b09c-318d35e008c0,2023/08/19 11:34,2023-08-19,2023-08-19 18:34:00 UTC,Arizona,3083115,lbertsch,Leander Bertsch,2023-12-06 04:04:59 UTC,2023-12-06 12:16:35 UTC,research,,https://www.inaturalist.org/observations/193184340,https://static.inaturalist.org/photos/339322784/medium.jpeg,,"",,1,0,false,,"Cochise County, Arizona, USA",31.8827755823,-109.2056560353,244,,,,244,,open,false,,,Mexikanisches Fuchshörnchen,Sciurus nayaritensis,Mexican Fox Squirrel,Mammalia,46024,,
193539297,0b0ef621-cf5f-4574-a518-dde9e1d53a7f,2023/12/08 11:38 AM,2023-12-08,2023-12-08 18:38:00 UTC,Arizona,1556854,trpaprocki,,2023-12-09 23:00:50 UTC,2023-12-10 00:55:56 UTC,research,CC-BY-NC,https://www.inaturalist.org/observations/193539297,https://inaturalist-open-data.s3.amazonaws.com/photos/339993287/medium.jpeg,,"","",1,0,false,,"South Fork Cave Creek, Arizona 85632, USA",31.8552862161,-109.2024992484,3078,,,,3078,,open,false,,,Chiricahua Fox Squirrel,Sciurus nayaritensis chiricahuae,Chiricahua Fox Squirrel,Mammalia,238455,,
193831839,463e6421-49ef-4f26-8dc2-1b6c6a36a5ae,2023/12/12 11:02 AM,2023-12-12,2023-12-12 18:02:00 UTC,Arizona,4787965,wilson175,Jim Wilson,2023-12-12 23:40:54 UTC,2024-01-11 13:18:27 UTC,research,CC-BY-NC,https://www.inaturalist.org/observations/193831839,https://inaturalist-open-data.s3.amazonaws.com/photos/340555075/medium.jpg,,"",,1,0,false,,"Cave Creek Canyon, Arizona 85632, USA",31.8962033,-109.1636719,196,,,,196,,open,false,,,Mexican Fox Squirrel,Sciurus nayaritensis,Mexican Fox Squirrel,Mammalia,46024,,
194387157,3c2bd5ec-e203-4f01-9531-5c072e225447,2023/12/19 12:08 PM,2023-12-19,2023-12-19 19:08:00 UTC,Arizona,4787965,wilson175,Jim Wilson,2023-12-19 22:52:04 UTC,2023-12-19 23:56:04 UTC,research,CC-BY-NC,https://www.inaturalist.org/observations/194387157,https://inaturalist-open-data.s3.amazonaws.com/photos/341677246/medium.jpg,,"",,1,0,false,,"Cochise County, AZ, USA",31.8911673723,-109.2152810351,2288,,,,2288,,open,false,,,Mexican Fox Squirrel,Sciurus nayaritensis,Mexican Fox Squirrel,Mammalia,46024,,
194387177,9f67e2d7-e6cd-47f4-929f-37886315248b,2023/12/19 11:39 AM,2023-12-19,2023-12-19 18:39:00 UTC,Arizona,4787965,wilson175,Jim Wilson,2023-12-19 22:52:06 UTC,2023-12-19 23:55:39 UTC,research,CC-BY-NC,https://www.inaturalist.org/observations/194387177,https://inaturalist-open-data.s3.amazonaws.com/photos/341677310/medium.jpg,,"",,1,0,false,,"Cochise County, AZ, USA",31.9178068286,-109.2333054823,1460,,,,1460,,open,false,,,Mexican Fox Squirrel,Sciurus nayaritensis,Mexican Fox Squirrel,Mammalia,46024,,
194411977,63b41a94-22d5-4ec0-8afc-a88415ea53e0,2023-12-19 09:51:14-07:00,2023-12-19,2023-12-19 16:51:14 UTC,Arizona,6113082,lzamorac,,2023-12-20 06:56:28 UTC,2023-12-20 14:44:45 UTC,research,CC-BY-NC,https://www.inaturalist.org/observations/194411977,https://inaturalist-open-data.s3.amazonaws.com/photos/341728461/medium.jpg,,"","",1,0,false,3,"Coronado National Forest, Bowie, AZ, US",31.9453916667,-109.3026116667,3,,,,3,,open,false,,,Chiricahua Fox Squirrel,Sciurus nayaritensis chiricahuae,Chiricahua Fox Squirrel,Mammalia,238455,,
194775758,12e28edc-c50d-4af0-bb4b-26f9c5af41c7,2023/12/24 10:54 AM,2023-12-24,2023-12-24 17:54:00 UTC,Arizona,4787965,wilson175,Jim Wilson,2023-12-24 22:59:41 UTC,2023-12-25 19:00:44 UTC,research,CC-BY-NC,https://www.inaturalist.org/observations/194775758,https://inaturalist-open-data.s3.amazonaws.com/photos/342466929/medium.jpg,,"",,1,0,false,,"Cochise County, AZ, USA",31.866030582,-109.19015919,1132,,,,1132,,open,false,,,Chiricahua Fox Squirrel,Sciurus nayaritensis chiricahuae,Chiricahua Fox Squirrel,Mammalia,238455,,
195028248,9aa266f1-30eb-49ea-a3f0-383cea32d41f,2019/03/24 9:08 AM,2019-03-24,2019-03-24 16:08:00 UTC,Arizona,7693524,maarten_00,M Buskes,2023-12-28 00:43:05 UTC,2023-12-28 08:21:03 UTC,research,,https://www.inaturalist.org/observations/195028248,https://static.inaturalist.org/photos/342979472/medium.jpeg,,"","",1,0,false,,"Cochise County, AZ, USA",31.8530638672,-109.1931960817,,,,,,,open,false,,,Chiricahua Fox Squirrel,Sciurus nayaritensis chiricahuae,Chiricahua Fox Squirrel,Mammalia,238455,,
196771153,571d3070-9a65-45fe-9163-84df8d96cf26,2021/10/08 6:36 PM,2021-10-08,2021-10-09 01:36:00 UTC,Arizona,1970092,lgraetz,LGraetz,2024-01-15 17:58:36 UTC,2024-01-15 19:16:58 UTC,research,CC-BY-NC,https://www.inaturalist.org/observations/196771153,https://inaturalist-open-data.s3.amazonaws.com/photos/346392942/medium.jpeg,,"",,1,0,false,,"Cochise County, AZ, USA",31.8845781492,-109.1744081528,182,,,,182,,open,false,,,Mexican Fox Squirrel,Sciurus nayaritensis,Mexican Fox Squirrel,Mammalia,46024,,
196888581,4a7c7a2a-eb3e-4b04-919e-d046b6cf5ede,2023/08/08 11:04 AM,2023-08-08,2023-08-08 18:04:00 UTC,Arizona,722569,aerisc,Aeris Clarkson,2024-01-17 03:11:56 UTC,2024-01-17 03:26:41 UTC,research,,https://www.inaturalist.org/observations/196888581,https://static.inaturalist.org/photos/346629037/medium.jpeg,,"",,1,0,false,,"Cochise County, AZ, USA",31.9318471553,-109.2705913974,15,,,,15,,open,false,,,Chiricahua Fox Squirrel,Sciurus nayaritensis chiricahuae,Chiricahua Fox Squirrel,Mammalia,238455,,
196888674,7b52e13b-dd7d-4bbd-8e7e-8f51775b461e,2023/08/08 11:04 AM,2023-08-08,2023-08-08 18:04:00 UTC,Arizona,261991,rangertreaty50,Brady Schwab,2024-01-17 03:15:00 UTC,2024-01-17 03:43:49 UTC,research,CC-BY-NC,https://www.inaturalist.org/observations/196888674,https://inaturalist-open-data.s3.amazonaws.com/photos/346629275/medium.jpeg,,"",,1,0,false,,"Cochise County, AZ, USA",31.9318120659,-109.270456338,8,,,,8,,open,false,,,Chiricahua Fox Squirrel,Sciurus nayaritensis chiricahuae,Chiricahua Fox Squirrel,Mammalia,238455,,
197044784,e71190c2-9041-4cff-94f7-a1a7386388b4,2020-05-23 08:58:00-08:00,2020-05-23,2020-05-23 16:58:00 UTC,Arizona,2560178,diomedea_exulans_li,Yinan Li,2024-01-19 06:26:03 UTC,2024-01-19 12:56:48 UTC,research,CC-BY-NC,https://www.inaturalist.org/observations/197044784,https://inaturalist-open-data.s3.amazonaws.com/photos/346949617/medium.jpg,,"","",1,0,false,3,"Coronado National Forest, San Simon, AZ, US",31.8762992927,-109.1795404219,228,,,,228,,open,false,,,Mexican Fox Squirrel,Sciurus nayaritensis,Mexican Fox Squirrel,Mammalia,46024,,
197071644,0bdd3a95-33f8-4541-acbf-212007b98d40,2024/01/18 3:07 PM,2024-01-18,2024-01-18 22:07:00 UTC,Arizona,6418517,livelorflurv,Tyler Doyle,2024-01-19 16:55:44 UTC,2024-01-19 19:33:05 UTC,research,,https://www.inaturalist.org/observations/197071644,https://static.inaturalist.org/photos/347002464/medium.jpeg,,"",,1,0,false,,"Cochise County, AZ, USA",31.8592977963,-109.1896268962,122,,,,122,,open,false,,,Mexican Fox Squirrel,Sciurus nayaritensis,Mexican Fox Squirrel,Mammalia,46024,,
197656853,4f36e060-0427-47d2-871c-bb1d83db91f4,2020/06/27 9:41 AM,2020-06-27,2020-06-27 16:41:00 UTC,Arizona,5677465,gbrunvoll,,2024-01-27 02:15:41 UTC,2024-01-27 03:45:54 UTC,research,CC-BY-NC,https://www.inaturalist.org/observations/197656853,https://inaturalist-open-data.s3.amazonaws.com/photos/348182695/medium.jpeg,,"","Mexican Fox Squirrel, Portal AZ",1,0,false,,"Cochise County, AZ, USA",31.8724027778,-109.2347472222,,,,,,,open,false,,,Mexican Fox Squirrel,Sciurus nayaritensis,Mexican Fox Squirrel,Mammalia,46024,,
199951749,062d6025-f2f7-4a97-8ca6-1d6eb19d2e3a,2024/02/18 9:01 AM,2024-02-18,2024-02-18 16:01:00 UTC,Arizona,2427280,kwat,,2024-02-21 01:27:16 UTC,2024-02-21 03:33:04 UTC,research,CC-BY-NC,https://www.inaturalist.org/observations/199951749,https://inaturalist-open-data.s3.amazonaws.com/photos/352685994/medium.jpg,,"",,1,0,false,,"Cochise County, AZ, USA",31.8841331022,-109.2074989796,122,,,,122,,open,false,,,Mexican Fox Squirrel,Sciurus nayaritensis,Mexican Fox Squirrel,Mammalia,46024,,
199957086,565ed64b-d013-4194-a97f-59927e7723f9,2020/08/29 9:50 AM,2020-08-29,2020-08-29 16:50:00 UTC,Arizona,2560178,diomedea_exulans_li,Yinan Li,2024-02-21 02:40:24 UTC,2024-02-21 03:44:31 UTC,research,CC-BY-NC,https://www.inaturalist.org/observations/199957086,https://inaturalist-open-data.s3.amazonaws.com/photos/352696878/medium.jpeg,,"","",1,0,false,,"Cochise County, AZ, USA",31.7846669282,-109.3027839807,61,,,,61,,open,false,,,Chiricahua Fox Squirrel,Sciurus nayaritensis chiricahuae,Chiricahua Fox Squirrel,Mammalia,238455,,
200586995,dc9f1449-e703-41a1-b5a0-4d42b1423c4f,2024/02/26 10:47 AM,2024-02-26,2024-02-26 17:47:00 UTC,Arizona,1667976,mnwild,"",2024-02-27 04:42:09 UTC,2024-02-28 05:20:51 UTC,research,CC-BY-NC,https://www.inaturalist.org/observations/200586995,https://inaturalist-open-data.s3.amazonaws.com/photos/353926021/medium.jpg,,"",,1,0,false,,"South Fork Trail, Cochise County, AZ, USA",31.8693212042,-109.1880083084,61,,,,61,,open,false,,,Chiricahua Fox Squirrel,Sciurus nayaritensis chiricahuae,Chiricahua Fox Squirrel,Mammalia,238455,,
201505335,e2c0b769-02cf-46a6-b681-5364b4420c42,2024/02/06 1:55 PM,2024-02-06,2024-02-06 20:55:00 UTC,Arizona,47767,mlwatson,M.L. Watson,2024-03-06 20:09:07 UTC,2024-03-10 00:40:25 UTC,research,CC-BY-NC,https://www.inaturalist.org/observations/201505335,https://inaturalist-open-data.s3.amazonaws.com/photos/355717146/medium.jpg,,"",,2,0,false,,"Cochise County, AZ, USA",31.8693599493,-109.1807342113,925,,,,925,,open,false,,,Mexican Fox Squirrel,Sciurus nayaritensis,Mexican Fox Squirrel,Mammalia,46024,,
202087577,fdd8891d-e97b-4f01-8547-543fbc7aae0f,2024/03/09 10:06 AM,2024-03-09,2024-03-09 17:06:00 UTC,Arizona,52828,andybridges,Andy Bridges,2024-03-11 20:56:38 UTC,2024-03-11 22:56:11 UTC,research,CC-BY-NC,https://www.inaturalist.org/observations/202087577,https://inaturalist-open-data.s3.amazonaws.com/photos/356845519/medium.jpeg,,"",,1,0,false,,"Cochise County, AZ, USA",31.8905015541,-109.1688860548,8,,,,8,,open,false,,,Mexican Fox Squirrel,Sciurus nayaritensis,Mexican Fox Squirrel,Mammalia,46024,,
202906617,ca632f59-03f9-435e-a779-0dcd60aa5fcc,2024-02-16,2024-02-16,,Arizona,514808,tomauer,Tom Auer,2024-03-18 00:22:36 UTC,2024-03-18 03:35:05 UTC,research,CC-BY-NC-SA,https://www.inaturalist.org/observations/202906617,https://inaturalist-open-data.s3.amazonaws.com/photos/358420800/medium.jpeg,,"",,1,0,false,2,"San Simon, AZ 85632, USA",31.8771972006,-109.1788800806,748,,,,748,,open,false,gps,gps,Mexican Fox Squirrel,Sciurus nayaritensis,Mexican Fox Squirrel,Mammalia,46024,,
203283106,b2cf0d69-27b1-41c6-8557-bbed919a0b91,2024/03/14 12:33 PM,2024-03-14,2024-03-14 19:33:00 UTC,Arizona,758719,jderby125,"",2024-03-20 22:04:45 UTC,2024-03-21 02:25:14 UTC,research,CC-BY-NC,https://www.inaturalist.org/observations/203283106,https://inaturalist-open-data.s3.amazonaws.com/photos/359137237/medium.jpeg,,"",,2,0,false,,"Cochise County, AZ, USA",31.8596349616,-109.1814817774,3906,,,,3906,,open,false,,,Chiricahua Fox Squirrel,Sciurus nayaritensis chiricahuae,Chiricahua Fox Squirrel,Mammalia,238455,,
204430919,e94eb4d8-d289-433e-b068-b70824b8de1a,2024-03-28 14:15:30-07:00,2024-03-28,2024-03-28 21:15:30 UTC,Arizona,371848,dale12,Dale Noonkester,2024-03-29 18:28:27 UTC,2024-03-31 01:17:42 UTC,research,,https://www.inaturalist.org/observations/204430919,https://static.inaturalist.org/photos/361343953/medium.jpg,,"","",3,0,false,3,"Coronado National Forest, San Simon, AZ, US",31.8856543623,-109.1748807786,20,,,,20,,open,false,,,Chiricahua Fox Squirrel,Sciurus nayaritensis chiricahuae,Chiricahua Fox Squirrel,Mammalia,238455,,
204466473,1305fac6-7ee3-4e7f-a8b0-a5bb4b86cbf1,2024-03-28 11:31:23-06:00,2024-03-28,2024-03-28 17:31:23 UTC,Arizona,1037953,allegrag14,,2024-03-29 22:43:08 UTC,2024-04-01 14:35:01 UTC,research,,https://www.inaturalist.org/observations/204466473,https://static.inaturalist.org/photos/361411463/medium.jpg,,"","",1,0,false,3,"Coronado National Forest, San Simon, AZ, US",31.878775,-109.2225416667,4,,,,4,,open,false,,,Chiricahua Fox Squirrel,Sciurus nayaritensis chiricahuae,Chiricahua Fox Squirrel,Mammalia,238455,,
204659280,2b162323-e1c4-4dfe-9a07-2ed5e449dd63,2024-03-28 14:16:25-07:00,2024-03-28,2024-03-28 21:16:25 UTC,Arizona,881128,janet0014,"",2024-03-31 01:05:43 UTC,2024-10-23 14:20:26 UTC,research,,https://www.inaturalist.org/observations/204659280,https://static.inaturalist.org/photos/361772826/medium.jpg,,"","",2,0,false,3,"Coronado National Forest, San Simon, AZ, US",31.8856116667,-109.1749116667,4,,,,4,,open,false,,,Chiricahua Fox Squirrel,Sciurus nayaritensis chiricahuae,Chiricahua Fox Squirrel,Mammalia,238455,,
204978373,f54eae66-3472-49c7-88e4-f14b216ec2f1,2024/03/16 9:28 AM,2024-03-16,2024-03-16 16:28:00 UTC,Arizona,2168408,currenfrasch,Curren Frasch,2024-04-01 19:59:17 UTC,2024-04-01 21:44:45 UTC,research,CC-BY-NC,https://www.inaturalist.org/observations/204978373,https://inaturalist-open-data.s3.amazonaws.com/photos/362372319/medium.jpeg,,"",,2,0,false,,"Cochise County, AZ, USA",31.8865496111,-109.1744067691,124,,,,124,,open,false,,,Mexican Fox Squirrel,Sciurus nayaritensis,Mexican Fox Squirrel,Mammalia,46024,,
205278181,c805b3cb-df46-44ce-9fed-32a4db88d464,2023/12/28 3:38 PM,2023-12-28,2023-12-28 22:38:00 UTC,Arizona,1265720,sam_hartzler,Sam Hartzler,2024-04-03 20:10:49 UTC,2024-04-04 19:26:28 UTC,research,CC-BY,https://www.inaturalist.org/observations/205278181,https://inaturalist-open-data.s3.amazonaws.com/photos/362947273/medium.jpeg,,"","",2,0,false,,"Cochise County, AZ, USA",31.90859008,-109.2508256,,,,,,,open,false,,,Chiricahua Fox Squirrel,Sciurus nayaritensis chiricahuae,Chiricahua Fox Squirrel,Mammalia,238455,,
210652158,16df1e2a-3286-4f50-bd63-69d05c0f496b,2024/04/19 2:54 PM,2024-04-19,2024-04-19 21:54:00 UTC,Arizona,768741,jbpeck,"",2024-04-28 06:06:01 UTC,2024-04-29 00:32:19 UTC,research,CC-BY-NC,https://www.inaturalist.org/observations/210652158,https://inaturalist-open-data.s3.amazonaws.com/photos/372565917/medium.jpeg,,"",,1,0,false,,"Cochise County, AZ, USA",31.9057096294,-109.2783743898,31,,,,31,,open,false,,,Chiricahua Fox Squirrel,Sciurus nayaritensis chiricahuae,Chiricahua Fox Squirrel,Mammalia,238455,,
211172648,402a774e-33f6-406c-b051-879194d79932,2024-04-28 13:14:15-07:00,2024-04-28,2024-04-28 20:14:15 UTC,Arizona,2861254,mharger,,2024-04-28 22:43:19 UTC,2024-04-28 23:55:36 UTC,research,CC-BY-NC,https://www.inaturalist.org/observations/211172648,https://inaturalist-open-data.s3.amazonaws.com/photos/373389469/medium.jpg,,"","",1,0,false,3,"Coronado National Forest, San Simon, AZ, US",31.8665239821,-109.1903070247,252,,,,252,,open,false,,,Chiricahua Fox Squirrel,Sciurus nayaritensis chiricahuae,Chiricahua Fox Squirrel,Mammalia,238455,,
214274270,1f69f583-a7d8-466b-b4d1-e5e785898236,2024/04/20 8:01 AM,2024-04-20,2024-04-20 15:01:00 UTC,Arizona,4159672,lisatucsonaz,Lisa Mainz,2024-05-07 22:06:47 UTC,2024-05-07 23:47:13 UTC,research,CC-BY,https://www.inaturalist.org/observations/214274270,https://inaturalist-open-data.s3.amazonaws.com/photos/378726056/medium.jpeg,,"",,1,0,false,,"Cave Creek, Portal, AZ, USA",31.8623782994,-109.1905157321,337,,,,337,,open,false,,,Chiricahua Fox Squirrel,Sciurus nayaritensis chiricahuae,Chiricahua Fox Squirrel,Mammalia,238455,,
215142804,c0432ee5-f762-4017-bdf6-75e78943aa7d,2024/05/11 11:07 AM,2024-05-11,2024-05-11 18:07:00 UTC,Arizona,3923686,matt_becker,Matt Becker,2024-05-12 00:51:15 UTC,2024-08-25 20:49:39 UTC,research,CC-BY-NC,https://www.inaturalist.org/observations/215142804,https://inaturalist-open-data.s3.amazonaws.com/photos/380339202/medium.jpg,,"",,1,0,false,,"Cochise County, AZ, USA",31.881675,-109.1766116667,,,,,,,open,false,,,Mexican Fox Squirrel,Sciurus nayaritensis,Mexican Fox Squirrel,Mammalia,46024,,
215142808,8979c5f4-8007-4dba-8d11-4ce7ee5bb060,2024/05/11 11:08 AM,2024-05-11,2024-05-11 18:08:00 UTC,Arizona,3923686,matt_becker,Matt Becker,2024-05-12 00:51:16 UTC,2024-08-25 20:49:39 UTC,research,CC-BY-NC,https://www.inaturalist.org/observations/215142808,https://inaturalist-open-data.s3.amazonaws.com/photos/380339264/medium.jpg,,"",,1,0,false,,"Cochise County, AZ, USA",31.87905,-109.1780533333,,,,,,,open,false,,,Mexican Fox Squirrel,Sciurus nayaritensis,Mexican Fox Squirrel,Mammalia,46024,,
215401877,50fa3ae0-e08f-4d9a-a54e-82a77b14692c,2024-05-11 06:37:33,2024-05-11,2024-05-11 13:37:33 UTC,Arizona,5385911,tjfishing,Tom Forwood Jr.,2024-05-13 01:10:16 UTC,2025-04-06 02:27:40 UTC,research,CC-BY-NC,https://www.inaturalist.org/observations/215401877,https://inaturalist-open-data.s3.amazonaws.com/photos/383630078/medium.jpg,,"",,1,0,false,2,"Cochise County, US-AZ, US",31.8738033436,-109.1838875972,9,,,,9,,open,false,,,Chiricahua Fox Squirrel,Sciurus nayaritensis chiricahuae,Chiricahua Fox Squirrel,Mammalia,238455,,
215404940,2192c36c-e66b-4365-851e-6967efe40182,2024/05/12 10:20 AM,2024-05-12,2024-05-12 17:20:00 UTC,Arizona,1277249,zoemo,Zoe Osberg,2024-05-13 01:28:35 UTC,2024-05-13 13:23:14 UTC,research,,https://www.inaturalist.org/observations/215404940,https://static.inaturalist.org/photos/380826233/medium.jpeg,,"",,1,0,false,,"Cochise County, AZ, USA",31.869241922,-109.1879932303,4,,,,4,,open,false,,,Mexican Fox Squirrel,Sciurus nayaritensis,Mexican Fox Squirrel,Mammalia,46024,,
216148510,bcc54059-af4d-406c-bd0a-74133c42e4b9,2024/05/13 7:48 AM,2024-05-13,2024-05-13 14:48:00 UTC,Arizona,913201,uzun,"",2024-05-16 17:32:19 UTC,2024-05-17 00:44:25 UTC,research,CC-BY-NC,https://www.inaturalist.org/observations/216148510,https://inaturalist-open-data.s3.amazonaws.com/photos/382236084/medium.jpg,,"",,1,0,false,,"Cochise County, AZ, USA",31.8986932625,-109.1632067546,2289,,,,2289,,open,false,,,Mexican Fox Squirrel,Sciurus nayaritensis,Mexican Fox Squirrel,Mammalia,46024,,
218183429,41ef7e55-d15f-45a5-9063-18e1e07bfa21,2024/05/24 8:19 AM,2024-05-24,2024-05-24 15:19:00 UTC,Arizona,3073745,tmccarthey,,2024-05-25 19:07:43 UTC,2024-05-25 23:59:50 UTC,research,CC-BY-NC,https://www.inaturalist.org/observations/218183429,https://inaturalist-open-data.s3.amazonaws.com/photos/386058388/medium.jpg,,"",,1,0,false,,"Cochise County, AZ, USA",31.894204042,-109.1660173528,62,,,,62,,open,false,,,Chiricahua Fox Squirrel,Sciurus nayaritensis chiricahuae,Chiricahua Fox Squirrel,Mammalia,238455,,
218554528,bf92ae75-90c4-44e8-a413-9e3acbfbfe4d,2024/04/06 12:59 PM,2024-04-06,2024-04-06 19:59:00 UTC,Arizona,8197485,niff82,,2024-05-27 03:11:12 UTC,2024-05-28 03:13:44 UTC,research,CC-BY-NC,https://www.inaturalist.org/observations/218554528,https://inaturalist-open-data.s3.amazonaws.com/photos/386752681/medium.jpeg,,"","",1,0,false,,"Chiricahua National Monument, 12856 East Rhyolite Creek Road, Willcox, AZ 85643, USA",32.0121363,-109.3416105,2268,,,,2268,,open,false,,,Chiricahua Fox Squirrel,Sciurus nayaritensis chiricahuae,Chiricahua Fox Squirrel,Mammalia,238455,,
219009675,337d4d8e-e7ff-42f8-9583-4c6ba4300a11,2024-05-28 10:10:52-07:00,2024-05-28,2024-05-28 17:10:52 UTC,Arizona,1390081,maxwellarchaeologist,Maxwell Forton,2024-05-29 00:05:10 UTC,2024-06-02 19:16:35 UTC,research,,https://www.inaturalist.org/observations/219009675,https://static.inaturalist.org/photos/387604214/medium.jpg,,"","",1,0,false,3,"Cochise County, US-AZ, US",31.8839452032,-109.1760484445,4,,,,4,,open,false,,,Mexican Fox Squirrel,Sciurus nayaritensis,Mexican Fox Squirrel,Mammalia,46024,,
219051184,5031fb0d-ae0d-4c3d-a047-e94670eadfd5,2024-05-25 14:59:02-07:00,2024-05-25,2024-05-25 21:59:02 UTC,Arizona,5062962,jakebthom,,2024-05-29 04:59:27 UTC,2024-05-30 02:41:31 UTC,research,CC-BY-NC,https://www.inaturalist.org/observations/219051184,https://inaturalist-open-data.s3.amazonaws.com/photos/387686017/medium.jpg,,"","",1,0,false,3,"Coronado National Forest, San Simon, AZ, US",31.8876739446,-109.1717352934,127,,,,127,,open,false,,,Chiricahua Fox Squirrel,Sciurus nayaritensis chiricahuae,Chiricahua Fox Squirrel,Mammalia,238455,,
219172938,93ba717f-1b66-4f6e-8da2-d4b30f01f7e1,2022/05/08 9:33 AM,2022-05-08,2022-05-08 16:33:00 UTC,Arizona,8205569,dosterhaus,,2024-05-29 19:20:12 UTC,2024-05-29 23:54:15 UTC,research,CC-BY-NC,https://www.inaturalist.org/observations/219172938,https://inaturalist-open-data.s3.amazonaws.com/photos/387901481/medium.jpeg,,"",,1,0,false,,"Cochise County, AZ, USA",31.9175740861,-109.2801515053,61,,,,61,,open,false,,,Chiricahua Fox Squirrel,Sciurus nayaritensis chiricahuae,Chiricahua Fox Squirrel,Mammalia,238455,,
220057860,990cfad9-4187-4baa-85b9-1abf1132e8cd,2024/05/07 3:30 PM,2024-05-07,2024-05-07 22:30:00 UTC,Arizona,393127,masonfl,Mason Flint,2024-06-02 18:26:31 UTC,2024-06-02 21:54:49 UTC,research,,https://www.inaturalist.org/observations/220057860,https://static.inaturalist.org/photos/389567635/medium.jpg,,"Arizona, Cochise County, Geographic place including town, LOCATION#, Mammal, Mexican Fox Squirrel, Mexican Fox Squirrel (Chiricahua), North America, Pinery Canyon, Rabbits Squirrels Chipmunks Porcupines Mice (Rodentia), Sciurus nayaritensis, Sciurus nayaritensis chiricahuae, USA, city, country etc., county",,1,0,false,,"Cochise County, AZ, USA",31.9333391316,-109.2732514181,8,,,,8,,open,false,,,Chiricahua Fox Squirrel,Sciurus nayaritensis chiricahuae,Chiricahua Fox Squirrel,Mammalia,238455,,
220534822,cb4b9922-fb95-41f9-a2cf-92702393b4af,2024-06-03 08:12:38-07:00,2024-06-03,2024-06-03 15:12:38 UTC,Arizona,8112171,fishfromlogy,Logan,2024-06-04 19:30:06 UTC,2024-06-05 01:37:09 UTC,research,CC-BY-NC,https://www.inaturalist.org/observations/220534822,https://inaturalist-open-data.s3.amazonaws.com/photos/390464190/medium.jpg,,"","",2,0,false,3,"Coronado National Forest, San Simon, AZ, US",31.8849383333,-109.175505,4,,,,4,,open,false,,,Chiricahua Fox Squirrel,Sciurus nayaritensis chiricahuae,Chiricahua Fox Squirrel,Mammalia,238455,,
220546722,51aba0a6-0dff-428c-9e13-2a4033f364f5,2024-06-03 08:38:38-07:00,2024-06-03,2024-06-03 15:38:38 UTC,Arizona,8112171,fishfromlogy,Logan,2024-06-04 20:33:24 UTC,2024-06-04 21:51:09 UTC,research,CC-BY-NC,https://www.inaturalist.org/observations/220546722,https://inaturalist-open-data.s3.amazonaws.com/photos/390486717/medium.jpg,,"","",1,0,false,3,"Coronado National Forest, San Simon, AZ, US",31.887855,-109.170625,4,,,,4,,open,false,,,Mexican Fox Squirrel,Sciurus nayaritensis,Mexican Fox Squirrel,Mammalia,46024,,
221017906,a417ba0e-8759-4a34-8724-9bc5ed9b03ac,2024/04/04 6:24 PM,2024-04-04,2024-04-05 01:24:00 UTC,Arizona,457051,kbarylski,,2024-06-07 02:12:24 UTC,2024-06-07 11:32:43 UTC,research,CC-BY-NC,https://www.inaturalist.org/observations/221017906,https://inaturalist-open-data.s3.amazonaws.com/photos/391368122/medium.jpeg,,"",,3,0,false,,"Cave Creek Canyon, Arizona 85632, USA",31.8962033,-109.1636719,196,,,,196,,open,false,,,Mexican Fox Squirrel,Sciurus nayaritensis,Mexican Fox Squirrel,Mammalia,46024,,
221728625,69a38a43-1d1b-486d-b306-ab1b91585596,2024-06-09 11:36:10,2024-06-09,2024-06-09 18:36:10 UTC,Arizona,4601591,itravel4birds,Steven Klingler,2024-06-10 02:09:27 UTC,2024-06-10 15:39:50 UTC,research,"",https://www.inaturalist.org/observations/221728625,https://static.inaturalist.org/photos/392688474/medium.jpeg,,"",,1,0,false,2,"San Simon, AZ 85632, USA",31.9179971298,-109.2793408781,88,,,,88,,open,false,,,Chiricahua Fox Squirrel,Sciurus nayaritensis chiricahuae,Chiricahua Fox Squirrel,Mammalia,238455,,
222305524,76708388-edac-4b67-86e6-9a09460a782c,2022-07-12 14:20:51-06:00,2022-07-12,2022-07-12 20:20:51 UTC,Arizona,8247496,kieran_schnitzspahn,Kieran Schnitzspahn,2024-06-12 19:49:07 UTC,2025-02-26 18:03:36 UTC,research,,https://www.inaturalist.org/observations/222305524,https://static.inaturalist.org/photos/393773688/medium.jpg,,"","",1,0,false,3,"Coronado National Forest, Bowie, AZ, US",31.9482615276,-109.3073364371,166,,,,166,,open,false,,,Chiricahua Fox Squirrel,Sciurus nayaritensis chiricahuae,Chiricahua Fox Squirrel,Mammalia,238455,,
222309032,85ed8101-e9ef-401f-a183-17a16bf8870a,2022-07-13 08:34:02-06:00,2022-07-13,2022-07-13 14:34:02 UTC,Arizona,8247496,kieran_schnitzspahn,Kieran Schnitzspahn,2024-06-12 20:07:11 UTC,2024-06-14 13:57:20 UTC,research,,https://www.inaturalist.org/observations/222309032,https://static.inaturalist.org/photos/393780153/medium.jpg,,"","",1,0,false,3,"Coronado National Forest, San Simon, AZ, US",31.8927200236,-109.1672461013,60,,,,60,,open,false,,,Mexican Fox Squirrel,Sciurus nayaritensis,Mexican Fox Squirrel,Mammalia,46024,,
224321228,4e60166a-7dd1-4f3f-a2d2-b9ca692b231b,2024/05/25 9:33 AM,2024-05-25,2024-05-25 16:33:00 UTC,Arizona,374639,mjwcarr,Michael J. W. Carr,2024-06-22 03:44:22 UTC,2025-02-26 17:19:11 UTC,research,CC-BY-NC,https://www.inaturalist.org/observations/224321228,https://inaturalist-open-data.s3.amazonaws.com/photos/397563211/medium.jpg,,"",,2,0,false,,"Cochise County, AZ, USA",31.8786250105,-109.1776740294,271,,,,271,,open,false,,,Chiricahua Fox Squirrel,Sciurus nayaritensis chiricahuae,Chiricahua Fox Squirrel,Mammalia,238455,,
224321248,4ef59665-3979-4644-9a33-54dd17939333,2024/05/26 5:57 AM,2024-05-26,2024-05-26 12:57:00 UTC,Arizona,374639,mjwcarr,Michael J. W. Carr,2024-06-22 03:44:26 UTC,2025-02-26 17:19:04 UTC,research,CC-BY-NC,https://www.inaturalist.org/observations/224321248,https://inaturalist-open-data.s3.amazonaws.com/photos/397563452/medium.jpg,,"",,2,0,false,,"Cochise County, AZ, USA",31.8736387871,-109.183511884,486,,,,486,,open,false,,,Chiricahua Fox Squirrel,Sciurus nayaritensis chiricahuae,Chiricahua Fox Squirrel,Mammalia,238455,,
224424966,93bfe882-8fa2-4d9d-9fd5-09825266cd8b,2024-06-21 09:48:14,2024-06-21,2024-06-21 16:48:14 UTC,Arizona,309200,jeffbabson,,2024-06-22 16:29:52 UTC,2025-04-05 15:07:01 UTC,research,CC-BY-NC,https://www.inaturalist.org/observations/224424966,https://inaturalist-open-data.s3.amazonaws.com/photos/397758696/medium.jpeg,,"",,1,0,false,2,"Cochise County, US-AZ, US",31.87383838,-109.18326814,6,,,,6,,open,false,,,Mexican Fox Squirrel,Sciurus nayaritensis,Mexican Fox Squirrel,Mammalia,46024,,
226347215,e7cf1dbf-e094-4fd2-8909-73bd8be9da50,2024/06/29 10:21 AM,2024-06-29,2024-06-29 17:21:00 UTC,Arizona,4104749,markotnes,Mark Otnes,2024-07-01 02:11:15 UTC,2024-07-01 18:18:35 UTC,research,CC-BY-NC,https://www.inaturalist.org/observations/226347215,https://inaturalist-open-data.s3.amazonaws.com/photos/401415063/medium.jpg,,"",,1,0,false,,"Cochise County, AZ, USA",31.9170775295,-109.2793784494,122,,,,122,,open,false,,,Chiricahua Fox Squirrel,Sciurus nayaritensis chiricahuae,Chiricahua Fox Squirrel,Mammalia,238455,,
226600215,b53e1871-f4a5-4294-8f08-9e0ff0007d6c,2024/06/08 3:06 PM,2024-06-08,2024-06-08 22:06:00 UTC,Arizona,1595749,jcochran706,Jack Cochran,2024-07-02 02:46:23 UTC,2024-07-02 11:46:02 UTC,research,CC-BY-NC,https://www.inaturalist.org/observations/226600215,https://inaturalist-open-data.s3.amazonaws.com/photos/401901566/medium.jpeg,,CHIR,,1,0,false,,"Cochise County, AZ, USA",31.9159933333,-109.2815833333,,,,,,,open,false,,,Mexican Fox Squirrel,Sciurus nayaritensis,Mexican Fox Squirrel,Mammalia,46024,,
227449630,be5a42b4-9580-4427-8e69-c75535e99ddf,2024/04/22 10:30 AM,2024-04-22,2024-04-22 17:30:00 UTC,Arizona,6688661,melbar2022,Melanie Barnett,2024-07-06 04:46:54 UTC,2024-07-06 21:06:46 UTC,research,CC-BY-NC,https://www.inaturalist.org/observations/227449630,https://inaturalist-open-data.s3.amazonaws.com/photos/403503833/medium.jpeg,,"",,1,0,false,,"South Fork Cave Creek, Cochise County, AZ, USA",31.8732915477,-109.1833590049,619,,,,619,,open,false,,,Chiricahua Fox Squirrel,Sciurus nayaritensis chiricahuae,Chiricahua Fox Squirrel,Mammalia,238455,,
227624996,a93d8b46-a4ac-40df-a394-47f1685d29f5,2024/04/23 10:22 AM,2024-04-23,2024-04-23 17:22:00 UTC,Arizona,6688661,melbar2022,Melanie Barnett,2024-07-06 21:43:04 UTC,2024-07-07 02:40:57 UTC,research,CC-BY-NC,https://www.inaturalist.org/observations/227624996,https://inaturalist-open-data.s3.amazonaws.com/photos/403831205/medium.jpeg,,"",,1,0,false,,"Pinery Canyon Campground, San Simon, Cochise County, AZ, USA",31.9330263683,-109.2717837693,111,,,,111,,open,false,,,Chiricahua Fox Squirrel,Sciurus nayaritensis chiricahuae,Chiricahua Fox Squirrel,Mammalia,238455,,
227863622,a32da9a7-277c-4b94-8249-3ce17548e3b6,2024-07-07 09:09:41-07:00,2024-07-07,2024-07-07 16:09:41 UTC,Arizona,5010296,wayp0int,Ian Bell,2024-07-07 20:33:43 UTC,2024-08-15 02:30:33 UTC,research,CC-BY-NC,https://www.inaturalist.org/observations/227863622,https://inaturalist-open-data.s3.amazonaws.com/photos/419483455/medium.jpg,,"","",1,0,false,3,"Coronado National Forest, San Simon, AZ, US",31.8743633333,-109.181975,4,,,,4,,open,false,,,Mexican Fox Squirrel,Sciurus nayaritensis,Mexican Fox Squirrel,Mammalia,46024,,
227871266,90b81093-bd10-4c30-9830-9e392f642754,2024-07-07 13:50:17-07:00,2024-07-07,2024-07-07 20:50:17 UTC,Arizona,383013,mob-critters,,2024-07-07 21:07:45 UTC,2024-07-08 11:43:17 UTC,research,,https://www.inaturalist.org/observations/227871266,https://static.inaturalist.org/photos/404295397/medium.jpg,,"","",1,0,false,3,"Coronado National Forest, San Simon, AZ, US",31.8941283333,-109.1665028333,4,,,,4,,open,false,,,Chiricahua Fox Squirrel,Sciurus nayaritensis chiricahuae,Chiricahua Fox Squirrel,Mammalia,238455,,
228139264,4f0873f7-5d2e-4781-8017-14bfaebc2711,2024/06/29 7:16 AM,2024-06-29,2024-06-29 14:16:00 UTC,Arizona,754998,spanglerwoodbirds,Matt Spangler,2024-07-09 00:07:34 UTC,2024-07-09 19:34:12 UTC,research,CC-BY-NC,https://www.inaturalist.org/observations/228139264,https://inaturalist-open-data.s3.amazonaws.com/photos/404802935/medium.jpg,,"",,1,0,false,,"Cochise County, AZ, USA",31.8463354343,-109.2067859908,500,,,,500,,open,false,,,Chiricahua Fox Squirrel,Sciurus nayaritensis chiricahuae,Chiricahua Fox Squirrel,Mammalia,238455,,
230834476,46ecce1b-e23d-4f2f-a1b6-1a9691391414,2024/07/21 11:26 AM,2024-07-21,2024-07-21 18:26:00 UTC,Arizona,4353185,alice562,Alice Wakefield,2024-07-21 20:10:51 UTC,2025-04-06 09:29:46 UTC,research,CC-BY-NC-SA,https://www.inaturalist.org/observations/230834476,https://static.inaturalist.org/photos/409903988/medium.jpeg,,"","",1,0,false,,"Cochise County, AZ, USA",31.8836651605,-109.2086790475,488,,,,488,,open,false,,,Chiricahua Fox Squirrel,Sciurus nayaritensis chiricahuae,Chiricahua Fox Squirrel,Mammalia,238455,,
231111015,48fc8a19-e6a1-42a5-a7b6-f78eb4149091,2024-07-22 10:44:39-07:00,2024-07-22,2024-07-22 17:44:39 UTC,Arizona,1812357,bzimmerbirds,,2024-07-23 00:49:31 UTC,2024-07-23 06:18:25 UTC,research,CC-BY-NC,https://www.inaturalist.org/observations/231111015,https://inaturalist-open-data.s3.amazonaws.com/photos/410433532/medium.jpeg,,"","",1,0,false,3,"Coronado National Forest, San Simon, AZ, US",31.9318916667,-109.2705466667,30,,,,30,,open,false,,,Mexican Fox Squirrel,Sciurus nayaritensis,Mexican Fox Squirrel,Mammalia,46024,,
231233657,361b15ee-5a4a-449f-9e62-2dd8e411ddbc,2024/06/23 10:41 AM,2024-06-23,2024-06-23 17:41:00 UTC,Arizona,1379099,sflamand,Scott Flamand,2024-07-23 16:50:03 UTC,2025-04-06 10:32:50 UTC,research,CC-BY-NC,https://www.inaturalist.org/observations/231233657,https://inaturalist-open-data.s3.amazonaws.com/photos/410661032/medium.jpeg,,"","",1,0,false,,"Cochise, Arizona, United States",31.9044783333,-109.1561033333,,,,,,,open,false,,,Chiricahua Fox Squirrel,Sciurus nayaritensis chiricahuae,Chiricahua Fox Squirrel,Mammalia,238455,,
231771967,1674b4c0-1a92-4b18-a0e3-04dc3a224351,2024-07-25 10:56:53-06:00,2024-07-25,2024-07-25 16:56:53 UTC,Arizona,2752933,terrierteacher,Teresa Shaefer Randall,2024-07-26 06:56:42 UTC,2024-07-29 17:20:22 UTC,research,CC-BY-NC,https://www.inaturalist.org/observations/231771967,https://inaturalist-open-data.s3.amazonaws.com/photos/411692701/medium.jpeg,,"","",1,0,false,3,"Coronado National Forest, San Simon, AZ, US",31.8472090503,-109.1992219306,32607,,,,32607,,open,false,,,Mexican Fox Squirrel,Sciurus nayaritensis,Mexican Fox Squirrel,Mammalia,46024,,
231840284,57738aa4-f37d-4c5f-84d2-b8dea7afc065,2017/08/07 7:47 PM,2017-08-07,2017-08-08 02:47:00 UTC,Arizona,2790702,mkt47,"",2024-07-26 15:54:45 UTC,2024-07-26 20:13:14 UTC,research,CC-BY-NC,https://www.inaturalist.org/observations/231840284,https://inaturalist-open-data.s3.amazonaws.com/photos/411817150/medium.jpeg,,"",,1,0,false,,"Portal, AZ 85632, USA",31.9137028,-109.1414495,196,,,,196,,open,false,,,Mexican Fox Squirrel,Sciurus nayaritensis,Mexican Fox Squirrel,Mammalia,46024,,
231971332,1e315dd4-4422-4eec-abf2-9a6f4b04460d,2024-07-25 14:29:16-05:00,2024-07-25,2024-07-25 19:29:16 UTC,Arizona,459255,aaron567,Aaron Stoll,2024-07-27 05:46:20 UTC,2024-07-29 17:18:43 UTC,research,,https://www.inaturalist.org/observations/231971332,https://static.inaturalist.org/photos/412068586/medium.jpeg,,"","",1,0,false,3,"Coronado National Forest, San Simon, AZ, US",31.8785283333,-109.2213716667,,,,,,,open,false,,,Mexican Fox Squirrel,Sciurus nayaritensis,Mexican Fox Squirrel,Mammalia,46024,,
232182531,4da539e4-81c2-4209-8123-14b30d4b19b0,2024/06/29 10:22 AM,2024-06-29,2024-06-29 17:22:00 UTC,Arizona,2580310,pdegennaro,Peter DeGennaro,2024-07-28 03:22:52 UTC,2024-07-30 20:15:45 UTC,research,CC-BY-NC,https://www.inaturalist.org/observations/232182531,https://inaturalist-open-data.s3.amazonaws.com/photos/412458608/medium.jpeg,,"",,1,0,false,,"Rustler Park, Chiricahua Mountains, Cochise County, AZ",31.9034347254,-109.2783617438,89,,,,89,,open,false,,,Chiricahua Fox Squirrel,Sciurus nayaritensis chiricahuae,Chiricahua Fox Squirrel,Mammalia,238455,,
233788739,09752673-abaf-4255-91b8-0a98e81475de,2024/07/28 11:32 AM,2024-07-28,2024-07-28 18:32:00 UTC,Arizona,994387,greenfant,Stefan,2024-08-04 19:55:03 UTC,2024-08-05 02:01:42 UTC,research,CC-BY-NC,https://www.inaturalist.org/observations/233788739,https://inaturalist-open-data.s3.amazonaws.com/photos/415495861/medium.jpeg,,"",Chiricahua Fox Squirrel at South Fork,1,0,false,,"Cochise County, AZ, USA",31.8710350764,-109.1866068496,15,,,,15,,open,false,,,Chiricahua Fox Squirrel,Sciurus nayaritensis chiricahuae,Chiricahua Fox Squirrel,Mammalia,238455,,
233822202,f01426a5-4aac-4b49-8d18-8eb827eb54f0,2024/08/04 9:48 AM,2024-08-04,2024-08-04 16:48:00 UTC,Arizona,4353185,alice562,Alice Wakefield,2024-08-04 22:25:46 UTC,2024-08-05 02:00:30 UTC,research,CC-BY-NC-SA,https://www.inaturalist.org/observations/233822202,https://static.inaturalist.org/photos/415580186/medium.jpeg,,"","",1,0,false,,"Cochise County, AZ, USA",31.9177792312,-109.2686600409,122,,,,122,,open,false,,,Chiricahua Fox Squirrel,Sciurus nayaritensis chiricahuae,Chiricahua Fox Squirrel,Mammalia,238455,,
234060741,4381f2f3-161e-45dd-bafe-1b26ad699859,2024/08/03 2:38 PM,2024-08-03,2024-08-03 21:38:00 UTC,Arizona,770371,janeyd,Jane Dixon,2024-08-06 01:12:21 UTC,2024-08-06 02:16:36 UTC,research,,https://www.inaturalist.org/observations/234060741,https://static.inaturalist.org/photos/416043491/medium.jpeg,,"",,1,0,false,,"Cochise County, AZ, USA",31.9336416667,-109.2725611111,,,,,,,open,false,,,Chiricahua Fox Squirrel,Sciurus nayaritensis chiricahuae,Chiricahua Fox Squirrel,Mammalia,238455,,
235239443,0eb2a0e4-e04c-42cf-b04f-87631efe151f,2024/08/05 12:07 PM,2024-08-05,2024-08-05 19:07:00 UTC,Arizona,1195388,coreyhusic,Corey Husic,2024-08-12 00:22:08 UTC,2024-08-12 20:13:28 UTC,research,CC-BY-NC,https://www.inaturalist.org/observations/235239443,https://inaturalist-open-data.s3.amazonaws.com/photos/418317773/medium.jpg,,"",,1,0,false,,"Cochise County, AZ, USA",31.8598394338,-109.1897742186,1959,,,,1959,,open,false,,,Chiricahua Fox Squirrel,Sciurus nayaritensis chiricahuae,Chiricahua Fox Squirrel,Mammalia,238455,,
235562379,1dda95c9-996f-44ae-b7b7-fc246f0d4870,2024/08/02 11:56 AM,2024-08-02,2024-08-02 18:56:00 UTC,Arizona,3229764,droberts50,Dave Roberts,2024-08-13 17:05:09 UTC,2024-10-10 17:01:17 UTC,research,CC-BY-NC,https://www.inaturalist.org/observations/235562379,https://inaturalist-open-data.s3.amazonaws.com/photos/418947291/medium.jpg,,"",,1,0,false,,"Cochise County, AZ, USA",31.914744805,-109.2345828775,488,,,,488,,open,false,,,Chiricahua Fox Squirrel,Sciurus nayaritensis chiricahuae,Chiricahua Fox Squirrel,Mammalia,238455,,
235644008,17099946-6918-4817-84b6-65cc49be8647,2023/01/28 11:00 AM,2023-01-28,2023-01-28 18:00:00 UTC,Arizona,1932110,quinnsommer,Quinn Sommer,2024-08-14 01:23:29 UTC,2024-08-15 21:30:05 UTC,research,,https://www.inaturalist.org/observations/235644008,https://static.inaturalist.org/photos/419104689/medium.jpeg,,"",,2,0,false,,"Cochise County, AZ, USA",31.8943281442,-109.1662536173,2101,,,,2101,,open,false,,,Chiricahua Fox Squirrel,Sciurus nayaritensis chiricahuae,Chiricahua Fox Squirrel,Mammalia,238455,,
235646764,b23d4d79-e41c-4ba6-a703-72a1c430ed2c,2024/08/06 11:57 AM,2024-08-06,2024-08-06 18:57:00 UTC,Arizona,1643429,mollee,Mollee Brown,2024-08-14 01:44:02 UTC,2025-04-07 02:56:55 UTC,research,,https://www.inaturalist.org/observations/235646764,https://static.inaturalist.org/photos/419107457/medium.jpg,,"",,1,0,false,,"Cochise County, AZ, USA",31.933383,-109.273056,5,,,,5,,open,false,,,Chiricahua Fox Squirrel,Sciurus nayaritensis chiricahuae,Chiricahua Fox Squirrel,Mammalia,238455,,
235666126,104966c0-0c52-453a-85b7-07dc9c6c7ba5,2024-08-03 09:18:22-06:00,2024-08-03,2024-08-03 15:18:22 UTC,Arizona,2843046,kalebanderson,Kaleb Anderson,2024-08-14 04:34:09 UTC,2024-08-14 12:03:59 UTC,research,,https://www.inaturalist.org/observations/235666126,https://static.inaturalist.org/photos/419150813/medium.jpeg,,"","",1,0,false,3,"Coronado National Forest, San Simon, AZ, US",31.8953537109,-109.2164421971,32,,,,32,,open,false,,,Chiricahua Fox Squirrel,Sciurus nayaritensis chiricahuae,Chiricahua Fox Squirrel,Mammalia,238455,,
236151891,e43d926a-0418-40a4-a33f-d74470597694,2024-08-16 13:19:17-07:00,2024-08-16,2024-08-16 20:19:17 UTC,Arizona,1405739,happy4077,Alex Sundvall,2024-08-16 20:22:22 UTC,2024-08-17 00:29:27 UTC,research,CC-BY-NC,https://www.inaturalist.org/observations/236151891,https://inaturalist-open-data.s3.amazonaws.com/photos/420089568/medium.jpeg,,"","",1,0,false,3,"Coronado National Forest, San Simon, AZ, US",31.9045666667,-109.1560361667,16,,,,16,,open,false,,,Chiricahua Fox Squirrel,Sciurus nayaritensis chiricahuae,Chiricahua Fox Squirrel,Mammalia,238455,,
236665046,3273c45c-e60c-49c1-88f7-f0e81f2b9236,2024/05/05 7:02 AM,2024-05-05,2024-05-05 14:02:00 UTC,Arizona,208098,vitek_jirinec,Vitek Jirinec,2024-08-19 04:58:48 UTC,2024-08-19 11:20:33 UTC,research,CC-BY-NC,https://www.inaturalist.org/observations/236665046,https://inaturalist-open-data.s3.amazonaws.com/photos/421074254/medium.jpeg,,"",,2,0,false,,"Cochise County, AZ, USA",31.8843627999,-109.177553927,21,,,,21,,open,false,,,Chiricahua Fox Squirrel,Sciurus nayaritensis chiricahuae,Chiricahua Fox Squirrel,Mammalia,238455,,
237175281,a8b448a8-1d74-4128-a744-cca4d54f87f2,2024/08/08 2:43 PM,2024-08-08,2024-08-08 21:43:00 UTC,Arizona,1195388,coreyhusic,Corey Husic,2024-08-21 21:23:30 UTC,2025-04-07 07:38:06 UTC,research,CC-BY-NC,https://www.inaturalist.org/observations/237175281,https://inaturalist-open-data.s3.amazonaws.com/photos/422050505/medium.jpeg,,trailcam,"",1,0,false,,United States,31.987617016,-109.3884801853,10,,,,29173,obscured,open,true,,,Chiricahua Fox Squirrel,Sciurus nayaritensis chiricahuae,Chiricahua Fox Squirrel,Mammalia,238455,,
237175294,58971b30-c336-4507-930b-d4d4be6d10f2,2024/08/09 2:51 PM,2024-08-09,2024-08-09 21:51:00 UTC,Arizona,1195388,coreyhusic,Corey Husic,2024-08-21 21:23:33 UTC,2025-04-07 07:38:07 UTC,research,CC-BY-NC,https://www.inaturalist.org/observations/237175294,https://inaturalist-open-data.s3.amazonaws.com/photos/422050851/medium.jpeg,,trailcam,"",1,0,false,,United States,31.8722497569,-109.3025547383,10,,,,29173,obscured,open,true,,,Chiricahua Fox Squirrel,Sciurus nayaritensis chiricahuae,Chiricahua Fox Squirrel,Mammalia,238455,,
237175309,82ec7ba4-83a0-45be-87a0-2aee3842e56d,2024/08/10 10:56 AM,2024-08-10,2024-08-10 17:56:00 UTC,Arizona,1195388,coreyhusic,Corey Husic,2024-08-21 21:23:38 UTC,2025-04-07 07:38:07 UTC,research,CC-BY-NC,https://www.inaturalist.org/observations/237175309,https://inaturalist-open-data.s3.amazonaws.com/photos/422051686/medium.jpeg,,trailcam,"",1,0,false,,United States,31.9361573412,-109.3734599098,10,,,,29173,obscured,open,true,,,Chiricahua Fox Squirrel,Sciurus nayaritensis chiricahuae,Chiricahua Fox Squirrel,Mammalia,238455,,
237175375,0bebe21c-7c51-4da4-b476-b2a9437c972b,2024/08/13 3:06 PM,2024-08-13,2024-08-13 22:06:00 UTC,Arizona,1195388,coreyhusic,Corey Husic,2024-08-21 21:23:52 UTC,2025-04-07 07:38:08 UTC,research,CC-BY-NC,https://www.inaturalist.org/observations/237175375,https://inaturalist-open-data.s3.amazonaws.com/photos/422054859/medium.jpeg,,trailcam,"",1,0,false,,United States,31.839744105,-109.2077214249,10,,,,29173,obscured,open,true,,,Chiricahua Fox Squirrel,Sciurus nayaritensis chiricahuae,Chiricahua Fox Squirrel,Mammalia,238455,,
237175377,5ecff539-3fb9-44a9-b6bd-70f946b13cc3,2024/08/13 3:14 PM,2024-08-13,2024-08-13 22:14:00 UTC,Arizona,1195388,coreyhusic,Corey Husic,2024-08-21 21:23:52 UTC,2025-04-07 07:38:08 UTC,research,CC-BY-NC,https://www.inaturalist.org/observations/237175377,https://inaturalist-open-data.s3.amazonaws.com/photos/422055034/medium.jpeg,,trailcam,"",1,0,false,,United States,31.8782534849,-109.3870598228,10,,,,29173,obscured,open,true,,,Chiricahua Fox Squirrel,Sciurus nayaritensis chiricahuae,Chiricahua Fox Squirrel,Mammalia,238455,,
237175382,07e1ef7b-0592-4ec5-8774-3f5679a4b2a2,2024/08/13 3:22 PM,2024-08-13,2024-08-13 22:22:00 UTC,Arizona,1195388,coreyhusic,Corey Husic,2024-08-21 21:23:53 UTC,2025-04-07 07:38:08 UTC,research,CC-BY-NC,https://www.inaturalist.org/observations/237175382,https://inaturalist-open-data.s3.amazonaws.com/photos/422055056/medium.jpeg,,trailcam,"",1,0,false,,United States,31.9364111734,-109.3710868788,10,,,,29173,obscured,open,true,,,Chiricahua Fox Squirrel,Sciurus nayaritensis chiricahuae,Chiricahua Fox Squirrel,Mammalia,238455,,
237175390,1f873fe0-8289-4fe9-a2dd-8b3cecb843aa,2024/08/14 10:45 AM,2024-08-14,2024-08-14 17:45:00 UTC,Arizona,1195388,coreyhusic,Corey Husic,2024-08-21 21:23:55 UTC,2025-04-07 07:38:08 UTC,research,CC-BY-NC,https://www.inaturalist.org/observations/237175390,https://inaturalist-open-data.s3.amazonaws.com/photos/422055461/medium.jpeg,,trailcam,"",1,0,false,,United States,31.8043605502,-109.3715716336,10,,,,29173,obscured,open,true,,,Chiricahua Fox Squirrel,Sciurus nayaritensis chiricahuae,Chiricahua Fox Squirrel,Mammalia,238455,,
237398249,69454a3f-e0c9-4ea0-8cc9-7626f3844718,2024/08/16 4:15 PM,2024-08-16,2024-08-16 23:15:00 UTC,Arizona,274968,rayray,Ray Simpson,2024-08-23 02:37:33 UTC,2024-08-26 13:03:22 UTC,research,CC-BY-NC,https://www.inaturalist.org/observations/237398249,https://inaturalist-open-data.s3.amazonaws.com/photos/422490174/medium.jpg,,"",,1,0,false,,"Pinery Canyon Road, Chiricahuas, Cochise County, AZ, USA",31.9592342,-109.3135323997,,,,,,,open,false,,,Chiricahua Fox Squirrel,Sciurus nayaritensis chiricahuae,Chiricahua Fox Squirrel,Mammalia,238455,,
238098206,da0e82dc-0260-4135-8742-d246775cc73b,2024-08-01 17:56:23-06:00,2024-08-01,2024-08-01 23:56:23 UTC,Arizona,3025648,erikatwell,Erik Atwell,2024-08-26 17:01:36 UTC,2025-04-07 10:24:34 UTC,research,CC-BY-NC,https://www.inaturalist.org/observations/238098206,https://inaturalist-open-data.s3.amazonaws.com/photos/423837886/medium.jpeg,,"","",1,0,false,3,United States,31.8853212368,-109.2806053419,23876,,,,29173,obscured,open,true,,,Mexican Fox Squirrel,Sciurus nayaritensis,Mexican Fox Squirrel,Mammalia,46024,,
238950835,9a351e48-f395-45e3-a8b5-3dd1c13ef69c,2024/08/07 1:57 AM,2024-08-07,2024-08-07 08:57:00 UTC,Arizona,388564,tiluchi,Forest Botial-Jarvis,2024-08-31 12:57:53 UTC,2025-04-07 13:04:42 UTC,research,CC-BY-NC,https://www.inaturalist.org/observations/238950835,https://inaturalist-open-data.s3.amazonaws.com/photos/425368272/medium.jpeg,,"",,1,0,false,,"Cochise County, AZ, USA",31.933256602,-109.2729494714,122,,,,122,,open,false,,,Mexican Fox Squirrel,Sciurus nayaritensis,Mexican Fox Squirrel,Mammalia,46024,,
239327274,6eb245a2-41e7-4e07-bcb1-b3d8916f5352,2024/08/27 12:14 PM,2024-08-27,2024-08-27 19:14:00 UTC,Arizona,181124,brian35,Brian Long,2024-09-02 03:36:39 UTC,2024-09-03 23:56:32 UTC,research,CC-BY-NC,https://www.inaturalist.org/observations/239327274,https://inaturalist-open-data.s3.amazonaws.com/photos/426227700/medium.jpg,,"","",1,0,false,,"Cochise County, AZ, USA",31.8874748144,-109.2089812142,15,,,,15,,open,false,,,Chiricahua Fox Squirrel,Sciurus nayaritensis chiricahuae,Chiricahua Fox Squirrel,Mammalia,238455,,
239732397,567789cb-de92-4da5-a149-fe22ce6b5f35,2024-08-10 20:06:16-07:00,2024-08-10,2024-08-11 03:06:16 UTC,Arizona,65660,eric_hough,Eric Hough,2024-09-04 03:11:56 UTC,2024-10-20 12:22:19 UTC,research,CC-BY-NC,https://www.inaturalist.org/observations/239732397,https://inaturalist-open-data.s3.amazonaws.com/photos/427011954/medium.jpeg,,"","",1,0,false,3,"Coronado National Forest, San Simon, AZ, US",31.8869533333,-109.1731333333,10,,,,10,,open,false,,,Mexican Fox Squirrel,Sciurus nayaritensis,Mexican Fox Squirrel,Mammalia,46024,,
240172283,ca699568-2f5a-4e52-85ed-53596492ab7a,2024-09-06 07:33:43-07:00,2024-09-06,2024-09-06 14:33:43 UTC,Arizona,1041916,jzatorski,J Zatorski,2024-09-06 17:25:43 UTC,2024-09-07 22:20:17 UTC,research,,https://www.inaturalist.org/observations/240172283,https://static.inaturalist.org/photos/427852047/medium.jpeg,,"","",2,0,false,3,"Cochise County, US-AZ, US",31.874414236,-109.1819082377,4,,,,4,,open,false,,,Chiricahua Fox Squirrel,Sciurus nayaritensis chiricahuae,Chiricahua Fox Squirrel,Mammalia,238455,,
240222163,39beda72-3657-4e09-8e82-42797159d89a,2024-09-06 10:28:57-07:00,2024-09-06,2024-09-06 17:28:57 UTC,Arizona,533383,nsteele,,2024-09-06 22:51:55 UTC,2024-10-01 17:40:36 UTC,research,,https://www.inaturalist.org/observations/240222163,https://static.inaturalist.org/photos/427948379/medium.jpeg,,"","",1,0,false,3,"Coronado National Forest, San Simon, AZ, US",31.8737833333,-109.18335,4,,,,4,,open,false,,,Chiricahua Fox Squirrel,Sciurus nayaritensis chiricahuae,Chiricahua Fox Squirrel,Mammalia,238455,,
240831697,319a2410-30bd-4e5b-9830-a7e9b6422001,2024/09/05 9:31 AM,2024-09-05,2024-09-05 16:31:00 UTC,Arizona,9531,kucycads,Kenneth Bader,2024-09-09 21:42:13 UTC,2024-09-12 22:15:42 UTC,research,CC-BY-NC,https://www.inaturalist.org/observations/240831697,https://inaturalist-open-data.s3.amazonaws.com/photos/429124364/medium.jpeg,,"",,1,0,false,,"Cochise County, AZ, USA",31.932745604,-109.2717116302,61,,,,61,,open,false,,,Chiricahua Fox Squirrel,Sciurus nayaritensis chiricahuae,Chiricahua Fox Squirrel,Mammalia,238455,,
241364157,e4f91723-5a0d-43ad-bc62-681429e2af65,2024/08/31 12:48 PM,2024-08-31,2024-08-31 19:48:00 UTC,Arizona,9531,kucycads,Kenneth Bader,2024-09-12 22:20:28 UTC,2024-09-14 14:20:27 UTC,research,CC-BY-NC,https://www.inaturalist.org/observations/241364157,https://inaturalist-open-data.s3.amazonaws.com/photos/430150772/medium.jpeg,,"",,2,0,false,,"Cochise County, AZ, USA",31.8719823701,-109.1862790732,266,,,,266,,open,false,,,Chiricahua Fox Squirrel,Sciurus nayaritensis chiricahuae,Chiricahua Fox Squirrel,Mammalia,238455,,
242334297,5e12d9f0-e665-415c-b81a-2b3788dff5eb,2024-09-17 10:02:29-07:00,2024-09-17,2024-09-17 17:02:29 UTC,Arizona,1430031,jerry-bird,,2024-09-17 18:17:41 UTC,2024-09-17 23:56:51 UTC,research,,https://www.inaturalist.org/observations/242334297,https://static.inaturalist.org/photos/432021747/medium.jpeg,,"","",1,0,false,3,"Coronado National Forest, San Simon, AZ, US",31.863525,-109.19043,4,,,,4,,open,false,,,Chiricahua Fox Squirrel,Sciurus nayaritensis chiricahuae,Chiricahua Fox Squirrel,Mammalia,238455,,
242800971,1b59b368-f174-4623-b4cc-2e17b7b61267,2024/09/04 12:00 PM,2024-09-04,2024-09-04 19:00:00 UTC,Arizona,785045,josh_vandermeulen,Josh Vandermeulen,2024-09-20 03:43:18 UTC,2024-09-28 14:09:22 UTC,research,CC-BY-NC-ND,https://www.inaturalist.org/observations/242800971,https://inaturalist-open-data.s3.amazonaws.com/photos/432851210/medium.jpg,,"",,2,0,false,,"Sky Islands Traverse, San Simon, AZ 85632, USA",31.86873,-109.18844,10,,,,10,,open,false,,,Chiricahua Fox Squirrel,Sciurus nayaritensis chiricahuae,Chiricahua Fox Squirrel,Mammalia,238455,,
243840365,c362e77d-c819-47e7-98e3-16693c4b284c,2024-08-21 07:20:15,2024-08-21,2024-08-21 14:20:15 UTC,Arizona,2462633,bcvi,Nick Glover,2024-09-24 18:48:38 UTC,2025-04-05 03:09:44 UTC,research,CC-BY-NC,https://www.inaturalist.org/observations/243840365,https://inaturalist-open-data.s3.amazonaws.com/photos/434859829/medium.jpeg,,"",,1,0,false,2,"San Simon, AZ 85632, USA",31.9188369341,-109.2748766765,87,,,,87,,open,false,gps,gps,Mexican Fox Squirrel,Sciurus nayaritensis,Mexican Fox Squirrel,Mammalia,46024,,
244818563,6f518124-fea2-47a3-93f4-aba84dbf401c,2024/09/21 3:15 PM,2024-09-21,2024-09-21 22:15:00 UTC,Arizona,288282,restringham,Rachel Stringham,2024-09-30 00:39:33 UTC,2025-02-11 06:29:10 UTC,research,CC-BY,https://www.inaturalist.org/observations/244818563,https://inaturalist-open-data.s3.amazonaws.com/photos/436758479/medium.jpeg,,"","",2,0,false,,"Cochise County, AZ, USA",31.8839566667,-109.2069233333,,,,,,,open,false,,,Chiricahua Fox Squirrel,Sciurus nayaritensis chiricahuae,Chiricahua Fox Squirrel,Mammalia,238455,,
244828935,45579214-60d8-4b8e-ad49-91d0d04038ee,2024/09/22 12:37 PM,2024-09-22,2024-09-22 19:37:00 UTC,Arizona,288282,restringham,Rachel Stringham,2024-09-30 01:53:37 UTC,2025-02-10 14:40:18 UTC,research,CC-BY,https://www.inaturalist.org/observations/244828935,https://inaturalist-open-data.s3.amazonaws.com/photos/436781351/medium.jpeg,,"","",3,0,false,,"Cochise County, AZ, USA",31.9256133333,-109.25482,,,,,,,open,false,,,Chiricahua Fox Squirrel,Sciurus nayaritensis chiricahuae,Chiricahua Fox Squirrel,Mammalia,238455,,
247120899,df63b557-353d-469f-a04e-e9cc2180f6a9,2018-05-12 06:09:00-07:00,2018-05-12,2018-05-12 13:09:00 UTC,Arizona,4416368,hardcorelore,,2024-10-13 14:30:11 UTC,2025-04-05 17:14:19 UTC,research,CC-BY-NC,https://www.inaturalist.org/observations/247120899,https://inaturalist-open-data.s3.amazonaws.com/photos/453830318/medium.jpeg,,"","",1,0,false,3,"Coronado National Forest, San Simon, AZ, US",31.8842415897,-109.206821923,88,,,,88,,open,false,,,Mexican Fox Squirrel,Sciurus nayaritensis,Mexican Fox Squirrel,Mammalia,46024,,
247431600,1059ca5f-d078-4927-9866-91c8f640fd75,2023/08/14 8:26 AM,2023-08-14,2023-08-14 15:26:00 UTC,Arizona,888387,rjbaltierra,RJ Baltierra,2024-10-15 05:46:25 UTC,2024-10-15 15:02:48 UTC,research,CC-BY-NC,https://www.inaturalist.org/observations/247431600,https://inaturalist-open-data.s3.amazonaws.com/photos/441917010/medium.jpg,,"",,1,0,false,,"Cochise County, AZ, USA",31.9179519356,-109.2793311576,194,,,,194,,open,false,,,Chiricahua Fox Squirrel,Sciurus nayaritensis chiricahuae,Chiricahua Fox Squirrel,Mammalia,238455,,
247689773,288f448e-b3c5-455e-b673-b0406c63b220,2024-09-26 11:52:02-07:00,2024-09-26,2024-09-26 18:52:02 UTC,Arizona,65660,eric_hough,Eric Hough,2024-10-16 22:54:15 UTC,2025-02-10 14:39:58 UTC,research,CC-BY-NC,https://www.inaturalist.org/observations/247689773,https://inaturalist-open-data.s3.amazonaws.com/photos/442428439/medium.jpeg,,"","",1,0,false,3,"Coronado National Forest, San Simon, AZ, US",31.8783383333,-109.2063666667,4,,,,4,,open,false,,,Chiricahua Fox Squirrel,Sciurus nayaritensis chiricahuae,Chiricahua Fox Squirrel,Mammalia,238455,,
248595937,3a54fe5f-e583-42a7-b389-ba3a8067e971,2024-09-11 14:45:28,2024-09-11,2024-09-11 21:45:28 UTC,Arizona,2462633,bcvi,Nick Glover,2024-10-22 13:33:23 UTC,2025-02-10 14:39:46 UTC,research,CC-BY-NC,https://www.inaturalist.org/observations/248595937,https://inaturalist-open-data.s3.amazonaws.com/photos/444223648/medium.jpeg,,"",,2,0,false,2,"San Simon, AZ 85632, USA",31.8647778643,-109.1901591048,222,,,,222,,open,false,gps,gps,Chiricahua Fox Squirrel,Sciurus nayaritensis chiricahuae,Chiricahua Fox Squirrel,Mammalia,238455,,
249201264,d84a1a65-c66a-4aea-a756-7b16666ff99c,2024/10/20 12:38 PM,2024-10-20,2024-10-20 19:38:00 UTC,Arizona,5334394,john3311,John Samuelson,2024-10-26 18:25:09 UTC,2025-04-07 17:34:24 UTC,research,,https://www.inaturalist.org/observations/249201264,https://static.inaturalist.org/photos/445419398/medium.jpg,,"",,1,0,false,,"Cochise County, AZ, USA",32.0054182,-109.3244885,,,,,,,open,false,,,Mexican Fox Squirrel,Sciurus nayaritensis,Mexican Fox Squirrel,Mammalia,46024,,
249498669,3c26ecfe-3568-45ed-8e3b-e5f945bb6170,2024/10/21 7:41 AM,2024-10-21,2024-10-21 14:41:00 UTC,Arizona,459348,johndreynolds,John D Reynolds,2024-10-28 14:20:59 UTC,2025-04-08 03:50:30 UTC,research,CC-BY,https://www.inaturalist.org/observations/249498669,https://inaturalist-open-data.s3.amazonaws.com/photos/446009558/medium.jpg,,"2024, Arizona, USA, mammal","2120 m. Pinery Canyon, Chiricahua Mountains, Cochise Co., Arizona, USA",1,0,false,,"2120 m. Pinery Canyon, Chiricahua Mountains, Cochise Co., Arizona, USA",31.933285,-109.272301,5,,,,5,,open,false,,,Mexican Fox Squirrel,Sciurus nayaritensis,Mexican Fox Squirrel,Mammalia,46024,,
250189740,710e223a-c2bb-4735-b65e-df2fff8027e5,2018/05/05 5:54 PM,2018-05-05,2018-05-06 00:54:00 UTC,Arizona,8116748,spharvell,,2024-11-02 20:27:19 UTC,2025-02-10 14:39:41 UTC,research,CC-BY-NC,https://www.inaturalist.org/observations/250189740,https://inaturalist-open-data.s3.amazonaws.com/photos/447393869/medium.jpg,,"",noted on birding trip/vaca,1,0,false,,"Portal, AZ 85632, USA",31.9137028,-109.1414495,196,,,,196,,open,false,,,Chiricahua Fox Squirrel,Sciurus nayaritensis chiricahuae,Chiricahua Fox Squirrel,Mammalia,238455,,
250359809,606f44e5-b609-4f63-a015-0cd1038f69b1,2024/09/04 12:06 PM,2024-09-04,2024-09-04 19:06:00 UTC,Arizona,600928,driley,Dan Riley,2024-11-03 22:36:02 UTC,2025-02-10 14:39:36 UTC,research,CC-BY-NC,https://www.inaturalist.org/observations/250359809,https://static.inaturalist.org/photos/447735143/medium.jpeg,,"","",1,0,false,,"Cochise County, AZ, USA",31.8689792155,-109.1882760373,35,,,,35,,open,false,,,Chiricahua Fox Squirrel,Sciurus nayaritensis chiricahuae,Chiricahua Fox Squirrel,Mammalia,238455,,
251235558,5da1b555-784f-4aa9-81d4-c7792818d0e6,2024/11/10 1:35 PM,2024-11-10,2024-11-10 20:35:00 UTC,Arizona,4353185,alice562,Alice Wakefield,2024-11-10 22:32:22 UTC,2025-02-10 14:39:32 UTC,research,CC-BY-NC-SA,https://www.inaturalist.org/observations/251235558,https://static.inaturalist.org/photos/449494467/medium.jpeg,,"","",1,0,false,,"Cochise County, AZ, USA",31.8692965977,-109.1880326474,15,,,,15,,open,false,,,Chiricahua Fox Squirrel,Sciurus nayaritensis chiricahuae,Chiricahua Fox Squirrel,Mammalia,238455,,
252103170,d1bb70a3-9b96-496a-a573-31a5370b517c,2024/08/17 1:42 PM,2024-08-17,2024-08-17 20:42:00 UTC,Arizona,5240707,with_alligators,Alexander Gregory Mason,2024-11-18 02:04:58 UTC,2025-04-12 05:39:01 UTC,research,CC-BY-NC,https://www.inaturalist.org/observations/252103170,https://inaturalist-open-data.s3.amazonaws.com/photos/451224806/medium.jpg,,"","",1,0,false,,United States,31.8495709569,-109.1517309888,15,,,,29173,obscured,open,true,gps,gps,Mexican Fox Squirrel,Sciurus nayaritensis,Mexican Fox Squirrel,Mammalia,46024,,
252949023,723a0211-7ee6-4b37-943e-2cbf7cb2ad83,2024/08/09 7:54 AM,2024-08-09,2024-08-09 14:54:00 UTC,Arizona,2595955,suemurphy,Susan Murphy,2024-11-24 22:32:00 UTC,2025-04-12 23:30:02 UTC,research,CC-BY,https://www.inaturalist.org/observations/252949023,https://inaturalist-open-data.s3.amazonaws.com/photos/452849925/medium.jpeg,,"",,1,0,false,,"Cochise County, AZ, USA",31.8834861111,-109.2058444444,,,,,,,open,false,,,Mexican Fox Squirrel,Sciurus nayaritensis,Mexican Fox Squirrel,Mammalia,46024,,
253192463,a17f1a1f-b044-4480-99ea-897a8114075d,2024/08/09 2:02 PM,2024-08-09,2024-08-09 21:02:00 UTC,Arizona,2595955,suemurphy,Susan Murphy,2024-11-26 18:45:49 UTC,2025-04-13 04:10:53 UTC,research,CC-BY,https://www.inaturalist.org/observations/253192463,https://inaturalist-open-data.s3.amazonaws.com/photos/453307799/medium.jpeg,,"",,1,0,false,,"Cochise County, AZ, USA",31.9243361111,-109.2604138889,,,,,,,open,false,,,Mexican Fox Squirrel,Sciurus nayaritensis,Mexican Fox Squirrel,Mammalia,46024,,
253309689,5e6e5698-94de-4c10-82f6-39be6720de17,2021-03-09 11:49:13-04:00,2021-03-09,2021-03-09 15:49:13 UTC,Arizona,1940355,vidasplants,Vida Svahnström,2024-11-27 18:07:22 UTC,2025-04-13 06:27:05 UTC,research,CC-BY-NC,https://www.inaturalist.org/observations/253309689,https://static.inaturalist.org/photos/453535852/medium.jpeg,,"","",1,0,false,3,"Coronado National Forest, San Simon, AZ, US",31.8842002107,-109.1777934964,35,,,,35,,open,false,,,Mexican Fox Squirrel,Sciurus nayaritensis,Mexican Fox Squirrel,Mammalia,46024,,
253867905,0d1ef5b7-1259-4bf2-b893-0d57123de5f2,2024/08/10 9:38 AM,2024-08-10,2024-08-10 16:38:00 UTC,Arizona,2595955,suemurphy,Susan Murphy,2024-12-02 12:27:00 UTC,2025-04-13 21:23:16 UTC,research,CC-BY,https://www.inaturalist.org/observations/253867905,https://inaturalist-open-data.s3.amazonaws.com/photos/454645236/medium.jpeg,,"",,1,0,false,,"Cochise County, AZ, USA",31.8833472222,-109.2060111111,,,,,,,open,false,,,Mexican Fox Squirrel,Sciurus nayaritensis,Mexican Fox Squirrel,Mammalia,46024,,
255331860,bf830be9-d0f6-4e7e-a154-8acc9895f719,2024/05/04 8:27 AM,2024-05-04,2024-05-04 15:27:00 UTC,Arizona,2773613,whlewis,William Lewis,2024-12-16 22:17:06 UTC,2025-04-15 12:45:50 UTC,research,,https://www.inaturalist.org/observations/255331860,https://static.inaturalist.org/photos/457551582/medium.jpg,,"","",1,0,false,,"Cochise County, AZ, USA",31.8674815104,-109.1892114844,15,,,,15,,open,false,,,Mexican Fox Squirrel,Sciurus nayaritensis,Mexican Fox Squirrel,Mammalia,46024,,
255720602,dd65e12e-e51c-4f1f-85e6-a8ad6defbf19,2024/08/20 10:26 AM,2024-08-20,2024-08-20 17:26:00 UTC,Arizona,5240707,with_alligators,Alexander Gregory Mason,2024-12-20 23:47:25 UTC,2025-04-16 03:36:58 UTC,research,CC-BY-NC,https://www.inaturalist.org/observations/255720602,https://inaturalist-open-data.s3.amazonaws.com/photos/458330278/medium.jpg,,"",,1,0,false,,United States,31.8341141177,-109.1414237281,33,,,,29173,obscured,open,true,,,Mexican Fox Squirrel,Sciurus nayaritensis,Mexican Fox Squirrel,Mammalia,46024,,
255848564,e1608e51-c7f8-4beb-a44c-5d7ca919d125,2024/07/07 9:06 AM,2024-07-07,2024-07-07 16:06:00 UTC,Arizona,739461,birds_and_wasps,"",2024-12-22 07:28:13 UTC,2025-02-10 14:39:27 UTC,research,CC-BY,https://www.inaturalist.org/observations/255848564,https://inaturalist-open-data.s3.amazonaws.com/photos/458590105/medium.jpg,,"","",1,0,false,,"Cochise County, AZ, USA",31.8688616588,-109.1883826123,141,,,,141,,open,false,,,Chiricahua Fox Squirrel,Sciurus nayaritensis chiricahuae,Chiricahua Fox Squirrel,Mammalia,238455,,
255848607,dc562445-51cf-42a6-bf8e-06d5b54189b6,2024/07/08 2:59 PM,2024-07-08,2024-07-08 21:59:00 UTC,Arizona,739461,birds_and_wasps,"",2024-12-22 07:28:24 UTC,2025-02-10 14:39:21 UTC,research,CC-BY,https://www.inaturalist.org/observations/255848607,https://inaturalist-open-data.s3.amazonaws.com/photos/458590535/medium.jpg,,"","",1,0,false,,"Cochise County, AZ, USA",31.9329548742,-109.2716799567,292,,,,292,,open,false,,,Chiricahua Fox Squirrel,Sciurus nayaritensis chiricahuae,Chiricahua Fox Squirrel,Mammalia,238455,,
256144472,0033f6dc-01a6-44c6-9f21-131578cf76a3,2024/12/22 1:25 PM,2024-12-22,2024-12-22 20:25:00 UTC,Arizona,2570395,hyperiodic,"",2024-12-25 05:10:39 UTC,2025-04-16 16:41:29 UTC,research,CC-BY-NC,https://www.inaturalist.org/observations/256144472,https://inaturalist-open-data.s3.amazonaws.com/photos/459181359/medium.jpeg,,"",,1,0,false,,"Cochise County, AZ, USA",31.8798999967,-109.1768131344,2,,,,2,,open,false,,,Mexican Fox Squirrel,Sciurus nayaritensis,Mexican Fox Squirrel,Mammalia,46024,,
256409477,6b8c4e83-2eb3-4e2a-b52c-807f68fde827,2024/12/22 12:24 PM,2024-12-22,2024-12-22 19:24:00 UTC,Arizona,1134341,calebv15,Caleb Villar,2024-12-27 19:33:07 UTC,2025-02-10 14:39:14 UTC,research,CC-BY-NC,https://www.inaturalist.org/observations/256409477,https://inaturalist-open-data.s3.amazonaws.com/photos/459717995/medium.jpeg,,"",,1,0,false,,"Cochise County, AZ, USA",31.8677677304,-109.1891737054,2,,,,2,,open,false,,,Chiricahua Fox Squirrel,Sciurus nayaritensis chiricahuae,Chiricahua Fox Squirrel,Mammalia,238455,,
256587650,40254d3c-b919-428e-abee-8bebd4b452fe,2024-08-24 09:05:15-07:00,2024-08-24,2024-08-24 16:05:15 UTC,Arizona,3153137,dtcalypso,Danny Tipton,2024-12-29 04:39:13 UTC,2025-04-17 06:34:31 UTC,research,CC-BY-NC,https://www.inaturalist.org/observations/256587650,https://inaturalist-open-data.s3.amazonaws.com/photos/460087481/medium.jpg,,"","",1,0,false,3,"Coronado National Forest, San Simon, AZ, US",31.8833166667,-109.20527,4,,,,4,,open,false,,,Mexican Fox Squirrel,Sciurus nayaritensis,Mexican Fox Squirrel,Mammalia,46024,,
256706079,fa7f946e-7214-4e3c-b1eb-7bc77e062f08,2023/01/28 2:30 PM,2023-01-28,2023-01-28 21:30:00 UTC,Arizona,8817183,danchc,Colin Danch,2024-12-30 01:46:11 UTC,2025-04-17 09:36:54 UTC,research,CC-BY-NC,https://www.inaturalist.org/observations/256706079,https://inaturalist-open-data.s3.amazonaws.com/photos/460323233/medium.jpeg,,"","",1,0,false,,"Cochise County, AZ, USA",31.8651052498,-109.2541274368,244,,,,244,,open,false,,,Mexican Fox Squirrel,Sciurus nayaritensis,Mexican Fox Squirrel,Mammalia,46024,,
256830832,25608283-7b3e-4c4c-9348-4d0ee3a6a401,2024/05/30 9:21 AM,2024-05-30,2024-05-30 16:21:00 UTC,Arizona,6445962,lindakennedy,Linda Kennedy,2024-12-31 01:57:36 UTC,2025-02-10 14:39:10 UTC,research,CC-BY-NC,https://www.inaturalist.org/observations/256830832,https://inaturalist-open-data.s3.amazonaws.com/photos/460575479/medium.jpeg,,"","Attacked by Acorn woodpeckers, defending their nest.",1,0,false,,"Cochise County, AZ, USA",31.8817358149,-109.1810710916,333,,,,333,,open,false,,,Chiricahua Fox Squirrel,Sciurus nayaritensis chiricahuae,Chiricahua Fox Squirrel,Mammalia,238455,,
256831216,deaafca3-ac01-400d-a700-91b44e611ee3,2024/05/30 10:16 AM,2024-05-30,2024-05-30 17:16:00 UTC,Arizona,6445962,lindakennedy,Linda Kennedy,2024-12-31 02:02:26 UTC,2025-02-10 14:39:01 UTC,research,CC-BY-NC,https://www.inaturalist.org/observations/256831216,https://inaturalist-open-data.s3.amazonaws.com/photos/460576963/medium.jpeg,,"",,1,0,false,,"Cochise County, AZ, USA",31.8812200718,-109.1772794752,235,,,,235,,open,false,,,Chiricahua Fox Squirrel,Sciurus nayaritensis chiricahuae,Chiricahua Fox Squirrel,Mammalia,238455,,
256944384,05f50e33-9510-4942-b926-8c0e1cd2cad5,2024/08/11 2:08 PM,2024-08-11,2024-08-11 21:08:00 UTC,Arizona,1635794,ian253,Ian Kanda,2025-01-01 00:28:52 UTC,2025-04-17 17:32:29 UTC,research,,https://www.inaturalist.org/observations/256944384,https://static.inaturalist.org/photos/460807508/medium.jpeg,,"",,1,0,false,,"Cochise County, AZ, USA",31.8727629822,-109.1855895737,54,,,,54,,open,false,,,Mexican Fox Squirrel,Sciurus nayaritensis,Mexican Fox Squirrel,Mammalia,46024,,
256944399,16e5ebaa-804b-401e-b91e-89d8c830e5fc,2024/08/11 3:11 PM,2024-08-11,2024-08-11 22:11:00 UTC,Arizona,1635794,ian253,Ian Kanda,2025-01-01 00:28:55 UTC,2025-04-17 17:32:30 UTC,research,,https://www.inaturalist.org/observations/256944399,https://static.inaturalist.org/photos/460807908/medium.jpeg,,"",,1,0,false,,"Cochise County, AZ, USA",31.8689307824,-109.188390208,154,,,,154,,open,false,,,Mexican Fox Squirrel,Sciurus nayaritensis,Mexican Fox Squirrel,Mammalia,46024,,
256953360,acf9ed94-fbbf-4984-b6d8-3c70fa26df01,2023/05/16 4:39 PM,2023-05-16,2023-05-16 23:39:00 UTC,Arizona,2773613,whlewis,William Lewis,2025-01-01 02:07:51 UTC,2025-04-17 17:54:30 UTC,research,,https://www.inaturalist.org/observations/256953360,https://static.inaturalist.org/photos/460809982/medium.jpg,,"","",1,0,false,,"Cochise County, AZ, USA",31.8724123406,-109.234972616,2,,,,2,,open,false,,,Mexican Fox Squirrel,Sciurus nayaritensis,Mexican Fox Squirrel,Mammalia,46024,,
256953374,d578605e-4bd3-4a1e-a9c6-479f81651e33,2023/05/15 10:40 AM,2023-05-15,2023-05-15 17:40:00 UTC,Arizona,2773613,whlewis,William Lewis,2025-01-01 02:07:54 UTC,2025-04-17 17:54:32 UTC,research,,https://www.inaturalist.org/observations/256953374,https://static.inaturalist.org/photos/460810286/medium.jpg,,"","",1,0,false,,"Cochise County, AZ, USA",31.8732131969,-109.1853962985,15,,,,15,,open,false,,,Mexican Fox Squirrel,Sciurus nayaritensis,Mexican Fox Squirrel,Mammalia,46024,,
257299703,f6fa7368-61f4-418e-afdf-7a5a2f753ee6,2023/04/17 5:48 PM,2023-04-17,2023-04-18 00:48:00 UTC,Arizona,3755992,chrisekholm1,Chris Ekholm,2025-01-04 01:49:23 UTC,2025-02-10 14:38:56 UTC,research,CC-BY-NC,https://www.inaturalist.org/observations/257299703,https://inaturalist-open-data.s3.amazonaws.com/photos/461537181/medium.jpeg,,"",,1,0,false,,"Cochise County, AZ, USA",31.8968670155,-109.1638825713,1849,,,,1849,,open,false,,,Chiricahua Fox Squirrel,Sciurus nayaritensis chiricahuae,Chiricahua Fox Squirrel,Mammalia,238455,,
257992355,84160ba6-a475-4f0a-99d2-6686a65ac6e8,2014/05/04 11:32 AM,2014-05-04,2014-05-04 18:32:00 UTC,Arizona,670908,jugbayjs,"",2025-01-10 01:18:53 UTC,2025-04-11 17:43:01 UTC,research,CC-BY-NC,https://www.inaturalist.org/observations/257992355,https://inaturalist-open-data.s3.amazonaws.com/photos/462803803/medium.jpeg,,"",,1,0,false,,"Cochise County, AZ, USA",31.8679874383,-109.1884074981,120,,,,120,,open,false,,,Mexican Fox Squirrel,Sciurus nayaritensis,Mexican Fox Squirrel,Mammalia,46024,,
259020646,5a28dc34-8208-463b-9cf0-5be2fec13531,2024/08/09 5:39 PM,2024-08-09,2024-08-10 00:39:00 UTC,Arizona,514160,birder0288,,2025-01-20 03:28:50 UTC,2025-02-10 14:38:47 UTC,research,CC-BY-NC,https://www.inaturalist.org/observations/259020646,https://inaturalist-open-data.s3.amazonaws.com/photos/464868411/medium.jpeg,,"",,2,0,false,,"Cochise County, AZ, USA",31.9328,-109.271301,,,,,,,open,false,,,Chiricahua Fox Squirrel,Sciurus nayaritensis chiricahuae,Chiricahua Fox Squirrel,Mammalia,238455,,
260130843,1670be54-d7eb-451f-baa2-e446b4757d3e,2023/08/01 2:39 PM,2023-08-01,2023-08-01 21:39:00 UTC,Arizona,3360661,cacunningham,Casey Cunningham,2025-01-31 07:00:23 UTC,2025-04-13 21:31:20 UTC,research,CC-BY-NC,https://www.inaturalist.org/observations/260130843,https://inaturalist-open-data.s3.amazonaws.com/photos/467093430/medium.jpeg,,"",,1,0,false,,"Cochise County, AZ, USA",31.8515958431,-109.1927390944,3879,,,,3879,,open,false,,,Mexican Fox Squirrel,Sciurus nayaritensis,Mexican Fox Squirrel,Mammalia,46024,,
260562168,fafa30cc-0c8f-40e4-992d-f8a02dcfb8ca,2018/12/15 10:53 AM,2018-12-15,2018-12-15 17:53:00 UTC,Arizona,627373,floodof98,,2025-02-04 02:41:46 UTC,2025-02-10 14:38:16 UTC,research,,https://www.inaturalist.org/observations/260562168,https://static.inaturalist.org/photos/467953861/medium.jpeg,,unidentified,Can someone confirm this is the Mexican Species?,2,0,false,,"Portal, AZ 85632, USA",31.9137028,-109.1414495,196,,,,196,,open,false,,,Chiricahua Fox Squirrel,Sciurus nayaritensis chiricahuae,Chiricahua Fox Squirrel,Mammalia,238455,,
261596850,297da3d2-4566-47b9-9d01-c58a7fc8b009,2023/10/21 2:30 PM,2023-10-21,2023-10-21 21:30:00 UTC,Arizona,4983620,evan_7,,2025-02-14 03:30:24 UTC,2025-04-15 13:04:52 UTC,research,CC-BY-NC,https://www.inaturalist.org/observations/261596850,https://inaturalist-open-data.s3.amazonaws.com/photos/470001724/medium.jpg,,"",,1,0,false,,"Cochise County, AZ, USA",31.88725,-109.1724,200,,,,200,,open,false,,,Mexican Fox Squirrel,Sciurus nayaritensis,Mexican Fox Squirrel,Mammalia,46024,,
262614067,8505c3a3-c1bb-44f3-b1b9-0d609cd30cee,2022/07/12 9:46 PM,2022-07-12,2022-07-13 04:46:00 UTC,Arizona,8130125,owen_birds,Owen Robertson,2025-02-21 21:35:04 UTC,2025-02-25 03:42:18 UTC,research,,https://www.inaturalist.org/observations/262614067,https://static.inaturalist.org/photos/471642049/medium.jpg,,"","",1,0,false,,"Cave Creek Canyon, Arizona 85632, USA",31.8962033,-109.1636719,196,,,,196,,open,false,,,Chiricahua Fox Squirrel,Sciurus nayaritensis chiricahuae,Chiricahua Fox Squirrel,Mammalia,238455,,
272517897,7bb37bd1-60bc-4874-baf1-93149a65cc93,2014/04/27 7:18 AM,2014-04-27,2014-04-27 14:18:00 UTC,Arizona,1405682,markhollysalvato,Mark + Holly Salvato,2025-04-23 20:00:31 UTC,2025-04-23 21:39:05 UTC,research,CC-BY-NC,https://www.inaturalist.org/observations/272517897,https://inaturalist-open-data.s3.amazonaws.com/photos/490285267/medium.jpg,,"",,1,0,false,,"Southwestern Research Station, Portal, Cochise County, AZ, USA",31.8831204975,-109.206738424,235,,,,235,,open,false,,,Mexican Fox Squirrel,Sciurus nayaritensis,Mexican Fox Squirrel,Mammalia,46024,,
278284769,5f45e592-13a5-4d1f-ae34-e877571adf31,2023/05/03 12:17 PM,2023-05-03,2023-05-03 19:17:00 UTC,Arizona,4661597,birdystrong,BirdyStrong,2025-05-04 04:08:56 UTC,2025-05-04 19:22:11 UTC,research,CC-BY-NC,https://www.inaturalist.org/observations/278284769,https://inaturalist-open-data.s3.amazonaws.com/photos/499682276/medium.jpg,,"Arizona, squirrel, Wildlife",,1,0,false,,"Cochise County, AZ, USA",31.9120999326,-109.260754157,4091,,,,4091,,open,false,,,Mexican Fox Squirrel,Sciurus nayaritensis,Mexican Fox Squirrel,Mammalia,46024,,
